,"JTBD - **Critical for DITAMAP creation**
Usage: 
- Use this tab to map content for a job, into smaller jobs or topics for a category. This captures the state of the job after you are done with the JTBD work for the job.
- Create copies for each new job as needed for your use case. 
- You can also use one tab to add all your Jobs if you have small doc set.
Important: 
- You must ensure that the Job outline is added as per the format in this tab. This tab will be used by the migration team to create DITAMAPs for your Job/Category.
- Ensure that each nested heading is entered on the row after the parent heading. This ensures that you can provide the corresponding nav titles and .adoc file names.
- Ensure that all .adoc file names have been added when you submit this sheet to the CA team for DITA migration. For example: ""...assembly-importing-your-team-codebase-from-git.adoc"" or  ""proc-techdocs-find-docs.adoc"". Parent topics 
Tip:
You can:
- Copy and use the 'Before and after job map template' as a worksheet to compare the before (with d.r.c links) and afters (with .adoc file links) for your jobs; interact with stakeholders; and finalize your job outline before you enter the details into this tab. 
- Split the before and after tables into separate tabs or modify your copies as needed for your work.

----> Link to Ansible Administration content example

----> Miro board with visual example of how Ansible left hand and right hand navigation map to this template."

,LEFT HAND NAVIGATION,,,RIGHT HAND NAVIGATION
Category (L!),Level 2 (Jobs),Level 3 (Jobs or Topics),Level 4 (Jobs or Topics),Topic (H2),H3,Full .adoc file path,Is a job?,Navtitle
Discover,,,,,,,FALSE
,About Red Hat Advanced Cluster Security for Kubernetes,,,,,modules/about-red-hat-advanced-cluster-security-for-kubernetes.adoc,TRUE
,,Installation activities,,,,modules/welcome-installation-activities.adoc,FALSE
,,Operating Red Hat Advanced Cluster Security for Kubernetes,,,,modules/welcome-operating-acs.adoc,FALSE
,,Configuring Red Hat Advanced Cluster Security for Kubernetes,,,,modules/welcome-configuring-acs.adoc,FALSE
,,Integrating with other products,,,,modules/welcome-integrating-with-other-products.adoc
,Red Hat Advanced Cluster Security for Kubernetes architecture first look,,,,,modules/red-hat-advanced-cluster-security-for-kubernetes-architecture-first-look.adoc,TRUE
,,Red Hat Advanced Cluster Security for Kubernetes architecture,,,,architecture/acs-architecture.adoc,FALSE
,,,Red Hat Advanced Cluster Security for Kubernetes architecture overview,,,modules/acs-architecture-overview.adoc,FALSE
,,,Central services,,,modules/acs-central-services-overview.adoc,FALSE
,,,,Vulnerability data sources,,modules/con-vuln-sources.adoc,FALSE
,,,,,Scanner V4 sources,modules/scanner-v4-vuln-sources.adoc,FALSE
,,,,,StackRox Scanner sources,modules/stackrox-scanner-vuln-sources.adoc,FALSE
,,,Secured cluster services,,,modules/acs-secured-cluster-services-overview.adoc,FALSE
,,,External components,,,modules/acs-architecture-external-components.adoc,FALSE
,,,Interaction between the services,,,modules/acs-architecture-interaction-between-services.adoc,FALSE
,,,RHACS connection protocols and default ports,,,modules/acs-architecture-connections.adoc
Get started,,,,,,,FALSE
,RHACS Cloud Service onboarding and Day 1 operations,,,,,modules/rhacs-cloud-service-onboarding-and-day-1-operations.adoc,TRUE
,,RHACS Cloud Service service description,,,,cloud_service/rhacs-cloud-service-service-description.adoc,FALSE
,,,Introduction to RHACS,,,modules/introduction-to-rhacs.adoc,FALSE
,,,Architecture,,,modules/architecture.adoc,FALSE
,,,Billing,,,modules/billing.adoc,FALSE
,,,Security and compliance,,,modules/security-compliance-overview.adoc,FALSE
,,,,"Information security guidelines, roles, and responsibilities",,modules/cloud-info-security.adoc,FALSE
,,,,Systems development lifecycle security,,modules/sdlc-security.adoc,FALSE
,,,Access control,,,modules/access-control-overview.adoc,FALSE
,,,,Authentication provider,,modules/authentication-provider.adoc,FALSE
,,,,Password management,,modules/password-management.adoc,FALSE
,,,,Remote access,,modules/remote-access.adoc,FALSE
,,,,Central access restriction by IP addresses and CIDR ranges,,modules/central-access-restriction.adoc,FALSE
,,,Compliance,,,modules/cloud-svc-compliance.adoc,FALSE
,,,Data protection,,,modules/data-protection.adoc,FALSE
,,,,Data storage media protection,,modules/data-storage-media-protection.adoc,FALSE
,,,,,Data retention and destruction,modules/data-retention-destruction.adoc,FALSE
,,,,,Encryption,modules/encryption.adoc,FALSE
,,,,,Multi-tenancy,modules/multi-tenancy.adoc,FALSE
,,,,,Data ownership,modules/data-ownership.adoc,FALSE
,,,Metrics and Logging,,,modules/metrics-and-logging.adoc,FALSE
,,,,Service metrics,,modules/service-metrics.adoc,FALSE
,,,,Customer metrics,,modules/customer-metrics.adoc,FALSE
,,,,Service logging,,modules/service-logging.adoc,FALSE
,,,Updates and Upgrades,,,modules/updates-and-upgrades.adoc,FALSE
,,,Availability,,,modules/availability.adoc,FALSE
,,,,Backup and disaster recovery,,modules/backup-and-disaster-recovery.adoc,FALSE
,,,Getting support for RHACS Cloud Service,,,modules/cloud-getting-support.adoc,FALSE
,,,Service removal,,,modules/cloud-service-removal.adoc,FALSE
,,,Pricing,,,modules/pricing.adoc,FALSE
,,,Service Level Agreement,,,modules/service-level-agreement.adoc,FALSE
,,Overview of responsibilities for Red Hat Advanced Cluster Security Cloud Service,,,,cloud_service/acs-cloud-responsibility-matrix.adoc,FALSE
,,,Shared responsibilities for RHACS Cloud Service,,,modules/acs-cloud-responsibilities.adoc,FALSE
,,,,Responsibility matrix,,modules/acs-cloud-responsibility-matrix-table.adoc,FALSE
,,Red Hat Advanced Cluster Security Cloud Service architecture,,,,cloud_service/acscs-architecture.adoc,FALSE
,,,Red Hat Advanced Cluster Security Cloud Service architecture overview,,,modules/acscs-architecture-overview.adoc,FALSE
,,,Central,,,modules/acscs-central-overview.adoc,FALSE
,,,,Vulnerability data sources,,modules/con-vuln-sources.adoc,FALSE
,,,,,Scanner V4 sources,modules/scanner-v4-vuln-sources.adoc,FALSE
,,,,,StackRox Scanner sources,modules/stackrox-scanner-vuln-sources.adoc,FALSE
,,,Secured cluster services,,,modules/acs-secured-cluster-services-overview.adoc,FALSE
,,,Data access and permissions,,,modules/acscs-data-access-permissions.adoc,FALSE
,,Getting started with RHACS Cloud Service,,,,cloud_service/getting-started-rhacs-cloud-ocp.adoc,FALSE
,,,Prerequisites,,,modules/getting-started-prerequisites.adoc,FALSE
,,,High-level overview of installation steps,,,modules/installation-overview.adoc,FALSE
,,,Securing Red Hat OpenShift clusters,,,modules/securing-ocp-clusters.adoc,FALSE
,,,,Securing Red Hat OpenShift clusters by using the Operator,,modules/securing-ocp-operator.adoc,FALSE
,,,,Securing Red Hat OpenShift clusters by using Helm charts,,modules/securing-ocp-helm.adoc,FALSE
,,,,"Securing Red Hat OpenShift clusters by using the roxctl CLI, also called the manifest method",,modules/securing-ocp-roxctl.adoc,FALSE
,,,Securing Kubernetes clusters,,,modules/securing-kube-clusters.adoc,FALSE
,,,,Securing Kubernetes clusters by using Helm charts,,modules/securing-kube-helm.adoc[,FALSE
,,,,"Securing Kubernetes clusters by using the roxctl CLI, also called the manifest method",,modules/securing-kube-roxctl.adoc,FALSE
,,,Default access to the ACS Console,,,modules/default-access-acs-console.adoc,FALSE
,,Default resource requirements for Red Hat Advanced Cluster Security Cloud Service ,,,,cloud_service/acscs-default-requirements.adoc,FALSE
,,,General requirements for RHACS Cloud Service,,,modules/acs-cloud-requirements.adoc,FALSE
,,,,System requirements,,modules/acscs-system-requirements.adoc,FALSE
,,,,Helm requirements,,modules/acscs-helm-requirements.adoc,FALSE
,,,Secured cluster services,,,modules/default-requirements-secured-cluster-services.adoc,FALSE
,,Recommended resource requirements for Red Hat Advanced Cluster Security Cloud Service,,,,cloud_service/acscs-recommended-requirements.adoc,FALSE
,,,Secured cluster services,,,modules/recommended-requirements-secured-cluster-services.adoc,FALSE
,,,,Sensor ,,modules/recommended-requirements-sensor-overview.adoc,FALSE
,,,,Memory and CPU requirements ,,modules/recommended-requirements-sensor-requirements.adoc,FALSE
,,,,Admission controller,,modules/recommended-requirements-admission-controller-overview.adoc,FALSE
,,,,Memory and CPU requirements ,,modules/recommended-requirements-admission-controller-requirements.adoc,FALSE
,,Setting up RHACS Cloud Service with Red Hat OpenShift secured clusters,,,,,FALSE
,,,Creating a RHACS Cloud instance on Red Hat Cloud ,,,cloud_service/installing_cloud_ocp/cloud-create-instance-ocp.adoc,FALSE
,,,,Creating an instance in the console ,,modules/cloud-create-instance-steps.adoc,FALSE
,,,,Next steps,,modules/cloud-create-instance-ocp-next-steps.adoc,FALSE
,,,Creating a project on your Red Hat OpenShift secured cluster,,,cloud_service/installing_cloud_ocp/cloud-ocp-create-project.adoc,FALSE
,,,,Creating a project on your cluster,,modules/cloud-ocp-create-stackrox-project.adoc,FALSE
,,,,Next steps,,modules/cloud-ocp-create-project-next-steps.adoc,FALSE
,,,Generating a cluster registration secret or an init bundle for secured clusters,,,cloud_service/installing_cloud_ocp/init-bundle-cloud-ocp-generate.adoc,FALSE
,,,,Overview,,modules/init-bundle-cloud-ocp-generate-overview.adoc,FALSE
,,,,Generating a CRS or an init bundle,,modules/generate-crs-init-bundle.adoc,FALSE
,,,,,Generating a cluster registration secret or init bundle by using the RHACS portal ,modules/portal-generate-init-bundle.adoc,FALSE
,,,,,Generating a CRS by using the roxctl CLI ,modules/crs-generate-roxctl.adoc,FALSE
,,,,,Generating an init bundle by using the roxctl CLI,modules/roxctl-generate-init-bundle.adoc,FALSE
,,,, Next steps,,modules/init-bundle-cloud-ocp-generate-next-steps.adoc,FALSE
,,,Applying a cluster registration secret or an init bundle for secured clusters,,,cloud_service/installing_cloud_ocp/init-bundle-cloud-ocp-apply.adoc,FALSE
,,,,Applying the cluster registration secret (CRS) on the secured cluster,,modules/crs-apply-secured-cluster.adoc,FALSE
,,,,Applying the init bundle on the secured cluster,,modules/create-resource-init-bundle.adoc,FALSE
,,,,Next steps,,modules/init-bundle-cloud-ocp-apply-next-steps.adoc,FALSE
,,,Installing the Operator,,,cloud_service/installing_cloud_ocp/cloud-install-operator.adoc,FALSE
,,,,Installing the RHACS Operator for RHACS Cloud Service,,modules/install-acs-operator-cloud.adoc,FALSE
,,,,,Configuring the RHACS Operator for infrastructure nodes,modules/configuring-the-rhacs-operator-for-infrastructure-nodes.adoc,FALSE
,,,,Next steps,,modules/next-steps-cloud-install-operator.adoc,FALSE
,,,Installing secured cluster resources from RHACS Cloud Service,,,cloud_service/installing_cloud_ocp/install-secured-cluster-cloud-ocp.adoc,FALSE
,,,,Prerequisites,,modules/install-secured-cluster-cloud-ocp-prerequisites.adoc,FALSE
,,,,Installing RHACS on secured clusters by using the Operator,,modules/installing-sc-operator-cloud-ocp.adoc,FALSE
,,,,,Operator annotations used during installation,modules/install-acs-operator-annotations.adoc,FALSE
,,,,,Installing secured cluster services,modules/install-secured-cluster-operator.adoc,FALSE
,,,,Installing RHACS Cloud Service on secured clusters by using Helm charts,,modules/installing-sc-helm-cloud-ocp.adoc,FALSE
,,,,,Adding the Helm chart repository,modules/adding-helm-repository.adoc,FALSE
,,,,,Installing RHACS Cloud Service on secured clusters by using Helm charts without customizations,modules/installing-sc-helm-default-cloud-ocp.adoc,FALSE
,,,,,Installing the secured-cluster-services Helm chart without customization,modules/acs-quick-install-secured-cluster-using-helm.adoc,FALSE
,,,,,Configuring the secured-cluster-services Helm chart with customizations,modules/configure-sc-helm-customizations-cloud-ocp.adoc,FALSE
,,,,,Configuration parameters,modules/secured-cluster-services-config.adoc,FALSE
,,,,,Installing the secured-cluster-services Helm chart with customizations,modules/install-secured-cluster-services-helm-chart.adoc,FALSE
,,,,,Changing configuration options after deploying the secured-cluster-services Helm chart,modules/change-config-options-after-deployment.adoc,FALSE
,,,,Installing RHACS on secured clusters by using the roxctl CLI,,modules/installing-sc-roxctl-cloud-ocp.adoc,FALSE
,,,,,Installing the roxctl CLI,modules/installing-roxctl-cli-sc-cloud-ocp.adoc,FALSE
,,,,,Installing the roxctl CLI on Linux,modules/install-roxctl-cli-linux.adoc,FALSE
,,,,,Installing the roxctl CLI on macOS,modules/install-roxctl-cli-macos.adoc,FALSE
,,,,,Installing the roxctl CLI on Windows,modules/install-roxctl-cli-windows.adoc,FALSE
,,,,,Install Sensor,modules/install-sensor-roxctl.adoc,FALSE
,,,,Next steps,,modules/install-secured-cluster-cloud-ocp-next-steps.adoc,FALSE
,,,Configuring the proxy for secured cluster services in RHACS Cloud Service,,,cloud_service/installing_cloud_ocp/configuring-the-proxy-for-secured-cluster-services-in-rhacs-cloud-service.adoc,FALSE
,,,,Specifying the environment variables in the SecuredCluster CR,,modules/specifying-the-environment-variables-in-the-securedcluster-cr.adoc,FALSE
,,,Verifying installation of secured clusters,,,cloud_service/installing_cloud_ocp/verify-installation-cloud-ocp.adoc,FALSE
,,,,Verifying installation of secured clusters,,modules/verifying-installation-secured-clusters-cloud.adoc,FALSE
,,,,,Troubleshooting verification,modules/troubleshooting-verification-secured-clusters-cloud.adoc,FALSE
,,Setting up RHACS Cloud Service with Kubernetes secured clusters ,,,,,FALSE
,,,Creating a RHACS Cloud Service instance for Kubernetes clusters,,,cloud_service/installing_cloud_other/cloud-create-instance-other.adoc,FALSE
,,,,Creating an instance in the console,,modules/cloud-create-instance-steps.adoc,FALSE
,,,,Next steps,,modules/cloud-create-instance-other-next-steps.adoc,FALSE
,,,Generating a cluster registration secret or an init bundle for Kubernetes secured clusters,,,cloud_service/installing_cloud_other/init-bundle-cloud-other-generate.adoc,FALSE
,,,,Methods for generating a CRS or init bundle,,modules/generate-crs-init-bundle-methods-overview.adoc,FALSE
,,,,Generating a CRS or an init bundle,,modules/generate-init-bundle-cloud-kube.adoc,FALSE
,,,,,Generating a cluster registration secret or init bundle by using the RHACS portal,modules/portal-generate-init-bundle.adoc,FALSE
,,,,,Generating a CRS by using the roxctl CLI,modules/crs-generate-roxctl.adoc,FALSE
,,,,,Generating an init bundle by using the roxctl CLI,modules/roxctl-generate-init-bundle.adoc,FALSE
,,,,Next steps,,modules/init-bundle-cloud-other-generate-next-steps.adoc,FALSE
,,,Applying an init bundle for Kubernetes secured clusters,,,cloud_service/installing_cloud_other/init-bundle-cloud-other-apply.adoc,FALSE
,,,,Applying the init bundle on the secured cluster,,modules/create-resource-init-bundle.adoc,FALSE
,,,,Next steps,,modules/init-bundle-cloud-other-apply-next-steps.adoc,FALSE
,,,Installing secured cluster services from RHACS Cloud Service on Kubernetes clusters ,,,cloud_service/installing_cloud_other/install-secured-cluster-cloud-other.adoc,FALSE
,,,,Installing RHACS Cloud Service on secured clusters by using Helm charts,,modules/install-sc-helm-cloud-other.adoc,FALSE
,,,,,Adding the Helm chart repository,modules/adding-helm-repository.adoc,FALSE
,,,,,Installing RHACS Cloud Service on secured clusters by using Helm charts without customizations,modules/install-sc-helm-default-cloud-other.adoc,FALSE
,,,,,Installing the secured-cluster-services Helm chart without customization,modules/acs-quick-install-secured-cluster-using-helm.adoc,FALSE
,,,,,Configuring the secured-cluster-services Helm chart with customizations,modules/configure-sc-helm-customizations-cloud-other.adoc,FALSE
,,,,,Configuration parameters,modules/secured-cluster-services-config.adoc,FALSE
,,,,,Environment variables,modules/secured-cluster-services-environment-variables.adoc,FALSE
,,,,,Installing the secured-cluster-services Helm chart with customizations,modules/install-secured-cluster-services-helm-chart.adoc,FALSE
,,,,,Changing configuration options after deploying the secured-cluster-services Helm chart,modules/change-config-options-after-deployment.adoc,FALSE
,,,,Installing RHACS on secured clusters by using the roxctl CLI,,modules/install-sc-roxctl-cloud-other.adoc,FALSE
,,,,,Installing the roxctl CLI,modules/install-roxctl-cli-sc-cloud-other.adoc,FALSE
,,,,,Installing the roxctl CLI on Linux,modules/install-roxctl-cli-linux.adoc,FALSE
,,,,,Installing the roxctl CLI on macOS,modules/install-roxctl-cli-macos.adoc,FALSE
,,,,,Installing the roxctl CLI on Windows,modules/install-roxctl-cli-windows.adoc,FALSE
,,,,,Install Sensor,modules/install-sensor-roxctl.adoc,FALSE
,,,Verifying installation of secured clusters,,,cloud_service/installing_cloud_other/verify-installation-cloud-other.adoc,FALSE
,,,,Verifying installation by accessing the ACS Console,,modules/verify-installation-cloud-other-procedure.adoc,FALSE
,,Upgrading RHACS Cloud Service,,,,,FALSE
,,,Upgrading secured clusters in RHACS Cloud Service by using the Operator,,,cloud_service/upgrading-cloud/upgrade-cloudsvc-operator.adoc,FALSE
,,,,Preparing to upgrade ,,modules/prepare-operator-upgrades.adoc,FALSE
,,,,,Changing the collection method,modules/change-collection-method.adoc,FALSE
,,,,Rolling back an Operator upgrade for secured clusters,,modules/rollback-operator-upgrade-cloud.adoc,FALSE
,,,,,Rolling back an Operator upgrade by using the CLI,modules/rollback-operator-upgrades-cli.adoc,FALSE
,,,,,Rolling back an Operator upgrade by using the web console ,modules/rollback-operator-upgrades-console.adoc,FALSE
,,,,Troubleshooting operator upgrade issues,,modules/operator-upgrade-troubleshooting.adoc,FALSE
,,,,,Central or Secured cluster fails to deploy,modules/operator-upgrade-fail-to-deploy.adoc,FALSE
,,, Upgrading secured clusters in RHACS Cloud Service by using Helm charts,,,cloud_service/upgrading-cloud/upgrade-cloudsvc-helm.adoc,FALSE
,,,,Updating the Helm chart repository,,modules/updating-helm-repository.adoc,FALSE
,,,,Running the Helm upgrade command ,,modules/upgrade-helm-chart.adoc,FALSE
,,,Manually upgrading secured clusters in RHACS Cloud Service by using the roxctl CLI,,,cloud_service/upgrading-cloud/upgrade-cloudsvc-roxctl.adoc,FALSE
,,,,Upgrading the roxctl CLI,,modules/upgrade-roxctl-cli.adoc,FALSE
,,,,,Uninstalling the roxctl CLI,modules/uninstall-roxctl-cli.adoc,FALSE
,,,,,Installing the roxctl CLI on Linux,modules/install-roxctl-cli-linux.adoc,FALSE
,,,,,Installing the roxctl CLI on macOS,modules/install-roxctl-cli-macos.adoc,FALSE
,,,,,Installing the roxctl CLI on Windows,modules/install-roxctl-cli-windows.adoc,FALSE
,,,,Upgrading all secured clusters manually,,modules/upgrade-secured-clusters-cloud.adoc,FALSE
,,,,,Updating other images,modules/update-other-images.adoc,FALSE
,,,,,Migrating security context constraints during the manual upgrade,modules/migrating-sccs-during-the-manual-upgrade.adoc,FALSE
,,,,,Verifying secured cluster upgrade,modules/verify-secured-cluster-upgrade.adoc,FALSE
,,,,Enabling RHCOS node scanning with the StackRox Scanner,,modules/rhcos-enable-node-scan.adoc,FALSE
Plan,,,,,,,FALSE
,Installation methods and platform options,,,,,modules/installation-methods-and-platform-options.adoc,TRUE
,,High-level RHACS installation overview,,,,installing/acs-high-level-overview.adoc,FALSE
,,,Installation guidelines,,,‎modules/acs-installation-guidelines.adoc,FALSE
,,,Installation methods for different platforms,,,modules/installation-methods-for-different-platforms.adoc,FALSE
,,,Installation methods for different architectures,,,modules/installation-methods-for-different-architectures.adoc,FALSE
,,,Setting up authentication between Central and secured clusters,,,modules/installation-secrets-auth.adoc,FALSE
,,,,Init bundles,,modules/init-bundle-overview.adoc,FALSE
,,,,Cluster registration secrets,,modules/cluster-registration-secret-overview.adoc,FALSE
,,,Installation steps for RHACS on OpenShift Container Platform,,,modules/installing-rhacs-ocp-steps.adoc,FALSE
,,,,Installing RHACS on Red Hat OpenShift by using the RHACS Operator,,modules/installing-rhacs-on-red-hat-openshift-by-using-the-rhacs-operator.adoc,FALSE
,,,,Installing RHACS on Red Hat OpenShift by using Helm charts,,modules/installing-rhacs-on-red-hat-openshift-by-using-helm-charts.adoc,FALSE
,,,,Installing RHACS on Red Hat OpenShift by using the `roxctl` CLI,,modules/installing-rhacs-on-red-hat-openshift-by-using-the-roxctl-cli.adoc,FALSE
,,,Installation steps for RHACS on Kubernetes,,,modules/installing-rhacs-kubernetes-steps.adoc,FALSE
,,,,Installing RHACS on Kubernetes platforms by using Helm charts,,modules/installing-rhacs-on-kubernetes-platforms-by-using-helm-charts.adoc,FALSE
,,,,Installing RHACS on Kubernetes platforms by using the `roxctl` CLI,,modules/installing-rhacs-on-kubernetes-platforms-by-using-the-roxctl.adoc,FALSE
,Verify default resource requirements,,,,,modules/verify-default-resource-requirements.adoc,TRUE
,,Default resource requirements for RHACS,,,,installing/acs-default-requirements.adoc,FALSE
,,,General RHACS requirements,,,modules/acs-requirements.adoc,FALSE
,,,,System requirements,,modules/acs-system-requirements.adoc,FALSE
,,,,Helm requirements,,modules/acs-helm-requirements.adoc,FALSE
,,,Central services (self-managed),,,modules/default-requirements-central-services.adoc,FALSE
,,,,Central,,modules/central-component-overview.adoc,FALSE
,,,,"CPU, memory, and storage requirements",,modules/central-resource-requirements.adoc,FALSE
,,,,Scanner,,modules/scanner-overview.adoc,FALSE
,,,,StackRox Scanner,,modules/stackrox-scanner-requirements.adoc,FALSE
,,,,Scanner V4 Indexer,,modules/scanner-v4-indexer-requirements.adoc,FALSE
,,,,Scanner V4 Matcher,,modules/scanner-v4-matcher-requirements.adoc,FALSE
,,,,Scanner V4 DB,,modules/scanner-v4-db-requirements.adoc,FALSE
,,,Secured cluster services,,,modules/default-requirements-secured-cluster-services.adoc,FALSE
,,,,Sensor,,modules/sensor-overview.adoc,FALSE
,,,,Sensor CPU and memory requirements,,modules/sensor-resource-requirements.adoc,FALSE
,,,,Admission controller,,modules/admission-controller-overview.adoc,FALSE
,,,,Admission controller CPU and memory requirements,,modules/admission-controller-resource-requirements.adoc,FALSE
,,,,Collector,,modules/collector-overview.adoc,FALSE
,,,,Collection requirements,,modules/collector-collection-requirements.adoc,FALSE
,,,,Collector CPU and memory requirements,,modules/collector-cpu-memory-requirements.adoc,FALSE
,,,,Collector container,,modules/collector-container-requirements.adoc,FALSE
,,,,Compliance container,,modules/compliance-container-requirements.adoc,FALSE
,,,,Node-inventory container,,modules/node-inventory-container-requirements.adoc,FALSE
,,,,Total collector pod requirements,,modules/collector-total-requirements.adoc,FALSE
,,,,Scanner,,modules/scanner-overview.adoc,FALSE
,,,,Scanner V4 Indexer,,modules/scanner-v4-indexer-requirements.adoc,FALSE
,,,,Scanner V4 DB,,modules/scanner-v4-db-requirements.adoc,FALSE
,,,Requirements for using an external database,,,modules/default-requirements-external-db.adoc,FALSE
,,,,Database type and version,,modules/external-db-type-version.adoc,FALSE
,,,,User permissions,,modules/external-db-user-permissions.adoc,FALSE
,,,,Connection string,,modules/external-db-connection-string.adoc,FALSE
,,,,CA certificates,,modules/external-db-ca-certificates.adoc,FALSE
,Verify recommended resource requirements scaled to large environments,,,,,modules/verify-recommended-resource-requirements-scaled-to-large-environments.adoc,TRUE
,,Recommended resource requirements for RHACS,,,,installing/acs-recommended-requirements.adoc,FALSE
,,,Resource requirements for scaling based on deployment,,,modules/resource-requirements-for-scaling-based-on-deployment.adoc,FALSE
,,,Central services (self-managed),,,modules/recommended-requirements-central-services.adoc,FALSE
,,,,Central,,modules/recommended-requirements-central.adoc,FALSE
,,,,Central DB,,modules/recommended-requirements-central-db.adoc,FALSE
,,,,StackRox Scanner,,modules/recommended-requirements-stackrox-scanner.adoc,FALSE
,,,,Scanner V4,,modules/recommended-requirements-scanner-v4.adoc,FALSE
,,,,,Scanner V4 Indexer,modules/recommended-requirements-scanner-v4-indexer.adoc,FALSE
,,,,,Scanner V4 Matcher,modules/recommended-requirements-scanner-v4-matcher.adoc,FALSE
,,,,,Scanner V4 DB,modules/recommended-requirements-scanner-v4-db.adoc,FALSE
,,,Secured cluster services,,,modules/recommended-requirements-secured-cluster-services.adoc,FALSE
,,,,Sensor,,modules/recommended-requirements-sensor.adoc,FALSE
,,,,Admission controller,,modules/recommended-requirements-admission-controller.adoc,FALSE
,,,Resource requirements for virtual machine scanning,,,modules/recommended-requirements-vm-scanning.adoc,FALSE
,,,,VM scanning resource guidelines,,modules/recommended-requirements-vm-scanning-guidelines.adoc,FALSE
,,,,Factors affecting throughput,,modules/recommended-requirements-vm-scanning-throughput-factors.adoc,FALSE
,,,,Compliance relay concurrency and buffer sizing,,modules/compliance-relay-concurrency.adoc,FALSE
,,,,Central enrichment throughput,,modules/central-enrichment-throughput.adoc,FALSE
Install,,,,,,,FALSE
,Install RHACS on Red Hat OpenShift,,,,,modules/install-rhacs-on-red-hat-openshift.adoc,TRUE
,,Installing Central services for RHACS on Red Hat OpenShift,,,,installing/installing_ocp/install-central-ocp.adoc,FALSE
,,,Install Central by using the Operator,,,modules/install-central-using-the-operator.adoc,FALSE
,,,,Operator annotations used during installation,,modules/install-acs-operator-annotations.adoc,FALSE
,,,,Installing the Red Hat Advanced Cluster Security for Kubernetes Operator,,modules/install-acs-operator.adoc,FALSE
,,,,,Configuring the RHACS Operator for infrastructure nodes,modules/configuring-the-rhacs-operator-for-infrastructure-nodes.adoc,FALSE
,,,,Installing Central using the Operator method,,modules/install-central-operator.adoc,FALSE
,,,,Provisioning a database in your PostgreSQL instance,,modules/provision-postgresql-database.adoc,FALSE
,,,,Installing Central with an external database using the Operator method,,modules/install-central-operator-external-db.adoc,FALSE
,,,,Verifying Central installation using the Operator method,,modules/verify-central-install-operator.adoc,FALSE
,,,Install Central by using Helm charts,,,modules/install-central-using-helm-charts.adoc,FALSE
,,,,Install Central by using Helm charts without customization,,modules/install-central-using-helm-charts-without-customization.adoc,FALSE
,,,,,Adding the Helm chart repository,modules/adding-helm-repository.adoc,FALSE
,,,,,Installing the central-services Helm chart without customizations,modules/acs-quick-install-using-helm.adoc,FALSE
,,,,,Retrieving the automatically generated certificate authority,modules/automatically-generated-ca.adoc,FALSE
,,,,Install Central using Helm charts with customizations,,modules/install-central-using-helm-charts-with-customizations.adoc,FALSE
,,,,,Private configuration file,modules/central-services-private-config.adoc,FALSE
,,,,,Image pull secrets,modules/image-pull-secrets-private-config.adoc,FALSE
,,,,,Proxy configuration,modules/proxy-configuration-private-config.adoc,FALSE
,,,,,Central,modules/central-private-config.adoc,FALSE
,,,,,Scanner,modules/scanner-private-config.adoc,FALSE
,,,,,Public configuration file,modules/central-services-public-config.adoc,FALSE
,,,,,Image pull secrets,modules/image-pull-secrets-public-config.adoc,FALSE
,,,,,Image,modules/image-public-config.adoc,FALSE
,,,,,Policy as code,modules/policy-as-code-public-config.adoc,FALSE
,,,,,Environment variables,modules/environment-variables-public-config.adoc,FALSE
,,,,,Additional trusted certificate authorities,modules/additional-trusted-certificate-authorities-public-config.adoc,FALSE
,,,,,Default network policies,modules/default-network-policies-public-config.adoc,FALSE
,,,,,Central,modules/central-public-config.adoc,FALSE
,,,,,StackRox Scanner,modules/stackrox-scanner-public-config.adoc,FALSE
,,,,,Scanner V4,modules/scanner-v4-public-config.adoc,FALSE
,,,,,Customization,modules/customization-public-config.adoc,FALSE
,,,,,Advanced customization,modules/advanced-customization-public-config.adoc,FALSE
,,,,,Declarative configuration values,modules/declarative-configuration-values.adoc,FALSE
,,,,,Installing the central-services Helm chart,modules/install-central-services-helm-chart.adoc,FALSE
,,,,Changing configuration options after deploying the central-services Helm chart,,modules/change-config-options-after-deployment-central-service.adoc,FALSE
,,,Install Central by using the roxctl CLI,,,modules/install-central-using-the-roxctl-cli.adoc,FALSE
,,,,Install the roxctl CLI,,modules/installing-the-roxctl-cli.adoc,FALSE
,,,,,Installing the roxctl CLI on Linux,modules/install-roxctl-cli-linux.adoc,FALSE
,,,,,Installing the roxctl CLI on macOS,modules/install-roxctl-cli-macos.adoc,FALSE
,,,,,Installing the roxctl CLI on Windows,modules/install-roxctl-cli-windows.adoc,FALSE
,,,,,Using the interactive installer,modules/using-the-interactive-installer.adoc,FALSE
,,,,,Running the Central installation scripts,modules/install-central-roxctl.adoc,FALSE
,,Configuring Central configuration options for RHACS using the Operator,,,,installing/installing_ocp/install-central-config-options-ocp.adoc,FALSE
,,,Central configuration options using the Operator,,,modules/central-configuration-options-operator.adoc,FALSE
,,,,Central settings,,modules/central-settings-operator.adoc,FALSE
,,,,StackRox Scanner settings for the Operator,,modules/scanner-settings-operator.adoc,FALSE
,,,,Scanner V4 settings for the Operator,,modules/scannerv4-settings-operator.adoc,FALSE
,,,,General and miscellaneous settings,,modules/general-and-miscellaneous-settings-operator.adoc,FALSE
,,,Customizing the installation using the Operator with overlays,,,modules/customize-installation-operator-overlays.adoc,FALSE
,,,,Overlays,,modules/overlays-overview.adoc,FALSE
,,,,,Adding an overlay,modules/adding-an-overlay.adoc,FALSE
,,,,Overlay examples,,modules/overlay-examples.adoc,FALSE
,,,,,Specifying an EKS pod role ARN for the Central ServiceAccount,modules/adding-eks-role-arn-annotation.adoc,FALSE
,,,,,Injecting an environment variable into the Central deployment,modules/adding-env-variable-to-deployment.adoc,FALSE
,,,,,Extending network policy with an ingress rule,modules/adding-ingress-to-network-policy.adoc,FALSE
,,,,,Modifying ConfigMap data,modules/changing-configmap-data.adoc,FALSE
,,,,,Adding a container to the Central deployment,modules/adding-container-to-deployment.adoc,FALSE
,,Generating and applying a cluster registration secret or an init bundle for RHACS on Red Hat OpenShift,,,,installing/installing_ocp/init-bundle-ocp.adoc,FALSE
,,,Secured cluster authentication options,,,modules/secured-cluster-authentication-options.adoc,FALSE
,,,Cluster registration secrets overview,,,modules/cluster-registration-secrets-overview.adoc,FALSE
,,,,Generating a cluster registration secret by using the RHACS portal,,modules/portal-generate-crs.adoc,FALSE
,,,,Generating a CRS by using the roxctl CLI,,modules/crs-generate-roxctl.adoc,FALSE
,,,,Applying the cluster registration secret (CRS) on the secured cluster,,modules/crs-apply-secured-cluster.adoc,FALSE
,,,Cluster registration secret or init bundle generation methods,,,modules/init-bundle-generation-methods.adoc,FALSE
,,,,Generating a cluster registration secret or init bundle by using the RHACS portal,,modules/portal-generate-init-bundle.adoc,FALSE
,,,,Generating an init bundle by using the roxctl CLI,,modules/roxctl-generate-init-bundle.adoc,FALSE
,,,,Applying the init bundle on the secured cluster,,modules/create-resource-init-bundle.adoc,FALSE
,,,Next steps,,,modules/next-steps-init-bundle-ocp.adoc,FALSE
,,Installing secured cluster services for RHACS on Red Hat OpenShift ,,,,installing/installing_ocp/install-secured-cluster-ocp.adoc,FALSE
,,,Secured cluster services installation overview,,,modules/secured-cluster-services-installation-overview.adoc,FALSE
,,,,Operator annotations used during installation,,modules/install-acs-operator-annotations.adoc,FALSE
,,,,Installing secured cluster services,,modules/install-secured-cluster-operator.adoc,FALSE
,,,Install RHACS on secured clusters by using Helm charts,,,modules/install-rhacs-on-secured-clusters-by-using-helm-charts.adoc,FALSE
,,,,Install RHACS on secured clusters by using Helm charts without customizations,,modules/install-rhacs-on-secured-clusters-by-using-helm-charts-without-customizations.adoc,FALSE
,,,,,Adding the Helm chart repository,modules/adding-helm-repository.adoc,FALSE
,,,,,Installing the secured-cluster-services Helm chart without customization,modules/acs-quick-install-secured-cluster-using-helm.adoc,FALSE
,,,,Install RHACS on secured clusters by using Helm charts with customizations,,modules/install-rhacs-on-secured-clusters-by-using-helm-charts-with-customizations.adoc,FALSE
,,,,,Configuration parameters,modules/secured-cluster-services-config.adoc,FALSE
,,,,,Environment variables,modules/secured-cluster-services-environment-variables.adoc,FALSE
,,,,,Installing the secured-cluster-services Helm chart with customizations,modules/install-secured-cluster-services-helm-chart.adoc,FALSE
,,,,Changing configuration options after deploying the secured-cluster-services Helm chart,,modules/change-config-options-after-deployment.adoc,FALSE
,,,Installing RHACS on secured clusters by using the roxctl CLI,,,modules/installing-rhacs-on-secured-clusters-by-using-the-roxctl-cli.adoc,FALSE
,,,,Install the roxctl CLI,,modules/install-the-roxctl-cli.adoc,FALSE
,,,,,Installing the roxctl CLI on Linux,modules/install-roxctl-cli-linux.adoc,FALSE
,,,,,Installing the roxctl CLI on macOS,modules/install-roxctl-cli-macos.adoc,FALSE
,,,,,Installing the roxctl CLI on Windows,modules/install-roxctl-cli-windows.adoc,FALSE
,,,,Install Sensor,,modules/install-sensor-roxctl.adoc,FALSE
,,Configuring Secured Cluster services options for RHACS by using the Operator,,,,installing/installing_ocp/install-secured-cluster-config-options-ocp.adoc,FALSE
,,,Secured Cluster services configuration options,,,modules/secured-cluster-configuration-options-operator.adoc,FALSE
,,,,Required configuration settings,,modules/required-configuration-settings.adoc,FALSE
,,,,Admission controller settings,,modules/admission-controller-settings.adoc,FALSE
,,,,Scanner configuration settings for the Operator,,modules/scanner-configuration-settings-operator.adoc,FALSE
,,,,Image configuration,,modules/image-configuration-settings.adoc,FALSE
,,,,Per node settings,,modules/per-node-settings.adoc,FALSE
,,,,Sensor configuration settings,,modules/sensor-configuration-settings.adoc,FALSE
,,,,General and miscellaneous settings,,modules/general-and-miscellaneous-settings-secured-cluster.adoc,FALSE
,,,Customizing the installation using the Operator with overlays,,,modules/customize-installation-operator-overlays.adoc,FALSE
,,,,Adding an overlay,,modules/adding-an-overlay.adoc,FALSE
,,,,Overlay examples,,modules/adding-an-overlay.adoc,FALSE
,,,,,EKS pod role ARN annotation example,modules/adding-eks-role-arn-annotation.adoc,FALSE
,,,,,Central deployment environment variable example,modules/adding-an-environment-variable-to-a-deployment.adoc,FALSE
,,,,,Network policy ingress rule example,modules/adding-an-ingress-to-a-network-policy.adoc,FALSE
,,,,,ConfigMap data modification example,modules/changing-configmap-data.adoc,FALSE
,,,,,Central deployment container example,modules/adding-a-container-to-a-deployment.adoc,FALSE
,Install RHACS on other Kubernetes platforms,,,,,modules/install-rhacs-on-other-kubernetes-platforms.adoc,TRUE
,,High-level overview of installing RHACS on other platforms,,,,installing/installing_other/install-rhacs-other.adoc,FALSE
,,,Installation overview,,,modules/install-rhacs-other-overview.adoc,FALSE
,,Installing Central services for RHACS on other platforms,,,,installing/installing_other/install-central-other.adoc,FALSE
,,,Central services installation overview,,,modules/install-central-other-overview.adoc,FALSE
,,,Install Central by using Helm charts,,,modules/install-central-using-helm-charts-other.adoc,FALSE
,,,,Install Central by using Helm charts without customization,,modules/install-central-using-helm-charts-without-customization-other.adoc,FALSE
,,,,,Adding the Helm chart repository,modules/adding-helm-repository.adoc,FALSE
,,,,,Installing the central-services Helm chart without customizations,modules/acs-quick-install-using-helm.adoc,FALSE
,,,,,Retrieving the automatically generated certificate authority,modules/automatically-generated-ca.adoc,FALSE
,,,,Install Central by using Helm charts with customizations,,modules/install-central-using-helm-charts-with-customizations-other.adoc,FALSE
,,,,,Private configuration file,modules/central-services-private-config.adoc,FALSE
,,,,,Image pull secrets,modules/image-pull-secrets-private-config.adoc,FALSE
,,,,,Proxy configuration,modules/proxy-configuration-private-config.adoc,FALSE
,,,,,Central,modules/central-private-config.adoc,FALSE
,,,,,Scanner,modules/scanner-private-config.adoc,FALSE
,,,,,Public configuration file,modules/central-services-public-config.adoc,FALSE
,,,,,Image pull secrets,modules/image-pull-secrets-public-config.adoc,FALSE
,,,,,Image,modules/image-public-config.adoc,FALSE
,,,,,Policy as code,modules/policy-as-code-public-config.adoc,FALSE
,,,,,Environment variables,modules/environment-variables-public-config.adoc,FALSE
,,,,,Additional trusted certificate authorities,modules/additional-trusted-certificate-authorities-public-config.adoc,FALSE
,,,,,Default network policies,modules/default-network-policies-public-config.adoc,FALSE
,,,,,Central,modules/central-public-config.adoc,FALSE
,,,,,StackRox Scanner,modules/stackrox-scanner-public-config.adoc,FALSE
,,,,,Scanner V4,modules/scanner-v4-public-config.adoc,FALSE
,,,,,Customization,modules/customization-public-config.adoc,FALSE
,,,,,Advanced customization,modules/advanced-customization-public-config.adoc[,FALSE
,,,,,Declarative configuration values,modules/declarative-configuration-values.adoc,FALSE
,,,,,Installing the central-services Helm chart,modules/install-central-services-helm-chart.adoc,FALSE
,,,,Changing configuration options after deploying the central-services Helm chart,,modules/change-config-options-after-deployment-central-service.adoc,FALSE
,,,Install Central by using the roxctl CLI,,,modules/install-central-using-the-roxctl-cli-other.adoc,FALSE
,,,,Install the roxctl CLI,,modules/installing-the-roxctl-cli-other.adoc,FALSE
,,,,,Installing the roxctl CLI on Linux,modules/install-roxctl-cli-linux.adoc,FALSE
,,,,,Installing the roxctl CLI on macOS,modules/install-roxctl-cli-macos.adoc,FALSE
,,,,,Installing the roxctl CLI on Windows,modules/install-roxctl-cli-windows.adoc,FALSE
,,,,Using the interactive installer,,modules/using-the-interactive-installer.adoc,FALSE
,,,,Running the Central installation scripts,,modules/install-central-roxctl.adoc,FALSE
,,Generating and applying a cluster registration secret or an init bundle for RHACS on other platforms,,,,installing/installing_other/init-bundle-other.adoc,FALSE
,,,Init bundles and cluster registration secrets,,,modules/init-bundles-and-cluster-registration-secrets.adoc,FALSE
,,,Cluster registration secrets,,,modules/cluster-registration-secrets.adoc,FALSE
,,,Generating a cluster registration secret by using the RHACS portal,,,modules/portal-generate-crs.adoc,FALSE
,,,,Generating a CRS by using the roxctl CLI,,modules/crs-generate-roxctl.adoc,FALSE
,,,,Applying the cluster registration secret (CRS) on the secured cluster,,modules/crs-apply-secured-cluster.adoc,FALSE
,,,Init bundles for secured cluster authentication,,,modules/init-bundles-for-secured-cluster-authentication.adoc,FALSE
,,,,Generating a cluster registration secret or init bundle by using the RHACS portal,,modules/portal-generate-init-bundle.adoc,FALSE
,,,,Generating an init bundle by using the roxctl CLI,,modules/roxctl-generate-init-bundle.adoc,FALSE
,,,,Applying the init bundle on the secured cluster,,modules/create-resource-init-bundle.adoc,FALSE
,,,Next steps,,,modules/next-steps-init-bundle-ocp.adoc,FALSE
,,Installing secured cluster services for RHACS on other platforms,,,,installing/installing_other/install-secured-cluster-other.adoc,FALSE
,,,Install RHACS on secured clusters by using Helm charts,,,modules/installing-rhacs-on-secured-clusters-by-using-helm-charts.adoc,FALSE
,,,,Install RHACS on secured clusters by using Helm charts without customizations,,modules/installing-rhacs-on-secured-clusters-by-using-helm-charts-without-customizations.adoc,FALSE
,,,,,Adding the Helm chart repository,modules/adding-helm-repository.adoc,FALSE
,,,,,Installing the secured-cluster-services Helm chart without customization,modules/acs-quick-install-secured-cluster-using-helm.adoc,FALSE
,,,,Configure the secured-cluster-services Helm chart with customizations,,modules/install-secured-cluster-services-helm-chart.adoc,FALSE
,,,,,Configuration parameters,modules/secured-cluster-services-config.adoc,FALSE
,,,,,Environment variables,modules/secured-cluster-services-environment-variables.adoc,FALSE
,,,,,Installing the secured-cluster-services Helm chart with customizations,modules/install-secured-cluster-services-helm-chart.adoc,FALSE
,,,,Changing configuration options after deploying the secured-cluster-services Helm chart,,modules/change-config-options-after-deployment.adoc,FALSE
,,,Install RHACS on secured clusters by using the roxctl CLI,,,modules/installing-rhacs-on-secured-clusters-by-using-the-roxctl-cli-other.adoc,FALSE
,,,,Install the roxctl CLI,,modules/install-the-roxctl-cli.adoc,FALSE
,,,,,Installing the roxctl CLI on Linux,modules/install-roxctl-cli-linux.adoc,FALSE
,,,,,Installing the roxctl CLI on macOS,modules/install-roxctl-cli-macos.adoc,FALSE
,,,,,Installing the roxctl CLI on Windows,modules/install-roxctl-cli-windows.adoc,FALSE
,,,,Install Sensor,,modules/install-sensor-roxctl.adoc,FALSE
,,,,,Manifest installation method by using the web portal,modules/manifest-installation-method-by-using-the-web-portal.adoc,FALSE
,,,,,Manifest installation by using the roxctl CLI,modules/manifest-installation-by-using-the-roxctl-cli.adoc,FALSE
,Confirm that RHACS works,,,,,modules/confirm-that-rhacs-works.adoc,TRUE
,,Verifying installation of RHACS on Red Hat OpenShift,,,,installing/installing_ocp/verify-installation-rhacs-ocp.adoc,FALSE
,,,Verifying installation,,,modules/verify-acs-installation-ocp.adoc,FALSE
,,Verifying installation of RHACS on other platforms,,,,installing/installing_other/verify-installation-rhacs-other.adoc,FALSE
,,,Verifying installation,,,modules/verify-acs-installation-kube.adoc,FALSE
,Uninstall RHACS,,,,,modules/uninstall-rhacs.adoc,TRUE
,,Uninstalling Red Hat Advanced Cluster Security for Kubernetes,,,,installing/uninstall-acs.adoc,FALSE
,,,Resources created during installation,,,modules/uninstall-acs-overview.adoc,FALSE
,,,Deleting the namespace,,,modules/delete-acs-namespace.adoc,FALSE
,,,Deleting global resources,,,modules/delete-acs-global-resources.adoc,FALSE
,,,Deleting labels and annotations,,,modules/delete-acs-label-annotation.adoc,FALSE
,Control early-access and experimental capabilities,,,,,modules/control-early-access-and-experimental-capabilities.adoc,TRUE
,,Managing Technology Preview features,,,,configuration/managing-preview-features.adoc,FALSE
,,,Managing feature flags,,,modules/managing-feature-flags.adoc,FALSE
,,,,Prerequisites,,modules/managing-feature-flags-prerequisites.adoc,FALSE
,,,,Managing feature flags,,modules/managing-feature-flags-procedure.adoc,FALSE
,,,,Best practices,,modules/managing-feature-flags-best-practices.adoc,FALSE
,,,,Troubleshooting,,modules/managing-feature-flags-troubleshooting.adoc,FALSE
Upgrade,,,,,,,FALSE
,Upgrade RHACS by using the Operator,,,,,modules/upgrade-rhacs-by-using-the-operator.adoc,TRUE
,,Upgrading by using the Operator,,,,upgrading/upgrade-operator.adoc,FALSE
,,,Preparing to upgrade,,,modules/prepare-operator-upgrades.adoc,FALSE
,,,,Changing the collection method,,modules/change-collection-method.adoc,FALSE
,,,Modifying the Central custom resource,,,modules/operator-upgrade-modify-central-custom-resource.adoc,FALSE
,,,Modifying Central custom resource for external database,,,modules/operator-upgrade-modify-central-custom-resource-external-db.adoc,FALSE
,,,Changing the subscription channel,,,modules/operator-upgrade-change-subscription-channel.adoc,FALSE
,,,,Changing the subscription channel by using the web console,,modules/operator-upgrade-change-subscription-channel-console.adoc,FALSE
,,,,Changing the subscription channel by using command line,,modules/operator-upgrade-change-subscription-channel-cli.adoc,FALSE
,,,Rolling back an Operator upgrade,,,modules/rollback-operator-upgrade.adoc,FALSE
,,,,Rolling back an Operator upgrade by using the CLI,,modules/rollback-operator-upgrades-cli.adoc,FALSE
,,,,Rolling back an Operator upgrade by using the web console,,modules/rollback-operator-upgrades-console.adoc,FALSE
,,,Troubleshooting operator upgrade issues,,,modules/operator-upgrade-troubleshooting.adoc,FALSE
,,,,Central DB scheduling failure,,modules/operator-upgrade-centraldb-cannot-be-scheduled.adoc,FALSE
,,,,Central or Secured cluster fails to deploy,,modules/operator-upgrade-fail-to-deploy.adoc,FALSE
,Upgrade RHACS by using Helm charts,,,,,modules/upgrade-rhacs-by-using-helm-charts.adoc,TRUE
,,Upgrading using Helm charts,,,,upgrading/upgrade-helm.adoc,FALSE
,,,Helm upgrade overview,,,modules/helm-upgrade-overview.adoc,FALSE
,,,Backing up the Central database,,,modules/back-up-central-database.adoc,FALSE
,,,Optimizing the Central database and persistent volume claims,,,modules/helm-optimize-central-db-and-pvc.adoc,FALSE
,,,Generating root certificates file,,,modules/helm-generate-root-certificates.adoc,FALSE
,,,Updating the Helm chart repository,,,modules/updating-helm-repository.adoc,FALSE
,,,Preparing the custom resource definition for upgrade,,,modules/upgrade-crd-helm.adoc,FALSE
,,,Running the Helm upgrade command,,,modules/upgrade-helm-chart.adoc,FALSE
,,,Rolling back a Helm upgrade,,,modules/rollback-helm-upgrade.adoc,FALSE
,Upgrade RHACS by using the roxctl CLI,,,,,modules/upgrade-rhacs-by-using-the-roxctl-cli.adoc,TRUE
,,Manually upgrading using the roxctl CLI,,,,upgrading/upgrade-roxctl.adoc,FALSE
,,,Backing up the Central database,,,modules/back-up-central-database.adoc,FALSE
,,,Upgrading the roxctl CLI,,,modules/upgrading-roxctl-cli-overview.adoc,FALSE
,,,,Uninstalling the roxctl CLI,,modules/uninstall-roxctl-cli.adoc,FALSE
,,,,Installing the roxctl CLI on Linux,,modules/install-roxctl-cli-linux.adoc,FALSE
,,,,Installing the roxctl CLI on macOS,,modules/install-roxctl-cli-macos.adoc,FALSE
,,,,Installing the roxctl CLI on Windows,,modules/install-roxctl-cli-windows.adoc,FALSE
,,,Upgrading the Central cluster,,,modules/upgrading-central-cluster-overview.adoc,FALSE
,,,,Upgrading the SecurityPolicy custom resource definition,,modules/upgrade-central-cluster-crds.adoc,FALSE
,,,,Upgrading Central,,modules/upgrade-central-cluster-central.adoc,FALSE
,,,,Upgrading Scanner,,modules/upgrade-central-cluster-scanner.adoc,FALSE
,,,,Verifying the Central cluster upgrade,,modules/verify-central-cluster-upgrade.adoc,FALSE
,,,Upgrading all secured clusters,,,modules/upgrading-secured-clusters-overview.adoc,FALSE
,,,,Updating other images,,modules/update-other-images.adoc,FALSE
,,,,Adding POD_NAMESPACE to sensor and admission-control deployments,,modules/add-pod-namespace-to-sensor-and-admission-control.adoc,FALSE
,,,,Migrating security context constraints during the manual upgrade,,modules/migrating-sccs-during-the-manual-upgrade.adoc,FALSE
,,,,,Verifying secured cluster upgrade,modules/verify-secured-cluster-upgrade.adoc,FALSE
,,,Enabling RHCOS node scanning with the StackRox Scanner,,,modules/rhcos-enable-node-scan.adoc,FALSE
,,,Rolling back Central normally,,,modules/rollback-central-normal.adoc,FALSE
,,,,Rolling back Central forcefully,,modules/rollback-central-forced.adoc,FALSE
,,,Verifying upgrades,,,modules/verify-upgrades.adoc,FALSE
,,,Revoking the API token,,,modules/revoke-the-api-token.adoc,FALSE
,,,Troubleshooting the cluster upgrader,,,modules/troubleshooting-cluster-upgrader.adoc,FALSE
,,,,Upgrader missing permissions,,modules/troubleshooting-upgrader-missing-permissions.adoc,FALSE
,,,,Upgrader cannot start due to missing image,,modules/troubleshooting-upgrader-missing-image.adoc,FALSE
,,,,Upgrader cannot start due to an unknown reason,,modules/troubleshooting-upgrader-unknown-reason.adoc,FALSE
,,,,,Getting upgrader logs,modules/getting-upgrader-logs.adoc,FALSE
Migrate,,,,,,,FALSE
,Migrate the database to another cluster or namespace,,,,,modules/migrate-the-database-to-another-cluster-or-namespace.adoc,TRUE
,,Restoring Central to another cluster or namespace,,,,modules/restore-central-another-cluster.adoc,FALSE
Administer,,,,,,,FALSE
,Scan images for vulnerabilities,,,,,modules/scan-images-for-vulnerabilities.adoc,TRUE
,,Examining images for vulnerabilities,,,,operating/examine-images-for-vulnerabilities.adoc,FALSE
,,,Scanning in RHACS,,,modules/scanning-about.adoc,FALSE
,,,About Scanner V4,,,modules/consolidated-scanner.adoc,FALSE
,,,Enabling Scanner V4,,,modules/scannerv4-enabling.adoc,FALSE
,,,,Enabling RHACS Scanner V4 for Central after Operator installation,,modules/enabling-scanner-v4-after-operator-installation-central.adoc,FALSE
,,,,Enabling RHACS Scanner V4 on the secured cluster after Operator installation,,modules/enabling-scanner-v4-after-operator-installation-secured-cluster.adoc,FALSE
,,,,Enabling RHACS Scanner V4 for Central when upgrading by using Helm,,modules/enabling-scanner-v4-after-helm-installation-central.adoc,FALSE
,,,,Enabling RHACS Scanner V4 on the secured cluster when upgrading by using Helm,,modules/enabling-scanner-v4-after-helm-installation-secured-cluster.adoc,FALSE
,,,Scanning images,,,modules/scanning-images.adoc,FALSE
,,,,Understanding and addressing common Scanner warning messages,,modules/common-scanner-warning-messages.adoc,FALSE
,,,,Supported operating systems,,modules/supported-operating-systems.adoc,FALSE
,,,,Supported package formats,,modules/supported-package-formats.adoc,FALSE
,,,,Supported programming languages,,modules/supported-programming-languages.adoc,FALSE
,,,,Supported layer compression formats,,modules/supported-layer-compression-formats.adoc,FALSE
,,,,Supported runtimes and frameworks,,modules/supported-runtimes-frameworks.adoc,FALSE
,,,Scanning virtual machines,,,modules/scanning-virtual-machines.adoc,FALSE
,,,,Requirements for virtual machine scanning,,modules/vm-scanning-requirements.adoc,FALSE
,,,,Limitations for virtual machine scanning,,modules/vm-scanning-limitations.adoc,FALSE
,,,,Configuring the virtual machine feature flag,,modules/configuring-vm-scanning.adoc,FALSE
,,,,,Advanced virtual machine scanning configuration,modules/advanced-vm-scanning.adoc,FALSE
,,,,Deploying roxagent,,modules/deploy-roxagent.adoc,FALSE
,,,,,Deploying roxagent by using Podman Quadlet,modules/deploy-roxagent-quadlet.adoc,FALSE
,,,,Troubleshooting virtual machine scanning,,modules/troubleshooting-vm-scanning.adoc,FALSE
,,,Redirecting image pulls from a source registry to a mirrored registry,,,modules/redirecting-image-pulls-from-a-source-registry-to-a-mirrored-registry.adoc,FALSE
,,,Accessing delegated image scanning,,,modules/accessing-delegated-image-scanning.adoc,FALSE
,,,,Enhancing image scanning by accessing delegated image scanning,,modules/enhancing-image-scanning-by-accessing-delegated-image-scanning.adoc,FALSE
,,,,Scanning images by using secured clusters,,modules/scanning-images-by-using-secured-clusters.adoc,FALSE
,,,,Installing and configuring Scanner-slim on secured clusters,,modules/installing-scanner-slim.adoc,FALSE
,,,,Using the Operator,,modules/installing-scanner-slim-operator.adoc,FALSE
,,,,Using Helm,,modules/installing-scanner-slim-helm.adoc,FALSE
,,,Verifying scanner installation,,,modules/verifying-scanner-installation.adoc,FALSE
,,,Using image scanning,,,modules/using-image-scanning.adoc,FALSE
,,,,Setting up scanning,,modules/setting-up-scanning.adoc,FALSE
,,,,Automatic scanning of active images,,modules/periodic-scanning-of-images.adoc,FALSE
,,,,Scanning inactive images,,modules/scan-inactive-images.adoc,FALSE
,,,Vulnerabilities,,,modules/about-vulnerabilities.adoc,FALSE
,,,,Fetching vulnerability definitions,,modules/fetching-vulnerability-definitions.adoc,FALSE
,,,,Understanding vulnerability scores in the dashboard,,modules/understanding-vulnerability-scores.adoc,FALSE
,,,Disabling language-specific vulnerability scanning,,,modules/disable-language-specific-vulnerability-scanning.adoc,FALSE
,,,Defining base images used in application development,,,modules/base-images.adoc,FALSE
,,,,Defining base images by using the RHACS portal,,modules/define-base-images.adoc,FALSE
,,,,,Configuring base images by using the API,modules/base-images-api.adoc,FALSE
,Manage vulnerabilities,,,,,modules/manage-vulnerabilities.adoc,TRUE
,,Vulnerability management overview,,,,operating/manage-vulnerabilities/vulnerability-management.adoc,FALSE
,,,Vulnerability management process,,,modules/vulnerability-management-process.adoc,FALSE
,,,,Performing asset assessment,,modules/vulnerability-management-asset-assessment.adoc,FALSE
,,,,Prioritizing the vulnerabilities,,modules/vulnerability-management-prioritizing.adoc,FALSE
,,,,Assessing the exposure,,modules/vulnerability-management-assess-exposure.adoc,FALSE
,,,,Taking action,,modules/vulnerability-management-take-action.adoc,FALSE
,,Viewing and addressing vulnerabilities,,,,operating/manage-vulnerabilities/common-vuln-management-tasks.adoc,FALSE
,,,Vulnerability management overview,,,modules/vulnerability-management-overview.adoc,FALSE
,,,Viewing vulnerability management data in the RHACS portal,,,modules/vulnerability-management-components-portal.adoc,FALSE
,,,,Viewing user workload vulnerabilities,,modules/vulnerability-management20-view-workload-cve.adoc,FALSE
,,,Viewing platform vulnerabilities,,,modules/vulnerability-management20-view-platform-cve.adoc,FALSE
,,,Viewing vulnerabilities in nodes,,,modules/viewing-node-cves.adoc,FALSE
,,,,Disabling identifying vulnerabilities in nodes,,modules/disable-identify-vulnerabilities-in-nodes.adoc,FALSE
,,,Viewing vulnerabilities in virtual machines,,,modules/view-vms-cves.adoc,FALSE
,,,Accessing additional views in vulnerability management,,,modules/vulnerability-management-accessing-additional-views.adoc,FALSE
,,,,Viewing all vulnerable images,,modules/vulnerability-management-more-views-all-vuln-images.adoc,FALSE
,,,,Scanning inactive images,,modules/scan-inactive-images.adoc,FALSE
,,,,Analyze images and deployments without observed CVEs,,modules/analyze-images-and-deployments-without-observed-cves.adoc,FALSE
,,,,Viewing Kubernetes vulnerabilities,,modules/vulnerability-management-viewing-kubernetes-vulnerabilities.adoc,FALSE
,,,CVEs tab,,,modules/cves-tab.adoc,FALSE
,,,Images tab,,,modules/images-tab.adoc,FALSE
,,,Deployments tab,,,modules/deployments-tab.adoc,FALSE
,,,Excluding CVEs,,,modules/excluding-cves-overview.adoc,FALSE
,,,Snoozing platform and node CVEs,,,modules/snooze-cves-vm20.adoc,FALSE
,,,Unsnoozing platform and node CVEs,,,modules/unsnooze-cves-vm20.adoc,FALSE
,,,Viewing snoozed CVEs,,,modules/viewing-snoozed-cves.adoc,FALSE
,,,Marking a vulnerability as a false positive globally,,,modules/vulnerability-management-mark-false-positive.adoc,FALSE
,,,Marking a vulnerability as a false positive for an image or image tag,,,modules/vulnerability-management-mark-false-positive-image.adoc,FALSE
,,,Viewing deferred and false positive CVEs,,,modules/vulnerability-management-review-deferred.adoc,FALSE
,,,Deferring CVEs,,,modules/vulnerability-management-accept-risks.adoc,FALSE
,,,,Configuring vulnerability exception expiration periods,,modules/vulnerability-management-exception-time-config.adoc,FALSE
,,,Reviewing and managing an exception request to defer or mark a CVE as false positive,,,modules/vulnerability-management-accept-deferrals-false-positives.adoc,FALSE
,,,Identifying Dockerfile lines in images that introduced components with CVEs,,,modules/identify-dockerfile-line-component-cve.adoc,FALSE
,,,Viewing vulnerabilities from base images,,,modules/base-image-vulnerabilities.adoc,FALSE
,,,,Viewing base image information for an image in the RHACS portal,,modules/view-base-imageinfo-portal.adoc,FALSE
,,,,,Viewing vulnerabilities in a base image layer,modules/view-base-image-vuln.adoc,FALSE
,,,,,Create a report of vulnerabilities in a base image,modules/base-image-vulnreport.adoc,FALSE
,,,Finding a new component version,,,modules/vulnerability-management-upgrade-component.adoc,FALSE
,,,Exporting workload vulnerabilities by using the API,,,modules/vulnerability-management-export-workloads.adoc,FALSE
,,Vulnerability reporting,,,,operating/manage-vulnerabilities/vulnerability-reporting.adoc,FALSE
,,,Vulnerability reporting overview,,,modules/vulnerability-reporting-overview.adoc,FALSE
,,,Reporting vulnerabilities to teams,,,modules/vulnerability-management-reporting.adoc,FALSE
,,,Creating vulnerability management report configurations,,,modules/vulnerability-management20-creating-report.adoc,FALSE
,,,,Configuring delivery destinations and scheduling,,modules/vulnerability-management20-configure-report-delivery-destinations-schedule.adoc,FALSE
,,,,Reviewing and creating the report configuration,,modules/vulnerability-management20-report-review-create.adoc,FALSE
,,,,Vulnerability report permissions,,modules/vulnerability-management20-permissions.adoc,FALSE
,,,,,User permissions for vulnerability reports,modules/user-permissions-for-vulnerability-reports.adoc,FALSE
,,,,Vulnerability report row limit,,modules/vulnerability-report-row-limit.adoc,FALSE
,,,,,Configuring the vulnerability report row limit,modules/configure-vulnerability-report-row-limit.adoc,FALSE
,,,,Exporting a vulnerability report as a CSV file,,modules/exporting-vulnerability-report-as-a-csv-file.adoc,FALSE
,,,,,Checking job status and downloading a vulnerability report in CSV format,modules/checking-job-status-and-downloading-a-vulnerability-report-in-csv-format.adoc,FALSE
,,,,Editing vulnerability report configurations,,modules/vulnerability-management20-edit-reports.adoc,FALSE
,,,,Downloading vulnerability reports,,modules/vulnerability-management20-download-reports.adoc,FALSE
,,,,Sending vulnerability reports on-demand,,modules/vulnerability-management20-send-reports.adoc,FALSE
,,,,Cloning vulnerability report configurations,,modules/vulnerability-management20-clone-reports.adoc,FALSE
,,,,Deleting vulnerability report configurations,,modules/vulnerability-management20-delete-reports.adoc,FALSE
,,,,Configuring vulnerability management report job retention settings,,modules/vulnerability-management20-retention-settings.adoc,FALSE
,,Scanning RHCOS node hosts,,,,operating/manage-vulnerabilities/scan-rhcos-node-host.adoc,FALSE
,,,RHCOS node scanning overview,,,modules/rhcos-node-scanning-overview.adoc,FALSE
,,,Enabling RHCOS node scanning with the StackRox Scanner,,,modules/rhcos-enable-node-scan.adoc,FALSE
,,,Enabling RHCOS node scanning with Scanner V4,,,modules/rhcos-enable-node-scan-scannerv4.adoc,FALSE
,,,Analysis and detection,,,modules/rhcos-analyse-detect.adoc,FALSE
,,,Vulnerability matching on RHCOS nodes,,,modules/rhcos-match-vulnerability.adoc,FALSE
,,,Related environment variables,,,modules/rhcos-environment-variables.adoc,FALSE
,,,Identifying vulnerabilities in nodes by using the dashboard,,,modules/identify-vulnerabilities-in-nodes.adoc,FALSE
,,,Viewing vulnerabilities in nodes,,,modules/viewing-node-cves.adoc,FALSE
,,,Understanding differences in scanning results between the StackRox Scanner and Scanner V4,,,modules/understanding-node-cves-scanner-v4.adoc,FALSE
,,,,Example of discrepancies in reported vulnerabilities,,modules/node-cve-scanning-discrepancies-example.adoc,FALSE
,,,,,CVEs reported only by the StackRox Scanner,modules/cves-reported-stackrox-scanner-only.adoc,FALSE
,,,,,CVEs reported only by Scanner V4,modules/cves-reported-scanner-v4-only.adoc,FALSE
,,,,,CVEs reported by both scanners,modules/cves-reported-both-scanners.adoc,FALSE
,,,,Verifying the status of vulnerabilities,,modules/verifying-node-vulnerability-status.adoc,FALSE
,,Generating SBOMs from scanned images,,,,operating/manage-vulnerabilities/scanner-generate-sbom.adoc,FALSE
,,,SBOM generation overview,,,modules/sbom-generation-overview.adoc,FALSE
,,,About SBOMs,,,modules/sbom-about.adoc,FALSE
,,,Generate SBOMs,,,modules/sbom-generate.adoc,FALSE
,,,,Generating SBOMs by using the RHACS portal,,modules/generating-sboms-by-using-the-rhacs-portal.adoc,FALSE
,,,,Generating SBOMs by using the roxctl CLI,,modules/generating-sboms-by-using-the-roxctl-cli.adoc,FALSE
,,,,Generating SBOMs by using the API,,modules/generating-sboms-by-using-the-api.adoc,FALSE
,Monitor security posture and risk,,,,,modules/monitor-security-posture-and-risk.adoc,TRUE
,,Viewing the dashboard,,,,operating/view-dashboard.adoc,FALSE
,,,Status bar,,,modules/dashboard-status-bar.adoc,FALSE
,,,Dashboard filter,,,modules/dashboard-filter.adoc,FALSE
,,,Actionable widgets,,,modules/dashboard-actionable-widgets.adoc,FALSE
,,,Widget options,,,modules/dashboard-widget-options.adoc,FALSE
,,Evaluating security risks,,,,operating/evaluate-security-risks.adoc,FALSE
,,,Viewing deployments at risk,,,modules/risk-view-details.adoc,FALSE
,,,,Viewing risk information for a deployment,,modules/risk-view-deployment.adoc,FALSE
,,,,Risk indicators tab,,modules/risk-indicators-tab.adoc,FALSE
,,,,Deployment details tab,,modules/risk-deployment-details.adoc,FALSE
,,,,,Overview section,modules/risk-deployment-details-overview.adoc,FALSE
,,,,,Container configuration section,modules/risk-deployment-details-container-configuration.adoc,FALSE
,,,,,Security context section,modules/risk-deployment-details-security-context.adoc,FALSE
,,,,Process discovery tab,,modules/process-discovery-tab.adoc,FALSE
,,,,,Event timeline section,modules/process-discovery-event-timeline.adoc,FALSE
,,,,,Using process baselines,modules/use-process-baselines.adoc,FALSE
,,,,,Configuring the observation period for the process baseline,modules/configuring-process-baseline-generation-duration.adoc,FALSE
,,,,,Viewing the process baselines,modules/view-process-baselines.adoc,FALSE
,,,,,Adding a process to the baseline,modules/add-process-to-baseline.adoc,FALSE
,,,,,Removing a process from the baseline,modules/remove-process-from-baseline.adoc,FALSE
,,,,,Locking and unlocking the process baselines,modules/lock-and-unlock-process-baselines.adoc,FALSE
,,,,,Configuring auto-lock for process baselines,modules/auto-lock-process-baselines.adoc,FALSE
,,,,,Auto-lock process baselines known limitations,modules/auto-lock-process-baselines-known-limitations.adoc,FALSE
,,,,,Bulk locking and unlocking process baselines,modules/bulk-locking-and-unlocking-process-baselines.adoc,FALSE
,,Visualizing external entities,,,,operating/visualizing-external-entities.adoc,FALSE
,,,Visualizing external entities overview,,,modules/visualizing-external-entities-overview.adoc,FALSE
,,,Enabling external IP collection in secured clusters,,,modules/enabling-external-ip-collection-secured-clusters.adoc,FALSE
,,,Querying external IP addresses by using the API,,,modules/querying-external-entities-using-api.adoc,FALSE
,,,Known limitations,,,modules/visualizing-external-entities-known-limitations.adoc,FALSE
,,Auditing listening endpoints,,,,operating/audit-listening-endpoints.adoc,FALSE
,,,Listening endpoints overview,,,modules/audit-listening-endpoints-overview.adoc,FALSE
,Manage compliance monitoring,,,,,modules/manage-compliance-monitoring.adoc,TRUE
,,Using the Compliance Operator with RHACS,,,,operating/compliance-operator-rhacs.adoc,FALSE
,,,Compliance Operator overview,,,modules/compliance-operator-rhacs-overview.adoc,FALSE
,,,Installing the Compliance Operator,,,modules/compliance-operator-install.adoc,FALSE
,,,Configuring the ScanSettingBinding object,,,modules/compliance-operator-configure-scanning.adoc,FALSE
,,Compliance feature overview,,,,operating/manage-compliance/compliance-feature-overview.adoc,FALSE
,,,OpenShift infrastructure compliance,,,modules/openshift-infrastructure-compliance-overview.adoc,FALSE
,,,Dashboard (deprecated),,,modules/compliance-dashboard-deprecated-overview.adoc,FALSE
,,,Compliance assessment and reporting by using RHACS,,,modules/compliance-assessment-and-reporting-by-using-rhacs.adoc,FALSE
,,Using OpenShift compliance,,,,‎operating/manage-compliance/using-openshift-compliance.adoc,FALSE
,,,Using OpenShift compliance overview,,,modules/using-openshift-compliance-overview.adoc,FALSE
,,,Customizing and automating your compliance scans,,,modules/customizing-and-automating-your-compliance-scans.adoc,FALSE
,,,,Analyzing compliance scan schedules,,modules/analyzing-compliance-scan-schedules.adoc,FALSE
,,,,OpenShift Schedules page overview,,modules/schedules-page-overview.adoc,FALSE
,,,,,Configuration details tab,modules/configuration-details-tab.adoc,FALSE
,,,,,Parameters section,modules/configuration-details-parameters-section.adoc,FALSE
,,,,,Clusters section,modules/configuration-details-clusters-section.adoc,FALSE
,,,,,Profiles section,modules/configuration-details-profiles-section.adoc,FALSE
,,,,,Delivery destinations section,modules/configuration-details-delivery-destinations-section.adoc,FALSE
,,,,,All report jobs tab,modules/all-report-jobs-tab.adoc,FALSE
,,,Assessing the profile compliance across clusters,,,modules/assessing-the-profile-compliance-across-clusters.adoc,FALSE
,,,,,OpenShift Coverage page overview,modules/coverage-page-overview.adoc,FALSE
,,,,,Monitoring and analyzing the health of your clusters,modules/monitoring-and-analyzing-the-health-of-your-clusters.adoc,FALSE
,,,,,Compliance scan status overview,modules/compliance-scan-status-overview.adoc,FALSE
,,,Understanding tailored profiles in compliance scans,,,modules/understanding-tailored-profiles-in-compliance-scans.adoc,FALSE
,,,,,How tailored profiles appear in RHACS,modules/tailored-profiles-appearance.adoc,FALSE
,Manage security policies,,,,,modules/manage-security-policies.adoc,TRUE
,,About policies in RHACS,,,,operating/manage_security_policies/about-security-policies.adoc,FALSE
,,,Policy enforcement overview,,,‎modules/about-security-policies-overview.adoc,FALSE
,,,Understanding the policy evaluation engine,,,modules/policy-evaluation-engine.adoc,FALSE
,,,About policy enforcement,,,modules/policy-enforcement-about.adoc,FALSE
,,,,Build stage enforcement,,modules/policy-enforcement-build-stage.adoc,FALSE
,,,,Deploy stage enforcement,,modules/policy-enforcement-deploy.adoc,FALSE
,,,,,Hard enforcement,modules/policy-enforcement-hard.adoc,FALSE
,,,,,Namespace exclusions from admission controller enforcement,modules/namespace-exclusions.adoc,FALSE
,,,,,Enforcement on existing deployments,modules/enforcement-existing-deployments.adoc,FALSE
,,,,,Soft enforcement,modules/policy-enforcement-soft.adoc,FALSE
,,,,Runtime enforcement,,modules/policy-enforcement-runtime.adoc,FALSE
,,,RHACS policy structure,,,modules/policy-structure.adoc,FALSE
,,,Policy and violation management,,,modules/policy-and-violation-management.adoc,FALSE
,,,,Setting policy rules,,modules/policy-rules-setting.adoc,FALSE
,,,Default security policies,,,modules/default-security-policies-about.adoc,FALSE
,,,,Viewing default security policies,,modules/viewing-default-security-policies.adoc,FALSE
,,,Custom security policies,,,modules/custom-security-policies-about.adoc,FALSE
,,,Sharing security policies,,,modules/sharing-security-policies.adoc,FALSE
,,,,Exporting a security policy,,modules/export-security-policy.adoc,FALSE
,,,,Importing a security policy,,modules/import-security-policy.adoc,FALSE
,,Using admission controller enforcement,,,,operating/manage_security_policies/use-admission-controller-enforcement.adoc,FALSE
,,,Understanding admission controller enforcement,,,modules/understand-admission-controller-enforcement.adoc,FALSE
,,,Enabling admission controller enforcement during installation,,,modules/enable-admission-controller-enforcement.adoc,FALSE
,,,Viewing and enabling admission controller enforcement on an existing cluster,,,modules/enable-admission-controller-enforcement-existing-cluster.adoc,FALSE
,,,Bypassing admission controller enforcement,,,modules/bypass-admission-controller-enforcement.adoc,FALSE
,,,Disabling admission controller enforcement on a cluster,,,modules/disable-admission-controller-enforcement.adoc,FALSE
,,,Configuring the admission controller failure policy during installation,,,modules/admission-controller-failure-policy.adoc,FALSE
,,,Configuring the admission controller failure policy on an existing cluster,,,modules/admission-controller-failure-policy-changing.adoc,FALSE
,,Configuring file activity monitoring,,,,operating/manage_security_policies/configuring-file-activity-monitoring.adoc,FALSE
,,,Detection of unauthorized file modifications,,,modules/detection-of-unauthorized-file-modifications.adoc,FALSE
,,,,Dynamic path support for file activity monitoring,,modules/about-dynamic-path-support-for-file-activity-monitoring.adoc,FALSE
,,,,Known limitations,,modules/file-activity-monitoring-limitations.adoc,FALSE
,,,Create a file activity monitoring policy,,,modules/create-file-activity-monitoring-policy.adoc,FALSE
,,,Process filtering for file activity policies,,,modules/process-filtering-for-file-activity-policies.adoc,FALSE
,,,,Available process filtering criteria,,modules/available-process-filtering-criteria.adoc,FALSE
,,,,Common use cases for process filtering,,modules/common-use-cases-for-process-filtering.adoc,FALSE
,,,,Combining file path and process filters,,modules/combining-file-path-and-process-filters.adoc,FALSE
,,,,Create file activity policies with process filters,,modules/create-file-activity-policies-with-process-filters.adoc,FALSE
,,,,,Policies with process filter examples,modules/file-activity-policies-process-filters-examples.adoc,FALSE
,,,Migrate file activity monitoring policies from 4.10 to 4.11,,,modules/migrate-file-activity-monitoring-policies-from-410-to-411.adoc,FALSE
,,Creating and modifying security policies,,,,operating/manage_security_policies/custom-security-policies.adoc,FALSE
,,,Creating a security policy from the system policies view,,,modules/create-policy-from-system-policies-view.adoc,FALSE
,,,,Entering policy details,,modules/enter-policy-details.adoc,FALSE
,,,,Selecting the policy lifecycle stage,,modules/select-policy-lifecycle.adoc,FALSE
,,,,Configuring policy rules,,modules/configure-policy-rules.adoc,FALSE
,,,,Configuring policy scope,,modules/configure-policy-scope.adoc,FALSE
,,,,Enable the policy,,modules/enable-policy.adoc,FALSE
,,,,Configuring policy enforcement,,modules/configure-policy-enforcement-creating-policies.adoc,FALSE
,,,,Selecting policy notifiers,,modules/selecting-policy-notifiers.adoc,FALSE
,,,,Reviewing the policy and previewing violations,,modules/preview-policy-violations.adoc,FALSE
,,,,Verifying file activity policies,,modules/verifying-file-activity-policies.adoc,FALSE
,,,Creating a security policy from the risk view,,,modules/create-policy-from-risk-view.adoc,FALSE
,,,Modifying existing security policies,,,modules/modify-existing-security-policies.adoc,FALSE
,,,,,Disabling a policy,modules/disable-associated-policies.adoc,FALSE
,,,,,Creating policy categories by using the Policy categories tab,modules/create-policy-categories-using-tab.adoc,FALSE
,,,,,Modifying policy categories by using the Policy categories tab,modules/modify-policy-categories-using-tab.adoc,FALSE
,,Managing policies as code,,,,operating/manage_security_policies/managing-policies-as-code.adoc,FALSE
,,,Managing polices as code,,,modules/policy-as-code-about.adoc,FALSE
,,,,,About policy drift,modules/policy-as-code-drift.adoc,FALSE
,,,,,Creating policies in code by using the RHACS portal,modules/policy-as-code-create-portal.adoc,FALSE
,,,,,Creating policies in code by constructing a CR,modules/policy-as-code-create-cr.adoc,FALSE
,,,,,Disabling the policy as code feature,modules/policy-as-code-disable.adoc,FALSE
,Respond to security policy violations,,,,,modules/respond-to-security-policy-violations.adoc,TRUE
,,Responding to violations,,,,operating/respond-to-violations.adoc,FALSE
,,,Namespace conditions for platform components,,,modules/namespace-conditions-for-platform-components.adoc,FALSE
,,,Analyzing all violations,,,modules/analyzing-all-violations.adoc,FALSE
,,,Violations page overview,,,modules/violations-page-overview.adoc,FALSE
,,,Viewing violation details,,,modules/view-violation-details.adoc,FALSE
,,,,Violation tab,,modules/violation-view-violation-tab.adoc,FALSE
,,,,Deployment tab,,modules/violations-view-deployment-tab.adoc,FALSE
,,,,,Overview section,modules/violations-deployment-overview-section.adoc,FALSE
,,,,,Container configuration section,modules/violations-deployment-container-config.adoc,FALSE
,,,,,Port configuration section,modules/violations-deployment-port-config.adoc,FALSE
,,,,,Security context section,modules/violations-deployment-security-context.adoc,FALSE
,,,,,Network policy section,modules/violations-deployment-network-policy-section.adoc,FALSE
,,,,Policy tab,,modules/violation-view-policy-tab.adoc,FALSE
,,,,,Policy overview section,modules/violation-policy-overview-section.adoc,FALSE
,,,,,Policy behavior,modules/violation-policy-behavior.adoc,FALSE
,,,,,Policy criteria section,modules/violation-policy-criteria.adoc,FALSE
,,,,,Deploy stage enforcement,modules/policy-enforcement-deploy.adoc,FALSE
,,,,Network policies tab,,modules/network-policies-tab.adoc,FALSE
,Secure network traffic by managing network policies,,,,,modules/secure-network-traffic-by-managing-network-policies.adoc,TRUE
,,Managing network policies,,,,operating/manage-network-policies.adoc,FALSE
,,,Network policy management tools,,,modules/manage-network-policies-overview.adoc,FALSE
,,,Network graph,,,modules/network-graph-overview.adoc,FALSE
,,,,About the network graph,,modules/network-graph-20-view.adoc,FALSE
,,,,,"Displays, navigation, and the user interface in the network graph",modules/network-graph-displays-navigation-ui.adoc,FALSE
,,,,,External entities and connections in the network graph,modules/network-graph-external-entities-connections.adoc,FALSE
,,,,,Connections involving internal entities,modules/network-graph-internal-entities-connections.adoc,FALSE
,,,,Access control and permissions,,modules/rbac-for-network-graph.adoc,FALSE
,,,,Viewing deployment information,,modules/view-deployment-info.adoc,FALSE
,,,,Viewing network policies in the network graph,,modules/view-network-policies-ng20.adoc,FALSE
,,,,Configuring CIDR blocks in the network graph,,modules/configure-cidr-blocks-ng20.adoc,FALSE
,,Using the network graph to generate and simulate network policies,,,,modules/network-graph-generate-simulate-overview.adoc,FALSE
,,,,About generating policies from the network graph,,modules/policy-generation-strategy-ng20.adoc,FALSE
,,,,Generating network policies in the network graph,,modules/generate-network-policies-ng20.adoc,FALSE
,,,,Saving generated policies in the network graph,,modules/save-generated-policies-ng20.adoc,FALSE
,,,,Testing generated policies in the network graph,,modules/test-generated-policies-ng20.adoc,FALSE
,,,,Reverting to a previously applied policy in the network graph,,modules/delete-generated-policies-ng20.adoc,FALSE
,,,,Deleting all policies autogenerated in the network graph,,modules/delete-all-autogenerated-policies-ng20.adoc,FALSE
,,,,Simulating network policies from the network graph,,modules/simulate-network-policies-ng20.adoc,FALSE
,,About network baselining in the network graph,,,,modules/use-network-baselining-ng20.adoc,FALSE
,,,,Viewing network baselines from the network graph,,modules/view-network-baselines-ng20.adoc,FALSE
,,,,Downloading network baselines from the network graph,,modules/download-network-baselines.adoc,FALSE
,,,,Configuring the network baseline observation time frame,,modules/configuring-network-baselining-timeframe.adoc,FALSE
,,,,Enabling alerts on baseline violations in the network graph,,modules/enable-alert-on-baseline-violations-ng20.adoc,FALSE
,,Build-time network policy tools,,,,operating/build-time-network-policy-tools.adoc,FALSE
,,,Network policy tools,,,modules/build-time-network-policy-tools-commands.adoc,FALSE
,,,Build-time network policy generator,,,‎modules/build-time-network-policy-generator.adoc,FALSE
,,,,Using the build-time network policy generator,,modules/using-the-build-time-network-policy-generator.adoc,FALSE
,,,,Next steps,,modules/build-time-network-policy-generator-next-steps.adoc,FALSE
,,,Connectivity mapping using the roxctl netpol connectivity map command,,,modules/connectivity-mapping-using-the-roxctl-netpol-connectivity-map-command.adoc,FALSE
,,,,Retrieving connectivity mapping information from a Kubernetes manifest directory,,modules/retrieving-connectivity-mapping-information-from-a-kubernetes-manifest-directory.adoc,FALSE
,,,,Retrieving explanations,,modules/retrieving-explanations.adoc,FALSE
,,,,,Understanding Connectivity Explanations,modules/understanding-connectivity-explanations.adoc,FALSE
,,,,,Example allowed connections,modules/understanding-connectivity-explanations-allowed.adoc,FALSE
,,,,,Example blocked connections,modules/understanding-connectivity-explanations-blocked.adoc,FALSE
,,,,Connectivity map output formats and visualizations,,modules/connectivity-map-output-formats-and-visualizations.adoc,FALSE
,,,,Generating svg graphs from the dot output using Graphviz,,modules/generating-svg-graphs-from-the-dot-output-using-graphviz.adoc,FALSE
,,,Identifying the differences in allowed connections between project versions,,,modules/identifying-the-differences-in-allowed-connections-between-project-versions.adoc,FALSE
,,,,Generating connectivity difference reports by using the roxctl netpol connectivity diff command,,modules/generating-connectivity-difference-reports.adoc,FALSE
,,,,Distinguishing between syntactic and semantic difference outputs,,modules/distinguishing-between-syntactic-and-semantic-difference-outputs.adoc,FALSE
,,,,,Syntactic difference output,modules/syntactic-difference-output.adoc,FALSE
,,,,,Semantic difference output,modules/semantic-difference-output.adoc,FALSE
,Trust only signed container images,,,,,modules/trust-only-signed-container-images.adoc,TRUE
,,Verifying image signatures,,,,operating/verify-image-signatures.adoc,FALSE
,,,Image signature verification overview,,,modules/verify-image-signatures-overview.adoc,FALSE
,,,Securing container images by using signature integration,,,modules/securing-container-images-by-using-signature-integration.adoc,FALSE
,,,Verifying image signatures to ensure image integrity,,,modules/verifying-image-signatures-to-ensure-image-integrity.adoc,FALSE
,,,Using signature verification in a policy,,,modules/use-signature-verification.adoc,FALSE
,,,Enforcing signature verification,,,modules/enforcing-signature-verification.adoc,FALSE
,Find misconfigurations in your cluster,,,,,modules/find-misconfigurations-in-your-cluster.adoc,TRUE
,,Reviewing cluster configuration,,,,operating/review-cluster-configuration.adoc,FALSE
,,,Configuration management overview,,,modules/configuration-management-overview.adoc,FALSE
,,,Using the Configuration Management view,,,modules/using-the-configuration-management-view.adoc,FALSE
,,,Identifying misconfigurations in Kubernetes roles,,,modules/misconfigurations-kubernetes-rbac.adoc,FALSE
,,,,Finding Kubernetes roles and their assignment,,modules/kubernetes-role-assignment.adoc,FALSE
,,,,Finding service accounts and their permissions,,modules/service-accounts-permissions.adoc,FALSE
,,,,Finding unused Kubernetes roles,,modules/unused-kubernetes-roles.adoc,FALSE
,,,Viewing Kubernetes secrets,,,modules/view-kubernetes-secrets.adoc,FALSE
,,,Finding policy violations,,,modules/find-policy-violations.adoc,FALSE
,,,Finding failing CIS controls,,,modules/find-failing-cis-controls.adoc,FALSE
,Create deployment collections,,,,,modules/create-deployment-collections.adoc,TRUE
,,Creating and using deployment collections,,,,operating/create-use-collections.adoc,FALSE
,,,Collections availability and database requirements,,,modules/collections-availability-overview.adoc,FALSE
,,,Prerequisites,,,modules/collections-prerequisites.adoc,FALSE
,,,Understanding deployment collections,,,modules/object-collections.adoc,FALSE
,,,Accessing deployment collections,,,modules/access-object-collections.adoc,FALSE
,,,Creating deployment collections,,,modules/create-object-collections.adoc,FALSE
,,,,Creating collection rules,,modules/create-collection-rules.adoc,FALSE
,,,,,Using regular expressions,modules/using-regular-expression.adoc,FALSE
,,,,Adding attached collections,,modules/adding-attached-collections.adoc,FALSE
,,,Migration of access scopes to collections,,,modules/migrate-scope-collections.adoc,FALSE
,,,Managing collections by using the API,,,modules/generating-sboms-by-using-the-api.adoc,FALSE
,Configure Collector runtime,,,,,modules/configure-collector-runtime.adoc,TRUE
,,Using Collector runtime configuration,,,,operating/using-collector-runtime-configuration.adoc,FALSE
,,,,Collector runtime configuration settings,,modules/collector-runtime-configuration-overview.adoc,FALSE
,,,,,Collector runtime configuration example,modules/collector-runtime-configuration-example.adoc,FALSE
,Back up and restore database and configuration,,,,,modules/back-up-and-restore-database-and-configuration.adoc,TRUE
,,Backing up Red Hat Advanced Cluster Security for Kubernetes,,,,backup_and_restore/backing-up-acs.adoc,FALSE
,,,Backup considerations for external databases and cloud users,,,modules/backup-considerations-for-external-databases-and-cloud-users.adoc,FALSE
,,,,Back up with an external database,,modules/backup-external-database.adoc,FALSE
,,,,Back up for cloud users,,modules/backup-cloud-users.adoc,FALSE
,,,,Backing up your PostgreSQL database and certificates,,modules/backing-up-your-postgresql-database-and-certificates.adoc,FALSE
,,,Backing up Central database by using the roxctl CLI,,,modules/backing-up-central-db-roxctl.adoc,FALSE
,,,,On-demand backups by using an API token,,modules/on-demand-backups-roxctl-api.adoc,FALSE
,,,,On-demand backups by using the administrator password,,modules/on-demand-backups-roxctl-admin-pass.adoc,FALSE
,,,Backing up Central deployment,,,modules/backing-up-central-deployment.adoc,FALSE
,,,,Backing up deployment using the RHACS Operator,,modules/backup-deployment-config-operator.adoc,FALSE
,,,,Backing up deployment using Helm,,modules/backup-deployment-config-helm.adoc,FALSE
,,Restoring Red Hat Advanced Cluster Security for Kubernetes,,,,backup_and_restore/restore-acs.adoc,FALSE
,,,Restoring an external PostgreSQL database,,,modules/restoring-an-external-postgresql-database.adoc,FALSE
,,,Restoring the central certificates and redeploying Central,,,modules/restoring-central-certificates-and-redeploying-central.adoc,FALSE
,,,Restoring Central database by using the roxctl CLI,,,modules/restore-central-db-roxctl.adoc,FALSE
,,,,Restoring by using an API token,,modules/restore-acs-roxctl-api.adoc,FALSE
,,,,Restoring by using the administrator password,,modules/restore-acs-roxctl-admin-pass.adoc,FALSE
,,,,Resuming the restore operation,,modules/resume-acs-restore.adoc,FALSE
,,,Restoring Central deployment by using the roxctl CLI,,,modules/restore-central-deployment-roxctl.adoc,FALSE
,,,,Restore certificates by using the roxctl CLI,,modules/restore-cert-roxctl.adoc,FALSE
,,,,Running the Central installation scripts,,modules/install-central-roxctl.adoc,FALSE
,,,Restore Central deployment by using the RHACS Operator,,,modules/restore-deployment-config-operator.adoc,FALSE
,,,Restore Central deployment using Helm,,,modules/restore-deployment-config-helm.adoc,FALSE
,,,Restoring Central to another cluster or namespace,,,modules/restore-central-another-cluster.adoc,FALSE
,Search and filter resources,,,,,modules/search-and-filter-resources.adoc,TRUE
,,Searching and filtering,,,,operating/search-filter.adoc,FALSE
,,,Search syntax,,,modules/search-syntax.adoc,FALSE
,,,Search autocomplete,,,modules/search-autocomplete.adoc,FALSE
,,,Using global search,,,modules/use-global-search.adoc,FALSE
,,,Using local page filtering,,,modules/use-local-page-filtering.adoc,FALSE
,,,Common search queries,,,modules/common-search-queries.adoc,FALSE
,,,,Finding deployments that are affected by a specific CVE,,modules/search-query-cve.adoc,FALSE
,,,,Finding privileged running deployments,,modules/search-query-privileged.adoc,FALSE
,,,,Finding deployments that have external network exposure,,modules/search-query-exposure.adoc,FALSE
,,,,Finding deployments that are running specific processes,,modules/search-query-processes.adoc,FALSE
,,,,Finding deployments that have serious but fixable vulnerabilities,,modules/search-query-fixable-vulns.adoc,FALSE
,,,,Finding deployments that use passwords exposed through environment variables,,modules/search-query-env-passwords.adoc,FALSE
,,,,Finding running deployments that have particular software components in them,,modules/search-query-components.adoc,FALSE
,,,,Finding users or groups,,modules/search-query-users-groups.adoc,FALSE
,,,,,Finding who owns a particular deployment,modules/search-query-deployment-owner.adoc,FALSE
,,,,,Finding who is deploying images from public registries,modules/search-query-public-registry-images.adoc,FALSE
,,,,,Finding who is deploying into the default namespace,modules/search-query-default-namespace.adoc,FALSE
,,,Search attributes,,,modules/search-attributes.adoc,FALSE
Configure,,,,,,,FALSE
,Authorize external automation and system integrations,,,,,modules/authorize-external-automation-and-system-integrations.adoc,TRUE
,,Using the roxctl CLI,,,,cli/using-the-roxctl-cli.adoc,FALSE
,,,Prerequisites,,,modules/setting-up-environment-variables.adoc,FALSE
,,,Getting authentication information,,,modules/getting-authentication-information.adoc,FALSE
,,,Authenticating by using the roxctl CLI,,,modules/authenticating-by-using-the-roxctl-cli.adoc,FALSE
,,,,Creating an API token,,modules/create-api-token.adoc,FALSE
,,,,Exporting and saving the API token,,modules/cli-authentication.adoc,FALSE
,,,,Using an authentication provider to authenticate with roxctl,,modules/using-an-authentication-provider-to-authenticate-with-roxctl.adoc,FALSE
,,,Configuring and using the roxctl CLI in RHACS Cloud Service,,,modules/configuring-and-using-the-roxctl-cli-in-rhacs-cloud-service.adoc,FALSE
,Configure network proxy access,,,,,modules/configure-network-proxy-access.adoc,TRUE
,,Configuring a proxy for external network access,,,,configuration/configure-proxy.adoc,FALSE
,,,Proxy configuration overview,,,modules/configure-proxy-overview.adoc,FALSE
,,,Configuring a proxy on an existing deployment,,,modules/configure-proxy-on-an-existing-deployment.adoc,FALSE
,,,Configuring a proxy during installation,,,modules/configure-proxy-during-installation.adoc,FALSE
,Implement GitOps workflows,,,,,modules/implement-gitops-workflows.adoc,TRUE
,,Using RHACS with GitOps,,,,configuration/using-rhacs-with-gitops.adoc,FALSE
,,,GitOps configuration mechanisms,,,modules/using-rhacs-with-gitops-overview.adoc,FALSE
,,,Configuration by using declarative configuration,,,modules/config-using-declarative-config.adoc,FALSE
,,,Configuration by using policy as code,,,modules/config-using-policy-as-code.adoc,FALSE
,Authenticate and authorize with declarative configuration,,,,,modules/authenticate-and-authorize-with-declarative-configuration.adoc,TRUE
,,Using declarative configuration,,,,configuration/declarative-configuration-using.adoc,FALSE
,,,Declarative configuration overview,,,modules/declarative-configuration-overview.adoc,FALSE
,,,Restrictions for resources created from declarative configuration,,,modules/declarative-configuration-restrictions.adoc,FALSE
,,,Creating declarative configurations ,,,modules/declarative-configuration-resource-create.adoc,FALSE
,,,Declarative configuration examples,,,modules/declarative-configuration-examples.adoc,FALSE
,,,,Declarative configuration authentication provider example,,modules/declarative-config-example-auth-provider.adoc,FALSE
,,,,Declarative configuration short-lived token example,,modules/declarative-config-example-short-lived-token.adoc,FALSE
,,,,Declarative configuration permission set example,,modules/declarative-config-example-permission-set.adoc[,FALSE
,,,,Declarative configuration access scope example,,modules/declarative-config-example-access-scope.adoc,FALSE
,,,,Declarative configuration role example,,modules/declarative-config-example-role.adoc,FALSE
,,,Troubleshooting declarative configuration,,,modules/declarative-configuration-troubleshooting.adoc,FALSE
,Manage certificate lifecycle,,,,,modules/manage-certificate-lifecycle.adoc,TRUE
,,Adding custom certificates,,,,configuration/add-custom-certificates.adoc,FALSE
,,,Adding a custom security certificate,,,modules/add-custom-security-certificate.adoc,FALSE
,,,,Prerequisites for adding custom certificates,,modules/custom-cert-prerequisites.adoc,FALSE
,,,,Adding a custom certificate during a new installation,,modules/custom-cert-new-install.adoc,FALSE
,,,,Adding a custom certificate for an existing instance,,modules/custom-cert-existing.adoc,FALSE
,,,,Updating the custom certificate for an existing instance,,modules/update-custom-certificate-central.adoc,FALSE
,,,,,Restarting the Central container,modules/restarting-the-central-container.adoc,FALSE
,,,Configuring Sensor to trust custom certificates,,,modules/configure-sensor-trust-custom-certificates.adoc,FALSE
,,,,Downloading a Sensor bundle,,modules/download-sensor-bundle.adoc,FALSE
,,,,Configuring Sensor to trust custom certificates when deploying a new Sensor,,modules/trust-cert-new-sensor.adoc,FALSE
,,,,Configuring an existing Sensor to trust custom certificates,,modules/trust-cert-existing-sensor.adoc,FALSE
,,,,,Restarting the Sensor container,modules/restart-sensor-container.adoc,FALSE
,,Adding trusted certificate authorities,,,,configuration/add-trusted-ca.adoc,FALSE
,,,Configuring additional CAs,,,modules/configure-additional-cas.adoc,FALSE
,,,Propagating changes to services,,,modules/propagating-changes-overview.adoc,FALSE
,,,,Restarting the Central container,,modules/restarting-the-central-container.adoc,FALSE
,,,,Restarting the Scanner container,,modules/restart-scanner-container.adoc,FALSE
,,,,Post-configuration notes for Sensor deployments,,modules/post-configuration-notes.adoc,FALSE
,,Internal certificate authority rotation for RHACS,,,,configuration/internal-certificate-authority-rotation-for-rhacs.adoc,FALSE
,,,CA rotation support for different installation methods,,,modules/ca-rotation-support-for-different-installation-methods.adoc,FALSE
,,,Preparing for deployments and upgrades,,,modules/preparing-for-deployments-and-upgrades.adoc,FALSE
,,Reissuing internal certificates,,,,configuration/reissue-internal-certificates.adoc,FALSE
,,,Reissuing internal certificates for Central services,,,modules/reissuing-internal-certificates-for-central-services.adoc,FALSE
,,,,Reissuing internal certificates for Central,,modules/reissuing-internal-certificates-for-central.adoc,FALSE
,,,,,Restarting the Central container,modules/restarting-the-central-container.adoc,FALSE
,,,,Reissuing internal certificates for Central DB,,modules/reissuing-internal-certificates-for-central-db.adoc,FALSE
,,,,,Restarting the Central DB container,modules/restarting-the-central-db-container.adoc,FALSE
,,,,Reissuing internal certificates for Scanner,,modules/reissuing-internal-certificates-for-scanner.adoc,FALSE
,,,,,Restarting the Scanner and Scanner DB containers,modules/restarting-the-scanner-and-scanner-db-containers.adoc,FALSE
,,,,Reissuing internal certificates for Scanner V4,,modules/reissuing-internal-certificates-for-scanner-v4.adoc,FALSE
,,,,,Restarting the Scanner V4 containers,modules/restarting-the-scanner-v4-containers.adoc,FALSE
,,,Reissuing internal certificates for secured clusters,,,modules/reissuing-internal-certificates-secured-clusters-overview.adoc,FALSE
,,,,Reissuing internal certificates for secured clusters by using automatic certificate renewal,,modules/reissuing-internal-certificates-for-secured-clusters-by-using-automatic-certificate-renewal.adoc,FALSE
,,,,,Verifying the status of automatic certificate renewal,modules/verifying-the-status-of-automatic-certificate-renewal.adoc,FALSE
,,,,,Applying the latest internal certificates,modules/applying-the-latest-internal-certificates.adoc,FALSE
,,,,Reissuing internal certificates for secured clusters by using init bundles,,modules/reissue-internal-certificates-secured-clusters.adoc,FALSE
,,,,Reissuing internal certificates for secured clusters by using automatic upgrades,,modules/reissue-internal-certificates-secured-clusters-automatic-upgrades.adoc,FALSE
,Enable offline mode for air-gapped deployments,,,,,modules/enable-offline-mode-for-air-gapped-deployments.adoc,TRUE
,,Enabling offline mode,,,,configuration/enable-offline-mode.adoc,FALSE
,,,Deployment steps for offline mode,,,modules/enable-offline-mode-deployment-steps.adoc,FALSE
,,,Downloading images for offline use,,,modules/downloading-images-offline-overview.adoc,FALSE
,,,,Image versions,,modules/image-versions.adoc,FALSE
,,,,,Retagging images,modules/retag-images.adoc,FALSE
,,,Enabling offline mode during installation,,,modules/enabling-offline-mode-installation-overview.adoc,FALSE
,,,,Enabling offline mode when installing by using the Operator,,modules/enable-offline-mode-operator.adoc,FALSE
,,,,Enabling offline mode by using Helm configuration,,modules/enable-offline-mode-helm.adoc,FALSE
,,,,Enabling offline mode by using the roxctl CLI,,modules/enable-offline-mode-roxctl.adoc,FALSE
,,,Updating Scanner definitions in offline mode,,,modules/updating-scanner-definitions-offline-overview.adoc,FALSE
,,,,Downloading Scanner definitions,,modules/download-scanner-definitions.adoc,FALSE
,,,,Uploading definitions to Central,,modules/uploading-scanner-definitions-overview.adoc,FALSE
,,,,,Uploading definitions to Central by using an API token,modules/upload-definitions-to-central-api-token.adoc,FALSE
,,,,,Uploading definitions to Central by using the administrator password,modules/upload-definitions-to-central-admin-pass.adoc,FALSE
,,,Updating kernel support packages in offline mode,,,modules/update-kernel-support-packages.adoc,FALSE
,,,,Downloading kernel support packages,,modules/download-kernel-support-package.adoc,FALSE
,,,,Uploading kernel support packages to Central,,modules/upload-kernel-support-package-to-central.adoc,FALSE
,Configure custom network endpoints,,,,,modules/configure-custom-network-endpoints.adoc,TRUE
,,Configuring endpoints,,,,‎configuration/configure-endpoints.adoc,FALSE
,,,Configuring endpoints overview,,,modules/configure-endpoints-overview.adoc,FALSE
,,,Custom YAML configuration,,,modules/custom-yaml-configuration.adoc,FALSE
,,,Configuring endpoints during a new installation,,,modules/configure-endpoints-new-install.adoc,FALSE
,,,Configuring endpoints for an existing instance,,,modules/configure-endpoints-existing.adoc,FALSE
,,,,Restarting the Central container,,modules/restarting-the-central-container.adoc,FALSE
,,,Enabling traffic flow through custom ports,,,modules/enable-traffic-flow-through-custom-ports.adoc,FALSE
,Automate upgrades for secured clusters,,,,,modules/automate-upgrades-for-secured-clusters.adoc,TRUE
,,Configuring automatic upgrades for manifest-installed secured clusters,,,,configuration/configure-automatic-upgrades.adoc,FALSE
,,,Automatic upgrades overview,,,modules/automatic-upgrades-overview.adoc,FALSE
,,,Enabling automatic upgrades for manifest-installed secured clusters,,,modules/enable-automatic-upgrades.adoc,FALSE
,,,Disabling automatic upgrades of manifest-installed secured clusters,,,modules/disable-automatic-upgrades.adoc,FALSE
,,,Automatic upgrade status,,,modules/automatic-upgrade-status.adoc,FALSE
,,,Automatic upgrade failure for manifest-installed secured clusters,,,modules/automatic-upgrade-failure.adoc,FALSE
,,,Upgrading secured clusters manually from the RHACS portal,,,modules/manual-upgrade-secured-clusters.adoc,FALSE
,Remove monitoring for nonactive clusters,,,,,modules/remove-monitoring-for-nonactive-clusters.adoc,TRUE
,,Configuring automatic removal of nonactive clusters from RHACS,,,,configuration/configure-inactive-cluster-deletion.adoc,FALSE
,,,Overview of automatic cluster removal,,,modules/configure-inactive-cluster-deletion-overview.adoc,FALSE
,,,Configuring cluster decommissioning,,,modules/configure-cluster-decommissioning.adoc,FALSE
,,,Viewing nonactive clusters,,,modules/view-nonactive-clusters.adoc,FALSE
,Configure notifications to users,,,,,modules/configure-notifications-to-users.adoc,TRUE
,,Adding security notices,,,,configuration/add-security-notices.adoc,FALSE
,,,Security notices overview,,,modules/add-security-notices-overview.adoc,FALSE
,,,Adding a custom login message,,,modules/add-a-custom-login-message.adoc,FALSE
,,,Adding a custom header and footer,,,modules/add-a-custom-header-and-footer.adoc,FALSE
,Complete advanced platform configuration,,,,,modules/complete-advanced-platform-configuration.adoc,TRUE
,,Customizing platform components,,,,configuration/customizing-platform-components.adoc,FALSE
,,,User workloads and platform components,,,modules/customizing-platform-components-overview.adoc,FALSE
,,,Understanding platform components,,,modules/understanding-platform-components.adoc,FALSE
,,,Modifying platform component definitions,,,modules/modifying-platform-component-definitions.adoc,FALSE
,,Enabling alert data retention,,,,configuration/enable-alert-data-retention.adoc,FALSE
,,,Alert data retention overview,,,modules/alert-data-retention-overview.adoc,FALSE
,,,Configuring alert data retention,,,modules/configure-alert-data-retention.adoc,FALSE
,,Exposing the RHACS portal over HTTP,,,,configuration/expose-portal-over-http.adoc,FALSE
,,,HTTP portal exposure overview,,,modules/expose-portal-http-overview.adoc,FALSE
,,,Prerequisites,,,modules/expose-portal-http-prerequisites.adoc,FALSE
,,,Exposing the RHACS portal over HTTP during the installation,,,modules/expose-portal-http-during-installation.adoc,FALSE
,,,Exposing the RHACS portal over HTTP for an existing deployment,,,modules/expose-portal-http-existing-deployment.adoc,FALSE
Secure,,,,,,,FALSE
,Manage user access,,,,,modules/manage-user-access.adoc,TRUE
,,Managing RBAC in Red Hat Advanced Cluster Security for Kubernetes,,,,operating/manage-user-access/manage-role-based-access-control-3630.adoc,FALSE
,,,RBAC concepts overview,,,modules/rbac-concepts-overview.adoc,FALSE
,,,System roles,,,modules/rbac-system-roles-3630.adoc,FALSE
,,,,Viewing the permission set and access scope for a system role,,modules/view-system-roles-permission-scope.adoc,FALSE
,,,,Creating a custom role,,modules/create-a-custom-role-3630.adoc,FALSE
,,,,Assigning a role to a user or a group,,modules/assign-role-to-user-or-group.adoc,FALSE
,,,System permission sets,,,modules/rbac-permission-sets.adoc,FALSE
,,,,Viewing the permissions for a system permission set,,modules/view-system-permission-set.adoc,FALSE
,,,,Creating a custom permission set,,modules/create-a-custom-permission-set.adoc,FALSE
,,,System access scopes,,,modules/rbac-access-scopes.adoc,FALSE
,,,,Viewing the details for a system access scope,,modules/view-system-access-scopes.adoc,FALSE
,,,,Creating a custom access scope,,modules/create-a-custom-access-scope.adoc,FALSE
,,,,Scale considerations,,modules/create-custom-access-scope-scale-considerations.adoc,FALSE
,,,Resource definitions,,,modules/rbac-resource-definitions.adoc,FALSE
,,,Declarative configuration for authentication and authorization resources,,,modules/declarative-configuration-auth-resources.adoc,FALSE
,,Enabling PKI authentication,,,,operating/manage-user-access/enable-pki-authentication.adoc,FALSE
,,,Configuring PKI authentication by using the RHACS portal,,,modules/configure-pki-authentication-portal.adoc,FALSE
,,,Configuring PKI authentication by using the `roxctl` CLI,,,modules/configure-pki-authentication-roxctl.adoc,FALSE
,,,Updating authentication keys and certificates,,,modules/update-authentication-keys-and-certificates.adoc,FALSE
,,,Logging in by using a client certificate,,,modules/log-in-using-client-certificate.adoc,FALSE
,,Understanding authentication providers,,,,operating/manage-user-access/understanding-authentication-providers.adoc,FALSE
,,,Authentication providers overview,,,modules/authentication-providers-overview.adoc,FALSE
,,,Claim mappings,,,modules/auth-provider-claim-mappings.adoc,FALSE
,,,,OIDC default claim mappings,,modules/auth-provider-oidc-default-claim-mappings.adoc,FALSE
,,,,Auth0 default claim mappings,,modules/auth-provider-auth0-default-claim-mappings.adoc,FALSE
,,,,SAML 2.0 default claim mappings,,modules/auth-provider-saml20-default-claim-mappings.adoc,FALSE
,,,,Google IAP default claim mappings,,modules/auth-provider-google-iap-default-claim-mappings.adoc,FALSE
,,,,User certificates default claim mappings,,modules/auth-provider-userpki-default-claim-mappings.adoc,FALSE
,,,,OpenShift Auth default claim mappings,,modules/auth-provider-openshift-auth-default-claim-mappings.ado,FALSE
,,,Rules,,,modules/auth-provider-rules.adoc,FALSE
,,,Minimum access role,,,modules/auth-provider-minimum-access-role.adoc,FALSE
,,,Required attributes,,,modules/auth-provider-required-attributes.adoc,FALSE
,,Configuring Okta Identity Cloud as a SAML 2.0 identity provider,,,,operating/manage-user-access/configuring-identity-providers/configure-okta-identity-cloud.adoc,FALSE
,,,Creating an Okta app,,,modules/create-an-okta-app.adoc,FALSE
,,,Configuring a SAML 2.0 identity provider,,,modules/configure-saml-identity-provider.adoc,FALSE
,,Configuring Google Workspace as an OIDC identity provider,,,,operating/manage-user-access/configuring-identity-providers/configure-google-workspace-identity.adoc,FALSE
,,,Setting up OAuth 2.0 credentials for your GCP project,,,modules/set-up-oauth-20-credentials-for-your-gcp-project.adoc,FALSE
,,,Specifying a client secret,,,modules/specify-a-client-secret.adoc,FALSE
,,,Configuring an OIDC identity provider,,,modules/configure-oidc-identity-provider.adoc,FALSE
,,Configuring OpenShift Container Platform OAuth server as an identity provider,,,,operating/manage-user-access/configuring-identity-providers/configure-ocp-oauth.adoc,FALSE
,,,Requirements and configuration notes,,,modules/configure-ocp-oauth-requirements-notes.adoc,FALSE
,,,Configuring OpenShift Container Platform OAuth server as an identity provider,,,modules/configure-ocp-oauth-identity-provider.adoc,FALSE
,,,Creating additional routes for OpenShift Container Platform OAuth server,,,modules/create-additional-routes-ocp-oauth.adoc,FALSE
,,Connecting Azure AD to RHACS using SSO configuration,,,,operating/manage-user-access/configuring-identity-providers/connecting-azure-ad-to-rhacs-using-sso-configuration.adoc,FALSE
,,,Adding group claims to tokens for SAML applications by using SSO configuration,,,modules/adding-group-claims-tokens-saml-apps.adoc,FALSE
,,Removing the admin user,,,,operating/manage-user-access/remove-admin-user.adoc,FALSE
,,,Removing the admin user after installation,,,modules/remove-admin-user.adoc,FALSE
,,Configuring short-lived access,,,,operating/manage-user-access/configure-short-lived-access.adoc,FALSE
,,,Short-lived access overview,,,modules/configure-short-lived-access-overview.adoc,FALSE
,,,Configure short-lived access for an OIDC identity token issuer,,,modules/configure-short-lived-access.adoc,FALSE
,,,Exchanging an identity token,,,modules/exchanging-identity-token.adoc,FALSE
,,Understanding multi-tenancy,,,,operating/manage-user-access/understanding-multi-tenancy.adoc,FALSE
,,,Understanding resource scoping,,,modules/understanding-resource-scoping.adoc,FALSE
,,,Multi-tenancy per namespace configuration example,,,modules/multi-tenancy-per-namespace-config-example-overview.adoc,FALSE
,,,,Configuring multi-tenancy per namespace,,modules/multi-tenancy-per-namespace-config-example-procedure.adoc,FALSE
,,,Limitations,,,modules/file-activity-monitoring-limitations.adoc,FALSE
,,Inviting users to your RHACS instance,,,,configuration/inviting-users-to-your-rhacs-instance.adoc,FALSE
,,,Configuring access control and sending invitations,,,modules/configuring-access-control-and-sending-invitations.adoc,FALSE
Observe,,,,,,,FALSE
,Monitor RHACS system health,,,,,modules/monitor-rhacs-system-health.adoc,TRUE
,,Using the system health dashboard,,,,operating/use-system-health-dashboard.adoc,FALSE
,,,Analyzing and managing the system health information,,,modules/analyzing-and-managing-the-system-health-information.adoc,FALSE
,,,System health dashboard page overview,,,modules/system-health-dashboard-page-overview.adoc,FALSE
,,,,Image Integrations section,,modules/image-integrations-section.adoc,FALSE
,,,Administration usage page overview,,,modules/administration-usage-page-overview.adoc,FALSE
,,Monitoring RHACS,,,,configuration/monitor-acs.adoc,FALSE
,,,Monitoring options for RHACS,,,modules/monitoring-overview.adoc,FALSE
,,,Monitoring with Red Hat OpenShift,,,modules/monitoring-osp.adoc,FALSE
,,,Monitoring with custom Prometheus,,,modules/monitoring-custom-prometheus.adoc,FALSE
,,,,Disabling Red Hat OpenShift monitoring for Central services by using the RHACS Operator ,,modules/monitor-osp-disable-operator.adoc,FALSE
,,,,Disabling Red Hat OpenShift monitoring for Central services by using Helm,,modules/monitor-osp-disable-helm.adoc,FALSE
,,,,Monitoring Central services by using the RHACS Operator,,modules/enable-monitoring-central-operator.adoc,FALSE
,,,,Monitoring Central services by using Helm,,modules/enable-monitoring-central-helm.adoc,FALSE
,,,,Monitoring Central by using Prometheus service monitor,,modules/prometheus-service-monitor.adoc,FALSE
,,,Custom Prometheus metrics,,,modules/custom-prometheus-metrics.adoc,FALSE
,,,,Custom metric categories,,modules/custom-metric-categories.adoc,FALSE
,,,,Configure custom Prometheus metrics,,modules/configure-custom-prometheus-metrics.adoc,FALSE
,,,,,Configuring custom Prometheus metrics by using the API,modules/configuring-custom-prometheus-metrics-by-using-the-api.adoc,FALSE
,,,,,Configuring custom Prometheus metrics by using the RHACS portal,modules/configuring-custom-prometheus-metrics-by-using-the-rhacs-portal.adoc,FALSE
,,,,Setting up a Prometheus server scraping from Central service,,modules/setting-up-a-prometheus-server-scraping-from-central-service.adoc,FALSE
,,,,Setting up a Perses dashboard in OpenShift to monitor RHACS,,modules/prometheus-server-example.adoc,FALSE
,,,,Metric categories for custom metrics,,modules/metric-categories-for-custom-metrics.adoc,FALSE
,,,,System metrics and labels,,modules/system-metrics-and-labels.adoc,FALSE
,,Configuring audit logging,,,,configuration/configure-audit-logging.adoc,FALSE
,,,Enabling audit logging,,,modules/enable-audit-log.adoc,FALSE
,,,Sample audit log message,,,modules/sample-audit-log-message.adoc,FALSE
,Review Administration Events,,,,,modules/review-administration-events.adoc,TRUE
,,Using the administration events page,,,,operating/using-the-administration-events-page.adoc,FALSE
,,,Accessing the event logs in different domains,,,modules/accessing-the-event-logs-in-different-domains.adoc,FALSE
,,,Administration events page overview,,,modules/administration-events-page-overview.adoc,FALSE
,,,Getting information about the events in a particular domain,,,modules/getting-information-about-the-events-in-a-particular-domain.adoc,FALSE
,,,Administration event details overview,,,modules/administration-event-details-overview.adoc,FALSE
,,,Setting the expiration of the administration events,,,modules/setting-the-expiration-of-the-administration-events.adoc,FALSE
,Telemetry data collection and opt-out choices,,,,,modules/telemetry-data-collection-and-opt-out-choices.adoc,TRUE
,,About Telemetry,,,,telemetry/about-telemetry.adoc,FALSE
,,,Information collected by Telemetry,,,modules/information-collected-by-telemetry.adoc,FALSE
,,Opting out of Telemetry,,,,telemetry/opting-out-of-telemetry.adoc,FALSE
,,,Consequences of disabling Telemetry,,,modules/consequences-of-disabling-telemetry.adoc,FALSE
,,,Disabling Telemetry,,,modules/disabling-telemetry.adoc,FALSE
Integrate,,,,,,,FALSE
,Integrate RHACS with other security and operational tools,,,,,modules/integrate-rhacs-with-other-security-and-operational-tools.adoc,TRUE
,,Integrating with image registries,,,,integration/integrate-with-image-registries.adoc,FALSE
,,,Image registry integration overview,,,modules/integrate-image-registries-overview.adoc,FALSE
,,,Automatic configuration,,,modules/automatic-configuration-image-registry.adoc,FALSE
,,,Amazon ECR integrations,,,modules/amazon-ecr-integrations.adoc,FALSE
,,,Manually configuring image registries,,,modules/manual-configuration-image-registry-overview.adoc,FALSE
,,,,Manually configuring OpenShift Container Platform registry,,modules/manual-configuration-image-registry-ocp.adoc,FALSE
,,,,Manually configuring Amazon Elastic Container Registry,,modules/manual-configuration-image-registry-ecr.adoc,FALSE
,,,,,Using assumerole with Amazon ECR,modules/use-assumerole-with-ecr.adoc,FALSE
,,,,,Configuring AssumeRole with container IAM,modules/configuring-assumerole-with-iam.adoc,FALSE
,,,,,Configuring AssumeRole without container IAM,modules/configuring-assumerole-without-iam.adoc,FALSE
,,,,,Configuring AssumeRole in RHACS,modules/configuring-assumerole-acs.adoc,FALSE
,,,,Manually configuring Google Container Registry,,modules/manual-configuration-image-registry-gcr.adoc,FALSE
,,,,Manually configuring Google Artifact Registry,,modules/manual-configuration-image-registry-gar.adoc,FALSE
,,,,Manually configuring Microsoft Azure Container Registry,,modules/manual-configuration-image-registry-acr.adoc,FALSE
,,,,Manually configuring JFrog Artifactory,,modules/manual-configuration-image-registry-jfrog.adoc,FALSE
,,,,Manually configuring Quay Container Registry,,modules/manual-configuration-image-registry-qcr.adoc,FALSE
,,,,Enabling Quay registry keyless authentication using external secret,,modules/quay-keyless-eso.adoc,FALSE
,,,,Manually configuring GitHub Container Registry,,modules/manual-configuration-image-registry-ghcr.adoc,FALSE
,,,,Manually configuring IBM Cloud Container Registry,,modules/manual-configuration-image-registry-ibm.adoc,FALSE
,,,,Manually configuring Red Hat Container Registry,,modules/manual-configuration-image-registry-redhat.adoc,FALSE
,,Integrating with CI systems,,,,integration/integrate-with-ci-systems.adoc,FALSE
,,,CI integration overview,,,modules/ci-integration-overview.adoc,FALSE
,,,Configuring build policies,,,modules/configure-build-policies.adoc,FALSE
,,,,Checking existing build-time policies,,modules/integrate-ci-check-existing-build-phase-policies.adoc,FALSE
,,,,,Deploy stage enforcement,modules/policy-enforcement-deploy.adoc,FALSE
,,,Configuring registry integration,,,modules/configure-registry-integration.adoc,FALSE
,,,,Checking for existing registry integration,,modules/check-for-existing-registry-integration.adoc,FALSE
,,,Configuring access,,,modules/configure-access.adoc,FALSE
,,,,Exporting and saving the API token,,modules/cli-authentication.adoc,FALSE
,,,,Installing the roxctl CLI by downloading the binary,,modules/install-roxctl-cli-binary.adoc,FALSE
,,,,,Installing the roxctl CLI on Linux,modules/install-roxctl-cli-linux.adoc,FALSE
,,,,,Installing the roxctl CLI on macOS,modules/install-roxctl-cli-macos.adoc,FALSE
,,,,,Installing the roxctl CLI on Windows,modules/install-roxctl-cli-windows.adoc,FALSE
,,,,Running the roxctl CLI from a container,,modules/run-roxctl-from-container.adoc,FALSE
,,,Integrating with your CI pipeline,,,modules/integrate-with-your-ci-pipeline.adoc,FALSE
,,,,Using Jenkins,,modules/using-jenkins.adoc,FALSE
,,,,Using CircleCI,,modules/integrate-circle-ci.adoc,FALSE
,,Integrating with PagerDuty,,,,integration/integrate-with-pagerduty.adoc,FALSE
,,,PagerDuty integration workflow overview,,,modules/pagerduty-integration-workflow-overview.adoc,FALSE
,,,Configuring PagerDuty,,,modules/configure-pagerduty.adoc,FALSE
,,,Configuring Red Hat Advanced Cluster Security for Kubernetes,,,modules/pagerduty-configuring-acs.adoc,FALSE
,,,Configuring policy notifications,,,modules/configure-policy-notifications.adoc,FALSE
,,Integrating with Slack,,,,integration/integrate-with-slack.adoc,FALSE
,,,Slack integration overview,,,modules/slack-integration-overview.adoc,FALSE
,,,Configuring Slack,,,modules/configure-slack.adoc,FALSE
,,,,Sending alerts to different Slack channels,,modules/send-alerts-to-different-slack-channels.adoc,FALSE
,,,Configuring Red Hat Advanced Cluster Security for Kubernetes,,,modules/pagerduty-configuring-acs.adoc,FALSE
,,,Configuring policy notifications,,,modules/configure-policy-notifications.adoc,FALSE
,,Integrating by using generic webhooks,,,,integration/integrate-using-generic-webhooks.adoc,FALSE
,,,Generic webhooks integration overview,,,modules/generic-webhooks-integration-overview.adoc,FALSE
,,,Configuring integrations by using webhooks,,,modules/webhook-configuring-acs.adoc,FALSE
,,,Configuring policy notifications,,,modules/configure-policy-notifications.adoc,FALSE
,,Integrating with QRadar,,,,integration/integrate-with-qradar.adoc,FALSE
,,,QRadar integration workflow overview,,,modules/qradar-integration-workflow-overview.adoc,FALSE
,,,Configuring integrations by using webhooks,,,modules/webhook-configuring-acs.adoc,FALSE
,,,Configuring policy notifications,,,modules/configure-policy-notifications.adoc,FALSE
,,Integrating with ServiceNow,,,,integration/integrate-with-servicenow.adoc,FALSE
,,,ServiceNow integration overview,,,modules/servicenow-integration-overview.adoc,FALSE
,,,Configuring integrations by using webhooks,,,modules/webhook-configuring-acs.adoc,FALSE
,,,Configuring policy notifications,,,modules/configure-policy-notifications.adoc,FALSE
,,Integrating with Sumo Logic,,,,integration/integrate-with-sumologic.adoc,FALSE
,,,Sumo Logic integration workflow,,,modules/sumologic-integration-workflow-overview.adoc,FALSE
,,,Configuring Sumo Logic,,,modules/configure-sumologic.adoc,FALSE
,,,Configuring Red Hat Advanced Cluster Security for Kubernetes,,,modules/sumologic-configuring-acs.adoc,FALSE
,,,Configuring policy notifications,,,modules/configure-policy-notifications.adoc,FALSE
,,,Viewing alerts in Sumo Logic,,,modules/view-alerts-in-sumo-logic.adoc,FALSE
,,Integrating with Google Cloud Storage,,,,integration/integrate-with-google-cloud-storage.adoc,FALSE
,,,Google Cloud Storage integration overview,,,modules/google-cloud-storage-integration-overview.adoc,FALSE
,,,Configuring Red Hat Advanced Cluster Security for Kubernetes,,,modules/google-cloud-storage-configuring-acs.adoc,FALSE
,,,,Perform on-demand backups on Google Cloud Storage,,modules/perform-on-demand-backups-google-cloud-storage.adoc,FALSE
,,Integrating by using the syslog protocol,,,,integration/integrate-using-syslog-protocol.adoc,FALSE
,,,Syslog integration overview,,,modules/syslog-integration-overview.adoc,FALSE
,,,Configuring syslog integration with Red Hat Advanced Cluster Security for Kubernetes,,,modules/syslog-configuring-acs.adoc,FALSE
,,Integrating with Amazon S3,,,,integration/integrate-with-amazon-s3.adoc,FALSE
,,,Amazon S3 backup integration overview,,,modules/integrate-amazon-s3-overview.adoc,FALSE
,,,Configuring Amazon S3 integration in Red Hat Advanced Cluster Security for Kubernetes,,,modules/amazon-s3-configuring-acs.adoc,FALSE
,,,Performing on-demand backups on Amazon S3,,,modules/perform-on-demand-backups-amazon-s3.adoc,FALSE
,,Integrating with S3 API compatible services,,,,integration/integrate-with-s3-api-compatible-services.adoc,FALSE
,,,S3 API compatible integration overview,,,modules/s3-api-compatible-integration-overview.adoc,FALSE
,,,Configuring S3 API compatible integrations in Red Hat Advanced Cluster Security for Kubernetes,,,modules/s3-api-compatible-services-configuring-acs.adoc,FALSE
,,,Performing on-demand backups on an S3 API compatible bucket,,,modules/perform-on-demand-backups-s3-api-compatible-services.adoc,FALSE
,,Integrating with Google Cloud Security Command Center,,,,integration/integrate-with-google-cloud-scc.adoc,FALSE
,,,Integration workflow,,,modules/google-cloud-scc-integration-workflow-overview.adoc,FALSE
,,,Configuring Google Cloud SCC,,,modules/configure-google-cloud-scc.adoc,FALSE
,,,Configuring Red Hat Advanced Cluster Security for Kubernetes for integrating with Google Cloud SCC,,,modules/google-cloud-scc-configuring-acs.adoc,FALSE
,,,Configuring policy notifications,,,modules/configure-policy-notifications.adoc,FALSE
,,Integrating with Splunk,,,,integration/integrate-with-splunk.adoc,FALSE
,,,Integration methods,,,modules/integrate-splunk-overview.adoc,FALSE
,,,Using the HTTP event collector,,,modules/integrate-splunk-enable-http-event-collector.adoc,FALSE
,,,,Adding an HTTP event collector in Splunk,,modules/add-http-event-collector-splunk.adoc,FALSE
,,,,,Enabling HTTP event collector,modules/integrate-splunk-enable-http-event-collector.adoc,FALSE
,,,,Configuring Splunk integration in Red Hat Advanced Cluster Security for Kubernetes,,modules/splunk-configuring-acs.adoc,FALSE
,,,,Configuring policy notifications,,modules/configure-policy-notifications.adoc,FALSE
,,,Using the Red Hat Advanced Cluster Security for Kubernetes add-on,,,modules/integrate-splunk-add-on-overview.adoc,FALSE
,,,,Installing and configuring the Splunk add-on,,modules/install-and-configure-the-splunk-add-on.adoc,FALSE
,,,,Update the StackRox Kubernetes Security Platform add-on,,modules/update-the-splunk-add-on.adoc,FALSE
,,,,Troubleshoot the Splunk add-on,,modules/troubleshoot-the-splunk-add-on.adoc,FALSE
,,Integrating with image vulnerability scanners,,,,integration/integrate-with-image-vulnerability-scanners.adoc,FALSE
,,,Supported container image registries,,,modules/supported-container-image-registries.adoc,FALSE
,,,Scanners included in RHACS,,,modules/scanners-included-in-rhacs.adoc,FALSE
,,,Alternative scanners,,,modules/alternative-scanners-overview.adoc,FALSE
,,,Integrating with Clair,,,modules/integrate-with-clair.adoc,FALSE
,,,Integrating with Google Container Registry,,,modules/integrate-with-gcr-container-analysis.adoc,FALSE
,,,Integrating with Quay Container Registry to scan images,,,modules/integrate-with-qcr-scanner.adoc,FALSE
,,Integrating with Jira,,,,integration/integrate-with-jira.adoc,FALSE
,,,Jira integration workflow,,,modules/jira-integration-workflow-overview.adoc,FALSE
,,,Configuring Jira,,,modules/configure-jira.adoc,FALSE
,,,Configuring Red Hat Advanced Cluster Security for Kubernetes,,,modules/jira-configuring-acs.adoc,FALSE
,,,,Creating issues in different Jira projects,,modules/create-issues-in-different-jira-projects.adoc,FALSE
,,,,Configuring custom priorities in Jira,,modules/configure-custom-priorities-in-jira.adoc,FALSE
,,,Configuring policy notifications,,,modules/configure-policy-notifications.adoc,FALSE
,,,Troubleshooting Jira integration,,,modules/troubleshoot-jira-integration.adoc,FALSE
,,Integrating with email,,,,integration/integrate-with-email.adoc,FALSE
,,,Integrating with email on RHACS,,,modules/integrate-email-rhacs-overview.adoc,FALSE
,,,,Configuring the email plugin,,modules/configure-acs-email.adoc,FALSE
,,,,Configuring policy notifications,,modules/configure-policy-notifications.adoc,FALSE
,,,Integrating with email on RHACS Cloud Service,,,modules/integrate-email-rhacs-cloud-overview.adoc,FALSE
,,,,Configuring the RHACS Cloud Service email plugin,,modules/configure-acscs-email.adoc,FALSE
,,,,Configuring policy notifications,,modules/configure-policy-notifications.adoc,FALSE
,,Integrating with cloud management platforms,,,,integration/integrate-with-cloud-management-platforms.adoc,FALSE
,,,Cloud management platform integration overview,,,modules/cloud-management-platforms-overview.adoc,FALSE
,,,Configuring Paladin Cloud integration,,,modules/cloud-management-platforms-paladin-cloud.adoc,FALSE
,,,Configuring Red Hat OpenShift Cluster Manager integration,,,modules/cloud-management-platforms-ocm.adoc,FALSE
,,Integrating RHACS using short-lived tokens,,,,integration/integrate-using-short-lived-tokens.adoc,FALSE
,,,Short-lived token integration overview,,,modules/short-lived-tokens-integration-overview.adoc,FALSE
,,,Configuring AWS Secure Token Service,,,modules/aws-secure-token-service-overview.adoc,FALSE
,,,,Configuring Elastic Kubernetes Service (EKS),,modules/aws-secure-token-service-eks.adoc,FALSE
,,,,Configuring OpenShift Container Platform,,modules/aws-secure-token-service-openshift.adoc,FALSE
,,,Configuring Google workload identity federation,,,modules/google-workload-identity-federation-overview.adoc,FALSE
,,,,Configuring Google Kubernetes Engine (GKE),,modules/google-workload-identity-federation-gke.adoc,FALSE
,,,,Configuring OpenShift Container Platform,,modules/google-workload-identity-federation-openshift.adoc,FALSE
,,,Configuring Microsoft Entra ID federation,,,modules/azure-entra-id-federation-overview.adoc,FALSE
,,,,Configuring Microsoft Azure Kubernetes Service,,modules/azure-workload-identity-federation-aks.adoc,FALSE
,,,,Configuring OpenShift Container Platform,,modules/azure-workload-identity-federation-openshift.adoc,FALSE
,,Integrating with Microsoft Sentinel notifier,,,,integration/integrating-with-microsoft-sentinel-notifier.adoc,FALSE
,,,Viewing the log analytics to detect threats,,,modules/viewing-the-log-analytics-to-detect-threats.adoc,FALSE
,Integrate with Red Hat Developer Hub,,,,,modules/integrate-with-red-hat-developer-hub.adoc,TRUE
,,Configuring and integrating the RHACS plugin with Red Hat Developer Hub,,,,configuration/configuring-and-integrating-the-rhacs-plugin-with-red-hat-developer-hub.adoc,FALSE
,,,Configuring RHACS plugin with Red Hat Developer Hub,,,modules/configuring-rhacs-plugin-rhdh-overview.adoc,FALSE
,,,Viewing security information in Red Hat Developer Hub,,,modules/viewing-security-information-in-red-hat-developer-hub.adoc,FALSE
,,,Rebuilding the OCI artifact,,,modules/rebuilding-the-oci-artifact.adoc,FALSE
,Integrate with the OpenShift Container Platform web console,,,,,modules/integrate-with-the-openshift-container-platform-web-console.adoc,TRUE
,,Accessing vulnerability information in the OpenShift Container Platform web console,,,,configuration/accessing-vulnerability-information-in-web-console.adoc,FALSE
,,,RHACS console dynamic plugin overview,,,modules/rhacs-console-plugin-overview.adoc,FALSE
,,,Enabling the plugin,,,modules/enabling-the-plugin.adoc,FALSE
,,,Viewing vulnerability information in the web console,,,modules/viewing-vulnerability-information-in-web-console.adoc,FALSE
Troubleshoot,,,,,,,FALSE
,Generate a diagnostic bundle with system health data,,,,,modules/generate-a-diagnostic-bundle-with-system-health-data.adoc,TRUE
,,Generating a diagnostic bundle,,,,support/generating-diagnostic-bundle.adoc,FALSE
,,,Diagnostic bundle overview,,,modules/generate-diagnostic-bundle-overview.adoc,FALSE
,,,Diagnostic bundle data,,,modules/diagnostic-bundle-data.adoc,FALSE
,,,Generating a diagnostic bundle by using the RHACS portal,,,modules/generate-diagnostic-bundle-using-acs-portal.adoc,FALSE
,,,Generating a diagnostic bundle by using the roxctl CLI,,,modules/generate-diagnostic-bundle-using-roxctl-cli.adoc,FALSE
,,,,Generating a diagnostic bundle by using the administrator password,,modules/generate-diagnostic-bundle-roxctl-admin-password.adoc,FALSE
,,,,Generating a diagnostic bundle by using an API token,,modules/generate-diagnostic-bundle-roxctl-api-token.adoc,FALSE
,Access support resources,,,,,modules/access-support-resources.adoc,TRUE
,,Getting support for Red Hat Advanced Cluster Security for Kubernetes,,,,support/getting-support.adoc,FALSE
,,,About the Red Hat Knowledgebase,,,modules/support-knowledgebase-about.adoc,FALSE
,,,Searching the Red Hat Knowledgebase,,,modules/support-knowledgebase-search.adoc,FALSE
,,,Submitting a support case,,,modules/support-submitting-a-case.adoc,FALSE
,Troubleshoot Collector,,,,,modules/troubleshoot-collector.adoc,TRUE
,,Retrieving and analyzing the Collector logs and pod status,,,,troubleshooting/retrieving-and-analyzing-the-collector-logs-and-pod-status.adoc,FALSE
,,,Retrieving the Collector logs,,,modules/retrieving-the-collector-logs.adoc,FALSE
,,,,Retrieving the logs with the oc or kubectl command,,modules/retrieving-the-logs-with-the-oc-or-kubectl-command.adoc,FALSE
,,,,Retrieving logs from a RHACS diagnostic bundle,,modules/retrieving-logs-from-a-rhacs-diagnostic-bundle.adoc,FALSE
,,,Analyzing the Collector pod status,,,modules/analyzing-the-collector-pod-status.adoc,FALSE
,,Commonly occurring error conditions,,,,troubleshooting/commonly-occurring-error-conditions.adoc,FALSE
,,,Collector startup diagnostics,,,modules/collector-startup-diagnostics-overview.adoc,FALSE
,,,Unable to connect to the Sensor,,,modules/unable-to-connect-to-the-sensor.adoc,FALSE
,,,Failing to load the eBPF probe,,,modules/failing-to-load-the-ebpf-probe.adoc,FALSE
Reference,,,,,,,FALSE
,roxctl CLI reference,,,,,modules/roxctl-cli-reference.adoc,TRUE
,,Installing the roxctl CLI,,,,cli/installing-the-roxctl-cli.adoc,FALSE
,,,Installing the roxctl CLI by downloading the binary,,,modules/install-roxctl-cli-binary.adoc,FALSE
,,,,Installing the roxctl CLI on Linux,,modules/install-roxctl-cli-linux.adoc,FALSE
,,,,Installing the roxctl CLI on macOS,,modules/install-roxctl-cli-macos.adoc,FALSE
,,,,Installing the roxctl CLI on Windows,,modules/install-roxctl-cli-windows.adoc,FALSE
,,,Running the roxctl CLI from a container,,,modules/run-roxctl-from-container.adoc,FALSE
,,Using the roxctl CLI,,,,cli/using-the-roxctl-cli.adoc,FALSE
,,,Prerequisites,,,modules/setting-up-environment-variables.adoc,FALSE
,,,Getting authentication information,,,modules/getting-authentication-information.adoc,FALSE
,,,Authenticating by using the roxctl CLI,,,modules/authenticating-by-using-the-roxctl-cli.adoc,FALSE
,,,,Creating an API token,,modules/create-api-token.adoc,FALSE
,,,,Exporting and saving the API token,,modules/cli-authentication.adoc,FALSE
,,,,Using an authentication provider to authenticate with roxctl ,,modules/using-an-authentication-provider-to-authenticate-with-roxctl.adoc,FALSE
,,,Configuring and using the roxctl CLI in RHACS Cloud Service,,,modules/configuring-and-using-the-roxctl-cli-in-rhacs-cloud-service.adoc,FALSE
,,Managing secured clusters,,,,cli/managing-secured-clusters.adoc,FALSE
,,,Prerequisites,,,modules/setting-up-environment-variables.adoc,FALSE
,,,Generating Sensor deployment files,,,modules/generating-sensor-deployment-files.adoc,FALSE
,,,,Generating Sensor files for Kubernetes systems,,modules/generating-sensor-k8s.adoc,FALSE
,,,,Generating Sensor files for OpenShift Container Platform systems,,modules/generating-sensor-openshift.adoc,FALSE
,,,Installing Sensor by using the sensor.sh script,,,modules/installing-sensor-by-using-the-generate-yaml-files.adoc,FALSE
,,,Downloading Sensor bundles for existing clusters,,,modules/downloading-sensor-bundle-for-existing-clusters.adoc,FALSE
,,,Deleting cluster integration,,,modules/deleting-cluster-integration.adoc,FALSE
,,Checking policy compliance,,,,cli/checking-policy-compliance.adoc,FALSE
,,,Prerequisites,,,modules/setting-up-environment-variables.adoc,FALSE
,,,Configuring output format,,,modules/configuring-output-format.adoc,FALSE
,,,,Output format options,,modules/configuring-output-format-options.adoc,FALSE
,,,Checking deployment YAML files,,,modules/checking-deployment-yaml-files.adoc,FALSE
,,,Checking images ,,,modules/checking-images.adoc,FALSE
,,,Checking image scan results,,,modules/checking-image-scan-results.adoc,FALSE
,,Debugging issues,,,,cli/debugging-issues.adoc,FALSE
,,,Prerequisites,,,modules/setting-up-environment-variables.adoc,FALSE
,,,Viewing the logs,,,modules/viewing-the-logs.adoc,FALSE
,,,Viewing the current log level,,,modules/viewing-current-log-level.adoc,FALSE
,,,Changing the log level,,,modules/changing-the-log-level.adoc,FALSE
,,,Retrieving debugging information,,,modules/retrieving-debugging-information.adoc,FALSE
,,Image scanning by using the roxctl CLI,,,,cli/image-scanning-by-using-the-roxctl-cli.adoc,FALSE
,,,Remote cluster image scanning,,,modules/scanning-images-remote-cluster.adoc,FALSE
,,,,Scanning images by using a remote cluster,,modules/scanning-images-remote-cluster-procedure.adoc,FALSE
,,,Options,,,modules/roxctl-image-scan-command-options.adoc,FALSE
,Automate workflows by using the RHACS API,,,,,modules/automate-workflows-by-using-the-rhacs-api.adoc,TRUE
,"Look up policy categories, criteria, and default policies",,,,,modules/look-up-policy-categories-criteria-and-default-policies.adoc,TRUE
,,Security policy reference,,,,operating/manage_security_policies/security-policy-reference.adoc,FALSE
,,,Policy categories,,,modules/con-policy-categories.adoc,FALSE
,,,Policy criteria,,,modules/policy-criteria.adoc,FALSE
,,,,Image criteria,,modules/reference-image-criteria.adoc[,FALSE
,,,,Workload configuration criteria,,modules/workload-config-criteria.adoc,FALSE
,,,,Workload activity criteria,,modules/reference-workload-activity-criteria.adoc,FALSE
,,,,Audit log: Kubernetes resource operations,,modules/kube-resource-operations.adoc,FALSE
,,,,Node activity criteria,,modules/node-activity-criteria.adoc,FALSE
,,,Default security policies,,,modules/default-security-policies-about.adoc,FALSE
,,,,Critical severity security policies,,modules/critical-sev-security-policies.adoc,FALSE
,,,,High severity security policies,,modules/high-sev-security-policies.adoc,FALSE
,,,,Medium severity security policies,,modules/medium-sev-security-policies.adoc,FALSE
,,,,Low severity security policies,,modules/low-sev-security-policies.adoc,FALSE

