job_name,job_statement,parent_job,job_coverage,module_file,source_assembly,module_status,module_note,job_notes
Tune Node Performance with Tuning Profiles > Apply Node Tuning Operator Profiles,Tune Node Performance with Tuning Profiles > Apply Node Tuning Operator Profiles,Tune Node Performance with Tuning Profiles,full,modules/node-tuning-operator.adoc,scalability_and_performance/using-node-tuning-operator.adoc,full,"ifeval context dispatch: source assembly context 'node-tuning-operator' matches one of the module's ==  branches (cluster-capabilities, node-tuning-operator, operator-reference); the job map must render this module under that context",orphan: parent job is owned by the Optimize category (maps/ocp/optimize_coverage_map.csv); create the job map but wire it into nothing here.
Tune Node Performance with Tuning Profiles > Apply Node Tuning Operator Profiles,Tune Node Performance with Tuning Profiles > Apply Node Tuning Operator Profiles,Tune Node Performance with Tuning Profiles,full,modules/accessing-an-example-cluster-node-tuning-operator-specification.adoc,scalability_and_performance/using-node-tuning-operator.adoc,full,,orphan: parent job is owned by the Optimize category (maps/ocp/optimize_coverage_map.csv); create the job map but wire it into nothing here.
Tune Node Performance with Tuning Profiles > Apply Node Tuning Operator Profiles,Tune Node Performance with Tuning Profiles > Apply Node Tuning Operator Profiles,Tune Node Performance with Tuning Profiles,full,modules/cluster-node-tuning-operator-default-profiles-set.adoc,scalability_and_performance/using-node-tuning-operator.adoc,full,,orphan: parent job is owned by the Optimize category (maps/ocp/optimize_coverage_map.csv); create the job map but wire it into nothing here.
Tune Node Performance with Tuning Profiles > Apply Node Tuning Operator Profiles,Tune Node Performance with Tuning Profiles > Apply Node Tuning Operator Profiles,Tune Node Performance with Tuning Profiles,full,modules/cluster-node-tuning-operator-verify-profiles.adoc,scalability_and_performance/using-node-tuning-operator.adoc,full,,orphan: parent job is owned by the Optimize category (maps/ocp/optimize_coverage_map.csv); create the job map but wire it into nothing here.
Tune Node Performance with Tuning Profiles > Apply Node Tuning Operator Profiles,Tune Node Performance with Tuning Profiles > Apply Node Tuning Operator Profiles,Tune Node Performance with Tuning Profiles,full,modules/custom-tuning-specification.adoc,scalability_and_performance/using-node-tuning-operator.adoc,full,,orphan: parent job is owned by the Optimize category (maps/ocp/optimize_coverage_map.csv); create the job map but wire it into nothing here.
Tune Node Performance with Tuning Profiles > Apply Node Tuning Operator Profiles,Tune Node Performance with Tuning Profiles > Apply Node Tuning Operator Profiles,Tune Node Performance with Tuning Profiles,full,modules/custom-tuning-example.adoc,scalability_and_performance/using-node-tuning-operator.adoc,full,,orphan: parent job is owned by the Optimize category (maps/ocp/optimize_coverage_map.csv); create the job map but wire it into nothing here.
Tune Node Performance with Tuning Profiles > Apply Node Tuning Operator Profiles,Tune Node Performance with Tuning Profiles > Apply Node Tuning Operator Profiles,Tune Node Performance with Tuning Profiles,full,modules/defer-applicaton-tuning-example.adoc,scalability_and_performance/using-node-tuning-operator.adoc,full,,orphan: parent job is owned by the Optimize category (maps/ocp/optimize_coverage_map.csv); create the job map but wire it into nothing here.
Tune Node Performance with Tuning Profiles > Apply Node Tuning Operator Profiles,Tune Node Performance with Tuning Profiles > Apply Node Tuning Operator Profiles,Tune Node Performance with Tuning Profiles,full,modules/defer-application-tuning-proc.adoc,scalability_and_performance/using-node-tuning-operator.adoc,full,,orphan: parent job is owned by the Optimize category (maps/ocp/optimize_coverage_map.csv); create the job map but wire it into nothing here.
Tune Node Performance with Tuning Profiles > Apply Node Tuning Operator Profiles,Tune Node Performance with Tuning Profiles > Apply Node Tuning Operator Profiles,Tune Node Performance with Tuning Profiles,full,modules/node-tuning-operator-supported-tuned-daemon-plug-ins.adoc,scalability_and_performance/using-node-tuning-operator.adoc,full,,orphan: parent job is owned by the Optimize category (maps/ocp/optimize_coverage_map.csv); create the job map but wire it into nothing here.
Tune Node Performance with Tuning Profiles > Apply Node Tuning Operator Profiles,Tune Node Performance with Tuning Profiles > Apply Node Tuning Operator Profiles,Tune Node Performance with Tuning Profiles,full,modules/node-tuning-hosted-cluster.adoc,scalability_and_performance/using-node-tuning-operator.adoc,full,,orphan: parent job is owned by the Optimize category (maps/ocp/optimize_coverage_map.csv); create the job map but wire it into nothing here.
Tune Node Performance with Tuning Profiles > Apply Node Tuning Operator Profiles,Tune Node Performance with Tuning Profiles > Apply Node Tuning Operator Profiles,Tune Node Performance with Tuning Profiles,full,modules/advanced-node-tuning-hosted-cluster.adoc,scalability_and_performance/using-node-tuning-operator.adoc,full,,orphan: parent job is owned by the Optimize category (maps/ocp/optimize_coverage_map.csv); create the job map but wire it into nothing here.
Tune Node Performance with Tuning Profiles > Apply Node Tuning Operator Profiles,Tune Node Performance with Tuning Profiles > Apply Node Tuning Operator Profiles,Tune Node Performance with Tuning Profiles,full,modules/post-install-using-node-tuning-operator.adoc,post_installation_configuration/node-tasks.adoc,partial,day-2 pointer only,orphan: parent job is owned by the Optimize category (maps/ocp/optimize_coverage_map.csv); create the job map but wire it into nothing here.
Tune Node Performance with Tuning Profiles > Reference Performance Profile Templates,Tune Node Performance with Tuning Profiles > Reference Performance Profile Templates,Tune Node Performance with Tuning Profiles,full,modules/cnf-telco-ran-reference-design-performance-profile-template.adoc,scalability_and_performance/cnf-tuning-low-latency-nodes-with-perf-profile.adoc,full,,orphan: parent job is owned by the Optimize category (maps/ocp/optimize_coverage_map.csv); create the job map but wire it into nothing here.
Tune Node Performance with Tuning Profiles > Reference Performance Profile Templates,Tune Node Performance with Tuning Profiles > Reference Performance Profile Templates,Tune Node Performance with Tuning Profiles,full,modules/cnf-telco-core-reference-design-performance-profile-template.adoc,scalability_and_performance/cnf-tuning-low-latency-nodes-with-perf-profile.adoc,full,,orphan: parent job is owned by the Optimize category (maps/ocp/optimize_coverage_map.csv); create the job map but wire it into nothing here.
Tune Node Performance with Tuning Profiles > Reference Performance Profile Templates,Tune Node Performance with Tuning Profiles > Reference Performance Profile Templates,Tune Node Performance with Tuning Profiles,full,modules/installation-openstack-ovs-dpdk-performance-profile.adoc,scalability_and_performance/cnf-tuning-low-latency-nodes-with-perf-profile.adoc,full,,orphan: parent job is owned by the Optimize category (maps/ocp/optimize_coverage_map.csv); create the job map but wire it into nothing here.
Configure CPU Isolation for Latency-Sensitive Workloads > Enable CPU Manager and Topology Manager,Configure CPU Isolation for Latency-Sensitive Workloads > Enable CPU Manager and Topology Manager,Configure CPU Isolation for Latency-Sensitive Workloads,full,modules/setting-up-cpu-manager.adoc,scalability_and_performance/using-cpu-manager.adoc,full,,orphan: parent job is owned by the Optimize category (maps/ocp/optimize_coverage_map.csv); create the job map but wire it into nothing here.
Configure CPU Isolation for Latency-Sensitive Workloads > Enable CPU Manager and Topology Manager,Configure CPU Isolation for Latency-Sensitive Workloads > Enable CPU Manager and Topology Manager,Configure CPU Isolation for Latency-Sensitive Workloads,full,modules/topology-manager-policies.adoc,scalability_and_performance/using-cpu-manager.adoc,full,,orphan: parent job is owned by the Optimize category (maps/ocp/optimize_coverage_map.csv); create the job map but wire it into nothing here.
Configure CPU Isolation for Latency-Sensitive Workloads > Enable CPU Manager and Topology Manager,Configure CPU Isolation for Latency-Sensitive Workloads > Enable CPU Manager and Topology Manager,Configure CPU Isolation for Latency-Sensitive Workloads,full,modules/setting-up-topology-manager.adoc,scalability_and_performance/using-cpu-manager.adoc,full,,orphan: parent job is owned by the Optimize category (maps/ocp/optimize_coverage_map.csv); create the job map but wire it into nothing here.
Configure CPU Isolation for Latency-Sensitive Workloads > Enable CPU Manager and Topology Manager,Configure CPU Isolation for Latency-Sensitive Workloads > Enable CPU Manager and Topology Manager,Configure CPU Isolation for Latency-Sensitive Workloads,full,modules/pod-interactions-with-topology-manager.adoc,scalability_and_performance/using-cpu-manager.adoc,full,,orphan: parent job is owned by the Optimize category (maps/ocp/optimize_coverage_map.csv); create the job map but wire it into nothing here.
Configure CPU Isolation for Latency-Sensitive Workloads > Enable CPU Manager and Topology Manager,Configure CPU Isolation for Latency-Sensitive Workloads > Enable CPU Manager and Topology Manager,Configure CPU Isolation for Latency-Sensitive Workloads,full,modules/post-install-topology-manager.adoc,post_installation_configuration/node-tasks.adoc,partial,day-2 pointer only,orphan: parent job is owned by the Optimize category (maps/ocp/optimize_coverage_map.csv); create the job map but wire it into nothing here.
Schedule NUMA-Aware Workloads > Install and Configure NUMA Resources Operator,Schedule NUMA-Aware Workloads > Install and Configure NUMA Resources Operator,Schedule NUMA-Aware Workloads,full,modules/cnf-installing-numa-resources-operator-cli.adoc,scalability_and_performance/cnf-numa-aware-scheduling.adoc,full,,orphan: parent job is owned by the Optimize category (maps/ocp/optimize_coverage_map.csv); create the job map but wire it into nothing here.
Schedule NUMA-Aware Workloads > Install and Configure NUMA Resources Operator,Schedule NUMA-Aware Workloads > Install and Configure NUMA Resources Operator,Schedule NUMA-Aware Workloads,full,modules/cnf-installing-numa-resources-operator-console.adoc,scalability_and_performance/cnf-numa-aware-scheduling.adoc,full,,orphan: parent job is owned by the Optimize category (maps/ocp/optimize_coverage_map.csv); create the job map but wire it into nothing here.
Schedule NUMA-Aware Workloads > Install and Configure NUMA Resources Operator,Schedule NUMA-Aware Workloads > Install and Configure NUMA Resources Operator,Schedule NUMA-Aware Workloads,full,modules/cnf-creating-nrop-cr.adoc,scalability_and_performance/cnf-numa-aware-scheduling.adoc,full,,orphan: parent job is owned by the Optimize category (maps/ocp/optimize_coverage_map.csv); create the job map but wire it into nothing here.
Schedule NUMA-Aware Workloads > Install and Configure NUMA Resources Operator,Schedule NUMA-Aware Workloads > Install and Configure NUMA Resources Operator,Schedule NUMA-Aware Workloads,full,modules/cnf-creating-nrop-cr-hosted-control-plane.adoc,scalability_and_performance/cnf-numa-aware-scheduling.adoc,full,,orphan: parent job is owned by the Optimize category (maps/ocp/optimize_coverage_map.csv); create the job map but wire it into nothing here.
Schedule NUMA-Aware Workloads > Install and Configure NUMA Resources Operator,Schedule NUMA-Aware Workloads > Install and Configure NUMA Resources Operator,Schedule NUMA-Aware Workloads,full,modules/cnf-configuring-node-groups-for-the-numaresourcesoperator.adoc,scalability_and_performance/cnf-numa-aware-scheduling.adoc,full,,orphan: parent job is owned by the Optimize category (maps/ocp/optimize_coverage_map.csv); create the job map but wire it into nothing here.
Schedule NUMA-Aware Workloads > Install and Configure NUMA Resources Operator,Schedule NUMA-Aware Workloads > Install and Configure NUMA Resources Operator,Schedule NUMA-Aware Workloads,full,modules/cnf-configuring-kubelet-nro.adoc,scalability_and_performance/cnf-numa-aware-scheduling.adoc,full,,orphan: parent job is owned by the Optimize category (maps/ocp/optimize_coverage_map.csv); create the job map but wire it into nothing here.
Schedule NUMA-Aware Workloads > Install and Configure NUMA Resources Operator,Schedule NUMA-Aware Workloads > Install and Configure NUMA Resources Operator,Schedule NUMA-Aware Workloads,full,modules/cnf-configuring-single-numa-policy.adoc,scalability_and_performance/cnf-numa-aware-scheduling.adoc,full,,orphan: parent job is owned by the Optimize category (maps/ocp/optimize_coverage_map.csv); create the job map but wire it into nothing here.
Schedule NUMA-Aware Workloads > Install and Configure NUMA Resources Operator,Schedule NUMA-Aware Workloads > Install and Configure NUMA Resources Operator,Schedule NUMA-Aware Workloads,full,modules/cnf-deploying-the-numa-aware-scheduler.adoc,scalability_and_performance/cnf-numa-aware-scheduling.adoc,full,,orphan: parent job is owned by the Optimize category (maps/ocp/optimize_coverage_map.csv); create the job map but wire it into nothing here.
Schedule NUMA-Aware Workloads > Install and Configure NUMA Resources Operator,Schedule NUMA-Aware Workloads > Install and Configure NUMA Resources Operator,Schedule NUMA-Aware Workloads,full,modules/cnf-configuring-nrop-on-schedlable-control-planes.adoc,scalability_and_performance/cnf-numa-aware-scheduling.adoc,full,,orphan: parent job is owned by the Optimize category (maps/ocp/optimize_coverage_map.csv); create the job map but wire it into nothing here.
Configure Huge Pages > Understand Huge Pages Fundamentals,Configure Huge Pages > Understand Huge Pages Fundamentals,Configure Huge Pages,full,modules/what-huge-pages-do.adoc,scalability_and_performance/what-huge-pages-do-and-how-they-are-consumed-by-apps.adoc,full,"ifeval context dispatch: source assembly context 'huge-pages' matches one of the module's ==  branches (huge-pages, virt-using-huge-pages-with-vms); the job map must render this module under that context",orphan: parent job is owned by the Optimize category (maps/ocp/optimize_coverage_map.csv); create the job map but wire it into nothing here.
Configure Huge Pages > Understand Huge Pages Fundamentals,Configure Huge Pages > Understand Huge Pages Fundamentals,Configure Huge Pages,full,modules/how-huge-pages-are-consumed-by-apps.adoc,scalability_and_performance/what-huge-pages-do-and-how-they-are-consumed-by-apps.adoc,full,,orphan: parent job is owned by the Optimize category (maps/ocp/optimize_coverage_map.csv); create the job map but wire it into nothing here.
Configure Huge Pages > Understand Huge Pages Fundamentals,Configure Huge Pages > Understand Huge Pages Fundamentals,Configure Huge Pages,full,modules/consuming-huge-pages-resource-using-the-downward-api.adoc,scalability_and_performance/what-huge-pages-do-and-how-they-are-consumed-by-apps.adoc,full,,orphan: parent job is owned by the Optimize category (maps/ocp/optimize_coverage_map.csv); create the job map but wire it into nothing here.
Configure Huge Pages > Allocate Huge Pages of Specific Sizes,Configure Huge Pages > Allocate Huge Pages of Specific Sizes,Configure Huge Pages,full,modules/configuring-huge-pages.adoc,scalability_and_performance/what-huge-pages-do-and-how-they-are-consumed-by-apps.adoc,full,,orphan: parent job is owned by the Optimize category (maps/ocp/optimize_coverage_map.csv); create the job map but wire it into nothing here.
Configure Huge Pages > Allocate Huge Pages of Specific Sizes,Configure Huge Pages > Allocate Huge Pages of Specific Sizes,Configure Huge Pages,full,modules/disabling-transparent-huge-pages.adoc,scalability_and_performance/what-huge-pages-do-and-how-they-are-consumed-by-apps.adoc,full,,orphan: parent job is owned by the Optimize category (maps/ocp/optimize_coverage_map.csv); create the job map but wire it into nothing here.
Configure Huge Pages > Allocate Huge Pages of Specific Sizes,Configure Huge Pages > Allocate Huge Pages of Specific Sizes,Configure Huge Pages,full,modules/cnf-configuring-huge-pages.adoc,scalability_and_performance/cnf-tuning-low-latency-nodes-with-perf-profile.adoc,full,,orphan: parent job is owned by the Optimize category (maps/ocp/optimize_coverage_map.csv); create the job map but wire it into nothing here.
Configure Huge Pages > Allocate Huge Pages of Specific Sizes,Configure Huge Pages > Allocate Huge Pages of Specific Sizes,Configure Huge Pages,full,modules/cnf-allocating-multiple-huge-page-sizes.adoc,scalability_and_performance/cnf-tuning-low-latency-nodes-with-perf-profile.adoc,full,,orphan: parent job is owned by the Optimize category (maps/ocp/optimize_coverage_map.csv); create the job map but wire it into nothing here.
Apply Low-Latency Tuning and Workload Partitioning > Configure Low-Latency Tuning,Apply Low-Latency Tuning and Workload Partitioning > Configure Low-Latency Tuning,Apply Low-Latency Tuning and Workload Partitioning,full,modules/cnf-understanding-low-latency.adoc,scalability_and_performance/cnf-understanding-low-latency.adoc,full,,orphan: parent job is owned by the Optimize category (maps/ocp/optimize_coverage_map.csv); create the job map but wire it into nothing here.
Apply Low-Latency Tuning and Workload Partitioning > Configure Low-Latency Tuning,Apply Low-Latency Tuning and Workload Partitioning > Configure Low-Latency Tuning,Apply Low-Latency Tuning and Workload Partitioning,full,modules/cnf-about-hyperthreading-for-low-latency-and-real-time-applications.adoc,scalability_and_performance/cnf-understanding-low-latency.adoc,full,,orphan: parent job is owned by the Optimize category (maps/ocp/optimize_coverage_map.csv); create the job map but wire it into nothing here.
Apply Low-Latency Tuning and Workload Partitioning > Configure Low-Latency Tuning,Apply Low-Latency Tuning and Workload Partitioning > Configure Low-Latency Tuning,Apply Low-Latency Tuning and Workload Partitioning,full,modules/cnf-create-performance-profiles.adoc,scalability_and_performance/cnf-tuning-low-latency-nodes-with-perf-profile.adoc,full,,orphan: parent job is owned by the Optimize category (maps/ocp/optimize_coverage_map.csv); create the job map but wire it into nothing here.
Apply Low-Latency Tuning and Workload Partitioning > Configure Low-Latency Tuning,Apply Low-Latency Tuning and Workload Partitioning > Configure Low-Latency Tuning,Apply Low-Latency Tuning and Workload Partitioning,full,modules/cnf-about-the-profile-creator-tool.adoc,scalability_and_performance/cnf-tuning-low-latency-nodes-with-perf-profile.adoc,full,,orphan: parent job is owned by the Optimize category (maps/ocp/optimize_coverage_map.csv); create the job map but wire it into nothing here.
Apply Low-Latency Tuning and Workload Partitioning > Configure Low-Latency Tuning,Apply Low-Latency Tuning and Workload Partitioning > Configure Low-Latency Tuning,Apply Low-Latency Tuning and Workload Partitioning,full,modules/cnf-creating-mcp-for-ppc.adoc,scalability_and_performance/cnf-tuning-low-latency-nodes-with-perf-profile.adoc,full,,orphan: parent job is owned by the Optimize category (maps/ocp/optimize_coverage_map.csv); create the job map but wire it into nothing here.
Apply Low-Latency Tuning and Workload Partitioning > Configure Low-Latency Tuning,Apply Low-Latency Tuning and Workload Partitioning > Configure Low-Latency Tuning,Apply Low-Latency Tuning and Workload Partitioning,full,modules/cnf-running-the-performance-creator-profile.adoc,scalability_and_performance/cnf-tuning-low-latency-nodes-with-perf-profile.adoc,full,,orphan: parent job is owned by the Optimize category (maps/ocp/optimize_coverage_map.csv); create the job map but wire it into nothing here.
Apply Low-Latency Tuning and Workload Partitioning > Configure Low-Latency Tuning,Apply Low-Latency Tuning and Workload Partitioning > Configure Low-Latency Tuning,Apply Low-Latency Tuning and Workload Partitioning,full,modules/cnf-running-the-performance-creator-profile-offline.adoc,scalability_and_performance/cnf-tuning-low-latency-nodes-with-perf-profile.adoc,full,,orphan: parent job is owned by the Optimize category (maps/ocp/optimize_coverage_map.csv); create the job map but wire it into nothing here.
Apply Low-Latency Tuning and Workload Partitioning > Configure Low-Latency Tuning,Apply Low-Latency Tuning and Workload Partitioning > Configure Low-Latency Tuning,Apply Low-Latency Tuning and Workload Partitioning,full,modules/cnf-performance-profile-creator-arguments.adoc,scalability_and_performance/cnf-tuning-low-latency-nodes-with-perf-profile.adoc,full,,orphan: parent job is owned by the Optimize category (maps/ocp/optimize_coverage_map.csv); create the job map but wire it into nothing here.
Apply Low-Latency Tuning and Workload Partitioning > Configure Low-Latency Tuning,Apply Low-Latency Tuning and Workload Partitioning > Configure Low-Latency Tuning,Apply Low-Latency Tuning and Workload Partitioning,full,modules/cnf-configuring-workload-hints.adoc,scalability_and_performance/cnf-tuning-low-latency-nodes-with-perf-profile.adoc,full,,orphan: parent job is owned by the Optimize category (maps/ocp/optimize_coverage_map.csv); create the job map but wire it into nothing here.
Apply Low-Latency Tuning and Workload Partitioning > Configure Low-Latency Tuning,Apply Low-Latency Tuning and Workload Partitioning > Configure Low-Latency Tuning,Apply Low-Latency Tuning and Workload Partitioning,full,modules/cnf-configuring-power-saving-for-nodes.adoc,scalability_and_performance/cnf-tuning-low-latency-nodes-with-perf-profile.adoc,full,,orphan: parent job is owned by the Optimize category (maps/ocp/optimize_coverage_map.csv); create the job map but wire it into nothing here.
Apply Low-Latency Tuning and Workload Partitioning > Configure Low-Latency Tuning,Apply Low-Latency Tuning and Workload Partitioning > Configure Low-Latency Tuning,Apply Low-Latency Tuning and Workload Partitioning,full,modules/cnf-protecting-low-latency-workloads.adoc,scalability_and_performance/cnf-tuning-low-latency-nodes-with-perf-profile.adoc,full,,orphan: parent job is owned by the Optimize category (maps/ocp/optimize_coverage_map.csv); create the job map but wire it into nothing here.
Apply Low-Latency Tuning and Workload Partitioning > Configure Low-Latency Tuning,Apply Low-Latency Tuning and Workload Partitioning > Configure Low-Latency Tuning,Apply Low-Latency Tuning and Workload Partitioning,full,modules/cnf-about-irq-affinity-setting.adoc,scalability_and_performance/cnf-tuning-low-latency-nodes-with-perf-profile.adoc,full,,orphan: parent job is owned by the Optimize category (maps/ocp/optimize_coverage_map.csv); create the job map but wire it into nothing here.
Apply Low-Latency Tuning and Workload Partitioning > Configure Low-Latency Tuning,Apply Low-Latency Tuning and Workload Partitioning > Configure Low-Latency Tuning,Apply Low-Latency Tuning and Workload Partitioning,full,modules/cnf-configure_for_irq_dynamic_load_balancing.adoc,scalability_and_performance/cnf-tuning-low-latency-nodes-with-perf-profile.adoc,full,,orphan: parent job is owned by the Optimize category (maps/ocp/optimize_coverage_map.csv); create the job map but wire it into nothing here.
Apply Low-Latency Tuning and Workload Partitioning > Configure Low-Latency Tuning,Apply Low-Latency Tuning and Workload Partitioning > Configure Low-Latency Tuning,Apply Low-Latency Tuning and Workload Partitioning,full,modules/cnf-memory-optimization.adoc,scalability_and_performance/cnf-tuning-low-latency-nodes-with-perf-profile.adoc,full,,orphan: parent job is owned by the Optimize category (maps/ocp/optimize_coverage_map.csv); create the job map but wire it into nothing here.
Apply Low-Latency Tuning and Workload Partitioning > Configure Low-Latency Tuning,Apply Low-Latency Tuning and Workload Partitioning > Configure Low-Latency Tuning,Apply Low-Latency Tuning and Workload Partitioning,full,modules/cnf-create-performance-profiles-hosted-cp.adoc,scalability_and_performance/cnf-tuning-low-latency-hosted-cp-nodes-with-perf-profile.adoc,full,,orphan: parent job is owned by the Optimize category (maps/ocp/optimize_coverage_map.csv); create the job map but wire it into nothing here.
Apply Low-Latency Tuning and Workload Partitioning > Configure Low-Latency Tuning,Apply Low-Latency Tuning and Workload Partitioning > Configure Low-Latency Tuning,Apply Low-Latency Tuning and Workload Partitioning,full,modules/apply-performance-profile-hosted-cluster.adoc,scalability_and_performance/cnf-tuning-low-latency-hosted-cp-nodes-with-perf-profile.adoc,full,,orphan: parent job is owned by the Optimize category (maps/ocp/optimize_coverage_map.csv); create the job map but wire it into nothing here.
Apply Low-Latency Tuning and Workload Partitioning > Configure Low-Latency Tuning,Apply Low-Latency Tuning and Workload Partitioning > Configure Low-Latency Tuning,Apply Low-Latency Tuning and Workload Partitioning,full,modules/cnf-debugging-low-latency-cnf-tuning-status.adoc,scalability_and_performance/cnf-debugging-low-latency-tuning-status.adoc,full,,orphan: parent job is owned by the Optimize category (maps/ocp/optimize_coverage_map.csv); create the job map but wire it into nothing here.
Apply Low-Latency Tuning and Workload Partitioning > Configure Low-Latency Tuning,Apply Low-Latency Tuning and Workload Partitioning > Configure Low-Latency Tuning,Apply Low-Latency Tuning and Workload Partitioning,full,modules/cnf-debugging-low-latency-cnf-tuning-status-machineconfigpools.adoc,scalability_and_performance/cnf-debugging-low-latency-tuning-status.adoc,full,,orphan: parent job is owned by the Optimize category (maps/ocp/optimize_coverage_map.csv); create the job map but wire it into nothing here.
Apply Low-Latency Tuning and Workload Partitioning > Enable Workload Partitioning,Apply Low-Latency Tuning and Workload Partitioning > Enable Workload Partitioning,Apply Low-Latency Tuning and Workload Partitioning,full,modules/enabling-workload-partitioning.adoc,scalability_and_performance/enabling-workload-partitioning.adoc,full,,orphan: parent job is owned by the Optimize category (maps/ocp/optimize_coverage_map.csv); create the job map but wire it into nothing here.
Apply Low-Latency Tuning and Workload Partitioning > Enable Workload Partitioning,Apply Low-Latency Tuning and Workload Partitioning > Enable Workload Partitioning,Apply Low-Latency Tuning and Workload Partitioning,full,modules/create-perf-profile-workload-partitioning.adoc,scalability_and_performance/enabling-workload-partitioning.adoc,full,,orphan: parent job is owned by the Optimize category (maps/ocp/optimize_coverage_map.csv); create the job map but wire it into nothing here.
Apply Low-Latency Tuning and Workload Partitioning > Enable Workload Partitioning,Apply Low-Latency Tuning and Workload Partitioning > Enable Workload Partitioning,Apply Low-Latency Tuning and Workload Partitioning,full,modules/ztp-enabling-workload-partitioning-sno.adoc,edge_computing/ztp-reference-cluster-configuration-for-vdu.adoc,full,workload partitioning on single-node OpenShift,orphan: parent job is owned by the Optimize category (maps/ocp/optimize_coverage_map.csv); create the job map but wire it into nothing here.
Configure Worker Latency Profiles for High-Latency Networks > Apply Worker Latency Profiles,Configure Worker Latency Profiles for High-Latency Networks > Apply Worker Latency Profiles,Configure Worker Latency Profiles for High-Latency Networks,full,modules/nodes-cluster-worker-latency-profiles-about.adoc,scalability_and_performance/scaling-worker-latency-profiles.adoc,full,,orphan: parent job is owned by the Optimize category (maps/ocp/optimize_coverage_map.csv); create the job map but wire it into nothing here.
Configure Worker Latency Profiles for High-Latency Networks > Apply Worker Latency Profiles,Configure Worker Latency Profiles for High-Latency Networks > Apply Worker Latency Profiles,Configure Worker Latency Profiles for High-Latency Networks,full,modules/nodes-cluster-worker-latency-profiles-using-at-creation.adoc,scalability_and_performance/scaling-worker-latency-profiles.adoc,full,,orphan: parent job is owned by the Optimize category (maps/ocp/optimize_coverage_map.csv); create the job map but wire it into nothing here.
Configure Worker Latency Profiles for High-Latency Networks > Apply Worker Latency Profiles,Configure Worker Latency Profiles for High-Latency Networks > Apply Worker Latency Profiles,Configure Worker Latency Profiles for High-Latency Networks,full,modules/nodes-cluster-worker-latency-profiles-using.adoc,scalability_and_performance/scaling-worker-latency-profiles.adoc,full,,orphan: parent job is owned by the Optimize category (maps/ocp/optimize_coverage_map.csv); create the job map but wire it into nothing here.
Configure Worker Latency Profiles for High-Latency Networks > Apply Worker Latency Profiles,Configure Worker Latency Profiles for High-Latency Networks > Apply Worker Latency Profiles,Configure Worker Latency Profiles for High-Latency Networks,full,modules/nodes-cluster-worker-latency-profiles-examining.adoc,scalability_and_performance/scaling-worker-latency-profiles.adoc,full,,orphan: parent job is owned by the Optimize category (maps/ocp/optimize_coverage_map.csv); create the job map but wire it into nothing here.
Manage Multiple Telco Clusters with RHACM > Configure RHACM for Telco Deployments,Manage Multiple Telco Clusters with RHACM > Configure RHACM for Telco Deployments,Manage Multiple Telco Clusters with RHACM,full,modules/ztp-telco-ran-software-versions.adoc,edge_computing/ztp-preparing-the-hub-cluster.adoc,full,,orphan: parent job is owned by the Administer category; create the job map but wire it into nothing here.
Manage Multiple Telco Clusters with RHACM > Configure RHACM for Telco Deployments,Manage Multiple Telco Clusters with RHACM > Configure RHACM for Telco Deployments,Manage Multiple Telco Clusters with RHACM,full,modules/ztp-gitops-ztp-max-spoke-clusters.adoc,edge_computing/ztp-preparing-the-hub-cluster.adoc,full,,orphan: parent job is owned by the Administer category; create the job map but wire it into nothing here.
Manage Multiple Telco Clusters with RHACM > Configure RHACM for Telco Deployments,Manage Multiple Telco Clusters with RHACM > Configure RHACM for Telco Deployments,Manage Multiple Telco Clusters with RHACM,full,modules/ztp-acm-installing-disconnected-rhacm.adoc,edge_computing/ztp-preparing-the-hub-cluster.adoc,full,,orphan: parent job is owned by the Administer category; create the job map but wire it into nothing here.
Manage Multiple Telco Clusters with RHACM > Configure RHACM for Telco Deployments,Manage Multiple Telco Clusters with RHACM > Configure RHACM for Telco Deployments,Manage Multiple Telco Clusters with RHACM,full,modules/ztp-acm-adding-images-to-mirror-registry.adoc,edge_computing/ztp-preparing-the-hub-cluster.adoc,full,,orphan: parent job is owned by the Administer category; create the job map but wire it into nothing here.
Manage Multiple Telco Clusters with RHACM > Configure RHACM for Telco Deployments,Manage Multiple Telco Clusters with RHACM > Configure RHACM for Telco Deployments,Manage Multiple Telco Clusters with RHACM,full,modules/ztp-enabling-assisted-installer-service-on-bare-metal.adoc,edge_computing/ztp-preparing-the-hub-cluster.adoc,full,,orphan: parent job is owned by the Administer category; create the job map but wire it into nothing here.
Manage Multiple Telco Clusters with RHACM > Configure RHACM for Telco Deployments,Manage Multiple Telco Clusters with RHACM > Configure RHACM for Telco Deployments,Manage Multiple Telco Clusters with RHACM,full,modules/ztp-configuring-the-cluster-for-a-disconnected-environment.adoc,edge_computing/ztp-preparing-the-hub-cluster.adoc,full,,orphan: parent job is owned by the Administer category; create the job map but wire it into nothing here.
Manage Multiple Telco Clusters with RHACM > Configure RHACM for Telco Deployments,Manage Multiple Telco Clusters with RHACM > Configure RHACM for Telco Deployments,Manage Multiple Telco Clusters with RHACM,full,modules/ztp-configuring-the-hub-cluster-to-use-unauthenticated-registries.adoc,edge_computing/ztp-preparing-the-hub-cluster.adoc,full,,orphan: parent job is owned by the Administer category; create the job map but wire it into nothing here.
Manage Multiple Telco Clusters with RHACM > Configure RHACM for Telco Deployments,Manage Multiple Telco Clusters with RHACM > Configure RHACM for Telco Deployments,Manage Multiple Telco Clusters with RHACM,full,modules/ztp-preparing-the-hub-cluster-for-ztp.adoc,edge_computing/ztp-preparing-the-hub-cluster.adoc,full,,orphan: parent job is owned by the Administer category; create the job map but wire it into nothing here.
Manage Multiple Telco Clusters with RHACM > Configure RHACM for Telco Deployments,Manage Multiple Telco Clusters with RHACM > Configure RHACM for Telco Deployments,Manage Multiple Telco Clusters with RHACM,full,modules/ztp-preparing-the-ztp-git-repository.adoc,edge_computing/ztp-preparing-the-hub-cluster.adoc,full,,orphan: parent job is owned by the Administer category; create the job map but wire it into nothing here.
Manage Multiple Telco Clusters with RHACM > Configure RHACM for Telco Deployments,Manage Multiple Telco Clusters with RHACM > Configure RHACM for Telco Deployments,Manage Multiple Telco Clusters with RHACM,full,modules/ztp-preparing-the-ztp-git-repository-ver-ind.adoc,edge_computing/ztp-preparing-the-hub-cluster.adoc,full,,orphan: parent job is owned by the Administer category; create the job map but wire it into nothing here.
Manage Multiple Telco Clusters with RHACM > Configure RHACM for Telco Deployments,Manage Multiple Telco Clusters with RHACM > Configure RHACM for Telco Deployments,Manage Multiple Telco Clusters with RHACM,full,modules/ztp-configuring-the-hub-cluster-for-backup-and-restore.adoc,edge_computing/ztp-preparing-the-hub-cluster.adoc,full,,orphan: parent job is owned by the Administer category; create the job map but wire it into nothing here.
Orchestrate Cluster Upgrades with TALM > Configure Topology Aware Lifecycle Manager,Orchestrate Cluster Upgrades with TALM > Configure Topology Aware Lifecycle Manager,Orchestrate Cluster Upgrades with TALM,full,modules/cnf-about-topology-aware-lifecycle-manager-config.adoc,edge_computing/cnf-talm-for-cluster-upgrades.adoc,full,,orphan: parent job is owned by the Administer category; create the job map but wire it into nothing here.
Orchestrate Cluster Upgrades with TALM > Configure Topology Aware Lifecycle Manager,Orchestrate Cluster Upgrades with TALM > Configure Topology Aware Lifecycle Manager,Orchestrate Cluster Upgrades with TALM,full,modules/cnf-about-topology-aware-lifecycle-manager-policies.adoc,edge_computing/cnf-talm-for-cluster-upgrades.adoc,full,,orphan: parent job is owned by the Administer category; create the job map but wire it into nothing here.
Orchestrate Cluster Upgrades with TALM > Configure Topology Aware Lifecycle Manager,Orchestrate Cluster Upgrades with TALM > Configure Topology Aware Lifecycle Manager,Orchestrate Cluster Upgrades with TALM,full,modules/cnf-topology-aware-lifecycle-manager-installation-web-console.adoc,edge_computing/cnf-talm-for-cluster-upgrades.adoc,full,,orphan: parent job is owned by the Administer category; create the job map but wire it into nothing here.
Orchestrate Cluster Upgrades with TALM > Configure Topology Aware Lifecycle Manager,Orchestrate Cluster Upgrades with TALM > Configure Topology Aware Lifecycle Manager,Orchestrate Cluster Upgrades with TALM,full,modules/cnf-topology-aware-lifecycle-manager-installation-cli.adoc,edge_computing/cnf-talm-for-cluster-upgrades.adoc,full,,orphan: parent job is owned by the Administer category; create the job map but wire it into nothing here.
Orchestrate Cluster Upgrades with TALM > Configure Topology Aware Lifecycle Manager,Orchestrate Cluster Upgrades with TALM > Configure Topology Aware Lifecycle Manager,Orchestrate Cluster Upgrades with TALM,full,modules/cnf-topology-aware-lifecycle-manager-about-cgu-crs.adoc,edge_computing/cnf-talm-for-cluster-upgrades.adoc,full,,orphan: parent job is owned by the Administer category; create the job map but wire it into nothing here.
Orchestrate Cluster Upgrades with TALM > Configure Topology Aware Lifecycle Manager,Orchestrate Cluster Upgrades with TALM > Configure Topology Aware Lifecycle Manager,Orchestrate Cluster Upgrades with TALM,full,modules/cnf-about-topology-aware-lifecycle-manager-blocking-crs.adoc,edge_computing/cnf-talm-for-cluster-upgrades.adoc,full,,orphan: parent job is owned by the Administer category; create the job map but wire it into nothing here.
Orchestrate Cluster Upgrades with TALM > Configure Topology Aware Lifecycle Manager,Orchestrate Cluster Upgrades with TALM > Configure Topology Aware Lifecycle Manager,Orchestrate Cluster Upgrades with TALM,full,modules/cnf-topology-aware-lifecycle-manager-policies-concept.adoc,edge_computing/cnf-talm-for-cluster-upgrades.adoc,full,,orphan: parent job is owned by the Administer category; create the job map but wire it into nothing here.
Orchestrate Cluster Upgrades with TALM > Configure Topology Aware Lifecycle Manager,Orchestrate Cluster Upgrades with TALM > Configure Topology Aware Lifecycle Manager,Orchestrate Cluster Upgrades with TALM,full,modules/cnf-topology-aware-lifecycle-manager-about-subscription-crs.adoc,edge_computing/cnf-talm-for-cluster-upgrades.adoc,full,,orphan: parent job is owned by the Administer category; create the job map but wire it into nothing here.
Orchestrate Cluster Upgrades with TALM > Configure Topology Aware Lifecycle Manager,Orchestrate Cluster Upgrades with TALM > Configure Topology Aware Lifecycle Manager,Orchestrate Cluster Upgrades with TALM,full,modules/cnf-topology-aware-lifecycle-manager-apply-policies.adoc,edge_computing/cnf-talm-for-cluster-upgrades.adoc,full,,orphan: parent job is owned by the Administer category; create the job map but wire it into nothing here.
Orchestrate Cluster Upgrades with TALM > Configure Topology Aware Lifecycle Manager,Orchestrate Cluster Upgrades with TALM > Configure Topology Aware Lifecycle Manager,Orchestrate Cluster Upgrades with TALM,full,modules/cnf-topology-aware-lifecycle-manager-precache-concept.adoc,edge_computing/cnf-talm-for-cluster-upgrades.adoc,full,,orphan: parent job is owned by the Administer category; create the job map but wire it into nothing here.
Orchestrate Cluster Upgrades with TALM > Configure Topology Aware Lifecycle Manager,Orchestrate Cluster Upgrades with TALM > Configure Topology Aware Lifecycle Manager,Orchestrate Cluster Upgrades with TALM,full,modules/cnf-topology-aware-lifecycle-manager-precache-image-filter.adoc,edge_computing/cnf-talm-for-cluster-upgrades.adoc,full,,orphan: parent job is owned by the Administer category; create the job map but wire it into nothing here.
Orchestrate Cluster Upgrades with TALM > Configure Topology Aware Lifecycle Manager,Orchestrate Cluster Upgrades with TALM > Configure Topology Aware Lifecycle Manager,Orchestrate Cluster Upgrades with TALM,full,modules/cnf-topology-aware-lifecycle-manager-precache-feature.adoc,edge_computing/cnf-talm-for-cluster-upgrades.adoc,full,,orphan: parent job is owned by the Administer category; create the job map but wire it into nothing here.
Orchestrate Cluster Upgrades with TALM > Configure Topology Aware Lifecycle Manager,Orchestrate Cluster Upgrades with TALM > Configure Topology Aware Lifecycle Manager,Orchestrate Cluster Upgrades with TALM,full,modules/cnf-topology-aware-lifecycle-manager-troubleshooting.adoc,edge_computing/cnf-talm-for-cluster-upgrades.adoc,full,,orphan: parent job is owned by the Administer category; create the job map but wire it into nothing here.
When to use machine configs for node changes,"When I need to modify operating system settings across my cluster nodes, I want to understand what the Machine Config Operator can manage, so I can determine if machine configs are the right tool for my use case and avoid conflicts with other management approaches.",,full,modules/understanding-machine-config-operator.adoc,machine_configuration/index.adoc,full,,
When to use machine configs for node changes,"When I need to modify operating system settings across my cluster nodes, I want to understand what the Machine Config Operator can manage, so I can determine if machine configs are the right tool for my use case and avoid conflicts with other management approaches.",,full,modules/machine-config-overview.adoc,machine_configuration/index.adoc,full,,
When to use machine configs for node changes,"When I need to modify operating system settings across my cluster nodes, I want to understand what the Machine Config Operator can manage, so I can determine if machine configs are the right tool for my use case and avoid conflicts with other management approaches.",,full,modules/machine-config-drift-detection.adoc,machine_configuration/index.adoc,full,,
Change the configuration files on my nodes.,"When I want to modify the configuration files in the `/var` or `/etc` directory on nodes in a specific pool, I can create machine config objects that define file contents and permissions, so I can ensure consistent system-level configuration across my node pools without manual file management.",,partial,modules/installation-special-config-butane.adoc,installing/install_config/installing-customizing.adoc,full,,No day-2 module shows writing an arbitrary file to /var or /etc through a MachineConfig object; the Butane modules are framed as install-time and the only worked file example is the chrony one.
Change the configuration files on my nodes.,"When I want to modify the configuration files in the `/var` or `/etc` directory on nodes in a specific pool, I can create machine config objects that define file contents and permissions, so I can ensure consistent system-level configuration across my node pools without manual file management.",,partial,modules/installation-special-config-butane-about.adoc,installing/install_config/installing-customizing.adoc,full,,No day-2 module shows writing an arbitrary file to /var or /etc through a MachineConfig object; the Butane modules are framed as install-time and the only worked file example is the chrony one.
Change the configuration files on my nodes.,"When I want to modify the configuration files in the `/var` or `/etc` directory on nodes in a specific pool, I can create machine config objects that define file contents and permissions, so I can ensure consistent system-level configuration across my node pools without manual file management.",,partial,modules/installation-special-config-butane-install.adoc,installing/install_config/installing-customizing.adoc,full,,No day-2 module shows writing an arbitrary file to /var or /etc through a MachineConfig object; the Butane modules are framed as install-time and the only worked file example is the chrony one.
Change the configuration files on my nodes.,"When I want to modify the configuration files in the `/var` or `/etc` directory on nodes in a specific pool, I can create machine config objects that define file contents and permissions, so I can ensure consistent system-level configuration across my node pools without manual file management.",,partial,modules/installation-special-config-butane-create.adoc,installing/install_config/installing-customizing.adoc,full,,No day-2 module shows writing an arbitrary file to /var or /etc through a MachineConfig object; the Butane modules are framed as install-time and the only worked file example is the chrony one.
Change the configuration files on my nodes.,"When I want to modify the configuration files in the `/var` or `/etc` directory on nodes in a specific pool, I can create machine config objects that define file contents and permissions, so I can ensure consistent system-level configuration across my node pools without manual file management.",,partial,modules/installation-special-config-chrony.adoc,machine_configuration/machine-configs-configure.adoc,partial,"worked example of writing a file to /etc through a machine config | ifeval context dispatch: source assembly context 'machine-configs-configure' matches none of one of the module's ==  branches (installing-restricted-networks-bare-metal, installing-restricted-networks-vsphere); the job map must render this module under that context",No day-2 module shows writing an arbitrary file to /var or /etc through a MachineConfig object; the Butane modules are framed as install-time and the only worked file example is the chrony one.
How to use machine config pools for node changes,"When configuring nodes, I need to understand what machine config pools are, and how I can use them to configure the nodes in a specific pool.",,full,modules/architecture-machine-config-pools.adoc,machine_configuration/index.adoc,full,,
How to use machine config pools for node changes,"When configuring nodes, I need to understand what machine config pools are, and how I can use them to configure the nodes in a specific pool.",,full,modules/machine-config-custom-mcp-automatic.adoc,machine_configuration/machine-config-custom-mcp.adoc,full,,
How to use machine config pools for node changes,"When configuring nodes, I need to understand what machine config pools are, and how I can use them to configure the nodes in a specific pool.",,full,modules/machine-config-custom-mcp-existing.adoc,machine_configuration/machine-config-custom-mcp.adoc,full,,
How to use machine config pools for node changes,"When configuring nodes, I need to understand what machine config pools are, and how I can use them to configure the nodes in a specific pool.",,full,modules/differences-between-machinesets-and-machineconfigpool.adoc,post_installation_configuration/cluster-tasks.adoc,partial,contrasts MCPs with compute machine sets,
Understand which configuration changes cause a node reboot and how to reduce the disruptions.,"When configuring nodes, I need to know which changes require drain or reboot and which change can be applied live, so I can schedule maintenance appropriately.",,full,modules/machine-config-node-drain.adoc,machine_configuration/index.adoc,full,,
Understand which configuration changes cause a node reboot and how to reduce the disruptions.,"When configuring nodes, I need to know which changes require drain or reboot and which change can be applied live, so I can schedule maintenance appropriately.",,full,modules/checking-mco-node-status-configuring.adoc,machine_configuration/index.adoc,partial,observing the rollout while it disrupts nodes,
Understand which configuration changes cause a node reboot and how to reduce the disruptions.,"When configuring nodes, I need to know which changes require drain or reboot and which change can be applied live, so I can schedule maintenance appropriately.",,full,modules/machine-config-node-disruption-example.adoc,machine_configuration/machine-config-node-disruption.adoc,full,,
Understand which configuration changes cause a node reboot and how to reduce the disruptions.,"When configuring nodes, I need to know which changes require drain or reboot and which change can be applied live, so I can schedule maintenance appropriately.",,full,modules/machine-config-node-disruption-config.adoc,machine_configuration/machine-config-node-disruption.adoc,full,,
Configure my nodes by using machine config objects.,Configure my nodes by using machine config objects.,,full,modules/installation-special-config-chrony.adoc,machine_configuration/machine-configs-configure.adoc,full,"ifeval context dispatch: source assembly context 'machine-configs-configure' matches none of one of the module's ==  branches (installing-restricted-networks-bare-metal, installing-restricted-networks-vsphere); the job map must render this module under that context",
Configure my nodes by using machine config objects.,Configure my nodes by using machine config objects.,,full,modules/cnf-disable-chronyd.adoc,machine_configuration/machine-configs-configure.adoc,full,,
Configure my nodes by using machine config objects.,Configure my nodes by using machine config objects.,,full,modules/nodes-nodes-kernel-arguments.adoc,machine_configuration/machine-configs-configure.adoc,full,,
Configure my nodes by using machine config objects.,Configure my nodes by using machine config objects.,,full,modules/rhcos-enabling-multipath-day-2.adoc,machine_configuration/machine-configs-configure.adoc,full,,
Configure my nodes by using machine config objects.,Configure my nodes by using machine config objects.,,full,modules/nodes-nodes-rtkernel-arguments.adoc,machine_configuration/machine-configs-configure.adoc,full,,
Configure my nodes by using machine config objects.,Configure my nodes by using machine config objects.,,full,modules/machineconfig-modify-journald.adoc,machine_configuration/machine-configs-configure.adoc,full,,
Configure my nodes by using machine config objects.,Configure my nodes by using machine config objects.,,full,modules/rhcos-add-extensions.adoc,machine_configuration/machine-configs-configure.adoc,full,,
Configure my nodes by using machine config objects.,Configure my nodes by using machine config objects.,,full,modules/rhcos-load-firmware-blobs.adoc,machine_configuration/machine-configs-configure.adoc,full,,
Configure my nodes by using machine config objects.,Configure my nodes by using machine config objects.,,full,modules/core-user-password.adoc,machine_configuration/machine-configs-configure.adoc,full,,
Configure my nodes by using machine config objects.,Configure my nodes by using machine config objects.,,full,modules/machine-config-install-time-configs.adoc,machine_configuration/machine-configs-configure.adoc,full,,
Customize installation configuration,"When I need to modify default installation settings, I need to understand how to customize install-config.yaml parameters for networking, compute, storage, and platform settings so my cluster meets specific requirements.",,partial,modules/installation-special-config-butane.adoc,installing/install_config/installing-customizing.adoc,full,,"Networking, compute, storage and platform install-config.yaml parameters are documented only in the per-platform installation-config-parameters assemblies under installing/; there is no single cross-platform customization module for this job."
Customize installation configuration,"When I need to modify default installation settings, I need to understand how to customize install-config.yaml parameters for networking, compute, storage, and platform settings so my cluster meets specific requirements.",,partial,modules/installation-special-config-kargs.adoc,installing/install_config/installing-customizing.adoc,full,,"Networking, compute, storage and platform install-config.yaml parameters are documented only in the per-platform installation-config-parameters assemblies under installing/; there is no single cross-platform customization module for this job."
Customize installation configuration,"When I need to modify default installation settings, I need to understand how to customize install-config.yaml parameters for networking, compute, storage, and platform settings so my cluster meets specific requirements.",,partial,modules/installation-special-config-storage.adoc,installing/install_config/installing-customizing.adoc,full,,"Networking, compute, storage and platform install-config.yaml parameters are documented only in the per-platform installation-config-parameters assemblies under installing/; there is no single cross-platform customization module for this job."
Customize installation configuration,"When I need to modify default installation settings, I need to understand how to customize install-config.yaml parameters for networking, compute, storage, and platform settings so my cluster meets specific requirements.",,partial,modules/installation-special-config-mirrored-disk.adoc,installing/install_config/installing-customizing.adoc,full,,"Networking, compute, storage and platform install-config.yaml parameters are documented only in the per-platform installation-config-parameters assemblies under installing/; there is no single cross-platform customization module for this job."
Customize installation configuration,"When I need to modify default installation settings, I need to understand how to customize install-config.yaml parameters for networking, compute, storage, and platform settings so my cluster meets specific requirements.",,partial,modules/installation-special-config-encryption-threshold.adoc,installing/install_config/installing-customizing.adoc,full,,"Networking, compute, storage and platform install-config.yaml parameters are documented only in the per-platform installation-config-parameters assemblies under installing/; there is no single cross-platform customization module for this job."
Customize installation configuration,"When I need to modify default installation settings, I need to understand how to customize install-config.yaml parameters for networking, compute, storage, and platform settings so my cluster meets specific requirements.",,partial,modules/installation-special-config-storage-procedure.adoc,installing/install_config/installing-customizing.adoc,full,,"Networking, compute, storage and platform install-config.yaml parameters are documented only in the per-platform installation-config-parameters assemblies under installing/; there is no single cross-platform customization module for this job."
Customize installation configuration,"When I need to modify default installation settings, I need to understand how to customize install-config.yaml parameters for networking, compute, storage, and platform settings so my cluster meets specific requirements.",,partial,modules/installation-configuration-parameters.adoc,installing/installing_vsphere/installation-config-parameters-vsphere.adoc,partial,"the install-config.yaml parameter reference is duplicated per platform; this is the vSphere copy of ~20 identical includes | ifeval context dispatch: source assembly context 'installation-config-parameters-vsphere' matches one of the module's ==  branches (installation-config-parameters-agent, installation-config-parameters-ash, installation-config-parameters-aws, installation-config-parameters-azure, installation-config-parameters-bare-metal, installation-config-parameters-gcp, installation-config-parameters-generic, installation-config-parameters-ibm-cloud-vpc, installation-config-parameters-ibm-power, installation-config-parameters-ibm-power-vs, installation-config-parameters-ibm-powervc, installation-config-parameters-ibm-z, installation-config-parameters-nutanix, installation-config-parameters-openstack, installation-config-parameters-vsphere); the job map must render this module under that context","Networking, compute, storage and platform install-config.yaml parameters are documented only in the per-platform installation-config-parameters assemblies under installing/; there is no single cross-platform customization module for this job."
Change the installed file system configuration for new nodes.,Change the installed file system configuration for new nodes.,,full,modules/machine-config-install-time-configs.adoc,machine_configuration/machine-configs-configure.adoc,full,,
Change the installed file system configuration for new nodes.,Change the installed file system configuration for new nodes.,,full,modules/installation-special-config-storage.adoc,installing/install_config/installing-customizing.adoc,full,,
Change the installed file system configuration for new nodes.,Change the installed file system configuration for new nodes.,,full,modules/installation-special-config-storage-procedure.adoc,installing/install_config/installing-customizing.adoc,full,,
Change the installed file system configuration for new nodes.,Change the installed file system configuration for new nodes.,,full,modules/installation-special-config-mirrored-disk.adoc,installing/install_config/installing-customizing.adoc,full,,
Change the installed file system configuration for new nodes.,Change the installed file system configuration for new nodes.,,full,modules/installation-special-config-encryption-threshold.adoc,installing/install_config/installing-customizing.adoc,full,,
Change the installed RAID configuration for new nodes.,"When I want to change the RAID configuration on nodes in a specific pool, I can use a machine config, so that new nodes in that pool use the new configuration.",,full,modules/installation-special-config-raid.adoc,installing/install_config/installing-customizing.adoc,full,,
Change the installed RAID configuration for new nodes.,"When I want to change the RAID configuration on nodes in a specific pool, I can use a machine config, so that new nodes in that pool use the new configuration.",,full,modules/installation-special-config-raid-intel-vroc.adoc,installing/install_config/installing-customizing.adoc,full,,
Tune Node Performance with Tuning Profiles > Reduce NIC Queues for Low-Core Nodes,Tune Node Performance with Tuning Profiles > Reduce NIC Queues for Low-Core Nodes,Tune Node Performance with Tuning Profiles,full,modules/cnf-adjusting-nic-queues-with-the-performance-profile.adoc,scalability_and_performance/cnf-tuning-low-latency-nodes-with-perf-profile.adoc,full,,orphan: parent job is owned by the Optimize category (maps/ocp/optimize_coverage_map.csv); create the job map but wire it into nothing here.
Tune Node Performance with Tuning Profiles > Reduce NIC Queues for Low-Core Nodes,Tune Node Performance with Tuning Profiles > Reduce NIC Queues for Low-Core Nodes,Tune Node Performance with Tuning Profiles,full,modules/cnf-verifying-queue-status.adoc,scalability_and_performance/cnf-tuning-low-latency-nodes-with-perf-profile.adoc,full,,orphan: parent job is owned by the Optimize category (maps/ocp/optimize_coverage_map.csv); create the job map but wire it into nothing here.
Tune Node Performance with Tuning Profiles > Reduce NIC Queues for Low-Core Nodes,Tune Node Performance with Tuning Profiles > Reduce NIC Queues for Low-Core Nodes,Tune Node Performance with Tuning Profiles,full,modules/cnf-logging-associated-with-adjusting-nic-queues.adoc,scalability_and_performance/cnf-tuning-low-latency-nodes-with-perf-profile.adoc,full,,orphan: parent job is owned by the Optimize category (maps/ocp/optimize_coverage_map.csv); create the job map but wire it into nothing here.
Add non-default software packages with Linux extensions.,"When I want to incorporate software that is not in the RHCOS base image onto nodes in a specific pool, I can create a machine config object to install Linux extensions across all the nodes in a pool.",,full,modules/rhcos-add-extensions.adoc,machine_configuration/machine-configs-configure.adoc,full,,
Modify systemd settings on my nodes.,"When I need to manage systemd services on nodes in a specific pool, I can use machine configs to define service configurations, so I can keep the configurations consistent across all the nodes in a pool.",,partial,modules/cnf-disable-chronyd.adoc,machine_configuration/machine-configs-configure.adoc,partial,the only worked example of managing a systemd unit through a machine config,No module walks through authoring or enabling an arbitrary systemd unit through a MachineConfig object as a day-2 task; only the chronyd disable example exists.
Modify systemd settings on my nodes.,"When I need to manage systemd services on nodes in a specific pool, I can use machine configs to define service configurations, so I can keep the configurations consistent across all the nodes in a pool.",,partial,modules/installation-special-config-butane-create.adoc,installing/install_config/installing-customizing.adoc,partial,"Butane systemd unit syntax, framed as install-time",No module walks through authoring or enabling an arbitrary systemd unit through a MachineConfig object as a day-2 task; only the chronyd disable example exists.
Make changes to the CRI-O settings on my nodes.,"When I want to modify the CRI-O configuration on nodes in a specific pool, I can create a `ContainerRuntimeConfig` object, so that I can change CRI-O settings such as the log levels, Overlay size, and container runtime on those nodes.",,full,modules/create-a-containerruntimeconfig-crd.adoc,machine_configuration/machine-configs-custom.adoc,full,,
Make changes to the CRI-O settings on my nodes.,"When I want to modify the CRI-O configuration on nodes in a specific pool, I can create a `ContainerRuntimeConfig` object, so that I can change CRI-O settings such as the log levels, Overlay size, and container runtime on those nodes.",,full,modules/config-container-runtime.adoc,machine_configuration/machine-configs-custom.adoc,full,,
Make changes to the CRI-O settings on my nodes.,"When I want to modify the CRI-O configuration on nodes in a specific pool, I can create a `ContainerRuntimeConfig` object, so that I can change CRI-O settings such as the log levels, Overlay size, and container runtime on those nodes.",,full,modules/set-the-default-max-container-root-partition-size-for-overlay-with-crio.adoc,machine_configuration/machine-configs-custom.adoc,full,,
Tune kernel behaviors on my nodes by adding kernel arguments.,"When I need to tune kernel behavior on nodes in a specific pool, I can use machine configs to set kernel boot arguments, so I can optimize node performance, enable hardware features, or meet security requirements across all those nodes.",,full,modules/nodes-nodes-kernel-arguments.adoc,machine_configuration/machine-configs-configure.adoc,full,,
Tune kernel behaviors on my nodes by adding kernel arguments.,"When I need to tune kernel behavior on nodes in a specific pool, I can use machine configs to set kernel boot arguments, so I can optimize node performance, enable hardware features, or meet security requirements across all those nodes.",,full,modules/installation-special-config-kargs.adoc,installing/install_config/installing-customizing.adoc,full,,
Remove the `NET_RAW` and `SYS_CHROOT` CRI-O capabilities.,"When I want to remove the `NET_RAW` and `SYS_CHROOT` CRI-O capabilities from nodes in a specific pool, I can delete the `capabilities` machine config.",,full,modules/create-crio-default-capabilities.adoc,machine_configuration/machine-configs-custom.adoc,full,,
Free node resources with garbage collection,"When I am configuring my machine config pools, I want to finely control the garbage collection process so my nodes keep running efficiently.",,full,modules/nodes-nodes-garbage-collection-containers.adoc,nodes/nodes/nodes-nodes-garbage-collection.adoc,full,,
Free node resources with garbage collection,"When I am configuring my machine config pools, I want to finely control the garbage collection process so my nodes keep running efficiently.",,full,modules/nodes-nodes-garbage-collection-images.adoc,nodes/nodes/nodes-nodes-garbage-collection.adoc,full,,
Free node resources with garbage collection,"When I am configuring my machine config pools, I want to finely control the garbage collection process so my nodes keep running efficiently.",,full,modules/nodes-nodes-garbage-collection-configuring.adoc,nodes/nodes/nodes-nodes-garbage-collection.adoc,full,,
Free node resources with garbage collection,"When I am configuring my machine config pools, I want to finely control the garbage collection process so my nodes keep running efficiently.",,full,modules/post-install-garbage-collection.adoc,post_installation_configuration/node-tasks.adoc,partial,day-2 pointer only,
Free node resources with garbage collection,"When I am configuring my machine config pools, I want to finely control the garbage collection process so my nodes keep running efficiently.",,full,modules/machineconfig-garbage-collect-viewing.adoc,machine_configuration/machine-configs-garbage-collection.adoc,partial,"garbage collection of rendered machine configs, a different mechanism from node container/image GC",
Free node resources with garbage collection,"When I am configuring my machine config pools, I want to finely control the garbage collection process so my nodes keep running efficiently.",,full,modules/machineconfig-garbage-collect-removing.adoc,machine_configuration/machine-configs-garbage-collection.adoc,partial,,
Change kernel type in a nodepool,"When I want to change the kernel type on nodes in a specific pool, I can create a machine config object to configure the Real Time Kernel, so I can enable fine-tuning for systems with extremely high determinism requirements.",,full,modules/nodes-nodes-rtkernel-arguments.adoc,machine_configuration/machine-configs-configure.adoc,full,,
Use feature gates in a hosted cluster,"When I want to evaluate upcoming capabilities, I want to enable feature gates, so I can access Technology Preview features in my hosted cluster.",,full,modules/hcp-enable-feature-sets.adoc,hosted_control_planes/hcp-using-feature-gates.adoc,full,,
Networks for hosted control planes,"When configuring my cluster's internal network, I want to set up network isolation, ingress/egress, and proxies, so I can securely route traffic between the control plane and data plane.",,full,modules/hcp-networking-overview.adoc,hosted_control_planes/hcp-networking.adoc,full,,
Networks for hosted control planes,"When configuring my cluster's internal network, I want to set up network isolation, ingress/egress, and proxies, so I can securely route traffic between the control plane and data plane.",,full,modules/hcp-isolation-overview.adoc,hosted_control_planes/hcp-networking.adoc,full,,
Networks for hosted control planes,"When configuring my cluster's internal network, I want to set up network isolation, ingress/egress, and proxies, so I can securely route traffic between the control plane and data plane.",,full,modules/hcp-isolation.adoc,hosted_control_planes/hcp-networking.adoc,full,,
Networks for hosted control planes,"When configuring my cluster's internal network, I want to set up network isolation, ingress/egress, and proxies, so I can securely route traffic between the control plane and data plane.",,full,modules/hcp-networking-firewall.adoc,hosted_control_planes/hcp-networking.adoc,full,,
Networks for hosted control planes,"When configuring my cluster's internal network, I want to set up network isolation, ingress/egress, and proxies, so I can securely route traffic between the control plane and data plane.",,full,modules/hcp-bm-firewall-port-svc-reqs.adoc,hosted_control_planes/hcp-networking.adoc,full,,
Networks for hosted control planes,"When configuring my cluster's internal network, I want to set up network isolation, ingress/egress, and proxies, so I can securely route traffic between the control plane and data plane.",,full,modules/hcp-virt-firewall-port.adoc,hosted_control_planes/hcp-networking.adoc,full,,
Networks for hosted control planes,"When configuring my cluster's internal network, I want to set up network isolation, ingress/egress, and proxies, so I can securely route traffic between the control plane and data plane.",,full,modules/hcp-non-bm-firewall-port-svc-reqs.adoc,hosted_control_planes/hcp-networking.adoc,full,,
Networks for hosted control planes,"When configuring my cluster's internal network, I want to set up network isolation, ingress/egress, and proxies, so I can securely route traffic between the control plane and data plane.",,full,modules/hcp-ingress-egress-example.adoc,hosted_control_planes/hcp-networking.adoc,full,,
Networks for hosted control planes,"When configuring my cluster's internal network, I want to set up network isolation, ingress/egress, and proxies, so I can securely route traffic between the control plane and data plane.",,full,modules/hcp-ingress-egress-reqs.adoc,hosted_control_planes/hcp-networking.adoc,full,,
Networks for hosted control planes,"When configuring my cluster's internal network, I want to set up network isolation, ingress/egress, and proxies, so I can securely route traffic between the control plane and data plane.",,full,modules/hcp-ingress-reqs.adoc,hosted_control_planes/hcp-networking.adoc,full,,
Networks for hosted control planes,"When configuring my cluster's internal network, I want to set up network isolation, ingress/egress, and proxies, so I can securely route traffic between the control plane and data plane.",,full,modules/hcp-egress-reqs.adoc,hosted_control_planes/hcp-networking.adoc,full,,
Networks for hosted control planes,"When configuring my cluster's internal network, I want to set up network isolation, ingress/egress, and proxies, so I can securely route traffic between the control plane and data plane.",,full,modules/hcp-bm-ingress.adoc,hosted_control_planes/hcp-networking.adoc,full,ifeval context dispatch: source assembly context 'hcp-networking' matches none of one of the module's ==  branches (hcp-manage-non-bm); the job map must render this module under that context,
Networks for hosted control planes,"When configuring my cluster's internal network, I want to set up network isolation, ingress/egress, and proxies, so I can securely route traffic between the control plane and data plane.",,full,modules/hcp-custom-ovn-subnets.adoc,hosted_control_planes/hcp-networking.adoc,full,,
Networks for hosted control planes,"When configuring my cluster's internal network, I want to set up network isolation, ingress/egress, and proxies, so I can securely route traffic between the control plane and data plane.",,full,modules/hcp-proxy-overview.adoc,hosted_control_planes/hcp-networking.adoc,full,,
Networks for hosted control planes,"When configuring my cluster's internal network, I want to set up network isolation, ingress/egress, and proxies, so I can securely route traffic between the control plane and data plane.",,full,modules/hcp-proxy-cp-workloads.adoc,hosted_control_planes/hcp-networking.adoc,full,,
Networks for hosted control planes,"When configuring my cluster's internal network, I want to set up network isolation, ingress/egress, and proxies, so I can securely route traffic between the control plane and data plane.",,full,modules/hcp-proxy-ignition.adoc,hosted_control_planes/hcp-networking.adoc,full,,
Networks for hosted control planes,"When configuring my cluster's internal network, I want to set up network isolation, ingress/egress, and proxies, so I can securely route traffic between the control plane and data plane.",,full,modules/hcp-proxy-api.adoc,hosted_control_planes/hcp-networking.adoc,full,,
Networks for hosted control planes,"When configuring my cluster's internal network, I want to set up network isolation, ingress/egress, and proxies, so I can securely route traffic between the control plane and data plane.",,full,modules/hcp-proxy-mgmt-cluster.adoc,hosted_control_planes/hcp-networking.adoc,full,,
Networks for hosted control planes,"When configuring my cluster's internal network, I want to set up network isolation, ingress/egress, and proxies, so I can securely route traffic between the control plane and data plane.",,full,modules/hcp-proxy-addl-network.adoc,hosted_control_planes/hcp-networking.adoc,full,,
Build driver containers for specialized hardware,"When I need to enable specialized hardware (GPUs, FPGAs, network cards) that requires out-of-tree kernel modules, I want to build driver containers, so I can deploy custom hardware drivers in a containerized, reproducible way.",,full,modules/psap-driver-toolkit.adoc,hardware_enablement/psap-driver-toolkit.adoc,full,,
Build driver containers for specialized hardware,"When I need to enable specialized hardware (GPUs, FPGAs, network cards) that requires out-of-tree kernel modules, I want to build driver containers, so I can deploy custom hardware drivers in a containerized, reproducible way.",,full,modules/psap-driver-toolkit-pulling.adoc,hardware_enablement/psap-driver-toolkit.adoc,full,,
Build driver containers for specialized hardware,"When I need to enable specialized hardware (GPUs, FPGAs, network cards) that requires out-of-tree kernel modules, I want to build driver containers, so I can deploy custom hardware drivers in a containerized, reproducible way.",,full,modules/psap-driver-toolkit-using.adoc,hardware_enablement/psap-driver-toolkit.adoc,full,,
Build driver containers for specialized hardware > Use Driver Toolkit as base image for building drivers,"When I need kernel packages and dependencies to build kernel modules, I want to use Driver Toolkit as a base image, so I can build driver containers without entitled builds or privileged access to node content.",Build driver containers for specialized hardware,full,modules/psap-driver-toolkit-using.adoc,hardware_enablement/psap-driver-toolkit.adoc,full,,
Build driver containers for specialized hardware > Use Driver Toolkit as base image for building drivers,"When I need kernel packages and dependencies to build kernel modules, I want to use Driver Toolkit as a base image, so I can build driver containers without entitled builds or privileged access to node content.",Build driver containers for specialized hardware,full,modules/kmm-using-driver-toolkit.adoc,hardware_enablement/kmm-kernel-module-management.adoc,full,,
Build driver containers for specialized hardware > Pull Driver Toolkit image from registry,"When I need to obtain the Driver Toolkit image for my cluster version, I want to pull it from the registry, so I can use the correct kernel version dependencies for my OpenShift release.",Build driver containers for specialized hardware,full,modules/psap-driver-toolkit-pulling.adoc,hardware_enablement/psap-driver-toolkit.adoc,full,,
Build and deploy a simple kernel module driver,"When I want to test driver container workflows before deploying production drivers, I want to build and deploy a simple kernel module, so I can validate my driver build and deployment process.",,full,modules/installation-special-config-kmod.adoc,installing/install_config/installing-customizing.adoc,full,,
Build and deploy a simple kernel module driver,"When I want to test driver container workflows before deploying production drivers, I want to build and deploy a simple kernel module, so I can validate my driver build and deployment process.",,full,modules/building-testing-kernel-module-container.adoc,installing/install_config/installing-customizing.adoc,full,,
Build and deploy a simple kernel module driver,"When I want to test driver container workflows before deploying production drivers, I want to build and deploy a simple kernel module, so I can validate my driver build and deployment process.",,full,modules/provisioning-kernel-module-to-ocp.adoc,installing/install_config/installing-customizing.adoc,full,,
Build and deploy a simple kernel module driver,"When I want to test driver container workflows before deploying production drivers, I want to build and deploy a simple kernel module, so I can validate my driver build and deployment process.",,full,modules/provision-kernel-modules-via-machineconfig.adoc,installing/install_config/installing-customizing.adoc,full,,
Discover and label hardware features on nodes,"When I need to identify which nodes have specific hardware capabilities (GPUs, SR-IOV, CPU features), I want to discover and label hardware features, so I can schedule workloads that require specific hardware to the correct nodes.",,full,modules/psap-node-feature-discovery-operator.adoc,hardware_enablement/psap-node-feature-discovery-operator.adoc,full,"ifeval context dispatch: source assembly context 'psap-node-feature-discovery-operator' matches one of the module's ==  branches (operator-reference, psap-node-feature-discovery-operator); the job map must render this module under that context",
Discover and label hardware features on nodes,"When I need to identify which nodes have specific hardware capabilities (GPUs, SR-IOV, CPU features), I want to discover and label hardware features, so I can schedule workloads that require specific hardware to the correct nodes.",,full,modules/psap-installing-node-feature-discovery-operator.adoc,hardware_enablement/psap-node-feature-discovery-operator.adoc,full,,
Discover and label hardware features on nodes,"When I need to identify which nodes have specific hardware capabilities (GPUs, SR-IOV, CPU features), I want to discover and label hardware features, so I can schedule workloads that require specific hardware to the correct nodes.",,full,modules/nfd-using-operator-overview.adoc,hardware_enablement/psap-node-feature-discovery-operator.adoc,full,,
Discover and label hardware features on nodes,"When I need to identify which nodes have specific hardware capabilities (GPUs, SR-IOV, CPU features), I want to discover and label hardware features, so I can schedule workloads that require specific hardware to the correct nodes.",,full,modules/nfd-configuring-sources.adoc,hardware_enablement/psap-node-feature-discovery-operator.adoc,full,,
Discover and label hardware features on nodes,"When I need to identify which nodes have specific hardware capabilities (GPUs, SR-IOV, CPU features), I want to discover and label hardware features, so I can schedule workloads that require specific hardware to the correct nodes.",,full,modules/configuring-nfd-worker-master-pod-scheduling.adoc,hardware_enablement/psap-node-feature-discovery-operator.adoc,full,,
Create custom node labeling rules with NodeFeatureRule,"When I need vendor-specific or application-specific labels beyond default NFD detection, I want to create NodeFeatureRule resources, so I can create flexible, rule-based custom labels and taints on nodes.",,full,modules/nfd-rules-about.adoc,hardware_enablement/psap-node-feature-discovery-operator.adoc,full,,
Create custom node labeling rules with NodeFeatureRule,"When I need vendor-specific or application-specific labels beyond default NFD detection, I want to create NodeFeatureRule resources, so I can create flexible, rule-based custom labels and taints on nodes.",,full,modules/nfd-rules-using.adoc,hardware_enablement/psap-node-feature-discovery-operator.adoc,full,,
Create NodeFeatureDiscovery custom resource,"When I need to configure NFD to run on my cluster nodes, I want to create the NodeFeatureDiscovery CR, so NFD workers can detect and label hardware features.",,full,modules/creating-nfd-cr-cli.adoc,hardware_enablement/psap-node-feature-discovery-operator.adoc,full,,
Create NodeFeatureDiscovery custom resource,"When I need to configure NFD to run on my cluster nodes, I want to create the NodeFeatureDiscovery CR, so NFD workers can detect and label hardware features.",,full,modules/creating-nfd-cr-cli-disconnected.adoc,hardware_enablement/psap-node-feature-discovery-operator.adoc,full,,
Create NodeFeatureDiscovery custom resource,"When I need to configure NFD to run on my cluster nodes, I want to create the NodeFeatureDiscovery CR, so NFD workers can detect and label hardware features.",,full,modules/creating-nfd-cr-web-console.adoc,hardware_enablement/psap-node-feature-discovery-operator.adoc,full,,
Configure NFD feature sources and detection,"When I need to customize which hardware features are detected and how they are labeled, I want to configure NFD feature sources, so I can control feature detection behavior and label whitelist/blacklist.",,full,modules/nfd-configuring-core.adoc,hardware_enablement/psap-node-feature-discovery-operator.adoc,full,,
Configure NFD feature sources and detection,"When I need to customize which hardware features are detected and how they are labeled, I want to configure NFD feature sources, so I can control feature detection behavior and label whitelist/blacklist.",,full,modules/nfd-configuring-core-klog.adoc,hardware_enablement/psap-node-feature-discovery-operator.adoc,full,,
Configure NFD feature sources and detection,"When I need to customize which hardware features are detected and how they are labeled, I want to configure NFD feature sources, so I can control feature detection behavior and label whitelist/blacklist.",,full,modules/nfd-configuring-sources.adoc,hardware_enablement/psap-node-feature-discovery-operator.adoc,full,,
Manage kernel modules across cluster nodes,"When I need to deploy, load, and manage out-of-tree kernel modules across multiple nodes with different kernel versions, I want to use the Kernel Module Management Operator, so I can enable hardware devices and maintain drivers during cluster upgrades without downtime.",,full,modules/kmm-about-kmm.adoc,hardware_enablement/kmm-kernel-module-management.adoc,full,,
Manage kernel modules across cluster nodes,"When I need to deploy, load, and manage out-of-tree kernel modules across multiple nodes with different kernel versions, I want to use the Kernel Module Management Operator, so I can enable hardware devices and maintain drivers during cluster upgrades without downtime.",,full,modules/kmm-installation.adoc,hardware_enablement/kmm-kernel-module-management.adoc,full,,
Manage kernel modules across cluster nodes,"When I need to deploy, load, and manage out-of-tree kernel modules across multiple nodes with different kernel versions, I want to use the Kernel Module Management Operator, so I can enable hardware devices and maintain drivers during cluster upgrades without downtime.",,full,modules/kmm-installing-using-web-console.adoc,hardware_enablement/kmm-kernel-module-management.adoc,full,,
Manage kernel modules across cluster nodes,"When I need to deploy, load, and manage out-of-tree kernel modules across multiple nodes with different kernel versions, I want to use the Kernel Module Management Operator, so I can enable hardware devices and maintain drivers during cluster upgrades without downtime.",,full,modules/kmm-installing-using-cli.adoc,hardware_enablement/kmm-kernel-module-management.adoc,full,,
Manage kernel modules across cluster nodes,"When I need to deploy, load, and manage out-of-tree kernel modules across multiple nodes with different kernel versions, I want to use the Kernel Module Management Operator, so I can enable hardware devices and maintain drivers during cluster upgrades without downtime.",,full,modules/kmm-installing-older-versions.adoc,hardware_enablement/kmm-kernel-module-management.adoc,full,,
Manage kernel modules across cluster nodes,"When I need to deploy, load, and manage out-of-tree kernel modules across multiple nodes with different kernel versions, I want to use the Kernel Module Management Operator, so I can enable hardware devices and maintain drivers during cluster upgrades without downtime.",,full,modules/kmm-deploying-modules.adoc,hardware_enablement/kmm-kernel-module-management.adoc,full,,
Manage kernel modules across cluster nodes,"When I need to deploy, load, and manage out-of-tree kernel modules across multiple nodes with different kernel versions, I want to use the Kernel Module Management Operator, so I can enable hardware devices and maintain drivers during cluster upgrades without downtime.",,full,modules/kmm-customizing-upgrades-for-kernel-modules.adoc,hardware_enablement/kmm-kernel-module-management.adoc,full,,
Manage kernel modules across cluster nodes,"When I need to deploy, load, and manage out-of-tree kernel modules across multiple nodes with different kernel versions, I want to use the Kernel Module Management Operator, so I can enable hardware devices and maintain drivers during cluster upgrades without downtime.",,full,modules/kmm-uninstalling-kmm.adoc,hardware_enablement/kmm-kernel-module-management.adoc,full,,
Manage kernel modules across cluster nodes,"When I need to deploy, load, and manage out-of-tree kernel modules across multiple nodes with different kernel versions, I want to use the Kernel Module Management Operator, so I can enable hardware devices and maintain drivers during cluster upgrades without downtime.",,full,modules/kmm-uninstalling-kmmo-red-hat-catalog.adoc,hardware_enablement/kmm-kernel-module-management.adoc,full,,
Manage kernel modules across cluster nodes,"When I need to deploy, load, and manage out-of-tree kernel modules across multiple nodes with different kernel versions, I want to use the Kernel Module Management Operator, so I can enable hardware devices and maintain drivers during cluster upgrades without downtime.",,full,modules/kmm-uninstalling-kmmo-cli.adoc,hardware_enablement/kmm-kernel-module-management.adoc,full,,
Manage kernel modules across cluster nodes,"When I need to deploy, load, and manage out-of-tree kernel modules across multiple nodes with different kernel versions, I want to use the Kernel Module Management Operator, so I can enable hardware devices and maintain drivers during cluster upgrades without downtime.",,full,modules/kmm-debugging-and-troubleshooting.adoc,hardware_enablement/kmm-kernel-module-management.adoc,full,,
Manage kernel modules across cluster nodes,"When I need to deploy, load, and manage out-of-tree kernel modules across multiple nodes with different kernel versions, I want to use the Kernel Module Management Operator, so I can enable hardware devices and maintain drivers during cluster upgrades without downtime.",,full,modules/kmm-troubleshooting.adoc,hardware_enablement/kmm-kernel-module-management.adoc,full,,
Manage kernel modules across cluster nodes > Apply taints and tolerations for kernel module pods,"When nodes have taints that prevent normal pod scheduling, I want to configure tolerations, so KMM worker pods can run on tainted nodes to load modules.",Manage kernel modules across cluster nodes,full,modules/kmm-using-tolerations-for-kernel-module-scheduling.adoc,hardware_enablement/kmm-kernel-module-management.adoc,full,,
Manage kernel modules across cluster nodes > Apply taints and tolerations for kernel module pods,"When nodes have taints that prevent normal pod scheduling, I want to configure tolerations, so KMM worker pods can run on tainted nodes to load modules.",Manage kernel modules across cluster nodes,full,modules/kmm-applying-tolerations-to-kernel-module-pods.adoc,hardware_enablement/kmm-kernel-module-management.adoc,full,,
Manage kernel modules across cluster nodes > Configure kernel module soft dependencies,"When my kernel module has dependencies on other kernel modules, I want to configure soft dependencies, so KMM loads modules in the correct order respecting dependencies.",Manage kernel modules across cluster nodes,full,modules/kmm-setting-soft-dependencies-between-kernel-modules.adoc,hardware_enablement/kmm-kernel-module-management.adoc,full,,
Manage kernel modules across cluster nodes > Force image rebuild for ephemeral registries,"When I use ephemeral image registries where cached images may no longer exist, I want to increment imageRebuildTriggerGeneration, so KMM reverifies and rebuilds module images.",Manage kernel modules across cluster nodes,gap,,,gap,,GAP: imageRebuildTriggerGeneration appears only in the KMM 2.6 release note (modules/kmm-rn-2-6.adoc); no concept or procedure module documents forcing an image rebuild for ephemeral registries.
Manage kernel modules across cluster nodes > Configure KMM Operator settings,"When I need to customize KMM behavior like firmware paths or garbage collection, I want to configure KMM settings, so KMM can work correctly with my specific environment requirements.",Manage kernel modules across cluster nodes,full,modules/kmm-configuring-kmmo.adoc,hardware_enablement/kmm-kernel-module-management.adoc,full,,
Manage kernel modules across cluster nodes > Configure KMM Operator settings,"When I need to customize KMM behavior like firmware paths or garbage collection, I want to configure KMM settings, so KMM can work correctly with my specific environment requirements.",Manage kernel modules across cluster nodes,full,modules/kmm-setting-kernel-firmware-search-path.adoc,hardware_enablement/kmm-kernel-module-management.adoc,full,,
Manage kernel modules across cluster nodes > Configure KMM Operator settings,"When I need to customize KMM behavior like firmware paths or garbage collection, I want to configure KMM settings, so KMM can work correctly with my specific environment requirements.",Manage kernel modules across cluster nodes,full,modules/kmm-tuning-the-module-resource.adoc,hardware_enablement/kmm-kernel-module-management.adoc,full,,
Manage kernel modules across cluster nodes > Disable auto-mounting of service account token for device plugin pods,"When I need to mount custom CAs or tokens to the device-plugin pod path, I want to disable auto-mounting, so I can use custom certificate authorities without conflicts from auto-mounted service account volumes.",Manage kernel modules across cluster nodes,gap,,,gap,,GAP: no module mentions automountServiceAccountToken or disabling auto-mounting of the service account token for device-plugin pods.
Manage kernel modules across cluster nodes > Add tolerations for KMM Operator on tainted worker nodes,"When I install KMM via OLM on a cluster where worker nodes have custom taints, I want to add tolerations to the Operator, so KMM can be scheduled on tainted worker nodes when control-plane nodes are unavailable.",Manage kernel modules across cluster nodes,partial,modules/kmm-using-tolerations-for-kernel-module-scheduling.adoc,hardware_enablement/kmm-kernel-module-management.adoc,partial,"covers tolerations on Module/worker pods, not on the KMM Operator Subscription",Existing tolerations content targets the kernel-module worker pods; nothing covers adding tolerations to the KMM Operator itself through its OLM Subscription so it can schedule on tainted worker nodes.
Manage kernel modules across cluster nodes > Add tolerations for KMM Operator on tainted worker nodes,"When I install KMM via OLM on a cluster where worker nodes have custom taints, I want to add tolerations to the Operator, so KMM can be scheduled on tainted worker nodes when control-plane nodes are unavailable.",Manage kernel modules across cluster nodes,partial,modules/kmm-applying-tolerations-to-kernel-module-pods.adoc,hardware_enablement/kmm-kernel-module-management.adoc,partial,same - module pods rather than the Operator deployment,Existing tolerations content targets the kernel-module worker pods; nothing covers adding tolerations to the KMM Operator itself through its OLM Subscription so it can schedule on tainted worker nodes.
Manage kernel modules across cluster nodes > Create Module CR to define a kernel module,"When I have a kernel module that needs to be loaded on specific nodes, I want to create a Module CR, so KMM can automatically build and deploy the module for matching kernel versions.",Manage kernel modules across cluster nodes,full,modules/kmm-creating-module-cr.adoc,hardware_enablement/kmm-kernel-module-management.adoc,full,,
Manage kernel modules across cluster nodes > Create Module CR to define a kernel module,"When I have a kernel module that needs to be loaded on specific nodes, I want to create a Module CR, so KMM can automatically build and deploy the module for matching kernel versions.",Manage kernel modules across cluster nodes,full,modules/kmm-example-module-cr.adoc,hardware_enablement/kmm-kernel-module-management.adoc,full,,
Manage kernel modules across cluster nodes > Build kmod images for kernel modules,"When I do not have prebuilt driver images for specific kernel versions, I want to build kmod images, so KMM can automatically build driver containers using Driver Toolkit.",Manage kernel modules across cluster nodes,full,modules/kmm-creating-kmod-image.adoc,hardware_enablement/kmm-kernel-module-management.adoc,full,,
Manage kernel modules across cluster nodes > Build kmod images for kernel modules,"When I do not have prebuilt driver images for specific kernel versions, I want to build kmod images, so KMM can automatically build driver containers using Driver Toolkit.",Manage kernel modules across cluster nodes,full,modules/kmm-running-depmod.adoc,hardware_enablement/kmm-kernel-module-management.adoc,full,,
Manage kernel modules across cluster nodes > Build kmod images for kernel modules,"When I do not have prebuilt driver images for specific kernel versions, I want to build kmod images, so KMM can automatically build driver containers using Driver Toolkit.",Manage kernel modules across cluster nodes,full,modules/kmm-building-in-cluster.adoc,hardware_enablement/kmm-kernel-module-management.adoc,full,,
Manage kernel modules across cluster nodes > Build kmod images for kernel modules,"When I do not have prebuilt driver images for specific kernel versions, I want to build kmod images, so KMM can automatically build driver containers using Driver Toolkit.",Manage kernel modules across cluster nodes,full,modules/kmm-using-driver-toolkit.adoc,hardware_enablement/kmm-kernel-module-management.adoc,full,,
Manage kernel modules across cluster nodes > Build kmod images for kernel modules,"When I do not have prebuilt driver images for specific kernel versions, I want to build kmod images, so KMM can automatically build driver containers using Driver Toolkit.",Manage kernel modules across cluster nodes,full,modules/kmm-building-a-kmod-image.adoc,hardware_enablement/kmm-kernel-module-management.adoc,full,,
Manage kernel modules across cluster nodes > Replace in-tree modules with out-of-tree versions,"When I need to use a vendor-provided driver instead of the kernel's built-in module, I want to replace in-tree modules, so I can get better performance, features, or bug fixes from the vendor driver.",Manage kernel modules across cluster nodes,full,modules/kmm-replacing-in-tree-modules-with-out-of-tree-modules.adoc,hardware_enablement/kmm-kernel-module-management.adoc,full,,
Manage kernel modules across cluster nodes > Replace in-tree modules with out-of-tree versions,"When I need to use a vendor-provided driver instead of the kernel's built-in module, I want to replace in-tree modules, so I can get better performance, features, or bug fixes from the vendor driver.",Manage kernel modules across cluster nodes,full,modules/kmm-using-intree-modules.adoc,hardware_enablement/kmm-kernel-module-management.adoc,full,,
Manage kernel modules across cluster nodes > Replace in-tree modules with out-of-tree versions,"When I need to use a vendor-provided driver instead of the kernel's built-in module, I want to replace in-tree modules, so I can get better performance, features, or bug fixes from the vendor driver.",Manage kernel modules across cluster nodes,full,modules/kmm-symbolic-links-for-in-tree-dependencies.adoc,hardware_enablement/kmm-kernel-module-management.adoc,full,,
Manage kernel modules across cluster nodes > Manage firmware files for kernel modules,"When my kernel modules require firmware files to operate hardware, I want to configure firmware management, so the kernel can find and load firmware files from the correct path.",Manage kernel modules across cluster nodes,full,modules/kmm-firmware-support.adoc,hardware_enablement/kmm-kernel-module-management.adoc,full,,
Manage kernel modules across cluster nodes > Manage firmware files for kernel modules,"When my kernel modules require firmware files to operate hardware, I want to configure firmware management, so the kernel can find and load firmware files from the correct path.",Manage kernel modules across cluster nodes,full,modules/kmm-configuring-the-lookup-path-on-nodes.adoc,hardware_enablement/kmm-kernel-module-management.adoc,full,,
Manage kernel modules across cluster nodes > Manage firmware files for kernel modules,"When my kernel modules require firmware files to operate hardware, I want to configure firmware management, so the kernel can find and load firmware files from the correct path.",Manage kernel modules across cluster nodes,full,modules/kmm-setting-kernel-firmware-search-path.adoc,hardware_enablement/kmm-kernel-module-management.adoc,full,,
Manage kernel modules across cluster nodes > Manage firmware files for kernel modules,"When my kernel modules require firmware files to operate hardware, I want to configure firmware management, so the kernel can find and load firmware files from the correct path.",Manage kernel modules across cluster nodes,full,modules/kmm-building-a-kmod-image.adoc,hardware_enablement/kmm-kernel-module-management.adoc,full,,
Manage cluster sample image streams > 2.2. Configure management state and imports,Manage cluster sample image streams > 2.2. Configure management state and imports,Manage cluster sample image streams,full,modules/samples-operator-overview.adoc,openshift_images/configuring-samples-operator.adoc,full,,orphan: parent job is owned by the Administer category; create the job map but wire it into nothing here.
Manage cluster sample image streams > 2.2. Configure management state and imports,Manage cluster sample image streams > 2.2. Configure management state and imports,Manage cluster sample image streams,full,modules/samples-operator-bootstrapped.adoc,openshift_images/configuring-samples-operator.adoc,full,,orphan: parent job is owned by the Administer category; create the job map but wire it into nothing here.
Manage cluster sample image streams > 2.2. Configure management state and imports,Manage cluster sample image streams > 2.2. Configure management state and imports,Manage cluster sample image streams,full,modules/samples-operator-crd.adoc,openshift_images/configuring-samples-operator.adoc,full,,orphan: parent job is owned by the Administer category; create the job map but wire it into nothing here.
Manage cluster sample image streams > 2.2. Configure management state and imports,Manage cluster sample image streams > 2.2. Configure management state and imports,Manage cluster sample image streams,full,modules/samples-operator-configuration.adoc,openshift_images/configuring-samples-operator.adoc,full,,orphan: parent job is owned by the Administer category; create the job map but wire it into nothing here.
Manage cluster sample image streams > 2.2. Configure management state and imports,Manage cluster sample image streams > 2.2. Configure management state and imports,Manage cluster sample image streams,full,modules/samples-operator-retries.adoc,openshift_images/configuring-samples-operator.adoc,full,,orphan: parent job is owned by the Administer category; create the job map but wire it into nothing here.
Manage cluster sample image streams > 2.2. Configure management state and imports,Manage cluster sample image streams > 2.2. Configure management state and imports,Manage cluster sample image streams,full,modules/images-samples-operator-deprecated-image-stream.adoc,openshift_images/configuring-samples-operator.adoc,full,,orphan: parent job is owned by the Administer category; create the job map but wire it into nothing here.
Manage cluster sample image streams > 2.4. Configure alternate or mirrored registry,Manage cluster sample image streams > 2.4. Configure alternate or mirrored registry,Manage cluster sample image streams,full,modules/samples-operator-restricted-network-install.adoc,openshift_images/configuring-samples-operator.adoc,full,,orphan: parent job is owned by the Administer category; create the job map but wire it into nothing here.
Manage cluster sample image streams > 2.4. Configure alternate or mirrored registry,Manage cluster sample image streams > 2.4. Configure alternate or mirrored registry,Manage cluster sample image streams,full,modules/samples-operator-restricted-nw-install-with-access.adoc,openshift_images/configuring-samples-operator.adoc,full,,orphan: parent job is owned by the Administer category; create the job map but wire it into nothing here.
Manage cluster sample image streams > 2.4. Configure alternate or mirrored registry,Manage cluster sample image streams > 2.4. Configure alternate or mirrored registry,Manage cluster sample image streams,full,modules/installation-images-samples-disconnected-mirroring-assist.adoc,openshift_images/configuring-samples-operator.adoc,full,,orphan: parent job is owned by the Administer category; create the job map but wire it into nothing here.
Manage cluster sample image streams > 2.4. Configure alternate or mirrored registry,Manage cluster sample image streams > 2.4. Configure alternate or mirrored registry,Manage cluster sample image streams,full,modules/installation-about-mirror-registry.adoc,openshift_images/samples-operator-alt-registry.adoc,full,"ifeval context dispatch: source assembly context 'samples-operator-alt-registry' matches none of one of the module's ==  branches (installing-mirroring-disconnected, mirroring-ocp-image-repository); the job map must render this module under that context",orphan: parent job is owned by the Administer category; create the job map but wire it into nothing here.
Manage cluster sample image streams > 2.4. Configure alternate or mirrored registry,Manage cluster sample image streams > 2.4. Configure alternate or mirrored registry,Manage cluster sample image streams,full,modules/installation-mirror-repository.adoc,openshift_images/samples-operator-alt-registry.adoc,full,,orphan: parent job is owned by the Administer category; create the job map but wire it into nothing here.
Manage cluster sample image streams > 2.4. Configure alternate or mirrored registry,Manage cluster sample image streams > 2.4. Configure alternate or mirrored registry,Manage cluster sample image streams,full,modules/installation-restricted-network-samples.adoc,openshift_images/samples-operator-alt-registry.adoc,full,"ifeval context dispatch: source assembly context 'samples-operator-alt-registry' matches one of the module's ==  branches (post-install-cluster-tasks, samples-operator-alt-registry); the job map must render this module under that context",orphan: parent job is owned by the Administer category; create the job map but wire it into nothing here.
Configure cluster-wide image policy > 3.1. Understand Image CR parameters,Configure cluster-wide image policy > 3.1. Understand Image CR parameters,Configure cluster-wide image policy,full,modules/images-configuration-parameters.adoc,openshift_images/image-configuration.adoc,full,,orphan: parent job is owned by the Administer category; create the job map but wire it into nothing here.
Configure cluster-wide image policy > 3.1. Understand Image CR parameters,Configure cluster-wide image policy > 3.1. Understand Image CR parameters,Configure cluster-wide image policy,full,modules/images-configuration-file.adoc,openshift_images/image-configuration.adoc,full,,orphan: parent job is owned by the Administer category; create the job map but wire it into nothing here.
Configure cluster-wide image policy > 3.2. Configure registry allowlists and blocks,Configure cluster-wide image policy > 3.2. Configure registry allowlists and blocks,Configure cluster-wide image policy,full,modules/images-configuration-allowed.adoc,openshift_images/image-configuration.adoc,full,,orphan: parent job is owned by the Administer category; create the job map but wire it into nothing here.
Configure cluster-wide image policy > 3.2. Configure registry allowlists and blocks,Configure cluster-wide image policy > 3.2. Configure registry allowlists and blocks,Configure cluster-wide image policy,full,modules/images-configuration-blocked.adoc,openshift_images/image-configuration.adoc,full,,orphan: parent job is owned by the Administer category; create the job map but wire it into nothing here.
Configure cluster-wide image policy > 3.2. Configure registry allowlists and blocks,Configure cluster-wide image policy > 3.2. Configure registry allowlists and blocks,Configure cluster-wide image policy,full,modules/images-configuration-blocked-payload.adoc,openshift_images/image-configuration.adoc,full,,orphan: parent job is owned by the Administer category; create the job map but wire it into nothing here.
Configure cluster-wide image policy > 3.2. Configure registry allowlists and blocks,Configure cluster-wide image policy > 3.2. Configure registry allowlists and blocks,Configure cluster-wide image policy,full,modules/images-configuration-insecure.adoc,openshift_images/image-configuration.adoc,full,,orphan: parent job is owned by the Administer category; create the job map but wire it into nothing here.
Configure cluster-wide image policy > 3.3. Configure short-name search registries,Configure cluster-wide image policy > 3.3. Configure short-name search registries,Configure cluster-wide image policy,full,modules/images_configuration_shortname_con.adoc,openshift_images/image-configuration.adoc,full,,orphan: parent job is owned by the Administer category; create the job map but wire it into nothing here.
Configure cluster-wide image policy > 3.3. Configure short-name search registries,Configure cluster-wide image policy > 3.3. Configure short-name search registries,Configure cluster-wide image policy,full,modules/images-configuration-shortname-when-not-to-use.adoc,openshift_images/image-configuration.adoc,full,,orphan: parent job is owned by the Administer category; create the job map but wire it into nothing here.
Configure cluster-wide image policy > 3.3. Configure short-name search registries,Configure cluster-wide image policy > 3.3. Configure short-name search registries,Configure cluster-wide image policy,full,modules/images-configuration-shortname.adoc,openshift_images/image-configuration.adoc,full,,orphan: parent job is owned by the Administer category; create the job map but wire it into nothing here.
Configure cluster-wide image policy > 3.4. Configure trust and mirroring,Configure cluster-wide image policy > 3.4. Configure trust and mirroring,Configure cluster-wide image policy,full,modules/images-configuration-cas.adoc,openshift_images/image-configuration.adoc,full,,orphan: parent job is owned by the Administer category; create the job map but wire it into nothing here.
Configure cluster-wide image policy > 3.4. Configure trust and mirroring,Configure cluster-wide image policy > 3.4. Configure trust and mirroring,Configure cluster-wide image policy,full,modules/images-configuration-registry-mirror.adoc,openshift_images/image-configuration.adoc,full,ifeval context dispatch: source assembly context 'image-configuration' matches none of one of the module's ==  branches (enabling-windows-container-workloads); the job map must render this module under that context,orphan: parent job is owned by the Administer category; create the job map but wire it into nothing here.
Configure cluster-wide image policy > 3.4. Configure trust and mirroring,Configure cluster-wide image policy > 3.4. Configure trust and mirroring,Configure cluster-wide image policy,full,modules/images-configuration-registry-mirror-project-secret.adoc,openshift_images/image-configuration.adoc,full,,orphan: parent job is owned by the Administer category; create the job map but wire it into nothing here.
Configure cluster-wide image policy > 3.4. Configure trust and mirroring,Configure cluster-wide image policy > 3.4. Configure trust and mirroring,Configure cluster-wide image policy,full,modules/images-configuration-registry-mirror-configuring.adoc,openshift_images/image-configuration.adoc,full,ifeval context dispatch: source assembly context 'image-configuration' matches none of one of the module's ==  branches (enabling-windows-container-workloads); the job map must render this module under that context,orphan: parent job is owned by the Administer category; create the job map but wire it into nothing here.
Configure cluster-wide image policy > 3.4. Configure trust and mirroring,Configure cluster-wide image policy > 3.4. Configure trust and mirroring,Configure cluster-wide image policy,full,modules/images_configuring_registry_mirror_config_params.adoc,openshift_images/image-configuration.adoc,full,ifeval context dispatch: source assembly context 'image-configuration' matches none of one of the module's ==  branches (enabling-windows-container-workloads); the job map must render this module under that context,orphan: parent job is owned by the Administer category; create the job map but wire it into nothing here.
Configure cluster-wide image policy > 3.4. Configure trust and mirroring,Configure cluster-wide image policy > 3.4. Configure trust and mirroring,Configure cluster-wide image policy,full,modules/images-configuration-registry-mirror-convert.adoc,openshift_images/image-configuration.adoc,full,,orphan: parent job is owned by the Administer category; create the job map but wire it into nothing here.
Configure cluster-wide image policy > 3.5. Understand MCO rollout behavior,Configure cluster-wide image policy > 3.5. Understand MCO rollout behavior,Configure cluster-wide image policy,full,modules/images-configuration-mco-and-registry-changes.adoc,openshift_images/image-configuration.adoc,full,,orphan: parent job is owned by the Administer category; create the job map but wire it into nothing here.
Mirror container images to a local registry > 7.1. Plan mirror registry topology,Mirror container images to a local registry > 7.1. Plan mirror registry topology,Mirror container images to a local registry,full,modules/oc-mirror-v2-about.adoc,disconnected/about-installing-oc-mirror-v2.adoc,full,,
Mirror container images to a local registry > 7.1. Plan mirror registry topology,Mirror container images to a local registry > 7.1. Plan mirror registry topology,Mirror container images to a local registry,full,modules/oc-mirror-v2-support.adoc,disconnected/about-installing-oc-mirror-v2.adoc,full,,
Mirror container images to a local registry > 7.1. Plan mirror registry topology,Mirror container images to a local registry > 7.1. Plan mirror registry topology,Mirror container images to a local registry,full,modules/oc-mirror-workflows-table.adoc,disconnected/about-installing-oc-mirror-v2.adoc,full,,
Mirror container images to a local registry > 7.1. Plan mirror registry topology,Mirror container images to a local registry > 7.1. Plan mirror registry topology,Mirror container images to a local registry,full,modules/oc-mirror-workflows-partially-disconnected-v2.adoc,disconnected/about-installing-oc-mirror-v2.adoc,full,,
Mirror container images to a local registry > 7.1. Plan mirror registry topology,Mirror container images to a local registry > 7.1. Plan mirror registry topology,Mirror container images to a local registry,full,modules/oc-mirror-workflows-fully-disconnected-v2.adoc,disconnected/about-installing-oc-mirror-v2.adoc,full,,
Mirror container images to a local registry > 7.1. Plan mirror registry topology,Mirror container images to a local registry > 7.1. Plan mirror registry topology,Mirror container images to a local registry,full,modules/mirror-registry-introduction.adoc,disconnected/installing-mirroring-creating-registry.adoc,full,,
Mirror container images to a local registry > 7.1. Plan mirror registry topology,Mirror container images to a local registry > 7.1. Plan mirror registry topology,Mirror container images to a local registry,full,modules/installation-about-mirror-registry.adoc,disconnected/installing-mirroring-installation-images.adoc,full,"ifeval context dispatch: source assembly context 'installing-mirroring-installation-images' matches none of one of the module's ==  branches (installing-mirroring-disconnected, mirroring-ocp-image-repository); the job map must render this module under that context",
Mirror container images to a local registry > 7.2. Configure mirroring credentials,Mirror container images to a local registry > 7.2. Configure mirroring credentials,Mirror container images to a local registry,full,modules/oc-mirror-v2-prerequisites.adoc,disconnected/about-installing-oc-mirror-v2.adoc,full,,
Mirror container images to a local registry > 7.2. Configure mirroring credentials,Mirror container images to a local registry > 7.2. Configure mirroring credentials,Mirror container images to a local registry,full,modules/oc-mirror-preparing-mirror-hosts.adoc,disconnected/about-installing-oc-mirror-v2.adoc,full,,
Mirror container images to a local registry > 7.2. Configure mirroring credentials,Mirror container images to a local registry > 7.2. Configure mirroring credentials,Mirror container images to a local registry,full,modules/oc-mirror-installing-plugin.adoc,disconnected/about-installing-oc-mirror-v2.adoc,full,,
Mirror container images to a local registry > 7.2. Configure mirroring credentials,Mirror container images to a local registry > 7.2. Configure mirroring credentials,Mirror container images to a local registry,full,modules/installation-adding-registry-pull-secret.adoc,disconnected/about-installing-oc-mirror-v2.adoc,full,"ifeval context dispatch: source assembly context 'about-installing-oc-mirror-v2' matches one of the module's ==  branches (about-installing-oc-mirror-v2, installing-mirroring-disconnected, installing-mirroring-installation-images, mirroring-ocp-image-repository); the job map must render this module under that context",
Mirror container images to a local registry > 7.3. Mirror release images,Mirror container images to a local registry > 7.3. Mirror release images,Mirror container images to a local registry,full,modules/oc-mirror-v2-mirroring-image-set.adoc,disconnected/about-installing-oc-mirror-v2.adoc,full,,
Mirror container images to a local registry > 7.3. Mirror release images,Mirror container images to a local registry > 7.3. Mirror release images,Mirror container images to a local registry,full,modules/oc-mirror-building-image-set-config-v2.adoc,disconnected/about-installing-oc-mirror-v2.adoc,full,,
Mirror container images to a local registry > 7.3. Mirror release images,Mirror container images to a local registry > 7.3. Mirror release images,Mirror container images to a local registry,full,modules/oc-mirror-mirror-to-disk-v2.adoc,disconnected/about-installing-oc-mirror-v2.adoc,full,,
Mirror container images to a local registry > 7.3. Mirror release images,Mirror container images to a local registry > 7.3. Mirror release images,Mirror container images to a local registry,full,modules/oc-mirror-disk-to-mirror-v2.adoc,disconnected/about-installing-oc-mirror-v2.adoc,full,,
Mirror container images to a local registry > 7.3. Mirror release images,Mirror container images to a local registry > 7.3. Mirror release images,Mirror container images to a local registry,full,modules/oc-mirror-updating-cluster-manifests-v2.adoc,disconnected/about-installing-oc-mirror-v2.adoc,full,,
Mirror container images to a local registry > 7.3. Mirror release images,Mirror container images to a local registry > 7.3. Mirror release images,Mirror container images to a local registry,full,modules/installation-mirror-repository.adoc,disconnected/installing-mirroring-installation-images.adoc,full,,
Organize image versions with tags > 8.1. Apply tag naming conventions,Organize image versions with tags > 8.1. Apply tag naming conventions,Organize image versions with tags,full,modules/images-tag.adoc,openshift_images/managing_images/tagging-images.adoc,full,,
Organize image versions with tags > 8.1. Apply tag naming conventions,Organize image versions with tags > 8.1. Apply tag naming conventions,Organize image versions with tags,full,modules/images-tagging-conventions.adoc,openshift_images/managing_images/tagging-images.adoc,full,,
Organize image versions with tags > 8.2. Add and remove tags,Organize image versions with tags > 8.2. Add and remove tags,Organize image versions with tags,full,modules/images-add-tags-to-imagestreams.adoc,openshift_images/managing_images/tagging-images.adoc,full,,
Organize image versions with tags > 8.2. Add and remove tags,Organize image versions with tags > 8.2. Add and remove tags,Organize image versions with tags,full,modules/images-remove-tag-imagestream.adoc,openshift_images/managing_images/tagging-images.adoc,full,,
Organize image versions with tags > 8.3. Choose reference syntax and types,Organize image versions with tags > 8.3. Choose reference syntax and types,Organize image versions with tags,full,modules/images-referencing-images-imagestreams.adoc,openshift_images/managing_images/tagging-images.adoc,full,,
Organize image versions with tags > 8.3. Choose reference syntax and types,Organize image versions with tags > 8.3. Choose reference syntax and types,Organize image versions with tags,full,modules/images-imagestream-reference-types.adoc,openshift_images/managing_images/tagging-images.adoc,full,,
Control container image pull behavior > 9.1. Configure explicit pull policy,Control container image pull behavior > 9.1. Configure explicit pull policy,Control container image pull behavior,full,modules/images-image-pull-policy-overview.adoc,openshift_images/managing_images/image-pull-policy.adoc,full,,
Control container image pull behavior > 9.2. Rely on default pull policy,Control container image pull behavior > 9.2. Rely on default pull policy,Control container image pull behavior,full,modules/images-image-pull-policy-default-behavior.adoc,openshift_images/managing_images/image-pull-policy.adoc,full,,
Mirror container images to a local registry,"When I operate OpenShift in a restricted network, I want to mirror required container images to a local registry, so I can install, upgrade, and run workloads without internet access.",,full,modules/oc-mirror-v2-about.adoc,disconnected/about-installing-oc-mirror-v2.adoc,full,,
Mirror container images to a local registry,"When I operate OpenShift in a restricted network, I want to mirror required container images to a local registry, so I can install, upgrade, and run workloads without internet access.",,full,modules/oc-mirror-v2-support.adoc,disconnected/about-installing-oc-mirror-v2.adoc,full,,
Mirror container images to a local registry,"When I operate OpenShift in a restricted network, I want to mirror required container images to a local registry, so I can install, upgrade, and run workloads without internet access.",,full,modules/oc-mirror-v2-prerequisites.adoc,disconnected/about-installing-oc-mirror-v2.adoc,full,,
Mirror container images to a local registry,"When I operate OpenShift in a restricted network, I want to mirror required container images to a local registry, so I can install, upgrade, and run workloads without internet access.",,full,modules/oc-mirror-installing-plugin.adoc,disconnected/about-installing-oc-mirror-v2.adoc,full,,
Mirror container images to a local registry,"When I operate OpenShift in a restricted network, I want to mirror required container images to a local registry, so I can install, upgrade, and run workloads without internet access.",,full,modules/oc-mirror-building-image-set-config-v2.adoc,disconnected/about-installing-oc-mirror-v2.adoc,full,,
Mirror container images to a local registry,"When I operate OpenShift in a restricted network, I want to mirror required container images to a local registry, so I can install, upgrade, and run workloads without internet access.",,full,modules/oc-mirror-v2-mirroring-image-set.adoc,disconnected/about-installing-oc-mirror-v2.adoc,full,,
Mirror container images to a local registry,"When I operate OpenShift in a restricted network, I want to mirror required container images to a local registry, so I can install, upgrade, and run workloads without internet access.",,full,modules/oc-mirror-mirror-to-disk-v2.adoc,disconnected/about-installing-oc-mirror-v2.adoc,full,,
Mirror container images to a local registry,"When I operate OpenShift in a restricted network, I want to mirror required container images to a local registry, so I can install, upgrade, and run workloads without internet access.",,full,modules/oc-mirror-disk-to-mirror-v2.adoc,disconnected/about-installing-oc-mirror-v2.adoc,full,,
Mirror container images to a local registry,"When I operate OpenShift in a restricted network, I want to mirror required container images to a local registry, so I can install, upgrade, and run workloads without internet access.",,full,modules/oc-mirror-IDMS-ITMS-about.adoc,disconnected/about-installing-oc-mirror-v2.adoc,full,,
Mirror container images to a local registry,"When I operate OpenShift in a restricted network, I want to mirror required container images to a local registry, so I can install, upgrade, and run workloads without internet access.",,full,modules/oc-mirror-updating-cluster-manifests-v2.adoc,disconnected/about-installing-oc-mirror-v2.adoc,full,,
Mirror container images to a local registry,"When I operate OpenShift in a restricted network, I want to mirror required container images to a local registry, so I can install, upgrade, and run workloads without internet access.",,full,modules/oc-mirror-imageset-config-parameters-v2.adoc,disconnected/about-installing-oc-mirror-v2.adoc,full,,
Mirror container images to a local registry,"When I operate OpenShift in a restricted network, I want to mirror required container images to a local registry, so I can install, upgrade, and run workloads without internet access.",,full,modules/oc-mirror-command-reference-v2.adoc,disconnected/about-installing-oc-mirror-v2.adoc,full,,
Mirror container images to a local registry,"When I operate OpenShift in a restricted network, I want to mirror required container images to a local registry, so I can install, upgrade, and run workloads without internet access.",,full,modules/mirror-registry-introduction.adoc,disconnected/installing-mirroring-creating-registry.adoc,full,,
Mirror container images to a local registry,"When I operate OpenShift in a restricted network, I want to mirror required container images to a local registry, so I can install, upgrade, and run workloads without internet access.",,full,modules/mirror-registry-localhost.adoc,disconnected/installing-mirroring-creating-registry.adoc,full,,
Mirror container images to a local registry,"When I operate OpenShift in a restricted network, I want to mirror required container images to a local registry, so I can install, upgrade, and run workloads without internet access.",,full,modules/mirror-registry-remote.adoc,disconnected/installing-mirroring-creating-registry.adoc,full,,
Mirror container images to a local registry,"When I operate OpenShift in a restricted network, I want to mirror required container images to a local registry, so I can install, upgrade, and run workloads without internet access.",,full,modules/installation-about-mirror-registry.adoc,disconnected/installing-mirroring-installation-images.adoc,full,"ifeval context dispatch: source assembly context 'installing-mirroring-installation-images' matches none of one of the module's ==  branches (installing-mirroring-disconnected, mirroring-ocp-image-repository); the job map must render this module under that context",
Mirror container images to a local registry,"When I operate OpenShift in a restricted network, I want to mirror required container images to a local registry, so I can install, upgrade, and run workloads without internet access.",,full,modules/installing-preparing-mirror-host.adoc,disconnected/installing-mirroring-installation-images.adoc,full,,
Mirror container images to a local registry,"When I operate OpenShift in a restricted network, I want to mirror required container images to a local registry, so I can install, upgrade, and run workloads without internet access.",,full,modules/installation-mirror-repository.adoc,disconnected/installing-mirroring-installation-images.adoc,full,,
Organize image versions with tags,"When I reference container images in builds and deployments within OpenShift, I want to use human-readable tags as mutable pointers to digests, so I can request specific versions and promote images between environments safely.",,full,modules/images-tag.adoc,openshift_images/managing_images/tagging-images.adoc,full,,
Organize image versions with tags,"When I reference container images in builds and deployments within OpenShift, I want to use human-readable tags as mutable pointers to digests, so I can request specific versions and promote images between environments safely.",,full,modules/images-tagging-conventions.adoc,openshift_images/managing_images/tagging-images.adoc,full,,
Organize image versions with tags,"When I reference container images in builds and deployments within OpenShift, I want to use human-readable tags as mutable pointers to digests, so I can request specific versions and promote images between environments safely.",,full,modules/images-add-tags-to-imagestreams.adoc,openshift_images/managing_images/tagging-images.adoc,full,,
Organize image versions with tags,"When I reference container images in builds and deployments within OpenShift, I want to use human-readable tags as mutable pointers to digests, so I can request specific versions and promote images between environments safely.",,full,modules/images-remove-tag-imagestream.adoc,openshift_images/managing_images/tagging-images.adoc,full,,
Organize image versions with tags,"When I reference container images in builds and deployments within OpenShift, I want to use human-readable tags as mutable pointers to digests, so I can request specific versions and promote images between environments safely.",,full,modules/images-referencing-images-imagestreams.adoc,openshift_images/managing_images/tagging-images.adoc,full,,
Organize image versions with tags,"When I reference container images in builds and deployments within OpenShift, I want to use human-readable tags as mutable pointers to digests, so I can request specific versions and promote images between environments safely.",,full,modules/images-imagestream-reference-types.adoc,openshift_images/managing_images/tagging-images.adoc,full,,
Control container image pull behavior,"When pods start containers in OpenShift, I want to configure imagePullPolicy, so I can control whether images are always pulled, pulled only if absent, or never pulled from the registry.",,full,modules/images-image-pull-policy-overview.adoc,openshift_images/managing_images/image-pull-policy.adoc,full,,
Control container image pull behavior,"When pods start containers in OpenShift, I want to configure imagePullPolicy, so I can control whether images are always pulled, pulled only if absent, or never pulled from the registry.",,full,modules/images-image-pull-policy-default-behavior.adoc,openshift_images/managing_images/image-pull-policy.adoc,full,,
Change the installed file system configuration for new nodes > Ensure that the times on my nodes are consistent,"When I want to configure the chrony time server settings on nodes in a specific pool, I can create a machine config object to configure chrony settings, so I can ensure consistent times on those nodes.",Change the installed file system configuration for new nodes,full,modules/installation-special-config-chrony.adoc,machine_configuration/machine-configs-configure.adoc,full,"ifeval context dispatch: source assembly context 'machine-configs-configure' matches none of one of the module's ==  branches (installing-restricted-networks-bare-metal, installing-restricted-networks-vsphere); the job map must render this module under that context",
Change the installed file system configuration for new nodes > Ensure that the times on my nodes are consistent > Disable the default time server on my nodes.,"When I want to disable the chronyd time service on nodes in a specific pool, I can create a machine config to disable the time service, so that I can use a different time service on those nodes.",Change the installed file system configuration for new nodes > Ensure that the times on my nodes are consistent,full,modules/cnf-disable-chronyd.adoc,machine_configuration/machine-configs-configure.adoc,full,,
Enable specific troubleshooting tools by configuring SELinux permissive mode,Change the installed file system configuration for new nodes > Enable specific troubleshooting tools by configuring SELinux permissive mode,Change the installed file system configuration for new nodes,partial,modules/nodes-nodes-kernel-arguments.adoc,machine_configuration/machine-configs-configure.adoc,partial,SELinux permissive appears only as an enforcing=0 kernel-argument example inside this module,No dedicated module covers putting nodes into SELinux permissive mode for troubleshooting; it survives only as one example line in the kernel arguments module.
Achieve higher host availability by configuring multipathing on my nodes,Change the installed file system configuration for new nodes > Achieve higher host availability by configuring multipathing on my nodes,Change the installed file system configuration for new nodes,full,modules/rhcos-enabling-multipath-day-2.adoc,machine_configuration/machine-configs-configure.adoc,full,,
Change the installed file system configuration for new nodes > Improve scheduling behavior by enabling the real-time kernel on my nodes,"When I want to configure the real-time kernel  on nodes in a specific pool, I can create a machine confg object to enable the `kernel-rt` package so that I can switch the nodes to the real-time kernel and achieve more deterministic scheduling behavior.",Change the installed file system configuration for new nodes,full,modules/nodes-nodes-rtkernel-arguments.adoc,machine_configuration/machine-configs-configure.adoc,full,,
Change the installed file system configuration for new nodes > Improve the log collection on my nodes,"When I want to manage journald services on nodes in a specific pool, I can create a machine config object to configure the services, so that I can ensure changes are rolled out across all the nodes.",Change the installed file system configuration for new nodes,full,modules/machineconfig-modify-journald.adoc,machine_configuration/machine-configs-configure.adoc,full,,
Change the installed file system configuration for new nodes > Improve the log collection on my nodes > Change the number of journald logs that are retained on my nodes,"When I want to control the number of journald logs on nodes in a specific pool, I can create a machine config object that sets the log lifetime value, so that I can ensure changes are rolled out across all the nodes.",Change the installed file system configuration for new nodes > Improve the log collection on my nodes,partial,modules/machineconfig-modify-journald.adoc,machine_configuration/machine-configs-configure.adoc,partial,the log retention / SystemMaxUse setting is one row of the combined journald module,"All four journald settings live in a single modules/machineconfig-modify-journald.adoc; there is no separate module for the log retention / SystemMaxUse setting, so this sub-job cannot be rendered on its own."
Change the installed file system configuration for new nodes > Improve the log collection on my nodes > Change the rate at which journald log messages are collected on my nodes,"When I want to modify the journald rate limiting settings on nodes in a specific pool, I can create a machine config object to configure rate limiting, so that I can ensure changes are rolled out across all the nodes.",Change the installed file system configuration for new nodes > Improve the log collection on my nodes,partial,modules/machineconfig-modify-journald.adoc,machine_configuration/machine-configs-configure.adoc,partial,the RateLimitBurst rate limiting setting is one row of the combined journald module,"All four journald settings live in a single modules/machineconfig-modify-journald.adoc; there is no separate module for the RateLimitBurst rate limiting setting, so this sub-job cannot be rendered on its own."
Change the installed file system configuration for new nodes > Improve the log collection on my nodes > Change the journald log storage location on my nodes,"When I want to configure where journald stores its log data on nodes in a specific pool, I can create a machine config object, so that I can ensure changes are rolled out across all the nodes.",Change the installed file system configuration for new nodes > Improve the log collection on my nodes,partial,modules/machineconfig-modify-journald.adoc,machine_configuration/machine-configs-configure.adoc,partial,the Storage location setting is one row of the combined journald module,"All four journald settings live in a single modules/machineconfig-modify-journald.adoc; there is no separate module for the Storage location setting, so this sub-job cannot be rendered on its own."
Change the installed file system configuration for new nodes > Improve the log collection on my nodes > Change the journald log compression setting on my nodes,"When I want to modify journald log compression settings on nodes in a specific pool, I can create a machine config object to configure the `Compress` setting, so that I can ensure changes are rolled out across all the nodes.",Change the installed file system configuration for new nodes > Improve the log collection on my nodes,partial,modules/machineconfig-modify-journald.adoc,machine_configuration/machine-configs-configure.adoc,partial,the Compress setting setting is one row of the combined journald module,"All four journald settings live in a single modules/machineconfig-modify-journald.adoc; there is no separate module for the Compress setting setting, so this sub-job cannot be rendered on its own."
Change the installed file system configuration for new nodes > Add pre-packaged software that is not in the base RHCOS to my nodes,"When I want to add pre-packaged software that is not in the base RHCOS on nodes in a specific pool, I can create a machine config object to enable certain RHEL extensions, so I can add supported functionality like USB device control or specialized kernel modules without compromising cluster supportability across all the nodes.",Change the installed file system configuration for new nodes,full,modules/rhcos-add-extensions.adoc,machine_configuration/machine-configs-configure.adoc,full,,
Change the installed file system configuration for new nodes > Add pre-packaged software that is not in the base RHCOS to my nodes > Configure the OpenShift sandboxed container feature on my nodes,"When I want to use the OpenShift sandboxed container feature on nodes in a specific pool, I can create a machine config object to add the RHEL sandboxed-containers package to all the nodes.",Change the installed file system configuration for new nodes > Add pre-packaged software that is not in the base RHCOS to my nodes,partial,modules/rhcos-add-extensions.adoc,machine_configuration/machine-configs-configure.adoc,partial,the sandboxed-containers extension is one row of the extensions table in this module,"Every RHCOS extension is documented as one row of the table in modules/rhcos-add-extensions.adoc; there is no per-extension module for sandboxed-containers, so this sub-job cannot be rendered on its own."
Change the installed file system configuration for new nodes > Add pre-packaged software that is not in the base RHCOS to my nodes > Configure my nodes with IPSec for pod-to-pod network traffic with libreswan,"When I want to use the OpenShift sandboxed container feature on nodes in a specific pool, I can create a machine config object to add the RHEL sandboxed-containers package to all the nodes.",Change the installed file system configuration for new nodes > Add pre-packaged software that is not in the base RHCOS to my nodes,partial,modules/rhcos-add-extensions.adoc,machine_configuration/machine-configs-configure.adoc,partial,the ipsec / libreswan extension is one row of the extensions table in this module,"Every RHCOS extension is documented as one row of the table in modules/rhcos-add-extensions.adoc; there is no per-extension module for ipsec / libreswan, so this sub-job cannot be rendered on its own."
"Change the installed file system configuration for new nodes > Add pre-packaged software that is not in the base RHCOS to my nodes > Include high-performing, lightweight microservices on my nodes that OpenShift can manage and containerize","When I want to build and run RHEL WebAssembly (WASM)  workloads on nodes in a specific pool, I can create a machine config object to add the WASM package to all the nodes.",Change the installed file system configuration for new nodes > Add pre-packaged software that is not in the base RHCOS to my nodes,partial,modules/rhcos-add-extensions.adoc,machine_configuration/machine-configs-configure.adoc,partial,the wasm extension is one row of the extensions table in this module,"Every RHCOS extension is documented as one row of the table in modules/rhcos-add-extensions.adoc; there is no per-extension module for wasm, so this sub-job cannot be rendered on its own."
Change the installed file system configuration for new nodes > Add pre-packaged software that is not in the base RHCOS to my nodes > Build modules against the Linux kernel,"When I want to build modules against the kernel package on nodes in a specific pool, I can use a machine config to add the RHEL kernel-devel package to all the nodes.",Change the installed file system configuration for new nodes > Add pre-packaged software that is not in the base RHCOS to my nodes,partial,modules/rhcos-add-extensions.adoc,machine_configuration/machine-configs-configure.adoc,partial,the kernel-devel extension is one row of the extensions table in this module,"Every RHCOS extension is documented as one row of the table in modules/rhcos-add-extensions.adoc; there is no per-extension module for kernel-devel, so this sub-job cannot be rendered on its own."
Change the installed file system configuration for new nodes > Load custom firmware blobs onto my nodes,"When I need to add a custom firmware blob that are not in the base RHCOS image to nodes in a specific pool, I can create a machine config object to add the blobs to all the nodes.",Change the installed file system configuration for new nodes,full,modules/rhcos-load-firmware-blobs.adoc,machine_configuration/machine-configs-configure.adoc,full,,
Configure the object needed to use the on-cluster mode of the Image Mode for OpenShift feature.,"When adding software or drivers by using the on-cluster mode of the Image Mode for OpenShift feature, I can use a `MachineOSConfig` object to easily supply the required details so that I can install the additional software.",,full,modules/coreos-layering-configuring-on.adoc,machine_configuration/mco-coreos-layering.adoc,full,,
Configure the object needed to use the on-cluster mode of the Image Mode for OpenShift feature.,"When adding software or drivers by using the on-cluster mode of the Image Mode for OpenShift feature, I can use a `MachineOSConfig` object to easily supply the required details so that I can install the additional software.",,full,modules/coreos-layering-configuring-on-proc.adoc,machine_configuration/mco-coreos-layering.adoc,full,,
Modify the object needed to use the on-cluster mode of the Image Mode for OpenShift feature.,"When using the on-cluster mode of the Image Mode for OpenShift feature, I can add or remove software, update passwords, change image repositories, or other changes to match changes in the environment.",,full,modules/coreos-layering-configuring-on-modifying.adoc,machine_configuration/mco-coreos-layering.adoc,full,,
Force a rebuild of the object used with the on-cluster mode of the Image Mode for OpenShift feature.,"When working with the on-cluster mode of the Image Mode for OpenShift feature, if I make changes that do not trigger an automatic rebuild of the `MachineOSConfig` object, I can manually perform a rebuild to apply my changes.",,full,modules/coreos-layering-configuring-on-rebuild.adoc,machine_configuration/mco-coreos-layering.adoc,full,,
Revert any changes I made by using the on-cluster mode of the Image Mode for OpenShift feature.,"When using the on-cluster mode of the Image Mode for OpenShift feature, I can remove the software or drivers from a node if I no longer need them by removing a label from that node.",,full,modules/coreos-layering-configuring-on-revert.adoc,machine_configuration/mco-coreos-layering.adoc,full,,
Remove any versions of the object needed to use the on-cluster mode of the Image Mode for OpenShift feature.,"When I need to free up space in my cluster, if I use the on-cluster mode of the Image Mode for OpenShift feature, I can remove any `MachineOSBuild` objects that I no longer need.",,full,modules/coreos-layering-configuring-on-remove.adoc,machine_configuration/mco-coreos-layering.adoc,full,,
Revert any changes I made by using the out-of-cluster mode of the Image Mode for OpenShift feature.,"When working with additional software or drivers by using the out-of-cluster mode of the Image Mode for OpenShift feature, I can remove the software or drivers if I no longer need them.",,full,modules/coreos-layering-configuring.adoc,machine_configuration/mco-coreos-layering.adoc,full,,
Revert any changes I made by using the out-of-cluster mode of the Image Mode for OpenShift feature.,"When working with additional software or drivers by using the out-of-cluster mode of the Image Mode for OpenShift feature, I can remove the software or drivers if I no longer need them.",,full,modules/coreos-layering-removing.adoc,machine_configuration/mco-coreos-layering.adoc,full,,
Add software or drivers not available as extensions in the base RHCOS image during cluster installation.,"When installing a cluster, I can add software or drivers not available as extensions in the base RHCOS image to extend the functionality of my cluster, by using a `MachineOSConfig` object during the cluster installation.",,full,modules/coreos-layering-install-time.adoc,machine_configuration/mco-coreos-layering.adoc,full,ifeval context dispatch: source assembly context 'mco-coreos-layering' matches none of one of the module's ==  branches (installing-); the job map must render this module under that context,
Change the configuration of control plane machines by updating the control plane machine set,"When I need a different configuration for my control plane, I want to update the control plane machine set so that the machines it defines use the new configuration.",,full,modules/cpmso-yaml-sample-cr.adoc,machine_management/control_plane_machine_management/cpmso-configuration.adoc,full,,
Change the configuration of control plane machines by updating the control plane machine set,"When I need a different configuration for my control plane, I want to update the control plane machine set so that the machines it defines use the new configuration.",,full,modules/cpmso-config-options-overview.adoc,machine_management/control_plane_machine_management/cpmso-configuration.adoc,full,,
Change the configuration of control plane machines by updating the control plane machine set,"When I need a different configuration for my control plane, I want to update the control plane machine set so that the machines it defines use the new configuration.",,full,modules/cpmso-config-options.adoc,machine_management/control_plane_machine_management/cpmso-configuration.adoc,full,,
Change the configuration of control plane machines by updating the control plane machine set,"When I need a different configuration for my control plane, I want to update the control plane machine set so that the machines it defines use the new configuration.",,full,modules/cpmso-config-provider-specific.adoc,machine_management/control_plane_machine_management/cpmso-configuration.adoc,full,,
Change the configuration of control plane machines by updating the control plane machine set,"When I need a different configuration for my control plane, I want to update the control plane machine set so that the machines it defines use the new configuration.",,full,modules/cpmso-feat-config-update.adoc,machine_management/control_plane_machine_management/cpmso-managing-machines.adoc,full,,
Change the control plane instance type,"When I need to use a different instance type to back my control plane machines, I want to change the control plane instance type so that the control plane uses the correct instance type.",,partial,modules/cpms-changing-aws-instance-type.adoc,scalability_and_performance/recommended-performance-scale-practices/increasing-aws-flavor-size.adoc,full,,"Only AWS has a dedicated instance-type change procedure; on Azure, GCP, Nutanix, OpenStack and vSphere the reader has to infer the change from the cpmso-config-options-<platform> reference assemblies."
Change the control plane instance type,"When I need to use a different instance type to back my control plane machines, I want to change the control plane instance type so that the control plane uses the correct instance type.",,partial,modules/aws-console-changing-aws-instance-type.adoc,scalability_and_performance/recommended-performance-scale-practices/increasing-aws-flavor-size.adoc,full,,"Only AWS has a dedicated instance-type change procedure; on Azure, GCP, Nutanix, OpenStack and vSphere the reader has to infer the change from the cpmso-config-options-<platform> reference assemblies."
Apply configuration changes to control plane machines with automation,"When I update the configuration of the control plane machine set, I want to apply the new configuration to my control plane machines with automation to apply the changes consistently and avoid downtime.",,full,modules/cpmso-feat-auto-update.adoc,machine_management/control_plane_machine_management/cpmso-managing-machines.adoc,full,ifeval context dispatch: source assembly context 'cpmso-managing-machines' matches none of one of the module's ==  branches (control-plane); the job map must render this module under that context,
Apply configuration changes to control plane machines with automation,"When I update the configuration of the control plane machine set, I want to apply the new configuration to my control plane machines with automation to apply the changes consistently and avoid downtime.",,full,modules/cpmso-feat-ondelete-update.adoc,machine_management/control_plane_machine_management/cpmso-managing-machines.adoc,full,,
Apply configuration changes to control plane machines with automation,"When I update the configuration of the control plane machine set, I want to apply the new configuration to my control plane machines with automation to apply the changes consistently and avoid downtime.",,full,modules/cpmso-feat-replace.adoc,machine_management/control_plane_machine_management/cpmso-managing-machines.adoc,full,,
Change the configuration of compute machines by updating a compute machine set,"When I need a different configuration for my compute machines, I want to update a compute machine set so that the machines it defines use the new configuration.",,full,modules/machineset-modifying.adoc,machine_management/modifying-machineset.adoc,full,,
Apply configuration changes to compute machines with automation,"When I update the configuration of a compute machine set, I want to apply the new configuration to the compute machines with automation to apply the changes consistently.",,partial,modules/machineset-modifying.adoc,machine_management/modifying-machineset.adoc,partial,shows the edit but not how the change is rolled out to existing machines,"No module describes automated rollout of a compute machine set configuration change to existing machines; the control plane equivalent (cpmso-feat-auto-update) has no compute-side counterpart, so the reader is left to delete and recreate machines manually."
Change the authoritative API for machine management resources,"When I administer an OCP cluster, I want to change the authoritative API for resources so that I can verify that managing machines by using the Cluster API works as expected.",,full,modules/mapi-to-capi-migration-overview.adoc,machine_management/cluster_api_machine_management/cluster-api-getting-started.adoc,full,,
Change the authoritative API for machine management resources,"When I administer an OCP cluster, I want to change the authoritative API for resources so that I can verify that managing machines by using the Cluster API works as expected.",,full,modules/machine-set-authoritative-api-machines.adoc,machine_management/cluster_api_machine_management/cluster-api-getting-started.adoc,full,,
Change the authoritative API for machine management resources,"When I administer an OCP cluster, I want to change the authoritative API for resources so that I can verify that managing machines by using the Cluster API works as expected.",,full,modules/migrating-between-capi-mapi.adoc,machine_management/cluster_api_machine_management/cluster-api-getting-started.adoc,full,"ifeval context dispatch: source assembly context 'cluster-api-getting-started' matches one of the module's ==  branches (cluster-api-disabling, cluster-api-getting-started); the job map must render this module under that context",
Network Observability Deployment and Management > - 11.20 Configure Prometheus metrics collection,Network Observability Deployment and Management > - 11.20 Configure Prometheus metrics collection,Network Observability Deployment and Management,full,modules/network-observability-metrics-names.adoc,observability/network_observability/metrics-alerts-dashboards.adoc,full,,orphan: parent job is owned by the Optimize category (maps/ocp/optimize_coverage_map.csv); create the job map but wire it into nothing here.
Network Observability Deployment and Management > - 11.20 Configure Prometheus metrics collection,Network Observability Deployment and Management > - 11.20 Configure Prometheus metrics collection,Network Observability Deployment and Management,full,modules/network-observability-includelist-example.adoc,observability/network_observability/metrics-alerts-dashboards.adoc,full,,orphan: parent job is owned by the Optimize category (maps/ocp/optimize_coverage_map.csv); create the job map but wire it into nothing here.
Network Observability Deployment and Management > - 11.20 Configure Prometheus metrics collection,Network Observability Deployment and Management > - 11.20 Configure Prometheus metrics collection,Network Observability Deployment and Management,full,modules/network-observability-custom-metrics.adoc,observability/network_observability/metrics-alerts-dashboards.adoc,full,,orphan: parent job is owned by the Optimize category (maps/ocp/optimize_coverage_map.csv); create the job map but wire it into nothing here.
Network Observability Deployment and Management > - 11.20 Configure Prometheus metrics collection,Network Observability Deployment and Management > - 11.20 Configure Prometheus metrics collection,Network Observability Deployment and Management,full,modules/network-observability-configuring-custom-metrics.adoc,observability/network_observability/metrics-alerts-dashboards.adoc,full,,orphan: parent job is owned by the Optimize category (maps/ocp/optimize_coverage_map.csv); create the job map but wire it into nothing here.
Network Observability Deployment and Management > - 11.20 Configure Prometheus metrics collection,Network Observability Deployment and Management > - 11.20 Configure Prometheus metrics collection,Network Observability Deployment and Management,full,modules/network-observability-configuring-custom-metrics-examples.adoc,observability/network_observability/metrics-alerts-dashboards.adoc,full,,orphan: parent job is owned by the Optimize category (maps/ocp/optimize_coverage_map.csv); create the job map but wire it into nothing here.
Network Observability Deployment and Management > - 11.20 Configure Prometheus metrics collection,Network Observability Deployment and Management > - 11.20 Configure Prometheus metrics collection,Network Observability Deployment and Management,full,modules/network-observability-creating-metrics-network-events.adoc,observability/network_observability/metrics-alerts-dashboards.adoc,full,,orphan: parent job is owned by the Optimize category (maps/ocp/optimize_coverage_map.csv); create the job map but wire it into nothing here.
Network Observability Deployment and Management > - 11.20 Configure Prometheus metrics collection,Network Observability Deployment and Management > - 11.20 Configure Prometheus metrics collection,Network Observability Deployment and Management,full,modules/network-observability-flowmetrics-charts.adoc,observability/network_observability/metrics-alerts-dashboards.adoc,full,,orphan: parent job is owned by the Optimize category (maps/ocp/optimize_coverage_map.csv); create the job map but wire it into nothing here.
Network Observability Deployment and Management > - 11.20 Configure Prometheus metrics collection,Network Observability Deployment and Management > - 11.20 Configure Prometheus metrics collection,Network Observability Deployment and Management,full,modules/network-observability-flowmetrics-charts-examples.adoc,observability/network_observability/metrics-alerts-dashboards.adoc,full,,orphan: parent job is owned by the Optimize category (maps/ocp/optimize_coverage_map.csv); create the job map but wire it into nothing here.
Network Observability Deployment and Management > - 11.20 Configure Prometheus metrics collection,Network Observability Deployment and Management > - 11.20 Configure Prometheus metrics collection,Network Observability Deployment and Management,full,modules/network-observability-viewing-dashboards.adoc,observability/network_observability/metrics-alerts-dashboards.adoc,full,,orphan: parent job is owned by the Optimize category (maps/ocp/optimize_coverage_map.csv); create the job map but wire it into nothing here.
Network Observability Deployment and Management > - 11.20 Configure Prometheus metrics collection,Network Observability Deployment and Management > - 11.20 Configure Prometheus metrics collection,Network Observability Deployment and Management,full,modules/network-observability-health-dashboard-overview.adoc,observability/network_observability/network-observability-operator-monitoring.adoc,partial,dashboard consumption of the collected metrics,orphan: parent job is owned by the Optimize category (maps/ocp/optimize_coverage_map.csv); create the job map but wire it into nothing here.
Configure a private cluster,"When I deploy a cluster that must remain isolated from public networks, I want to configure DNS records, ingress controllers, and API servers to use only private endpoints, so I can ensure the cluster is not accessible from the internet.",,full,modules/private-clusters-about.adoc,post_installation_configuration/configuring-private-cluster.adoc,full,,
Configure a private cluster,"When I deploy a cluster that must remain isolated from public networks, I want to configure DNS records, ingress controllers, and API servers to use only private endpoints, so I can ensure the cluster is not accessible from the internet.",,full,modules/private-clusters-setting-dns-private.adoc,post_installation_configuration/configuring-private-cluster.adoc,full,,
Configure a private cluster,"When I deploy a cluster that must remain isolated from public networks, I want to configure DNS records, ingress controllers, and API servers to use only private endpoints, so I can ensure the cluster is not accessible from the internet.",,full,modules/private-clusters-setting-ingress-private.adoc,post_installation_configuration/configuring-private-cluster.adoc,full,,
Configure a private cluster,"When I deploy a cluster that must remain isolated from public networks, I want to configure DNS records, ingress controllers, and API servers to use only private endpoints, so I can ensure the cluster is not accessible from the internet.",,full,modules/private-clusters-setting-api-private-aws.adoc,post_installation_configuration/configuring-private-cluster.adoc,full,"ifeval context dispatch: source assembly context 'configuring-private-cluster' matches one of the module's ==  branches (configuring-private-cluster, cpmso-supported-features-aws, cpmso-using-aws); the job map must render this module under that context",
Configure a private cluster,"When I deploy a cluster that must remain isolated from public networks, I want to configure DNS records, ingress controllers, and API servers to use only private endpoints, so I can ensure the cluster is not accessible from the internet.",,full,modules/private-clusters-setting-api-private-azure.adoc,post_installation_configuration/configuring-private-cluster.adoc,full,,
Configure DNS records in a private zone,"When I need to keep internal infrastructure details confidential, I want to remove public DNS zone configuration from the cluster DNS custom resource, so I can prevent DNS records from being publicly resolvable.",,full,modules/private-clusters-setting-dns-private.adoc,post_installation_configuration/configuring-private-cluster.adoc,full,,
Set the Ingress Controller to private,"When I need to restrict application traffic to internal networks, I want to modify the Ingress Controller endpoint publishing strategy to use internal load balancers, so I can prevent external access to cluster routes.",,full,modules/private-clusters-setting-ingress-private.adoc,post_installation_configuration/configuring-private-cluster.adoc,full,,
Restrict the API server to private for AWS,"When managing an AWS cluster with strict security requirements, I want to delete external load balancers from control plane machines and remove public DNS entries, so I can ensure the API server is only accessible internally.",,full,modules/private-clusters-setting-api-private-aws.adoc,post_installation_configuration/configuring-private-cluster.adoc,full,"ifeval context dispatch: source assembly context 'configuring-private-cluster' matches one of the module's ==  branches (configuring-private-cluster, cpmso-supported-features-aws, cpmso-using-aws); the job map must render this module under that context",
Restrict the API server to private for Azure,"When deploying on Azure with private networking requirements, I want to delete the public load balancer frontend IP and rules while configuring internal ingress scope, so I can ensure all API access is private.",,full,modules/private-clusters-setting-api-private-azure.adoc,post_installation_configuration/configuring-private-cluster.adoc,full,,
Understand host security controls,"When securing cluster hosts, I want to understand host security controls and command-line access options, so I can implement appropriate access policies.",,full,modules/security-rhcos-overview.adoc,post_installation_configuration/day_2_core_cnf_clusters/security/security-host-sec.adoc,full,,
Understand host security controls,"When securing cluster hosts, I want to understand host security controls and command-line access options, so I can implement appropriate access policies.",,full,modules/security-command-line-host-access.adoc,post_installation_configuration/day_2_core_cnf_clusters/security/security-host-sec.adoc,full,,
Understand host security controls,"When securing cluster hosts, I want to understand host security controls and command-line access options, so I can implement appropriate access policies.",,full,modules/security-linux-capabilities-overview.adoc,post_installation_configuration/day_2_core_cnf_clusters/security/security-host-sec.adoc,full,,
Prepare a cluster for user access,"When preparing cluster for production use, I want to configure user management, RBAC, and OAuth settings, so I can enable secure access for cluster users.",,full,modules/identity-provider-overview.adoc,post_installation_configuration/preparing-for-users.adoc,full,,
Prepare a cluster for user access,"When preparing cluster for production use, I want to configure user management, RBAC, and OAuth settings, so I can enable secure access for cluster users.",,full,modules/post-install-supported-identity-providers.adoc,post_installation_configuration/preparing-for-users.adoc,full,,
Prepare a cluster for user access,"When preparing cluster for production use, I want to configure user management, RBAC, and OAuth settings, so I can enable secure access for cluster users.",,full,modules/identity-provider-parameters.adoc,post_installation_configuration/preparing-for-users.adoc,full,,
Prepare a cluster for user access,"When preparing cluster for production use, I want to configure user management, RBAC, and OAuth settings, so I can enable secure access for cluster users.",,full,modules/identity-provider-default-CR.adoc,post_installation_configuration/preparing-for-users.adoc,full,,
Prepare a cluster for user access,"When preparing cluster for production use, I want to configure user management, RBAC, and OAuth settings, so I can enable secure access for cluster users.",,full,modules/post-install-using-rbac-to-define-and-apply-permissions.adoc,post_installation_configuration/preparing-for-users.adoc,full,,
Prepare a cluster for user access,"When preparing cluster for production use, I want to configure user management, RBAC, and OAuth settings, so I can enable secure access for cluster users.",,full,modules/rbac-overview.adoc,post_installation_configuration/preparing-for-users.adoc,full,,
Prepare a cluster for user access,"When preparing cluster for production use, I want to configure user management, RBAC, and OAuth settings, so I can enable secure access for cluster users.",,full,modules/rbac-projects-namespaces.adoc,post_installation_configuration/preparing-for-users.adoc,full,,
Prepare a cluster for user access,"When preparing cluster for production use, I want to configure user management, RBAC, and OAuth settings, so I can enable secure access for cluster users.",,full,modules/rbac-default-projects.adoc,post_installation_configuration/preparing-for-users.adoc,full,,
Prepare a cluster for user access,"When preparing cluster for production use, I want to configure user management, RBAC, and OAuth settings, so I can enable secure access for cluster users.",,full,modules/rbac-viewing-cluster-roles.adoc,post_installation_configuration/preparing-for-users.adoc,full,,
Prepare a cluster for user access,"When preparing cluster for production use, I want to configure user management, RBAC, and OAuth settings, so I can enable secure access for cluster users.",,full,modules/rbac-viewing-local-roles.adoc,post_installation_configuration/preparing-for-users.adoc,full,,
Prepare a cluster for user access,"When preparing cluster for production use, I want to configure user management, RBAC, and OAuth settings, so I can enable secure access for cluster users.",,full,modules/rbac-adding-roles.adoc,post_installation_configuration/preparing-for-users.adoc,full,,
Prepare a cluster for user access,"When preparing cluster for production use, I want to configure user management, RBAC, and OAuth settings, so I can enable secure access for cluster users.",,full,modules/rbac-creating-local-role.adoc,post_installation_configuration/preparing-for-users.adoc,full,,
Prepare a cluster for user access,"When preparing cluster for production use, I want to configure user management, RBAC, and OAuth settings, so I can enable secure access for cluster users.",,full,modules/rbac-creating-cluster-role.adoc,post_installation_configuration/preparing-for-users.adoc,full,,
Prepare a cluster for user access,"When preparing cluster for production use, I want to configure user management, RBAC, and OAuth settings, so I can enable secure access for cluster users.",,full,modules/rbac-local-role-binding-commands.adoc,post_installation_configuration/preparing-for-users.adoc,full,,
Prepare a cluster for user access,"When preparing cluster for production use, I want to configure user management, RBAC, and OAuth settings, so I can enable secure access for cluster users.",,full,modules/rbac-cluster-role-binding-commands.adoc,post_installation_configuration/preparing-for-users.adoc,full,,
Prepare a cluster for user access,"When preparing cluster for production use, I want to configure user management, RBAC, and OAuth settings, so I can enable secure access for cluster users.",,full,modules/rbac-creating-cluster-admin.adoc,post_installation_configuration/preparing-for-users.adoc,full,,
Prepare a cluster for user access,"When preparing cluster for production use, I want to configure user management, RBAC, and OAuth settings, so I can enable secure access for cluster users.",,full,modules/unauthenticated-users-cluster-role-binding-con.adoc,post_installation_configuration/preparing-for-users.adoc,full,,
Prepare a cluster for user access,"When preparing cluster for production use, I want to configure user management, RBAC, and OAuth settings, so I can enable secure access for cluster users.",,full,modules/unauthenticated-users-cluster-role-binding.adoc,post_installation_configuration/preparing-for-users.adoc,full,,
Prepare a cluster for user access,"When preparing cluster for production use, I want to configure user management, RBAC, and OAuth settings, so I can enable secure access for cluster users.",,full,modules/authentication-kubeadmin.adoc,post_installation_configuration/preparing-for-users.adoc,full,,
Prepare a cluster for user access,"When preparing cluster for production use, I want to configure user management, RBAC, and OAuth settings, so I can enable secure access for cluster users.",,full,modules/authentication-remove-kubeadmin.adoc,post_installation_configuration/preparing-for-users.adoc,full,,
Manage workloads using taints and tolerations,"When preparing a cluster for production use, I want to configure nodes with taints so that only pods with matching tolerations can be scheduled on them.",,full,modules/nodes-scheduler-taints-tolerations-about.adoc,nodes/scheduling/nodes-scheduler-taints-tolerations.adoc,full,"ifeval context dispatch: source assembly context 'nodes-scheduler-taints-tolerations' matches one of the module's ==  branches (node-tasks, nodes-scheduler-taints-tolerations); the job map must render this module under that context",
Manage workloads using taints and tolerations,"When preparing a cluster for production use, I want to configure nodes with taints so that only pods with matching tolerations can be scheduled on them.",,full,modules/nodes-scheduler-taints-tolerations-adding.adoc,nodes/scheduling/nodes-scheduler-taints-tolerations.adoc,full,,
Manage workloads using taints and tolerations,"When preparing a cluster for production use, I want to configure nodes with taints so that only pods with matching tolerations can be scheduled on them.",,full,modules/nodes-scheduler-taints-tolerations-adding-machineset.adoc,nodes/scheduling/nodes-scheduler-taints-tolerations.adoc,full,,
Manage workloads using taints and tolerations,"When preparing a cluster for production use, I want to configure nodes with taints so that only pods with matching tolerations can be scheduled on them.",,full,modules/nodes-scheduler-taints-tolerations-binding.adoc,nodes/scheduling/nodes-scheduler-taints-tolerations.adoc,full,,
Manage workloads using taints and tolerations,"When preparing a cluster for production use, I want to configure nodes with taints so that only pods with matching tolerations can be scheduled on them.",,full,modules/nodes-scheduler-taints-tolerations-projects.adoc,nodes/scheduling/nodes-scheduler-taints-tolerations.adoc,full,,
Manage workloads using taints and tolerations,"When preparing a cluster for production use, I want to configure nodes with taints so that only pods with matching tolerations can be scheduled on them.",,full,modules/nodes-scheduler-taints-tolerations-special.adoc,nodes/scheduling/nodes-scheduler-taints-tolerations.adoc,full,,
Manage workloads using taints and tolerations,"When preparing a cluster for production use, I want to configure nodes with taints so that only pods with matching tolerations can be scheduled on them.",,full,modules/nodes-scheduler-taints-tolerations-removing.adoc,nodes/scheduling/nodes-scheduler-taints-tolerations.adoc,full,,
Move workloads to infrastructure nodes,"When administering a cluster, I want to move workloads to infrastructure nodes to reduce my subscription costs.",,full,modules/infrastructure-components.adoc,nodes/nodes/nodes-nodes-creating-infrastructure-nodes.adoc,full,,
Move workloads to infrastructure nodes,"When administering a cluster, I want to move workloads to infrastructure nodes to reduce my subscription costs.",,full,modules/post-install-creating-infrastructure-machinesets-production.adoc,post_installation_configuration/cluster-tasks.adoc,full,,
Move workloads to infrastructure nodes,"When administering a cluster, I want to move workloads to infrastructure nodes to reduce my subscription costs.",,full,modules/creating-an-infra-node.adoc,post_installation_configuration/cluster-tasks.adoc,full,,
Move workloads to infrastructure nodes,"When administering a cluster, I want to move workloads to infrastructure nodes to reduce my subscription costs.",,full,modules/creating-infra-machines.adoc,post_installation_configuration/cluster-tasks.adoc,full,,
Move workloads to infrastructure nodes,"When administering a cluster, I want to move workloads to infrastructure nodes to reduce my subscription costs.",,full,modules/post-install-assigning-machine-set-resources-to-infra-nodes.adoc,post_installation_configuration/cluster-tasks.adoc,full,,
Move workloads to infrastructure nodes,"When administering a cluster, I want to move workloads to infrastructure nodes to reduce my subscription costs.",,full,modules/binding-infra-node-workloads-using-taints-tolerations.adoc,post_installation_configuration/cluster-tasks.adoc,full,,
Move workloads to infrastructure nodes,"When administering a cluster, I want to move workloads to infrastructure nodes to reduce my subscription costs.",,full,modules/post-install-moving-resources-to-infrastructure-machinesets.adoc,post_installation_configuration/cluster-tasks.adoc,full,,
Move workloads to infrastructure nodes,"When administering a cluster, I want to move workloads to infrastructure nodes to reduce my subscription costs.",,full,modules/infrastructure-moving-router.adoc,post_installation_configuration/cluster-tasks.adoc,full,,
Move workloads to infrastructure nodes,"When administering a cluster, I want to move workloads to infrastructure nodes to reduce my subscription costs.",,full,modules/infrastructure-moving-registry.adoc,post_installation_configuration/cluster-tasks.adoc,full,,
Move workloads to infrastructure nodes,"When administering a cluster, I want to move workloads to infrastructure nodes to reduce my subscription costs.",,full,modules/infrastructure-moving-monitoring.adoc,post_installation_configuration/cluster-tasks.adoc,full,,
Configure a private storage endpoint on Azure,"When deploying image registry on private Azure clusters, I want to configure the Image Registry Operator to use private storage endpoints with VNet integration, so I can prevent public network access to registry storage accounts.",,full,modules/registry-configuring-private-storage-endpoint-azure.adoc,post_installation_configuration/configuring-private-cluster.adoc,full,,
Configure a private storage endpoint on Azure,"When deploying image registry on private Azure clusters, I want to configure the Image Registry Operator to use private storage endpoints with VNet integration, so I can prevent public network access to registry storage accounts.",,full,modules/disabling-redirect-private-storage-endpoint-azure.adoc,post_installation_configuration/configuring-private-cluster.adoc,full,,
Configure private storage endpoint with IRO discovery,"When using installer-provisioned infrastructure on Azure, I want to enable the Image Registry Operator to automatically discover VNet and subnet names for private endpoint creation, so I can simplify private storage configuration.",,full,modules/configuring-private-storage-endpoint-azure-vnet-subnet-iro-discovery.adoc,post_installation_configuration/configuring-private-cluster.adoc,full,,
Configure private storage endpoint with user-provided VNet,"When managing custom Azure networking configurations, I want to manually specify VNet, subnet, and resource group names in the Image Registry Operator config, so I can control private endpoint placement precisely.",,full,modules/configuring-private-storage-endpoint-azure-user-provided-vnet-subnet.adoc,post_installation_configuration/configuring-private-cluster.adoc,full,,
Create multi-architecture compute clusters,"When I need to run workloads on different CPU architectures, I want to create boot images and machine sets for ARM64 and x86_64 compute nodes, so I can support heterogeneous architecture requirements in my cluster.",,full,modules/multi-architecture-configuring-your-cluster.adoc,post_installation_configuration/configuring-multi-arch-compute-machines/multi-architecture-configuration.adoc,full,,
Create multi-architecture compute clusters,"When I need to run workloads on different CPU architectures, I want to create boot images and machine sets for ARM64 and x86_64 compute nodes, so I can support heterogeneous architecture requirements in my cluster.",,full,modules/multi-architecture-verifying-cluster-compatibility.adoc,post_installation_configuration/configuring-multi-arch-compute-machines/multi-architecture-configuration.adoc,full,,
Create multi-architecture compute clusters,"When I need to run workloads on different CPU architectures, I want to create boot images and machine sets for ARM64 and x86_64 compute nodes, so I can support heterogeneous architecture requirements in my cluster.",,full,modules/multi-architecture-scheduling.adoc,post_installation_configuration/configuring-multi-arch-compute-machines/multi-architecture-compute-managing.adoc,full,,
Create multi-architecture compute clusters,"When I need to run workloads on different CPU architectures, I want to create boot images and machine sets for ARM64 and x86_64 compute nodes, so I can support heterogeneous architecture requirements in my cluster.",,full,modules/multi-architecture-scheduling-examples.adoc,post_installation_configuration/configuring-multi-arch-compute-machines/multi-architecture-compute-managing.adoc,full,,
Create multi-architecture compute clusters,"When I need to run workloads on different CPU architectures, I want to create boot images and machine sets for ARM64 and x86_64 compute nodes, so I can support heterogeneous architecture requirements in my cluster.",,full,modules/multi-architecture-import-imagestreams.adoc,post_installation_configuration/configuring-multi-arch-compute-machines/multi-architecture-compute-managing.adoc,full,,
Create ARM64 boot image using Azure image gallery,"When adding ARM64 compute nodes to Azure cluster, I want to upload RHCOS VHD to storage account and create versioned image in Azure Compute Gallery, so I can provision ARM64 virtual machines with correct boot images.",,full,modules/multi-architecture-creating-bootimage.adoc,post_installation_configuration/configuring-multi-arch-compute-machines/creating-multi-arch-compute-nodes-azure.adoc,full,,
Add multi-architecture compute machine set to Azure cluster,"When I have created multi-architecture boot images, I want to define machine sets with architecture-specific image references and appropriate VM sizes, so I can provision compute nodes with the required CPU architecture.",,full,modules/multi-architecture-modify-machine-set-azure.adoc,post_installation_configuration/configuring-multi-arch-compute-machines/creating-multi-arch-compute-nodes-azure.adoc,full,,
Create multi-architecture compute clusters on Google Cloud,"When deploying heterogeneous workloads on GCP, I want to create machine sets with architecture-appropriate boot images and instance types, so I can run ARM64 and x86_64 workloads in the same cluster.",,full,modules/multi-architecture-modify-machine-set-google-cloud.adoc,post_installation_configuration/configuring-multi-arch-compute-machines/creating-multi-arch-compute-nodes-google-cloud.adoc,full,,
"Create multi-architecture compute clusters on bare metal, IBM Power, or IBM Z","When managing on-premises or IBM platform clusters, I want to add compute nodes with different architectures by creating appropriate boot media and approving CSRs, so I can expand cluster capacity with heterogeneous hardware.",,full,modules/machine-user-infra-machines-iso.adoc,post_installation_configuration/configuring-multi-arch-compute-machines/creating-multi-arch-compute-nodes-bare-metal.adoc,full,"ifeval context dispatch: source assembly context 'creating-multi-arch-compute-nodes-bare-metal' matches none of one of the module's ==  branches (creating-multi-arch-compute-nodes-ibm-power, multi-architecture-configuration); the job map must render this module under that context",
"Create multi-architecture compute clusters on bare metal, IBM Power, or IBM Z","When managing on-premises or IBM platform clusters, I want to add compute nodes with different architectures by creating appropriate boot media and approving CSRs, so I can expand cluster capacity with heterogeneous hardware.",,full,modules/machine-user-infra-machines-pxe.adoc,post_installation_configuration/configuring-multi-arch-compute-machines/creating-multi-arch-compute-nodes-bare-metal.adoc,full,ifeval context dispatch: source assembly context 'creating-multi-arch-compute-nodes-bare-metal' matches none of one of the module's ==  branches (creating-multi-arch-compute-nodes-ibm-power); the job map must render this module under that context,
"Create multi-architecture compute clusters on bare metal, IBM Power, or IBM Z","When managing on-premises or IBM platform clusters, I want to add compute nodes with different architectures by creating appropriate boot media and approving CSRs, so I can expand cluster capacity with heterogeneous hardware.",,full,modules/installation-approve-csrs.adoc,post_installation_configuration/configuring-multi-arch-compute-machines/creating-multi-arch-compute-nodes-bare-metal.adoc,full,"ifeval context dispatch: source assembly context 'creating-multi-arch-compute-nodes-bare-metal' matches none of one of the module's ==  branches (creating-multi-arch-compute-nodes-ibm-power, installing-ibm-z, installing-ibm-z-kvm, installing-ibm-z-lpar); the job map must render this module under that context",
Enable 64k pages on RHCOS kernel,"When running large GPU or high memory workloads on ARM64 nodes, I want to enable the 64k memory page kernel specification using Machine Config Operator, so I can optimize memory management for demanding applications.",,full,modules/multi-architecture-enabling-64k-pages.adoc,post_installation_configuration/configuring-multi-arch-compute-machines/multi-architecture-compute-managing.adoc,full,,
Configure the Multiarch Tuning Operator,"When I want to simplify architecture-aware scheduling, I want to install and configure the Multiarch Tuning Operator with ClusterPodPlacementConfig, so I can automate architecture predicate injection into pod specifications.",,full,modules/multi-arch-gather-info-about-workloads.adoc,post_installation_configuration/configuring-multi-arch-compute-machines/multiarch-tuning-operator.adoc,full,,
Configure the Multiarch Tuning Operator,"When I want to simplify architecture-aware scheduling, I want to install and configure the Multiarch Tuning Operator with ClusterPodPlacementConfig, so I can automate architecture predicate injection into pod specifications.",,full,modules/multi-arch-creating-podplacment-config.adoc,post_installation_configuration/configuring-multi-arch-compute-machines/multiarch-tuning-operator.adoc,full,,
Configure the Multiarch Tuning Operator,"When I want to simplify architecture-aware scheduling, I want to install and configure the Multiarch Tuning Operator with ClusterPodPlacementConfig, so I can automate architecture predicate injection into pod specifications.",,full,modules/multi-arch-creating-podplacment-config-using-cli.adoc,post_installation_configuration/configuring-multi-arch-compute-machines/multiarch-tuning-operator.adoc,full,,
Configure the Multiarch Tuning Operator,"When I want to simplify architecture-aware scheduling, I want to install and configure the Multiarch Tuning Operator with ClusterPodPlacementConfig, so I can automate architecture predicate injection into pod specifications.",,full,modules/multi-arch-creating-podplacment-config-using-web-console.adoc,post_installation_configuration/configuring-multi-arch-compute-machines/multiarch-tuning-operator.adoc,full,,
Configure the Multiarch Tuning Operator,"When I want to simplify architecture-aware scheduling, I want to install and configure the Multiarch Tuning Operator with ClusterPodPlacementConfig, so I can automate architecture predicate injection into pod specifications.",,full,modules/multi-arch-creating-namespace-podplacement-config.adoc,post_installation_configuration/configuring-multi-arch-compute-machines/multiarch-tuning-operator.adoc,full,,
Configure the Multiarch Tuning Operator,"When I want to simplify architecture-aware scheduling, I want to install and configure the Multiarch Tuning Operator with ClusterPodPlacementConfig, so I can automate architecture predicate injection into pod specifications.",,full,modules/multi-arch-deleting-podplacment-config-using-cli.adoc,post_installation_configuration/configuring-multi-arch-compute-machines/multiarch-tuning-operator.adoc,full,,
Configure the Multiarch Tuning Operator,"When I want to simplify architecture-aware scheduling, I want to install and configure the Multiarch Tuning Operator with ClusterPodPlacementConfig, so I can automate architecture predicate injection into pod specifications.",,full,modules/multi-arch-deleting-podplacment-config-using-web-console.adoc,post_installation_configuration/configuring-multi-arch-compute-machines/multiarch-tuning-operator.adoc,full,,
Install Multiarch Tuning Operator via CLI,"When deploying automation for multi-arch scheduling, I want to install the Multiarch Tuning Operator using oc commands and YAML manifests, so I can enable architecture-aware scheduling in my CI/CD pipelines.",,full,modules/multi-arch-installing-using-cli.adoc,post_installation_configuration/configuring-multi-arch-compute-machines/multiarch-tuning-operator.adoc,full,,
Install Multiarch Tuning Operator via web console,"When configuring multi-arch support interactively, I want to install the Multiarch Tuning Operator through the OpenShift web console, so I can quickly enable architecture-aware scheduling without writing YAML.",,full,modules/multi-arch-installing-using-web-console.adoc,post_installation_configuration/configuring-multi-arch-compute-machines/multiarch-tuning-operator.adoc,full,,
Configure node resource limits,"When sizing cluster nodes, I want to configure podsPerCore and maxPods parameters appropriately, so I can prevent resource exhaustion and maintain stable node performance.",,full,modules/nodes-nodes-managing-max-pods-proc.adoc,nodes/nodes/nodes-nodes-managing-max-pods.adoc,full,,
Configure node resource limits,"When sizing cluster nodes, I want to configure podsPerCore and maxPods parameters appropriately, so I can prevent resource exhaustion and maintain stable node performance.",,full,modules/nodes-nodes-resources-configuring-about.adoc,nodes/nodes/nodes-nodes-resources-configuring.adoc,full,,
Configure node resource limits,"When sizing cluster nodes, I want to configure podsPerCore and maxPods parameters appropriately, so I can prevent resource exhaustion and maintain stable node performance.",,full,modules/nodes-nodes-resources-configuring-setting.adoc,nodes/nodes/nodes-nodes-resources-configuring.adoc,full,,
Configure node resource limits,"When sizing cluster nodes, I want to configure podsPerCore and maxPods parameters appropriately, so I can prevent resource exhaustion and maintain stable node performance.",,full,modules/sd-understanding-process-id-limits.adoc,nodes/nodes/nodes-nodes-resources-configuring.adoc,full,,
Configure node resource limits,"When sizing cluster nodes, I want to configure podsPerCore and maxPods parameters appropriately, so I can prevent resource exhaustion and maintain stable node performance.",,full,modules/risks-setting-higher-process-id-limits.adoc,nodes/nodes/nodes-nodes-resources-configuring.adoc,full,,
Create KubeletConfig CR to edit kubelet parameters,"When customizing node behavior, I want to create KubeletConfig custom resources with settings like maxPods, podPidsLimit, and containerLogMaxSize, so I can tune kubelet configuration for specific machine config pools.",,full,modules/create-a-kubeletconfig-crd-to-edit-kubelet-parameters.adoc,machine_configuration/machine-configs-custom.adoc,full,,
Modify number of unavailable worker nodes,"When applying kubelet configuration changes, I want to adjust the maxUnavailable setting in machine config pool to control update concurrency, so I can balance configuration rollout speed with application availability.",,full,modules/modify-unavailable-workers.adoc,post_installation_configuration/node-tasks.adoc,full,,
Manage cluster overcommitment,"When configuring cluster resources, I want to set the parameters of resource overcommitment so that the cluster does not become overloaded.",,full,modules/nodes-cluster-overcommit-resource-requests.adoc,nodes/clusters/nodes-cluster-overcommit.adoc,full,,
Manage cluster overcommitment,"When configuring cluster resources, I want to set the parameters of resource overcommitment so that the cluster does not become overloaded.",,full,modules/nodes-cluster-resource-override.adoc,nodes/clusters/nodes-cluster-overcommit.adoc,full,,
Manage cluster overcommitment,"When configuring cluster resources, I want to set the parameters of resource overcommitment so that the cluster does not become overloaded.",,full,modules/nodes-cluster-resource-override-deploy-console.adoc,nodes/clusters/nodes-cluster-overcommit.adoc,full,,
Manage cluster overcommitment,"When configuring cluster resources, I want to set the parameters of resource overcommitment so that the cluster does not become overloaded.",,full,modules/nodes-cluster-resource-override-deploy-cli.adoc,nodes/clusters/nodes-cluster-overcommit.adoc,full,,
Manage cluster overcommitment,"When configuring cluster resources, I want to set the parameters of resource overcommitment so that the cluster does not become overloaded.",,full,modules/nodes-cluster-resource-configure.adoc,nodes/clusters/nodes-cluster-overcommit.adoc,full,,
Manage cluster overcommitment,"When configuring cluster resources, I want to set the parameters of resource overcommitment so that the cluster does not become overloaded.",,full,modules/nodes-cluster-node-overcommit.adoc,nodes/clusters/nodes-cluster-overcommit.adoc,full,,
Manage cluster overcommitment,"When configuring cluster resources, I want to set the parameters of resource overcommitment so that the cluster does not become overloaded.",,full,modules/nodes-cluster-overcommit-resources-containers.adoc,nodes/clusters/nodes-cluster-overcommit.adoc,full,,
Manage cluster overcommitment,"When configuring cluster resources, I want to set the parameters of resource overcommitment so that the cluster does not become overloaded.",,full,modules/nodes-cluster-overcommit-qos-about.adoc,nodes/clusters/nodes-cluster-overcommit.adoc,full,,
Manage cluster overcommitment,"When configuring cluster resources, I want to set the parameters of resource overcommitment so that the cluster does not become overloaded.",,full,modules/nodes-qos-about-swap.adoc,nodes/clusters/nodes-cluster-overcommit.adoc,full,,
Manage cluster overcommitment,"When configuring cluster resources, I want to set the parameters of resource overcommitment so that the cluster does not become overloaded.",,full,modules/nodes-cluster-overcommit-configure-nodes.adoc,nodes/clusters/nodes-cluster-overcommit.adoc,full,,
Manage cluster overcommitment,"When configuring cluster resources, I want to set the parameters of resource overcommitment so that the cluster does not become overloaded.",,full,modules/nodes-cluster-overcommit-node-enforcing.adoc,nodes/clusters/nodes-cluster-overcommit.adoc,full,,
Manage cluster overcommitment,"When configuring cluster resources, I want to set the parameters of resource overcommitment so that the cluster does not become overloaded.",,full,modules/nodes-cluster-overcommit-node-resources.adoc,nodes/clusters/nodes-cluster-overcommit.adoc,full,,
Manage cluster overcommitment,"When configuring cluster resources, I want to set the parameters of resource overcommitment so that the cluster does not become overloaded.",,full,modules/nodes-cluster-overcommit-node-disable.adoc,nodes/clusters/nodes-cluster-overcommit.adoc,full,,
Manage cluster overcommitment,"When configuring cluster resources, I want to set the parameters of resource overcommitment so that the cluster does not become overloaded.",,full,modules/nodes-cluster-project-overcommit.adoc,nodes/clusters/nodes-cluster-overcommit.adoc,full,,
Manage cluster overcommitment,"When configuring cluster resources, I want to set the parameters of resource overcommitment so that the cluster does not become overloaded.",,full,modules/nodes-cluster-overcommit-project-disable.adoc,nodes/clusters/nodes-cluster-overcommit.adoc,full,,
Configure the Image Registry Operator > 6.1 Operator architecture and platform defaults,Configure the Image Registry Operator > 6.1 Operator architecture and platform defaults,Configure the Image Registry Operator,full,modules/registry-removed.adoc,registry/configuring-registry-operator.adoc,full,,
Configure the Image Registry Operator > 6.1 Operator architecture and platform defaults,Configure the Image Registry Operator > 6.1 Operator architecture and platform defaults,Configure the Image Registry Operator,full,modules/registry-operator-configuration-resource-overview.adoc,registry/configuring-registry-operator.adoc,full,,
Configure the Image Registry Operator > 6.1 Operator architecture and platform defaults,Configure the Image Registry Operator > 6.1 Operator architecture and platform defaults,Configure the Image Registry Operator,full,modules/registry-operator-default-crd.adoc,registry/configuring-registry-operator.adoc,full,,
Configure the Image Registry Operator > 6.2 Availability zone distribution,Configure the Image Registry Operator > 6.2 Availability zone distribution,Configure the Image Registry Operator,full,modules/registry-operator-distribution-across-availability-zones.adoc,registry/configuring-registry-operator.adoc,full,,
Configure the Image Registry Operator > 6.3 Enable default external route,Configure the Image Registry Operator > 6.3 Enable default external route,Configure the Image Registry Operator,full,modules/registry-exposing-default-registry-manually.adoc,registry/securing-exposing-registry.adoc,full,,
Configure the Image Registry Operator > 6.3 Enable default external route,Configure the Image Registry Operator > 6.3 Enable default external route,Configure the Image Registry Operator,full,modules/registry-exposing-secure-registry-manually.adoc,registry/securing-exposing-registry.adoc,full,,
Configure the Image Registry Operator > 6.4 Configure additional trust stores,Configure the Image Registry Operator > 6.4 Configure additional trust stores,Configure the Image Registry Operator,full,modules/images-configuration-cas.adoc,registry/configuring-registry-operator.adoc,full,,
Configure the Image Registry Operator > 6.5 Configure storage credentials,Configure the Image Registry Operator > 6.5 Configure storage credentials,Configure the Image Registry Operator,full,modules/registry-operator-config-resources-storage-credentials.adoc,registry/configuring-registry-operator.adoc,full,,
Configure the image registry after installation > 7.1 Re-enable a removed image registry,Configure the image registry after installation > 7.1 Re-enable a removed image registry,Configure the image registry after installation,full,modules/registry-removed.adoc,registry/configuring_registry_storage/configuring-registry-storage-baremetal.adoc,full,,
Configure the image registry after installation > 7.1 Re-enable a removed image registry,Configure the image registry after installation > 7.1 Re-enable a removed image registry,Configure the image registry after installation,full,modules/installation-registry-storage-config.adoc,registry/configuring_registry_storage/configuring-registry-storage-baremetal.adoc,full,"ifeval context dispatch: source assembly context 'configuring-registry-storage-baremetal' matches none of one of the module's ==  branches (installing-aws-user-infra, installing-restricted-networks-aws); the job map must render this module under that context",
Configure the image registry after installation > 7.1 Re-enable a removed image registry,Configure the image registry after installation > 7.1 Re-enable a removed image registry,Configure the image registry after installation,full,modules/registry-configuring-storage-baremetal.adoc,registry/configuring_registry_storage/configuring-registry-storage-baremetal.adoc,full,"ifeval context dispatch: source assembly context 'configuring-registry-storage-baremetal' matches none of one of the module's ==  branches (installing-ibm-power, installing-ibm-z, installing-ibm-z-kvm, installing-ibm-z-lpar, installing-restricted-networks-ibm-power, installing-restricted-networks-ibm-z, installing-restricted-networks-ibm-z-kvm, installing-restricted-networks-ibm-z-lpar); the job map must render this module under that context",
Configure the image registry after installation > 7.2 Change management state of the image registry,Configure the image registry after installation > 7.2 Change management state of the image registry,Configure the image registry after installation,full,modules/registry-change-management-state.adoc,registry/configuring_registry_storage/configuring-registry-storage-baremetal.adoc,full,,
Configure registry storage by platform > 8.1 AWS user-infrastructure infrastructure,Configure registry storage by platform > 8.1 AWS user-infrastructure infrastructure,Configure registry storage by platform,full,modules/registry-operator-config-resources-secret-aws.adoc,registry/configuring_registry_storage/configuring-registry-storage-aws-user-infrastructure.adoc,full,,
Configure registry storage by platform > 8.1 AWS user-infrastructure infrastructure,Configure registry storage by platform > 8.1 AWS user-infrastructure infrastructure,Configure registry storage by platform,full,modules/registry-configuring-storage-aws-user-infra.adoc,registry/configuring_registry_storage/configuring-registry-storage-aws-user-infrastructure.adoc,full,,
Configure registry storage by platform > 8.1 AWS user-infrastructure infrastructure,Configure registry storage by platform > 8.1 AWS user-infrastructure infrastructure,Configure registry storage by platform,full,modules/registry-operator-configuration-resource-overview-aws-s3.adoc,registry/configuring_registry_storage/configuring-registry-storage-aws-user-infrastructure.adoc,full,,
Configure registry storage by platform > 8.2 Google Cloud user-infrastructure infrastructure,Configure registry storage by platform > 8.2 Google Cloud user-infrastructure infrastructure,Configure registry storage by platform,full,modules/registry-operator-config-resources-secret-gcp.adoc,registry/configuring_registry_storage/configuring-registry-storage-gcp-user-infrastructure.adoc,full,,
Configure registry storage by platform > 8.2 Google Cloud user-infrastructure infrastructure,Configure registry storage by platform > 8.2 Google Cloud user-infrastructure infrastructure,Configure registry storage by platform,full,modules/registry-configuring-storage-gcp-user-infra.adoc,registry/configuring_registry_storage/configuring-registry-storage-gcp-user-infrastructure.adoc,full,,
Configure registry storage by platform > 8.2 Google Cloud user-infrastructure infrastructure,Configure registry storage by platform > 8.2 Google Cloud user-infrastructure infrastructure,Configure registry storage by platform,full,modules/registry-operator-configuration-resource-overview-gcp-gcs.adoc,registry/configuring_registry_storage/configuring-registry-storage-gcp-user-infrastructure.adoc,full,,
Configure registry storage by platform > 8.3 OpenStack user-provisioned infrastructure,Configure registry storage by platform > 8.3 OpenStack user-provisioned infrastructure,Configure registry storage by platform,full,modules/registry-configuring-registry-storage-swift-trust.adoc,registry/configuring_registry_storage/configuring-registry-storage-openstack-user-infrastructure.adoc,full,,
Configure registry storage by platform > 8.3 OpenStack user-provisioned infrastructure,Configure registry storage by platform > 8.3 OpenStack user-provisioned infrastructure,Configure registry storage by platform,full,modules/registry-operator-config-resources-secret-openstack.adoc,registry/configuring_registry_storage/configuring-registry-storage-openstack-user-infrastructure.adoc,full,,
Configure registry storage by platform > 8.3 OpenStack user-provisioned infrastructure,Configure registry storage by platform > 8.3 OpenStack user-provisioned infrastructure,Configure registry storage by platform,full,modules/registry-configuring-storage-openstack-user-infra.adoc,registry/configuring_registry_storage/configuring-registry-storage-openstack-user-infrastructure.adoc,full,,
Configure registry storage by platform > 8.3 OpenStack user-provisioned infrastructure,Configure registry storage by platform > 8.3 OpenStack user-provisioned infrastructure,Configure registry storage by platform,full,modules/registry-operator-configuration-resource-overview-openstack-swift.adoc,registry/configuring_registry_storage/configuring-registry-storage-openstack-user-infrastructure.adoc,full,,
Configure registry storage by platform > 8.4 Azure user-provisioned infrastructure,Configure registry storage by platform > 8.4 Azure user-provisioned infrastructure,Configure registry storage by platform,full,modules/registry-operator-config-resources-secret-azure.adoc,registry/configuring_registry_storage/configuring-registry-storage-azure-user-infrastructure.adoc,full,,
Configure registry storage by platform > 8.4 Azure user-provisioned infrastructure,Configure registry storage by platform > 8.4 Azure user-provisioned infrastructure,Configure registry storage by platform,full,modules/registry-configuring-storage-azure-user-infra.adoc,registry/configuring_registry_storage/configuring-registry-storage-azure-user-infrastructure.adoc,full,,
Configure registry storage by platform > 8.4 Azure user-provisioned infrastructure,Configure registry storage by platform > 8.4 Azure user-provisioned infrastructure,Configure registry storage by platform,full,modules/registry-configuring-storage-azure-gov-cloud.adoc,registry/configuring_registry_storage/configuring-registry-storage-azure-user-infrastructure.adoc,full,,
Configure registry storage by platform > 8.5 OpenStack installer-provisioned infrastructure (Cinder PVC),Configure registry storage by platform > 8.5 OpenStack installer-provisioned infrastructure (Cinder PVC),Configure registry storage by platform,full,modules/installation-registry-osp-creating-custom-pvc.adoc,registry/configuring_registry_storage/configuring-registry-storage-osp.adoc,full,,
Configure registry storage by platform > 8.6 Bare metal,Configure registry storage by platform > 8.6 Bare metal,Configure registry storage by platform,full,modules/registry-configuring-storage-baremetal.adoc,registry/configuring_registry_storage/configuring-registry-storage-baremetal.adoc,full,"ifeval context dispatch: source assembly context 'configuring-registry-storage-baremetal' matches none of one of the module's ==  branches (installing-ibm-power, installing-ibm-z, installing-ibm-z-kvm, installing-ibm-z-lpar, installing-restricted-networks-ibm-power, installing-restricted-networks-ibm-z, installing-restricted-networks-ibm-z-kvm, installing-restricted-networks-ibm-z-lpar); the job map must render this module under that context",
Configure registry storage by platform > 8.6 Bare metal,Configure registry storage by platform > 8.6 Bare metal,Configure registry storage by platform,full,modules/installation-registry-storage-config.adoc,registry/configuring_registry_storage/configuring-registry-storage-baremetal.adoc,full,"ifeval context dispatch: source assembly context 'configuring-registry-storage-baremetal' matches none of one of the module's ==  branches (installing-aws-user-infra, installing-restricted-networks-aws); the job map must render this module under that context",
Configure registry storage by platform > 8.6 Bare metal,Configure registry storage by platform > 8.6 Bare metal,Configure registry storage by platform,full,modules/installation-registry-storage-non-production.adoc,registry/configuring_registry_storage/configuring-registry-storage-baremetal.adoc,full,,
Configure registry storage by platform > 8.6 Bare metal,Configure registry storage by platform > 8.6 Bare metal,Configure registry storage by platform,full,modules/installation-registry-storage-block-recreate-rollout-bare-metal.adoc,registry/configuring_registry_storage/configuring-registry-storage-baremetal.adoc,full,,
Configure registry storage by platform > 8.7 VMware vSphere,Configure registry storage by platform > 8.7 VMware vSphere,Configure registry storage by platform,full,modules/registry-configuring-storage-vsphere.adoc,registry/configuring_registry_storage/configuring-registry-storage-vsphere.adoc,full,,
Configure registry storage by platform > 8.7 VMware vSphere,Configure registry storage by platform > 8.7 VMware vSphere,Configure registry storage by platform,full,modules/installation-registry-storage-config.adoc,registry/configuring_registry_storage/configuring-registry-storage-vsphere.adoc,full,"ifeval context dispatch: source assembly context 'configuring-registry-storage-vsphere' matches none of one of the module's ==  branches (installing-aws-user-infra, installing-restricted-networks-aws); the job map must render this module under that context",
Configure registry storage by platform > 8.7 VMware vSphere,Configure registry storage by platform > 8.7 VMware vSphere,Configure registry storage by platform,full,modules/installation-registry-storage-non-production.adoc,registry/configuring_registry_storage/configuring-registry-storage-vsphere.adoc,full,,
Configure registry storage by platform > 8.7 VMware vSphere,Configure registry storage by platform > 8.7 VMware vSphere,Configure registry storage by platform,full,modules/installation-registry-storage-block-recreate-rollout.adoc,registry/configuring_registry_storage/configuring-registry-storage-vsphere.adoc,full,,
"Configure registry storage by platform > 8.8 OpenShift Data Foundation (Ceph, RGW, Noobaa, CephFS)","Configure registry storage by platform > 8.8 OpenShift Data Foundation (Ceph, RGW, Noobaa, CephFS)",Configure registry storage by platform,full,modules/registry-configuring-registry-storage-rhodf-cephrgw.adoc,registry/configuring_registry_storage/configuring-registry-storage-rhodf.adoc,full,,
"Configure registry storage by platform > 8.8 OpenShift Data Foundation (Ceph, RGW, Noobaa, CephFS)","Configure registry storage by platform > 8.8 OpenShift Data Foundation (Ceph, RGW, Noobaa, CephFS)",Configure registry storage by platform,full,modules/registry-configuring-registry-storage-rhodf-nooba.adoc,registry/configuring_registry_storage/configuring-registry-storage-rhodf.adoc,full,,
"Configure registry storage by platform > 8.8 OpenShift Data Foundation (Ceph, RGW, Noobaa, CephFS)","Configure registry storage by platform > 8.8 OpenShift Data Foundation (Ceph, RGW, Noobaa, CephFS)",Configure registry storage by platform,full,modules/registry-configuring-registry-storage-rhodf-cephfs.adoc,registry/configuring_registry_storage/configuring-registry-storage-rhodf.adoc,full,,
Configure registry storage by platform > 8.9 Nutanix,Configure registry storage by platform > 8.9 Nutanix,Configure registry storage by platform,full,modules/configuring-registry-storage-nutanix.adoc,registry/configuring_registry_storage/configuring-registry-storage-nutanix.adoc,full,,
Configure registry storage by platform > 8.9 Nutanix,Configure registry storage by platform > 8.9 Nutanix,Configure registry storage by platform,full,modules/installation-registry-storage-config.adoc,registry/configuring_registry_storage/configuring-registry-storage-nutanix.adoc,full,"ifeval context dispatch: source assembly context 'configuring-registry-storage-nutanix' matches none of one of the module's ==  branches (installing-aws-user-infra, installing-restricted-networks-aws); the job map must render this module under that context",
Configure registry storage by platform > 8.9 Nutanix,Configure registry storage by platform > 8.9 Nutanix,Configure registry storage by platform,full,modules/installation-registry-storage-non-production.adoc,registry/configuring_registry_storage/configuring-registry-storage-nutanix.adoc,full,,
Configure registry storage by platform > 8.9 Nutanix,Configure registry storage by platform > 8.9 Nutanix,Configure registry storage by platform,full,modules/installation-registry-storage-block-recreate-rollout-nutanix.adoc,registry/configuring_registry_storage/configuring-registry-storage-nutanix.adoc,full,,
Configure the Image Registry Operator,"When I operate OpenShift's integrated image registry, I want to configure the Image Registry Operator through its CRD and related resources, so I can control registry state, storage, routing, and deployment settings for my platform.",,full,modules/registry-removed.adoc,registry/configuring-registry-operator.adoc,full,,
Configure the Image Registry Operator,"When I operate OpenShift's integrated image registry, I want to configure the Image Registry Operator through its CRD and related resources, so I can control registry state, storage, routing, and deployment settings for my platform.",,full,modules/registry-operator-distribution-across-availability-zones.adoc,registry/configuring-registry-operator.adoc,full,,
Configure the Image Registry Operator,"When I operate OpenShift's integrated image registry, I want to configure the Image Registry Operator through its CRD and related resources, so I can control registry state, storage, routing, and deployment settings for my platform.",,full,modules/registry-operator-configuration-resource-overview.adoc,registry/configuring-registry-operator.adoc,full,,
Configure the Image Registry Operator,"When I operate OpenShift's integrated image registry, I want to configure the Image Registry Operator through its CRD and related resources, so I can control registry state, storage, routing, and deployment settings for my platform.",,full,modules/registry-operator-default-crd.adoc,registry/configuring-registry-operator.adoc,full,,
Configure the Image Registry Operator,"When I operate OpenShift's integrated image registry, I want to configure the Image Registry Operator through its CRD and related resources, so I can control registry state, storage, routing, and deployment settings for my platform.",,full,modules/images-configuration-cas.adoc,registry/configuring-registry-operator.adoc,full,,
Configure the Image Registry Operator,"When I operate OpenShift's integrated image registry, I want to configure the Image Registry Operator through its CRD and related resources, so I can control registry state, storage, routing, and deployment settings for my platform.",,full,modules/registry-operator-config-resources-storage-credentials.adoc,registry/configuring-registry-operator.adoc,full,,
Configure the image registry after installation,"When I install OpenShift Container Platform on bare metal, Nutanix, or vSphere without shareable object storage, I want to re-enable and configure the integrated image registry after installation, so I can use cluster-local image management on those platforms.",,full,modules/registry-removed.adoc,registry/configuring_registry_storage/configuring-registry-storage-baremetal.adoc,full,,
Configure the image registry after installation,"When I install OpenShift Container Platform on bare metal, Nutanix, or vSphere without shareable object storage, I want to re-enable and configure the integrated image registry after installation, so I can use cluster-local image management on those platforms.",,full,modules/registry-change-management-state.adoc,registry/configuring_registry_storage/configuring-registry-storage-baremetal.adoc,full,,
Configure the image registry after installation,"When I install OpenShift Container Platform on bare metal, Nutanix, or vSphere without shareable object storage, I want to re-enable and configure the integrated image registry after installation, so I can use cluster-local image management on those platforms.",,full,modules/installation-registry-storage-config.adoc,registry/configuring_registry_storage/configuring-registry-storage-baremetal.adoc,full,"ifeval context dispatch: source assembly context 'configuring-registry-storage-baremetal' matches none of one of the module's ==  branches (installing-aws-user-infra, installing-restricted-networks-aws); the job map must render this module under that context",
Configure the image registry after installation,"When I install OpenShift Container Platform on bare metal, Nutanix, or vSphere without shareable object storage, I want to re-enable and configure the integrated image registry after installation, so I can use cluster-local image management on those platforms.",,full,modules/registry-configuring-storage-baremetal.adoc,registry/configuring_registry_storage/configuring-registry-storage-baremetal.adoc,full,"ifeval context dispatch: source assembly context 'configuring-registry-storage-baremetal' matches none of one of the module's ==  branches (installing-ibm-power, installing-ibm-z, installing-ibm-z-kvm, installing-ibm-z-lpar, installing-restricted-networks-ibm-power, installing-restricted-networks-ibm-z, installing-restricted-networks-ibm-z-kvm, installing-restricted-networks-ibm-z-lpar); the job map must render this module under that context",
Configure the image registry after installation,"When I install OpenShift Container Platform on bare metal, Nutanix, or vSphere without shareable object storage, I want to re-enable and configure the integrated image registry after installation, so I can use cluster-local image management on those platforms.",,full,modules/installation-registry-storage-non-production.adoc,registry/configuring_registry_storage/configuring-registry-storage-baremetal.adoc,full,,
Configure the image registry after installation,"When I install OpenShift Container Platform on bare metal, Nutanix, or vSphere without shareable object storage, I want to re-enable and configure the integrated image registry after installation, so I can use cluster-local image management on those platforms.",,full,modules/installation-registry-storage-block-recreate-rollout-bare-metal.adoc,registry/configuring_registry_storage/configuring-registry-storage-baremetal.adoc,full,,
Configure registry storage by platform,"When I need durable storage for the integrated registry, I want platform-specific storage configuration, so container images persist on infrastructure appropriate to my cluster.",,full,modules/registry-configuring-storage-aws-user-infra.adoc,registry/configuring_registry_storage/configuring-registry-storage-aws-user-infrastructure.adoc,full,,
Configure registry storage by platform,"When I need durable storage for the integrated registry, I want platform-specific storage configuration, so container images persist on infrastructure appropriate to my cluster.",,full,modules/registry-configuring-storage-gcp-user-infra.adoc,registry/configuring_registry_storage/configuring-registry-storage-gcp-user-infrastructure.adoc,full,,
Configure registry storage by platform,"When I need durable storage for the integrated registry, I want platform-specific storage configuration, so container images persist on infrastructure appropriate to my cluster.",,full,modules/registry-configuring-storage-openstack-user-infra.adoc,registry/configuring_registry_storage/configuring-registry-storage-openstack-user-infrastructure.adoc,full,,
Configure registry storage by platform,"When I need durable storage for the integrated registry, I want platform-specific storage configuration, so container images persist on infrastructure appropriate to my cluster.",,full,modules/registry-configuring-storage-azure-user-infra.adoc,registry/configuring_registry_storage/configuring-registry-storage-azure-user-infrastructure.adoc,full,,
Configure registry storage by platform,"When I need durable storage for the integrated registry, I want platform-specific storage configuration, so container images persist on infrastructure appropriate to my cluster.",,full,modules/installation-registry-osp-creating-custom-pvc.adoc,registry/configuring_registry_storage/configuring-registry-storage-osp.adoc,full,,
Configure registry storage by platform,"When I need durable storage for the integrated registry, I want platform-specific storage configuration, so container images persist on infrastructure appropriate to my cluster.",,full,modules/registry-configuring-storage-baremetal.adoc,registry/configuring_registry_storage/configuring-registry-storage-baremetal.adoc,full,"ifeval context dispatch: source assembly context 'configuring-registry-storage-baremetal' matches none of one of the module's ==  branches (installing-ibm-power, installing-ibm-z, installing-ibm-z-kvm, installing-ibm-z-lpar, installing-restricted-networks-ibm-power, installing-restricted-networks-ibm-z, installing-restricted-networks-ibm-z-kvm, installing-restricted-networks-ibm-z-lpar); the job map must render this module under that context",
Configure registry storage by platform,"When I need durable storage for the integrated registry, I want platform-specific storage configuration, so container images persist on infrastructure appropriate to my cluster.",,full,modules/registry-configuring-storage-vsphere.adoc,registry/configuring_registry_storage/configuring-registry-storage-vsphere.adoc,full,,
Configure registry storage by platform,"When I need durable storage for the integrated registry, I want platform-specific storage configuration, so container images persist on infrastructure appropriate to my cluster.",,full,modules/configuring-registry-storage-nutanix.adoc,registry/configuring_registry_storage/configuring-registry-storage-nutanix.adoc,full,,
Configure registry storage by platform,"When I need durable storage for the integrated registry, I want platform-specific storage configuration, so container images persist on infrastructure appropriate to my cluster.",,full,modules/registry-configuring-registry-storage-rhodf-cephrgw.adoc,registry/configuring_registry_storage/configuring-registry-storage-rhodf.adoc,full,,
Configure registry storage by platform,"When I need durable storage for the integrated registry, I want platform-specific storage configuration, so container images persist on infrastructure appropriate to my cluster.",,full,modules/registry-configuring-registry-storage-rhodf-nooba.adoc,registry/configuring_registry_storage/configuring-registry-storage-rhodf.adoc,full,,
Configure registry storage by platform,"When I need durable storage for the integrated registry, I want platform-specific storage configuration, so container images persist on infrastructure appropriate to my cluster.",,full,modules/registry-configuring-registry-storage-rhodf-cephfs.adoc,registry/configuring_registry_storage/configuring-registry-storage-rhodf.adoc,full,,
Enable the Developer perspective,"When cluster users need developer-specific UI workflows, I want to enable the Developer perspective, so I can provide tailored experiences for application development teams.",,full,modules/odc-customizing-user-perspectives.adoc,web_console/customizing-the-web-console.adoc,full,,
Enable the Developer perspective,"When cluster users need developer-specific UI workflows, I want to enable the Developer perspective, so I can provide tailored experiences for application development teams.",,full,modules/odc-customizing-a-perspective-using-YAML-view.adoc,web_console/customizing-the-web-console.adoc,full,,
Enable the Developer perspective,"When cluster users need developer-specific UI workflows, I want to enable the Developer perspective, so I can provide tailored experiences for application development teams.",,full,modules/odc-customizing-a-perspective-using-form-view.adoc,web_console/customizing-the-web-console.adoc,full,,
Set user preferences,"When customizing my console experience, I want to set default preferences for my profile, so I can work more efficiently with preferred settings.",,full,modules/odc-setting-user-preferences.adoc,web_console/adding-user-preferences.adoc,full,,
Configure theme and language preferences,"When personalizing the console interface, I want to configure theme, project, topology view, and language preferences, so I can optimize my workflow.",,full,modules/odc-setting-user-preferences.adoc,web_console/adding-user-preferences.adoc,full,"theme, project, topology view and language are all set in this one module","Fully covered, but by exactly the same module as the 'Set user preferences' job - the two jobs are not separable in the current content."
Configure the web console,"When managing console behavior, I want to configure logout redirects and quick start visibility, so I can control the console user experience.",,full,modules/web-console-configuration.adoc,web_console/configuring-web-console.adoc,full,,
Configure the web console,"When managing console behavior, I want to configure logout redirects and quick start visibility, so I can control the console user experience.",,full,modules/disable-quickstarts-admin-console.adoc,web_console/configuring-web-console.adoc,full,,
Configure web terminal timeout and image settings,"When managing terminal instances, I want to configure timeout and image settings, so I can control terminal behavior and resource usage.",,full,modules/odc-configure-web-terminal-timeout-session.adoc,web_console/web_terminal/configuring-web-terminal.adoc,full,,
Configure web terminal timeout and image settings,"When managing terminal instances, I want to configure timeout and image settings, so I can control terminal behavior and resource usage.",,full,modules/configure-web-terminal-timeout-admin.adoc,web_console/web_terminal/configuring-web-terminal.adoc,full,,
Configure web terminal timeout and image settings,"When managing terminal instances, I want to configure timeout and image settings, so I can control terminal behavior and resource usage.",,full,modules/odc-configure-web-terminal-image-session.adoc,web_console/web_terminal/configuring-web-terminal.adoc,full,,
Configure web terminal timeout and image settings,"When managing terminal instances, I want to configure timeout and image settings, so I can control terminal behavior and resource usage.",,full,modules/configure-web-terminal-image-admin.adoc,web_console/web_terminal/configuring-web-terminal.adoc,full,,
Disable the web console,"When restricting console access for security or operational reasons, I want to disable the web console, so I can enforce CLI-only cluster access.",,full,modules/web-console-disable.adoc,web_console/disabling-web-console.adoc,full,,
