module,source_assembly,docs_dir,gap_branch_count,gap_on,all_branches
modules/ai-operators.adoc,ai_workloads/index.adoc,ai_workloads,5,main;4.20;4.21;4.22;5.0,yes
modules/about-jobset.adoc,ai_workloads/jobset_operator/index.adoc,ai_workloads,5,main;4.20;4.21;4.22;5.0,yes
modules/installing-jobset.adoc,ai_workloads/jobset_operator/jobset-install.adoc,ai_workloads,5,main;4.20;4.21;4.22;5.0,yes
modules/jobset-release-notes-1-0.adoc,ai_workloads/jobset_operator/jobset-release-notes.adoc,ai_workloads,5,main;4.20;4.21;4.22;5.0,yes
modules/jobset-remove-resources.adoc,ai_workloads/jobset_operator/jobset-uninstall.adoc,ai_workloads,5,main;4.20;4.21;4.22;5.0,yes
modules/uninstall-jobset.adoc,ai_workloads/jobset_operator/jobset-uninstall.adoc,ai_workloads,5,main;4.20;4.21;4.22;5.0,yes
modules/jobset-config.adoc,ai_workloads/jobset_operator/managing-jobset.adoc,ai_workloads,5,main;4.20;4.21;4.22;5.0,yes
modules/jobset-coordinator.adoc,ai_workloads/jobset_operator/managing-jobset.adoc,ai_workloads,5,main;4.20;4.21;4.22;5.0,yes
modules/jobset-failure-policy.adoc,ai_workloads/jobset_operator/managing-jobset.adoc,ai_workloads,5,main;4.20;4.21;4.22;5.0,yes
modules/jobset-volume-claim-policies.adoc,ai_workloads/jobset_operator/managing-jobset.adoc,ai_workloads,5,main;4.20;4.21;4.22;5.0,yes
modules/kueue-configuring-clusterqueue-for-admission-fair-sharing.adoc,ai_workloads/kueue/admission-fair-sharing.adoc,ai_workloads,5,main;4.20;4.21;4.22;5.0,yes
modules/kueue-configuring-kueue-instance-for-admission-fair-sharing.adoc,ai_workloads/kueue/admission-fair-sharing.adoc,ai_workloads,5,main;4.20;4.21;4.22;5.0,yes
modules/kueue-configuring-localqueue-for-admission-fair-sharing.adoc,ai_workloads/kueue/admission-fair-sharing.adoc,ai_workloads,5,main;4.20;4.21;4.22;5.0,yes
modules/kueue-setting-resource-weights.adoc,ai_workloads/kueue/admission-fair-sharing.adoc,ai_workloads,5,main;4.20;4.21;4.22;5.0,yes
modules/kueue-verifying-the-admission-fair-sharing-status.adoc,ai_workloads/kueue/admission-fair-sharing.adoc,ai_workloads,5,main;4.20;4.21;4.22;5.0,yes
modules/kueue-clusterqueue-share-value.adoc,ai_workloads/kueue/configuring-fairsharing.adoc,ai_workloads,5,main;4.20;4.21;4.22;5.0,yes
modules/kueue-configuring-clusterqueues.adoc,ai_workloads/kueue/configuring-quotas.adoc,ai_workloads,5,main;4.20;4.21;4.22;5.0,yes
modules/kueue-configuring-localqueue-defaults.adoc,ai_workloads/kueue/configuring-quotas.adoc,ai_workloads,5,main;4.20;4.21;4.22;5.0,yes
modules/kueue-configuring-localqueues.adoc,ai_workloads/kueue/configuring-quotas.adoc,ai_workloads,5,main;4.20;4.21;4.22;5.0,yes
modules/kueue-configuring-resourceflavors.adoc,ai_workloads/kueue/configuring-quotas.adoc,ai_workloads,5,main;4.20;4.21;4.22;5.0,yes
modules/kueue-configuring-gangscheduling.adoc,ai_workloads/kueue/gangscheduling.adoc,ai_workloads,5,main;4.20;4.21;4.22;5.0,yes
modules/kueue-gathering-cluster-data.adoc,ai_workloads/kueue/getting-support.adoc,ai_workloads,5,main;4.20;4.21;4.22;5.0,yes
modules/kueue-compatible-environments.adoc,ai_workloads/kueue/install-disconnected.adoc,ai_workloads,5,main;4.20;4.21;4.22;5.0,yes
modules/kueue-create-kueue-cr.adoc,ai_workloads/kueue/install-disconnected.adoc,ai_workloads,5,main;4.20;4.21;4.22;5.0,yes
modules/kueue-install-kueue-operator.adoc,ai_workloads/kueue/install-disconnected.adoc,ai_workloads,5,main;4.20;4.21;4.22;5.0,yes
modules/kueue-label-namespaces.adoc,ai_workloads/kueue/install-disconnected.adoc,ai_workloads,5,main;4.20;4.21;4.22;5.0,yes
modules/upgrading-kueue.adoc,ai_workloads/kueue/install-disconnected.adoc,ai_workloads,5,main;4.20;4.21;4.22;5.0,yes
modules/kueue-compatible-environments.adoc,ai_workloads/kueue/install-kueue.adoc,ai_workloads,5,main;4.20;4.21;4.22;5.0,yes
modules/kueue-create-kueue-cr.adoc,ai_workloads/kueue/install-kueue.adoc,ai_workloads,5,main;4.20;4.21;4.22;5.0,yes
modules/kueue-install-kueue-operator.adoc,ai_workloads/kueue/install-kueue.adoc,ai_workloads,5,main;4.20;4.21;4.22;5.0,yes
modules/kueue-label-namespaces.adoc,ai_workloads/kueue/install-kueue.adoc,ai_workloads,5,main;4.20;4.21;4.22;5.0,yes
modules/upgrading-kueue.adoc,ai_workloads/kueue/install-kueue.adoc,ai_workloads,5,main;4.20;4.21;4.22;5.0,yes
modules/kueue-installing-jobset.adoc,ai_workloads/kueue/integrating-jobset.adoc,ai_workloads,5,main;4.20;4.21;4.22;5.0,yes
modules/kueue-running-jobset.adoc,ai_workloads/kueue/integrating-jobset.adoc,ai_workloads,5,main;4.20;4.21;4.22;5.0,yes
modules/kueue-installing-lws.adoc,ai_workloads/kueue/integrating-lws.adoc,ai_workloads,5,main;4.20;4.21;4.22;5.0,yes
modules/kueue-running-lws.adoc,ai_workloads/kueue/integrating-lws.adoc,ai_workloads,5,main;4.20;4.21;4.22;5.0,yes
modules/kueue-configuring-labelpolicy.adoc,ai_workloads/kueue/managing-workloads.adoc,ai_workloads,5,main;4.20;4.21;4.22;5.0,yes
modules/kueue-label-namespaces.adoc,ai_workloads/kueue/managing-workloads.adoc,ai_workloads,5,main;4.20;4.21;4.22;5.0,yes
modules/kueue-configuring-api-priority-and-fairness.adoc,ai_workloads/kueue/monitoring-pending-workloads.adoc,ai_workloads,5,main;4.20;4.21;4.22;5.0,yes
modules/kueue-modifying-monitoring-settings.adoc,ai_workloads/kueue/monitoring-pending-workloads.adoc,ai_workloads,5,main;4.20;4.21;4.22;5.0,yes
modules/kueue-monitoring-pending-workloads-on-demand.adoc,ai_workloads/kueue/monitoring-pending-workloads.adoc,ai_workloads,5,main;4.20;4.21;4.22;5.0,yes
modules/kueue-providing-user-permissions.adoc,ai_workloads/kueue/monitoring-pending-workloads.adoc,ai_workloads,5,main;4.20;4.21;4.22;5.0,yes
modules/kueue-viewing-pending-workloads-clusterqueue.adoc,ai_workloads/kueue/monitoring-pending-workloads.adoc,ai_workloads,5,main;4.20;4.21;4.22;5.0,yes
modules/kueue-viewing-pending-workloads-localqueue.adoc,ai_workloads/kueue/monitoring-pending-workloads.adoc,ai_workloads,5,main;4.20;4.21;4.22;5.0,yes
modules/kueue-configure-rbac-batch-admins.adoc,ai_workloads/kueue/rbac-permissions.adoc,ai_workloads,5,main;4.20;4.21;4.22;5.0,yes
modules/kueue-configure-rbac-batch-users.adoc,ai_workloads/kueue/rbac-permissions.adoc,ai_workloads,5,main;4.20;4.21;4.22;5.0,yes
modules/kueue-compatible-environments.adoc,ai_workloads/kueue/release-notes.adoc,ai_workloads,5,main;4.20;4.21;4.22;5.0,yes
modules/kueue-release-notes-1-4-2.adoc,ai_workloads/kueue/release-notes.adoc,ai_workloads,5,main;4.20;4.21;4.22;5.0,yes
modules/kueue-release-notes-1.0.1.adoc,ai_workloads/kueue/release-notes.adoc,ai_workloads,5,main;4.20;4.21;4.22;5.0,yes
modules/kueue-release-notes-1.0.adoc,ai_workloads/kueue/release-notes.adoc,ai_workloads,5,main;4.20;4.21;4.22;5.0,yes
modules/kueue-release-notes-1.1.adoc,ai_workloads/kueue/release-notes.adoc,ai_workloads,5,main;4.20;4.21;4.22;5.0,yes
modules/kueue-release-notes-1.2.adoc,ai_workloads/kueue/release-notes.adoc,ai_workloads,5,main;4.20;4.21;4.22;5.0,yes
modules/kueue-release-notes-1.3.1.adoc,ai_workloads/kueue/release-notes.adoc,ai_workloads,5,main;4.20;4.21;4.22;5.0,yes
modules/kueue-release-notes-1.3.2.adoc,ai_workloads/kueue/release-notes.adoc,ai_workloads,5,main;4.20;4.21;4.22;5.0,yes
modules/kueue-release-notes-1.3.adoc,ai_workloads/kueue/release-notes.adoc,ai_workloads,5,main;4.20;4.21;4.22;5.0,yes
modules/kueue-release-notes-1.4.1.adoc,ai_workloads/kueue/release-notes.adoc,ai_workloads,5,main;4.20;4.21;4.22;5.0,yes
modules/kueue-release-notes-1.4.adoc,ai_workloads/kueue/release-notes.adoc,ai_workloads,5,main;4.20;4.21;4.22;5.0,yes
modules/kueue-defining-running-jobs.adoc,ai_workloads/kueue/running-kueue-jobs.adoc,ai_workloads,5,main;4.20;4.21;4.22;5.0,yes
modules/kueue-identifying-local-queues.adoc,ai_workloads/kueue/running-kueue-jobs.adoc,ai_workloads,5,main;4.20;4.21;4.22;5.0,yes
modules/kueue-clusterqueue-configuring-cohorts-reference.adoc,ai_workloads/kueue/using-cohorts.adoc,ai_workloads,5,main;4.20;4.21;4.22;5.0,yes
modules/lws-about.adoc,ai_workloads/leader_worker_set/index.adoc,ai_workloads,5,main;4.20;4.21;4.22;5.0,yes
modules/lws-arch.adoc,ai_workloads/leader_worker_set/index.adoc,ai_workloads,5,main;4.20;4.21;4.22;5.0,yes
modules/lws-config.adoc,ai_workloads/leader_worker_set/lws-managing.adoc,ai_workloads,5,main;4.20;4.21;4.22;5.0,yes
modules/lws-install-operator.adoc,ai_workloads/leader_worker_set/lws-managing.adoc,ai_workloads,5,main;4.20;4.21;4.22;5.0,yes
modules/lws-rn-1.0.0.adoc,ai_workloads/leader_worker_set/lws-release-notes.adoc,ai_workloads,5,main;4.20;4.21;4.22;5.0,yes
modules/lws-remove-resources.adoc,ai_workloads/leader_worker_set/lws-uninstalling.adoc,ai_workloads,5,main;4.20;4.21;4.22;5.0,yes
modules/lws-uninstall.adoc,ai_workloads/leader_worker_set/lws-uninstalling.adoc,ai_workloads,5,main;4.20;4.21;4.22;5.0,yes
modules/application-health-about.adoc,applications/application-health.adoc,applications,5,main;4.20;4.21;4.22;5.0,yes
modules/application-health-configuring.adoc,applications/application-health.adoc,applications,5,main;4.20;4.21;4.22;5.0,yes
modules/odc-adding-health-checks.adoc,applications/application-health.adoc,applications,5,main;4.20;4.21;4.22;5.0,yes
modules/odc-editing-health-checks.adoc,applications/application-health.adoc,applications,5,main;4.20;4.21;4.22;5.0,yes
modules/odc-monitoring-application-health-using-developer-perspective.adoc,applications/application-health.adoc,applications,5,main;4.20;4.21;4.22;5.0,yes
modules/odc-monitoring-health-checks.adoc,applications/application-health.adoc,applications,5,main;4.20;4.21;4.22;5.0,yes
modules/applications-create-using-cli-image.adoc,applications/creating_applications/creating-applications-using-cli.adoc,applications,5,main;4.20;4.21;4.22;5.0,yes
modules/applications-create-using-cli-modify.adoc,applications/creating_applications/creating-applications-using-cli.adoc,applications,5,main;4.20;4.21;4.22;5.0,yes
modules/applications-create-using-cli-source-code.adoc,applications/creating_applications/creating-applications-using-cli.adoc,applications,5,main;4.20;4.21;4.22;5.0,yes
modules/applications-create-using-cli-source-reference.adoc,applications/creating_applications/creating-applications-using-cli.adoc,applications,5,main;4.20;4.21;4.22;5.0,yes
modules/applications-create-using-cli-template.adoc,applications/creating_applications/creating-applications-using-cli.adoc,applications,5,main;4.20;4.21;4.22;5.0,yes
modules/olm-creating-etcd-cluster-from-operator.adoc,applications/creating_applications/creating-apps-from-installed-operators.adoc,applications,5,main;4.20;4.21;4.22;5.0,yes
modules/odc-deploying-java-applications.adoc,applications/creating_applications/odc-creating-applications-using-developer-perspective.adoc,applications,5,main;4.20;4.21;4.22;5.0,yes
modules/odc-using-quickstarts.adoc,applications/creating_applications/odc-creating-applications-using-developer-perspective.adoc,applications,5,main;4.20;4.21;4.22;5.0,yes
modules/odc-using-the-devfile-registry.adoc,applications/creating_applications/odc-creating-applications-using-developer-perspective.adoc,applications,5,main;4.20;4.21;4.22;5.0,yes
modules/templates-rails-configuring-application.adoc,applications/creating_applications/templates-using-ruby-on-rails.adoc,applications,5,main;4.20;4.21;4.22;5.0,yes
modules/templates-rails-creating-database-service.adoc,applications/creating_applications/templates-using-ruby-on-rails.adoc,applications,5,main;4.20;4.21;4.22;5.0,yes
modules/templates-rails-creating-frontend-service.adoc,applications/creating_applications/templates-using-ruby-on-rails.adoc,applications,5,main;4.20;4.21;4.22;5.0,yes
modules/templates-rails-creating-route-for-application.adoc,applications/creating_applications/templates-using-ruby-on-rails.adoc,applications,5,main;4.20;4.21;4.22;5.0,yes
modules/templates-rails-creating-welcome-page.adoc,applications/creating_applications/templates-using-ruby-on-rails.adoc,applications,5,main;4.20;4.21;4.22;5.0,yes
modules/templates-rails-deploying-application.adoc,applications/creating_applications/templates-using-ruby-on-rails.adoc,applications,5,main;4.20;4.21;4.22;5.0,yes
modules/templates-rails-setting-up-database.adoc,applications/creating_applications/templates-using-ruby-on-rails.adoc,applications,5,main;4.20;4.21;4.22;5.0,yes
modules/templates-rails-storing-application-in-git.adoc,applications/creating_applications/templates-using-ruby-on-rails.adoc,applications,5,main;4.20;4.21;4.22;5.0,yes
modules/templates-rails-writing-application.adoc,applications/creating_applications/templates-using-ruby-on-rails.adoc,applications,5,main;4.20;4.21;4.22;5.0,yes
modules/templates-cli-generating-list-of-objects.adoc,applications/creating_applications/using-templates.adoc,applications,5,main;4.20;4.21;4.22;5.0,yes
modules/templates-cli-labels.adoc,applications/creating_applications/using-templates.adoc,applications,5,main;4.20;4.21;4.22;5.0,yes
modules/templates-cli-parameters.adoc,applications/creating_applications/using-templates.adoc,applications,5,main;4.20;4.21;4.22;5.0,yes
modules/templates-create-from-existing-object.adoc,applications/creating_applications/using-templates.adoc,applications,5,main;4.20;4.21;4.22;5.0,yes
modules/templates-creating-from-console.adoc,applications/creating_applications/using-templates.adoc,applications,5,main;4.20;4.21;4.22;5.0,yes
modules/templates-exposing-object-fields.adoc,applications/creating_applications/using-templates.adoc,applications,5,main;4.20;4.21;4.22;5.0,yes
modules/templates-marking-as-bindable.adoc,applications/creating_applications/using-templates.adoc,applications,5,main;4.20;4.21;4.22;5.0,yes
modules/templates-modifying-uploaded-template.adoc,applications/creating_applications/using-templates.adoc,applications,5,main;4.20;4.21;4.22;5.0,yes
modules/templates-overview.adoc,applications/creating_applications/using-templates.adoc,applications,5,main;4.20;4.21;4.22;5.0,yes
modules/templates-quickstart.adoc,applications/creating_applications/using-templates.adoc,applications,5,main;4.20;4.21;4.22;5.0,yes
modules/templates-uploading.adoc,applications/creating_applications/using-templates.adoc,applications,5,main;4.20;4.21;4.22;5.0,yes
modules/templates-using-instant-app-quickstart.adoc,applications/creating_applications/using-templates.adoc,applications,5,main;4.20;4.21;4.22;5.0,yes
modules/templates-using-the-cli.adoc,applications/creating_applications/using-templates.adoc,applications,5,main;4.20;4.21;4.22;5.0,yes
modules/templates-waiting-for-readiness.adoc,applications/creating_applications/using-templates.adoc,applications,5,main;4.20;4.21;4.22;5.0,yes
modules/templates-writing-description.adoc,applications/creating_applications/using-templates.adoc,applications,5,main;4.20;4.21;4.22;5.0,yes
modules/templates-writing-labels.adoc,applications/creating_applications/using-templates.adoc,applications,5,main;4.20;4.21;4.22;5.0,yes
modules/templates-writing-object-list.adoc,applications/creating_applications/using-templates.adoc,applications,5,main;4.20;4.21;4.22;5.0,yes
modules/templates-writing-parameters.adoc,applications/creating_applications/using-templates.adoc,applications,5,main;4.20;4.21;4.22;5.0,yes
modules/templates-writing.adoc,applications/creating_applications/using-templates.adoc,applications,5,main;4.20;4.21;4.22;5.0,yes
modules/creating-rolling-deployments-CLI.adoc,applications/deployments/deployment-strategies.adoc,applications,5,main;4.20;4.21;4.22;5.0,yes
modules/deployments-canary-deployments.adoc,applications/deployments/deployment-strategies.adoc,applications,5,main;4.20;4.21;4.22;5.0,yes
modules/deployments-custom-strategy.adoc,applications/deployments/deployment-strategies.adoc,applications,5,main;4.20;4.21;4.22;5.0,yes
modules/deployments-lifecycle-hooks-pod-based.adoc,applications/deployments/deployment-strategies.adoc,applications,5,main;4.20;4.21;4.22;5.0,yes
modules/deployments-lifecycle-hooks.adoc,applications/deployments/deployment-strategies.adoc,applications,5,main;4.20;4.21;4.22;5.0,yes
modules/deployments-recreate-strategy.adoc,applications/deployments/deployment-strategies.adoc,applications,5,main;4.20;4.21;4.22;5.0,yes
modules/deployments-rolling-strategy.adoc,applications/deployments/deployment-strategies.adoc,applications,5,main;4.20;4.21;4.22;5.0,yes
modules/deployments-setting-lifecycle-hooks.adoc,applications/deployments/deployment-strategies.adoc,applications,5,main;4.20;4.21;4.22;5.0,yes
modules/odc-editing-deployments.adoc,applications/deployments/deployment-strategies.adoc,applications,5,main;4.20;4.21;4.22;5.0,yes
modules/odc-starting-recreate-deployment.adoc,applications/deployments/deployment-strategies.adoc,applications,5,main;4.20;4.21;4.22;5.0,yes
modules/odc-starting-rolling-deployment.adoc,applications/deployments/deployment-strategies.adoc,applications,5,main;4.20;4.21;4.22;5.0,yes
modules/deployments-accessing-private-repos.adoc,applications/deployments/managing-deployment-processes.adoc,applications,5,main;4.20;4.21;4.22;5.0,yes
modules/deployments-assigning-pods-to-nodes.adoc,applications/deployments/managing-deployment-processes.adoc,applications,5,main;4.20;4.21;4.22;5.0,yes
modules/deployments-exec-cmd-in-container.adoc,applications/deployments/managing-deployment-processes.adoc,applications,5,main;4.20;4.21;4.22;5.0,yes
modules/deployments-retrying-deployment.adoc,applications/deployments/managing-deployment-processes.adoc,applications,5,main;4.20;4.21;4.22;5.0,yes
modules/deployments-rolling-back.adoc,applications/deployments/managing-deployment-processes.adoc,applications,5,main;4.20;4.21;4.22;5.0,yes
modules/deployments-running-pod-svc-acct.adoc,applications/deployments/managing-deployment-processes.adoc,applications,5,main;4.20;4.21;4.22;5.0,yes
modules/deployments-scaling-manually.adoc,applications/deployments/managing-deployment-processes.adoc,applications,5,main;4.20;4.21;4.22;5.0,yes
modules/deployments-setting-resources.adoc,applications/deployments/managing-deployment-processes.adoc,applications,5,main;4.20;4.21;4.22;5.0,yes
modules/deployments-setting-triggers.adoc,applications/deployments/managing-deployment-processes.adoc,applications,5,main;4.20;4.21;4.22;5.0,yes
modules/deployments-starting-deployment.adoc,applications/deployments/managing-deployment-processes.adoc,applications,5,main;4.20;4.21;4.22;5.0,yes
modules/deployments-triggers.adoc,applications/deployments/managing-deployment-processes.adoc,applications,5,main;4.20;4.21;4.22;5.0,yes
modules/deployments-viewing-deployment.adoc,applications/deployments/managing-deployment-processes.adoc,applications,5,main;4.20;4.21;4.22;5.0,yes
modules/deployments-viewing-logs.adoc,applications/deployments/managing-deployment-processes.adoc,applications,5,main;4.20;4.21;4.22;5.0,yes
modules/deployments-ab-one-service-multi-dc.adoc,applications/deployments/route-based-deployment-strategies.adoc,applications,5,main;4.20;4.21;4.22;5.0,yes
modules/deployments-ab-testing-lb-cli.adoc,applications/deployments/route-based-deployment-strategies.adoc,applications,5,main;4.20;4.21;4.22;5.0,yes
modules/deployments-ab-testing-lb-web-new-route.adoc,applications/deployments/route-based-deployment-strategies.adoc,applications,5,main;4.20;4.21;4.22;5.0,yes
modules/deployments-ab-testing-lb-web.adoc,applications/deployments/route-based-deployment-strategies.adoc,applications,5,main;4.20;4.21;4.22;5.0,yes
modules/deployments-ab-testing-lb.adoc,applications/deployments/route-based-deployment-strategies.adoc,applications,5,main;4.20;4.21;4.22;5.0,yes
modules/deployments-ab-testing.adoc,applications/deployments/route-based-deployment-strategies.adoc,applications,5,main;4.20;4.21;4.22;5.0,yes
modules/deployments-blue-green.adoc,applications/deployments/route-based-deployment-strategies.adoc,applications,5,main;4.20;4.21;4.22;5.0,yes
modules/deployments-graceful-termination.adoc,applications/deployments/route-based-deployment-strategies.adoc,applications,5,main;4.20;4.21;4.22;5.0,yes
modules/deployments-n1-compatibility.adoc,applications/deployments/route-based-deployment-strategies.adoc,applications,5,main;4.20;4.21;4.22;5.0,yes
modules/deployments-proxy-shards.adoc,applications/deployments/route-based-deployment-strategies.adoc,applications,5,main;4.20;4.21;4.22;5.0,yes
modules/deployment-specific-features.adoc,applications/deployments/what-deployments-are.adoc,applications,5,main;4.20;4.21;4.22;5.0,yes
modules/deploymentconfig-object-specific-features.adoc,applications/deployments/what-deployments-are.adoc,applications,5,main;4.20;4.21;4.22;5.0,yes
modules/deployments-comparing-deploymentconfigs.adoc,applications/deployments/what-deployments-are.adoc,applications,5,main;4.20;4.21;4.22;5.0,yes
modules/deployments-deploymentconfigs.adoc,applications/deployments/what-deployments-are.adoc,applications,5,main;4.20;4.21;4.22;5.0,yes
modules/deployments-kube-deployments.adoc,applications/deployments/what-deployments-are.adoc,applications,5,main;4.20;4.21;4.22;5.0,yes
modules/deployments-replicasets.adoc,applications/deployments/what-deployments-are.adoc,applications,5,main;4.20;4.21;4.22;5.0,yes
modules/deployments-replicationcontrollers.adoc,applications/deployments/what-deployments-are.adoc,applications,5,main;4.20;4.21;4.22;5.0,yes
modules/idle-idling-applications-multiple.adoc,applications/idling-applications.adoc,applications,5,main;4.20;4.21;4.22;5.0,yes
modules/idle-idling-applications-single.adoc,applications/idling-applications.adoc,applications,5,main;4.20;4.21;4.22;5.0,yes
modules/idle-idling-applications.adoc,applications/idling-applications.adoc,applications,5,main;4.20;4.21;4.22;5.0,yes
modules/idle-unidling-applications.adoc,applications/idling-applications.adoc,applications,5,main;4.20;4.21;4.22;5.0,yes
modules/applications-application-lifecycle.adoc,applications/index.adoc,applications,5,main;4.20;4.21;4.22;5.0,yes
modules/applications-projects-overview.adoc,applications/index.adoc,applications,5,main;4.20;4.21;4.22;5.0,yes
modules/odc-image-vulnerabilities-breakdown.adoc,applications/odc-monitoring-project-and-application-metrics-using-developer-perspective.adoc,applications,5,main;4.20;4.21;4.22;5.0,yes
modules/odc-monitoring-your-app-vulnerabilities.adoc,applications/odc-monitoring-project-and-application-metrics-using-developer-perspective.adoc,applications,5,main;4.20;4.21;4.22;5.0,yes
modules/odc-adding-components-to-an-existing-project.adoc,applications/odc-viewing-application-composition-using-topology-view.adoc,applications,5,main;4.20;4.21;4.22;5.0,yes
modules/odc-adding-services-to-application.adoc,applications/odc-viewing-application-composition-using-topology-view.adoc,applications,5,main;4.20;4.21;4.22;5.0,yes
modules/odc-grouping-multiple-components.adoc,applications/odc-viewing-application-composition-using-topology-view.adoc,applications,5,main;4.20;4.21;4.22;5.0,yes
modules/odc-labels-and-annotations-used-for-topology-view.adoc,applications/odc-viewing-application-composition-using-topology-view.adoc,applications,5,main;4.20;4.21;4.22;5.0,yes
modules/odc-removing-services-from-application.adoc,applications/odc-viewing-application-composition-using-topology-view.adoc,applications,5,main;4.20;4.21;4.22;5.0,yes
modules/about-project-creation.adoc,applications/projects/configuring-project-creation.adoc,applications,5,main;4.20;4.21;4.22;5.0,yes
modules/customizing-project-request-message.adoc,applications/projects/configuring-project-creation.adoc,applications,5,main;4.20;4.21;4.22;5.0,yes
modules/disabling-project-self-provisioning.adoc,applications/projects/configuring-project-creation.adoc,applications,5,main;4.20;4.21;4.22;5.0,yes
modules/impersonation-project-creation.adoc,applications/projects/creating-project-other-user.adoc,applications,5,main;4.20;4.21;4.22;5.0,yes
modules/adding-to-a-project.adoc,applications/projects/working-with-projects.adoc,applications,5,main;4.20;4.21;4.22;5.0,yes
modules/checking-project-status-using-the-CLI.adoc,applications/projects/working-with-projects.adoc,applications,5,main;4.20;4.21;4.22;5.0,yes
modules/checking-project-status-using-the-web-console.adoc,applications/projects/working-with-projects.adoc,applications,5,main;4.20;4.21;4.22;5.0,yes
modules/creating-a-project-using-the-CLI.adoc,applications/projects/working-with-projects.adoc,applications,5,main;4.20;4.21;4.22;5.0,yes
modules/creating-a-project-using-the-web-console.adoc,applications/projects/working-with-projects.adoc,applications,5,main;4.20;4.21;4.22;5.0,yes
modules/deleting-a-project-using-the-CLI.adoc,applications/projects/working-with-projects.adoc,applications,5,main;4.20;4.21;4.22;5.0,yes
modules/deleting-a-project-using-the-web-console.adoc,applications/projects/working-with-projects.adoc,applications,5,main;4.20;4.21;4.22;5.0,yes
modules/odc-customizing-available-cluster-roles-using-the-web-console.adoc,applications/projects/working-with-projects.adoc,applications,5,main;4.20;4.21;4.22;5.0,yes
modules/odc-providing-project-permissions-using-developer-perspective.adoc,applications/projects/working-with-projects.adoc,applications,5,main;4.20;4.21;4.22;5.0,yes
modules/viewing-a-project-using-the-CLI.adoc,applications/projects/working-with-projects.adoc,applications,5,main;4.20;4.21;4.22;5.0,yes
modules/viewing-a-project-using-the-web-console.adoc,applications/projects/working-with-projects.adoc,applications,5,main;4.20;4.21;4.22;5.0,yes
modules/pruning-builds.adoc,applications/pruning-objects.adoc,applications,5,main;4.20;4.21;4.22;5.0,yes
modules/pruning-cronjobs.adoc,applications/pruning-objects.adoc,applications,5,main;4.20;4.21;4.22;5.0,yes
modules/pruning-deployments.adoc,applications/pruning-objects.adoc,applications,5,main;4.20;4.21;4.22;5.0,yes
modules/pruning-groups.adoc,applications/pruning-objects.adoc,applications,5,main;4.20;4.21;4.22;5.0,yes
modules/quotas-selecting-projects.adoc,applications/quotas/quotas-setting-across-multiple-projects.adoc,applications,5,main;4.20;4.21;4.22;5.0,yes
modules/quotas-selection-granularity.adoc,applications/quotas/quotas-setting-across-multiple-projects.adoc,applications,5,main;4.20;4.21;4.22;5.0,yes
modules/quotas-viewing-clusterresourcequotas.adoc,applications/quotas/quotas-setting-across-multiple-projects.adoc,applications,5,main;4.20;4.21;4.22;5.0,yes
modules/quotas-creating-a-quota.adoc,applications/quotas/quotas-setting-per-project.adoc,applications,5,main;4.20;4.21;4.22;5.0,yes
modules/quotas-creating-object-count-quotas.adoc,applications/quotas/quotas-setting-per-project.adoc,applications,5,main;4.20;4.21;4.22;5.0,yes
modules/quotas-enforcement.adoc,applications/quotas/quotas-setting-per-project.adoc,applications,5,main;4.20;4.21;4.22;5.0,yes
modules/quotas-requests-vs-limits.adoc,applications/quotas/quotas-setting-per-project.adoc,applications,5,main;4.20;4.21;4.22;5.0,yes
modules/quotas-requiring-explicit-quota.adoc,applications/quotas/quotas-setting-per-project.adoc,applications,5,main;4.20;4.21;4.22;5.0,yes
modules/quotas-resources-managed.adoc,applications/quotas/quotas-setting-per-project.adoc,applications,5,main;4.20;4.21;4.22;5.0,yes
modules/quotas-sample-resource-quotas-def.adoc,applications/quotas/quotas-setting-per-project.adoc,applications,5,main;4.20;4.21;4.22;5.0,yes
modules/quotas-scopes.adoc,applications/quotas/quotas-setting-per-project.adoc,applications,5,main;4.20;4.21;4.22;5.0,yes
modules/quotas-viewing-quotas.adoc,applications/quotas/quotas-setting-per-project.adoc,applications,5,main;4.20;4.21;4.22;5.0,yes
modules/setting-resource-quota-for-extended-resources.adoc,applications/quotas/quotas-setting-per-project.adoc,applications,5,main;4.20;4.21;4.22;5.0,yes
modules/helm-adding-helm-chart-repositories.adoc,applications/working_with_helm_charts/configuring-custom-helm-chart-repositories.adoc,applications,5,main;4.20;4.21;4.22;5.0,yes
modules/helm-adding-namespace-scoped-helm-chart-repositories.adoc,applications/working_with_helm_charts/configuring-custom-helm-chart-repositories.adoc,applications,5,main;4.20;4.21;4.22;5.0,yes
modules/helm-creating-a-custom-helm-chart-on-openshift.adoc,applications/working_with_helm_charts/configuring-custom-helm-chart-repositories.adoc,applications,5,main;4.20;4.21;4.22;5.0,yes
modules/helm-creating-credentials-and-certificates-to-add-helm-repositories.adoc,applications/working_with_helm_charts/configuring-custom-helm-chart-repositories.adoc,applications,5,main;4.20;4.21;4.22;5.0,yes
modules/helm-disabling-helm-chart-repositories.adoc,applications/working_with_helm_charts/configuring-custom-helm-chart-repositories.adoc,applications,5,main;4.20;4.21;4.22;5.0,yes
modules/helm-filtering-helm-charts-by-certification-level.adoc,applications/working_with_helm_charts/configuring-custom-helm-chart-repositories.adoc,applications,5,main;4.20;4.21;4.22;5.0,yes
modules/helm-installing-a-helm-chart-on-an-openshift-cluster.adoc,applications/working_with_helm_charts/configuring-custom-helm-chart-repositories.adoc,applications,5,main;4.20;4.21;4.22;5.0,yes
modules/odc-creating-helm-releases-using-developer-perspective.adoc,applications/working_with_helm_charts/configuring-custom-helm-chart-repositories.adoc,applications,5,main;4.20;4.21;4.22;5.0,yes
modules/odc-deleting-helm-release.adoc,applications/working_with_helm_charts/odc-working-with-helm-releases.adoc,applications,5,main;4.20;4.21;4.22;5.0,yes
modules/odc-rolling-back-helm-release.adoc,applications/working_with_helm_charts/odc-working-with-helm-releases.adoc,applications,5,main;4.20;4.21;4.22;5.0,yes
modules/odc-upgrading-helm-release.adoc,applications/working_with_helm_charts/odc-working-with-helm-releases.adoc,applications,5,main;4.20;4.21;4.22;5.0,yes
modules/about-control-planes.adoc,architecture/index.adoc,architecture,5,main;4.20;4.21;4.22;5.0,yes
modules/coreos-and-ignition.adoc,architecture/index.adoc,architecture,5,main;4.20;4.21;4.22;5.0,yes
modules/sd-vs-ocp.adoc,architecture/index.adoc,architecture,5,main;4.20;4.21;4.22;5.0,yes
modules/cleanup-a-backup-oadp-aws-sts.adoc,backup_and_restore/application_backup_and_restore/aws-sts/oadp-aws-sts.adoc,backup_and_restore,5,main;4.20;4.21;4.22;5.0,yes
modules/installing-oadp-aws-sts.adoc,backup_and_restore/application_backup_and_restore/aws-sts/oadp-aws-sts.adoc,backup_and_restore,5,main;4.20;4.21;4.22;5.0,yes
modules/performing-a-backup-oadp-aws-sts.adoc,backup_and_restore/application_backup_and_restore/aws-sts/oadp-aws-sts.adoc,backup_and_restore,5,main;4.20;4.21;4.22;5.0,yes
modules/preparing-aws-sts-credentials-for-oadp.adoc,backup_and_restore/application_backup_and_restore/aws-sts/oadp-aws-sts.adoc,backup_and_restore,5,main;4.20;4.21;4.22;5.0,yes
modules/oadp-review-backup-restore.adoc,backup_and_restore/application_backup_and_restore/backing_up_and_restoring/backing-up-applications.adoc,backup_and_restore,5,main;4.20;4.21;4.22;5.0,yes
modules/oadp-backingup-using-kopia.adoc,backup_and_restore/application_backup_and_restore/backing_up_and_restoring/oadp-backing-up-applications-restic-doc.adoc,backup_and_restore,5,main;4.20;4.21;4.22;5.0,yes
modules/oadp-backingup-persistent-volumes.adoc,backup_and_restore/application_backup_and_restore/backing_up_and_restoring/oadp-backing-up-pvs-csi-doc.adoc,backup_and_restore,5,main;4.20;4.21;4.22;5.0,yes
modules/oadp-about-kopia-repo-maintenance.adoc,backup_and_restore/application_backup_and_restore/backing_up_and_restoring/oadp-deleting-backups.adoc,backup_and_restore,5,main;4.20;4.21;4.22;5.0,yes
modules/oadp-deleting-backup-repository.adoc,backup_and_restore/application_backup_and_restore/backing_up_and_restoring/oadp-deleting-backups.adoc,backup_and_restore,5,main;4.20;4.21;4.22;5.0,yes
modules/oadp-deleting-backups-using-oc.adoc,backup_and_restore/application_backup_and_restore/backing_up_and_restoring/oadp-deleting-backups.adoc,backup_and_restore,5,main;4.20;4.21;4.22;5.0,yes
modules/oadp-deleting-backups-using-velero.adoc,backup_and_restore/application_backup_and_restore/backing_up_and_restoring/oadp-deleting-backups.adoc,backup_and_restore,5,main;4.20;4.21;4.22;5.0,yes
modules/oadp-creating-restore-cr.adoc,backup_and_restore/application_backup_and_restore/backing_up_and_restoring/restoring-applications.adoc,backup_and_restore,5,main;4.20;4.21;4.22;5.0,yes
modules/oadp-creating-restore-hooks.adoc,backup_and_restore/application_backup_and_restore/backing_up_and_restoring/restoring-applications.adoc,backup_and_restore,5,main;4.20;4.21;4.22;5.0,yes
modules/oadp-review-backup-restore.adoc,backup_and_restore/application_backup_and_restore/backing_up_and_restoring/restoring-applications.adoc,backup_and_restore,5,main;4.20;4.21;4.22;5.0,yes
modules/about-installing-oadp-on-multiple-namespaces.adoc,backup_and_restore/application_backup_and_restore/installing/about-installing-oadp.adoc,backup_and_restore,5,main;4.20;4.21;4.22;5.0,yes
modules/oadp-backup-restore-for-large-usage.adoc,backup_and_restore/application_backup_and_restore/installing/about-installing-oadp.adoc,backup_and_restore,5,main;4.20;4.21;4.22;5.0,yes
modules/oadp-s3-compatible-backup-storage-providers.adoc,backup_and_restore/application_backup_and_restore/installing/about-installing-oadp.adoc,backup_and_restore,5,main;4.20;4.21;4.22;5.0,yes
modules/oadp-support-backup-data-immutability.adoc,backup_and_restore/application_backup_and_restore/installing/about-installing-oadp.adoc,backup_and_restore,5,main;4.20;4.21;4.22;5.0,yes
modules/oadp-velero-cpu-memory-requirements.adoc,backup_and_restore/application_backup_and_restore/installing/about-installing-oadp.adoc,backup_and_restore,5,main;4.20;4.21;4.22;5.0,yes
modules/oadp-data-mover-crds.adoc,backup_and_restore/application_backup_and_restore/installing/about-oadp-data-mover.adoc,backup_and_restore,5,main;4.20;4.21;4.22;5.0,yes
modules/oadp-data-mover-support.adoc,backup_and_restore/application_backup_and_restore/installing/about-oadp-data-mover.adoc,backup_and_restore,5,main;4.20;4.21;4.22;5.0,yes
modules/oadp-enabling-built-in-data-mover.adoc,backup_and_restore/application_backup_and_restore/installing/about-oadp-data-mover.adoc,backup_and_restore,5,main;4.20;4.21;4.22;5.0,yes
modules/oadp-incremental-backup-support.adoc,backup_and_restore/application_backup_and_restore/installing/about-oadp-data-mover.adoc,backup_and_restore,5,main;4.20;4.21;4.22;5.0,yes
modules/oadp-configuring-backup-pvc-datamover-backup.adoc,backup_and_restore/application_backup_and_restore/installing/configuring-backup-restore-pvc-datamover.adoc,backup_and_restore,5,main;4.20;4.21;4.22;5.0,yes
modules/oadp-configuring-restore-pvc-datamover-restore.adoc,backup_and_restore/application_backup_and_restore/installing/configuring-backup-restore-pvc-datamover.adoc,backup_and_restore,5,main;4.20;4.21;4.22;5.0,yes
modules/oadp-changing-default-bsl.adoc,backup_and_restore/application_backup_and_restore/installing/configuring-oadp-multiple-bsl.adoc,backup_and_restore,5,main;4.20;4.21;4.22;5.0,yes
modules/oadp-configuring-dpa-multiple-bsl.adoc,backup_and_restore/application_backup_and_restore/installing/configuring-oadp-multiple-bsl.adoc,backup_and_restore,5,main;4.20;4.21;4.22;5.0,yes
modules/oadp-multiple-bsl-use-case.adoc,backup_and_restore/application_backup_and_restore/installing/configuring-oadp-multiple-bsl.adoc,backup_and_restore,5,main;4.20;4.21;4.22;5.0,yes
modules/oadp-configuring-dpa-multiple-vsl.adoc,backup_and_restore/application_backup_and_restore/installing/configuring-oadp-multiple-vsl.adoc,backup_and_restore,5,main;4.20;4.21;4.22;5.0,yes
modules/migration-configuring-aws-s3.adoc,backup_and_restore/application_backup_and_restore/installing/installing-oadp-aws.adoc,backup_and_restore,5,main;4.20;4.21;4.22;5.0,yes
modules/oadp-about-backup-snapshot-locations-secrets.adoc,backup_and_restore/application_backup_and_restore/installing/installing-oadp-aws.adoc,backup_and_restore,5,main;4.20;4.21;4.22;5.0,yes
modules/oadp-about-disable-node-agent-dpa.adoc,backup_and_restore/application_backup_and_restore/installing/installing-oadp-aws.adoc,backup_and_restore,5,main;4.20;4.21;4.22;5.0,yes
modules/oadp-aws-secrets-for-different-credentials.adoc,backup_and_restore/application_backup_and_restore/installing/installing-oadp-aws.adoc,backup_and_restore,5,main;4.20;4.21;4.22;5.0,yes
modules/oadp-changing-default-bsl.adoc,backup_and_restore/application_backup_and_restore/installing/installing-oadp-aws.adoc,backup_and_restore,5,main;4.20;4.21;4.22;5.0,yes
modules/oadp-configuring-aws-md5sum.adoc,backup_and_restore/application_backup_and_restore/installing/installing-oadp-aws.adoc,backup_and_restore,5,main;4.20;4.21;4.22;5.0,yes
modules/oadp-configuring-client-burst-qps.adoc,backup_and_restore/application_backup_and_restore/installing/installing-oadp-aws.adoc,backup_and_restore,5,main;4.20;4.21;4.22;5.0,yes
modules/oadp-configuring-imagepullpolicy.adoc,backup_and_restore/application_backup_and_restore/installing/installing-oadp-aws.adoc,backup_and_restore,5,main;4.20;4.21;4.22;5.0,yes
modules/oadp-configuring-node-agent-load-affinity.adoc,backup_and_restore/application_backup_and_restore/installing/installing-oadp-aws.adoc,backup_and_restore,5,main;4.20;4.21;4.22;5.0,yes
modules/oadp-configuring-node-agent-load-concurrency.adoc,backup_and_restore/application_backup_and_restore/installing/installing-oadp-aws.adoc,backup_and_restore,5,main;4.20;4.21;4.22;5.0,yes
modules/oadp-configuring-node-agent-non-root.adoc,backup_and_restore/application_backup_and_restore/installing/installing-oadp-aws.adoc,backup_and_restore,5,main;4.20;4.21;4.22;5.0,yes
modules/oadp-configuring-node-agents.adoc,backup_and_restore/application_backup_and_restore/installing/installing-oadp-aws.adoc,backup_and_restore,5,main;4.20;4.21;4.22;5.0,yes
modules/oadp-configuring-repository-maintenance.adoc,backup_and_restore/application_backup_and_restore/installing/installing-oadp-aws.adoc,backup_and_restore,5,main;4.20;4.21;4.22;5.0,yes
modules/oadp-configuring-velero-load-affinity.adoc,backup_and_restore/application_backup_and_restore/installing/installing-oadp-aws.adoc,backup_and_restore,5,main;4.20;4.21;4.22;5.0,yes
modules/oadp-creating-default-secret.adoc,backup_and_restore/application_backup_and_restore/installing/installing-oadp-aws.adoc,backup_and_restore,5,main;4.20;4.21;4.22;5.0,yes
modules/oadp-enabling-csi-dpa.adoc,backup_and_restore/application_backup_and_restore/installing/installing-oadp-aws.adoc,backup_and_restore,5,main;4.20;4.21;4.22;5.0,yes
modules/oadp-installing-dpa-1-3.adoc,backup_and_restore/application_backup_and_restore/installing/installing-oadp-aws.adoc,backup_and_restore,5,main;4.20;4.21;4.22;5.0,yes
modules/oadp-node-agent-load-affinity-guidelines.adoc,backup_and_restore/application_backup_and_restore/installing/installing-oadp-aws.adoc,backup_and_restore,5,main;4.20;4.21;4.22;5.0,yes
modules/oadp-s3-and-gov-cloud.adoc,backup_and_restore/application_backup_and_restore/installing/installing-oadp-aws.adoc,backup_and_restore,5,main;4.20;4.21;4.22;5.0,yes
modules/oadp-self-signed-certificate.adoc,backup_and_restore/application_backup_and_restore/installing/installing-oadp-aws.adoc,backup_and_restore,5,main;4.20;4.21;4.22;5.0,yes
modules/oadp-setting-resource-limits-and-requests.adoc,backup_and_restore/application_backup_and_restore/installing/installing-oadp-aws.adoc,backup_and_restore,5,main;4.20;4.21;4.22;5.0,yes
modules/oadp-ssec-encrypted-backups-velero.adoc,backup_and_restore/application_backup_and_restore/installing/installing-oadp-aws.adoc,backup_and_restore,5,main;4.20;4.21;4.22;5.0,yes
modules/oadp-ssec-encrypted-backups.adoc,backup_and_restore/application_backup_and_restore/installing/installing-oadp-aws.adoc,backup_and_restore,5,main;4.20;4.21;4.22;5.0,yes
modules/oadp-using-ca-certificates-with-velero-command.adoc,backup_and_restore/application_backup_and_restore/installing/installing-oadp-aws.adoc,backup_and_restore,5,main;4.20;4.21;4.22;5.0,yes
modules/migration-configuring-azure.adoc,backup_and_restore/application_backup_and_restore/installing/installing-oadp-azure.adoc,backup_and_restore,5,main;4.20;4.21;4.22;5.0,yes
modules/oadp-about-backup-snapshot-locations-secrets.adoc,backup_and_restore/application_backup_and_restore/installing/installing-oadp-azure.adoc,backup_and_restore,5,main;4.20;4.21;4.22;5.0,yes
modules/oadp-about-disable-node-agent-dpa.adoc,backup_and_restore/application_backup_and_restore/installing/installing-oadp-azure.adoc,backup_and_restore,5,main;4.20;4.21;4.22;5.0,yes
modules/oadp-auth-azure-methods.adoc,backup_and_restore/application_backup_and_restore/installing/installing-oadp-azure.adoc,backup_and_restore,5,main;4.20;4.21;4.22;5.0,yes
modules/oadp-auth-azure-secret-based.adoc,backup_and_restore/application_backup_and_restore/installing/installing-oadp-azure.adoc,backup_and_restore,5,main;4.20;4.21;4.22;5.0,yes
modules/oadp-auth-azure-sts.adoc,backup_and_restore/application_backup_and_restore/installing/installing-oadp-azure.adoc,backup_and_restore,5,main;4.20;4.21;4.22;5.0,yes
modules/oadp-configuring-client-burst-qps.adoc,backup_and_restore/application_backup_and_restore/installing/installing-oadp-azure.adoc,backup_and_restore,5,main;4.20;4.21;4.22;5.0,yes
modules/oadp-configuring-imagepullpolicy.adoc,backup_and_restore/application_backup_and_restore/installing/installing-oadp-azure.adoc,backup_and_restore,5,main;4.20;4.21;4.22;5.0,yes
modules/oadp-configuring-node-agent-load-affinity.adoc,backup_and_restore/application_backup_and_restore/installing/installing-oadp-azure.adoc,backup_and_restore,5,main;4.20;4.21;4.22;5.0,yes
modules/oadp-configuring-node-agent-load-concurrency.adoc,backup_and_restore/application_backup_and_restore/installing/installing-oadp-azure.adoc,backup_and_restore,5,main;4.20;4.21;4.22;5.0,yes
modules/oadp-configuring-node-agent-non-root.adoc,backup_and_restore/application_backup_and_restore/installing/installing-oadp-azure.adoc,backup_and_restore,5,main;4.20;4.21;4.22;5.0,yes
modules/oadp-configuring-node-agents.adoc,backup_and_restore/application_backup_and_restore/installing/installing-oadp-azure.adoc,backup_and_restore,5,main;4.20;4.21;4.22;5.0,yes
modules/oadp-configuring-repository-maintenance.adoc,backup_and_restore/application_backup_and_restore/installing/installing-oadp-azure.adoc,backup_and_restore,5,main;4.20;4.21;4.22;5.0,yes
modules/oadp-configuring-velero-load-affinity.adoc,backup_and_restore/application_backup_and_restore/installing/installing-oadp-azure.adoc,backup_and_restore,5,main;4.20;4.21;4.22;5.0,yes
modules/oadp-enabling-csi-dpa.adoc,backup_and_restore/application_backup_and_restore/installing/installing-oadp-azure.adoc,backup_and_restore,5,main;4.20;4.21;4.22;5.0,yes
modules/oadp-installing-dpa-1-3.adoc,backup_and_restore/application_backup_and_restore/installing/installing-oadp-azure.adoc,backup_and_restore,5,main;4.20;4.21;4.22;5.0,yes
modules/oadp-node-agent-load-affinity-guidelines.adoc,backup_and_restore/application_backup_and_restore/installing/installing-oadp-azure.adoc,backup_and_restore,5,main;4.20;4.21;4.22;5.0,yes
modules/oadp-self-signed-certificate.adoc,backup_and_restore/application_backup_and_restore/installing/installing-oadp-azure.adoc,backup_and_restore,5,main;4.20;4.21;4.22;5.0,yes
modules/oadp-setting-resource-limits-and-requests.adoc,backup_and_restore/application_backup_and_restore/installing/installing-oadp-azure.adoc,backup_and_restore,5,main;4.20;4.21;4.22;5.0,yes
modules/oadp-using-ca-certificates-with-velero-command.adoc,backup_and_restore/application_backup_and_restore/installing/installing-oadp-azure.adoc,backup_and_restore,5,main;4.20;4.21;4.22;5.0,yes
modules/migration-configuring-gcp.adoc,backup_and_restore/application_backup_and_restore/installing/installing-oadp-gcp.adoc,backup_and_restore,5,main;4.20;4.21;4.22;5.0,yes
modules/oadp-about-backup-snapshot-locations-secrets.adoc,backup_and_restore/application_backup_and_restore/installing/installing-oadp-gcp.adoc,backup_and_restore,5,main;4.20;4.21;4.22;5.0,yes
modules/oadp-about-disable-node-agent-dpa.adoc,backup_and_restore/application_backup_and_restore/installing/installing-oadp-gcp.adoc,backup_and_restore,5,main;4.20;4.21;4.22;5.0,yes
modules/oadp-configuring-client-burst-qps.adoc,backup_and_restore/application_backup_and_restore/installing/installing-oadp-gcp.adoc,backup_and_restore,5,main;4.20;4.21;4.22;5.0,yes
modules/oadp-configuring-imagepullpolicy.adoc,backup_and_restore/application_backup_and_restore/installing/installing-oadp-gcp.adoc,backup_and_restore,5,main;4.20;4.21;4.22;5.0,yes
modules/oadp-configuring-node-agent-load-affinity.adoc,backup_and_restore/application_backup_and_restore/installing/installing-oadp-gcp.adoc,backup_and_restore,5,main;4.20;4.21;4.22;5.0,yes
modules/oadp-configuring-node-agent-load-concurrency.adoc,backup_and_restore/application_backup_and_restore/installing/installing-oadp-gcp.adoc,backup_and_restore,5,main;4.20;4.21;4.22;5.0,yes
modules/oadp-configuring-node-agent-non-root.adoc,backup_and_restore/application_backup_and_restore/installing/installing-oadp-gcp.adoc,backup_and_restore,5,main;4.20;4.21;4.22;5.0,yes
modules/oadp-configuring-node-agents.adoc,backup_and_restore/application_backup_and_restore/installing/installing-oadp-gcp.adoc,backup_and_restore,5,main;4.20;4.21;4.22;5.0,yes
modules/oadp-configuring-repository-maintenance.adoc,backup_and_restore/application_backup_and_restore/installing/installing-oadp-gcp.adoc,backup_and_restore,5,main;4.20;4.21;4.22;5.0,yes
modules/oadp-configuring-velero-load-affinity.adoc,backup_and_restore/application_backup_and_restore/installing/installing-oadp-gcp.adoc,backup_and_restore,5,main;4.20;4.21;4.22;5.0,yes
modules/oadp-creating-default-secret.adoc,backup_and_restore/application_backup_and_restore/installing/installing-oadp-gcp.adoc,backup_and_restore,5,main;4.20;4.21;4.22;5.0,yes
modules/oadp-enabling-csi-dpa.adoc,backup_and_restore/application_backup_and_restore/installing/installing-oadp-gcp.adoc,backup_and_restore,5,main;4.20;4.21;4.22;5.0,yes
modules/oadp-gcp-wif-cloud-authentication.adoc,backup_and_restore/application_backup_and_restore/installing/installing-oadp-gcp.adoc,backup_and_restore,5,main;4.20;4.21;4.22;5.0,yes
modules/oadp-installing-dpa-1-3.adoc,backup_and_restore/application_backup_and_restore/installing/installing-oadp-gcp.adoc,backup_and_restore,5,main;4.20;4.21;4.22;5.0,yes
modules/oadp-node-agent-load-affinity-guidelines.adoc,backup_and_restore/application_backup_and_restore/installing/installing-oadp-gcp.adoc,backup_and_restore,5,main;4.20;4.21;4.22;5.0,yes
modules/oadp-secrets-for-different-credentials.adoc,backup_and_restore/application_backup_and_restore/installing/installing-oadp-gcp.adoc,backup_and_restore,5,main;4.20;4.21;4.22;5.0,yes
modules/oadp-self-signed-certificate.adoc,backup_and_restore/application_backup_and_restore/installing/installing-oadp-gcp.adoc,backup_and_restore,5,main;4.20;4.21;4.22;5.0,yes
modules/oadp-setting-resource-limits-and-requests.adoc,backup_and_restore/application_backup_and_restore/installing/installing-oadp-gcp.adoc,backup_and_restore,5,main;4.20;4.21;4.22;5.0,yes
modules/oadp-using-ca-certificates-with-velero-command.adoc,backup_and_restore/application_backup_and_restore/installing/installing-oadp-gcp.adoc,backup_and_restore,5,main;4.20;4.21;4.22;5.0,yes
modules/configuring-ibm-cos.adoc,backup_and_restore/application_backup_and_restore/installing/installing-oadp-ibm-cloud.adoc,backup_and_restore,5,main;4.20;4.21;4.22;5.0,yes
modules/oadp-about-disable-node-agent-dpa.adoc,backup_and_restore/application_backup_and_restore/installing/installing-oadp-ibm-cloud.adoc,backup_and_restore,5,main;4.20;4.21;4.22;5.0,yes
modules/oadp-configuring-client-burst-qps.adoc,backup_and_restore/application_backup_and_restore/installing/installing-oadp-ibm-cloud.adoc,backup_and_restore,5,main;4.20;4.21;4.22;5.0,yes
modules/oadp-configuring-dpa-multiple-bsl.adoc,backup_and_restore/application_backup_and_restore/installing/installing-oadp-ibm-cloud.adoc,backup_and_restore,5,main;4.20;4.21;4.22;5.0,yes
modules/oadp-configuring-imagepullpolicy.adoc,backup_and_restore/application_backup_and_restore/installing/installing-oadp-ibm-cloud.adoc,backup_and_restore,5,main;4.20;4.21;4.22;5.0,yes
modules/oadp-configuring-node-agent-load-affinity.adoc,backup_and_restore/application_backup_and_restore/installing/installing-oadp-ibm-cloud.adoc,backup_and_restore,5,main;4.20;4.21;4.22;5.0,yes
modules/oadp-configuring-node-agent-load-concurrency.adoc,backup_and_restore/application_backup_and_restore/installing/installing-oadp-ibm-cloud.adoc,backup_and_restore,5,main;4.20;4.21;4.22;5.0,yes
modules/oadp-configuring-node-agents.adoc,backup_and_restore/application_backup_and_restore/installing/installing-oadp-ibm-cloud.adoc,backup_and_restore,5,main;4.20;4.21;4.22;5.0,yes
modules/oadp-configuring-repository-maintenance.adoc,backup_and_restore/application_backup_and_restore/installing/installing-oadp-ibm-cloud.adoc,backup_and_restore,5,main;4.20;4.21;4.22;5.0,yes
modules/oadp-configuring-velero-load-affinity.adoc,backup_and_restore/application_backup_and_restore/installing/installing-oadp-ibm-cloud.adoc,backup_and_restore,5,main;4.20;4.21;4.22;5.0,yes
modules/oadp-creating-default-secret.adoc,backup_and_restore/application_backup_and_restore/installing/installing-oadp-ibm-cloud.adoc,backup_and_restore,5,main;4.20;4.21;4.22;5.0,yes
modules/oadp-installing-dpa-1-3.adoc,backup_and_restore/application_backup_and_restore/installing/installing-oadp-ibm-cloud.adoc,backup_and_restore,5,main;4.20;4.21;4.22;5.0,yes
modules/oadp-node-agent-load-affinity-guidelines.adoc,backup_and_restore/application_backup_and_restore/installing/installing-oadp-ibm-cloud.adoc,backup_and_restore,5,main;4.20;4.21;4.22;5.0,yes
modules/oadp-secrets-for-different-credentials.adoc,backup_and_restore/application_backup_and_restore/installing/installing-oadp-ibm-cloud.adoc,backup_and_restore,5,main;4.20;4.21;4.22;5.0,yes
modules/oadp-setting-resource-limits-and-requests.adoc,backup_and_restore/application_backup_and_restore/installing/installing-oadp-ibm-cloud.adoc,backup_and_restore,5,main;4.20;4.21;4.22;5.0,yes
modules/install-and-configure-oadp-kubevirt.adoc,backup_and_restore/application_backup_and_restore/installing/installing-oadp-kubevirt.adoc,backup_and_restore,5,main;4.20;4.21;4.22;5.0,yes
modules/oadp-backup-single-vm.adoc,backup_and_restore/application_backup_and_restore/installing/installing-oadp-kubevirt.adoc,backup_and_restore,5,main;4.20;4.21;4.22;5.0,yes
modules/oadp-configuring-client-burst-qps.adoc,backup_and_restore/application_backup_and_restore/installing/installing-oadp-kubevirt.adoc,backup_and_restore,5,main;4.20;4.21;4.22;5.0,yes
modules/oadp-configuring-imagepullpolicy.adoc,backup_and_restore/application_backup_and_restore/installing/installing-oadp-kubevirt.adoc,backup_and_restore,5,main;4.20;4.21;4.22;5.0,yes
modules/oadp-configuring-node-agent-load-affinity.adoc,backup_and_restore/application_backup_and_restore/installing/installing-oadp-kubevirt.adoc,backup_and_restore,5,main;4.20;4.21;4.22;5.0,yes
modules/oadp-configuring-node-agent-load-concurrency.adoc,backup_and_restore/application_backup_and_restore/installing/installing-oadp-kubevirt.adoc,backup_and_restore,5,main;4.20;4.21;4.22;5.0,yes
modules/oadp-configuring-node-agent-non-root.adoc,backup_and_restore/application_backup_and_restore/installing/installing-oadp-kubevirt.adoc,backup_and_restore,5,main;4.20;4.21;4.22;5.0,yes
modules/oadp-configuring-node-agents.adoc,backup_and_restore/application_backup_and_restore/installing/installing-oadp-kubevirt.adoc,backup_and_restore,5,main;4.20;4.21;4.22;5.0,yes
modules/oadp-configuring-repository-maintenance.adoc,backup_and_restore/application_backup_and_restore/installing/installing-oadp-kubevirt.adoc,backup_and_restore,5,main;4.20;4.21;4.22;5.0,yes
modules/oadp-configuring-velero-load-affinity.adoc,backup_and_restore/application_backup_and_restore/installing/installing-oadp-kubevirt.adoc,backup_and_restore,5,main;4.20;4.21;4.22;5.0,yes
modules/oadp-incremental-backup-support.adoc,backup_and_restore/application_backup_and_restore/installing/installing-oadp-kubevirt.adoc,backup_and_restore,5,main;4.20;4.21;4.22;5.0,yes
modules/oadp-installing-dpa-1-3.adoc,backup_and_restore/application_backup_and_restore/installing/installing-oadp-kubevirt.adoc,backup_and_restore,5,main;4.20;4.21;4.22;5.0,yes
modules/oadp-node-agent-load-affinity-guidelines.adoc,backup_and_restore/application_backup_and_restore/installing/installing-oadp-kubevirt.adoc,backup_and_restore,5,main;4.20;4.21;4.22;5.0,yes
modules/oadp-restore-single-vm-from-multiple-vm-backup.adoc,backup_and_restore/application_backup_and_restore/installing/installing-oadp-kubevirt.adoc,backup_and_restore,5,main;4.20;4.21;4.22;5.0,yes
modules/oadp-restore-single-vm.adoc,backup_and_restore/application_backup_and_restore/installing/installing-oadp-kubevirt.adoc,backup_and_restore,5,main;4.20;4.21;4.22;5.0,yes
modules/migration-configuring-mcg.adoc,backup_and_restore/application_backup_and_restore/installing/installing-oadp-mcg.adoc,backup_and_restore,5,main;4.20;4.21;4.22;5.0,yes
modules/oadp-about-backup-snapshot-locations-secrets.adoc,backup_and_restore/application_backup_and_restore/installing/installing-oadp-mcg.adoc,backup_and_restore,5,main;4.20;4.21;4.22;5.0,yes
modules/oadp-about-disable-node-agent-dpa.adoc,backup_and_restore/application_backup_and_restore/installing/installing-oadp-mcg.adoc,backup_and_restore,5,main;4.20;4.21;4.22;5.0,yes
modules/oadp-configuring-client-burst-qps.adoc,backup_and_restore/application_backup_and_restore/installing/installing-oadp-mcg.adoc,backup_and_restore,5,main;4.20;4.21;4.22;5.0,yes
modules/oadp-configuring-imagepullpolicy.adoc,backup_and_restore/application_backup_and_restore/installing/installing-oadp-mcg.adoc,backup_and_restore,5,main;4.20;4.21;4.22;5.0,yes
modules/oadp-configuring-node-agent-load-affinity.adoc,backup_and_restore/application_backup_and_restore/installing/installing-oadp-mcg.adoc,backup_and_restore,5,main;4.20;4.21;4.22;5.0,yes
modules/oadp-configuring-node-agent-load-concurrency.adoc,backup_and_restore/application_backup_and_restore/installing/installing-oadp-mcg.adoc,backup_and_restore,5,main;4.20;4.21;4.22;5.0,yes
modules/oadp-configuring-node-agent-non-root.adoc,backup_and_restore/application_backup_and_restore/installing/installing-oadp-mcg.adoc,backup_and_restore,5,main;4.20;4.21;4.22;5.0,yes
modules/oadp-configuring-node-agents.adoc,backup_and_restore/application_backup_and_restore/installing/installing-oadp-mcg.adoc,backup_and_restore,5,main;4.20;4.21;4.22;5.0,yes
modules/oadp-configuring-repository-maintenance.adoc,backup_and_restore/application_backup_and_restore/installing/installing-oadp-mcg.adoc,backup_and_restore,5,main;4.20;4.21;4.22;5.0,yes
modules/oadp-configuring-velero-load-affinity.adoc,backup_and_restore/application_backup_and_restore/installing/installing-oadp-mcg.adoc,backup_and_restore,5,main;4.20;4.21;4.22;5.0,yes
modules/oadp-creating-default-secret.adoc,backup_and_restore/application_backup_and_restore/installing/installing-oadp-mcg.adoc,backup_and_restore,5,main;4.20;4.21;4.22;5.0,yes
modules/oadp-enabling-csi-dpa.adoc,backup_and_restore/application_backup_and_restore/installing/installing-oadp-mcg.adoc,backup_and_restore,5,main;4.20;4.21;4.22;5.0,yes
modules/oadp-installing-dpa-1-3.adoc,backup_and_restore/application_backup_and_restore/installing/installing-oadp-mcg.adoc,backup_and_restore,5,main;4.20;4.21;4.22;5.0,yes
modules/oadp-node-agent-load-affinity-guidelines.adoc,backup_and_restore/application_backup_and_restore/installing/installing-oadp-mcg.adoc,backup_and_restore,5,main;4.20;4.21;4.22;5.0,yes
modules/oadp-secrets-for-different-credentials.adoc,backup_and_restore/application_backup_and_restore/installing/installing-oadp-mcg.adoc,backup_and_restore,5,main;4.20;4.21;4.22;5.0,yes
modules/oadp-self-signed-certificate.adoc,backup_and_restore/application_backup_and_restore/installing/installing-oadp-mcg.adoc,backup_and_restore,5,main;4.20;4.21;4.22;5.0,yes
modules/oadp-setting-resource-limits-and-requests.adoc,backup_and_restore/application_backup_and_restore/installing/installing-oadp-mcg.adoc,backup_and_restore,5,main;4.20;4.21;4.22;5.0,yes
modules/oadp-using-ca-certificates-with-velero-command.adoc,backup_and_restore/application_backup_and_restore/installing/installing-oadp-mcg.adoc,backup_and_restore,5,main;4.20;4.21;4.22;5.0,yes
modules/oadp-about-backup-snapshot-locations-secrets.adoc,backup_and_restore/application_backup_and_restore/installing/installing-oadp-ocs.adoc,backup_and_restore,5,main;4.20;4.21;4.22;5.0,yes
modules/oadp-about-disable-node-agent-dpa.adoc,backup_and_restore/application_backup_and_restore/installing/installing-oadp-ocs.adoc,backup_and_restore,5,main;4.20;4.21;4.22;5.0,yes
modules/oadp-configuring-client-burst-qps.adoc,backup_and_restore/application_backup_and_restore/installing/installing-oadp-ocs.adoc,backup_and_restore,5,main;4.20;4.21;4.22;5.0,yes
modules/oadp-configuring-imagepullpolicy.adoc,backup_and_restore/application_backup_and_restore/installing/installing-oadp-ocs.adoc,backup_and_restore,5,main;4.20;4.21;4.22;5.0,yes
modules/oadp-configuring-node-agent-load-affinity.adoc,backup_and_restore/application_backup_and_restore/installing/installing-oadp-ocs.adoc,backup_and_restore,5,main;4.20;4.21;4.22;5.0,yes
modules/oadp-configuring-node-agent-load-concurrency.adoc,backup_and_restore/application_backup_and_restore/installing/installing-oadp-ocs.adoc,backup_and_restore,5,main;4.20;4.21;4.22;5.0,yes
modules/oadp-configuring-node-agent-non-root.adoc,backup_and_restore/application_backup_and_restore/installing/installing-oadp-ocs.adoc,backup_and_restore,5,main;4.20;4.21;4.22;5.0,yes
modules/oadp-configuring-node-agents.adoc,backup_and_restore/application_backup_and_restore/installing/installing-oadp-ocs.adoc,backup_and_restore,5,main;4.20;4.21;4.22;5.0,yes
modules/oadp-configuring-repository-maintenance.adoc,backup_and_restore/application_backup_and_restore/installing/installing-oadp-ocs.adoc,backup_and_restore,5,main;4.20;4.21;4.22;5.0,yes
modules/oadp-configuring-velero-load-affinity.adoc,backup_and_restore/application_backup_and_restore/installing/installing-oadp-ocs.adoc,backup_and_restore,5,main;4.20;4.21;4.22;5.0,yes
modules/oadp-creating-default-secret.adoc,backup_and_restore/application_backup_and_restore/installing/installing-oadp-ocs.adoc,backup_and_restore,5,main;4.20;4.21;4.22;5.0,yes
modules/oadp-enabling-csi-dpa.adoc,backup_and_restore/application_backup_and_restore/installing/installing-oadp-ocs.adoc,backup_and_restore,5,main;4.20;4.21;4.22;5.0,yes
modules/oadp-installing-dpa-1-3.adoc,backup_and_restore/application_backup_and_restore/installing/installing-oadp-ocs.adoc,backup_and_restore,5,main;4.20;4.21;4.22;5.0,yes
modules/oadp-node-agent-load-affinity-guidelines.adoc,backup_and_restore/application_backup_and_restore/installing/installing-oadp-ocs.adoc,backup_and_restore,5,main;4.20;4.21;4.22;5.0,yes
modules/oadp-odf-cpu-memory-requirements.adoc,backup_and_restore/application_backup_and_restore/installing/installing-oadp-ocs.adoc,backup_and_restore,5,main;4.20;4.21;4.22;5.0,yes
modules/oadp-secrets-for-different-credentials.adoc,backup_and_restore/application_backup_and_restore/installing/installing-oadp-ocs.adoc,backup_and_restore,5,main;4.20;4.21;4.22;5.0,yes
modules/oadp-self-signed-certificate.adoc,backup_and_restore/application_backup_and_restore/installing/installing-oadp-ocs.adoc,backup_and_restore,5,main;4.20;4.21;4.22;5.0,yes
modules/oadp-setting-resource-limits-and-requests.adoc,backup_and_restore/application_backup_and_restore/installing/installing-oadp-ocs.adoc,backup_and_restore,5,main;4.20;4.21;4.22;5.0,yes
modules/oadp-using-ca-certificates-with-velero-command.adoc,backup_and_restore/application_backup_and_restore/installing/installing-oadp-ocs.adoc,backup_and_restore,5,main;4.20;4.21;4.22;5.0,yes
modules/oadp-1-3-backing-csi-snapshots.adoc,backup_and_restore/application_backup_and_restore/installing/oadp-backup-restore-csi-snapshots.adoc,backup_and_restore,5,main;4.20;4.21;4.22;5.0,yes
modules/oadp-1-3-restoring-csi-snapshots.adoc,backup_and_restore/application_backup_and_restore/installing/oadp-backup-restore-csi-snapshots.adoc,backup_and_restore,5,main;4.20;4.21;4.22;5.0,yes
modules/oadp-deletion-policy-1-3.adoc,backup_and_restore/application_backup_and_restore/installing/oadp-backup-restore-csi-snapshots.adoc,backup_and_restore,5,main;4.20;4.21;4.22;5.0,yes
modules/installing-operator-oadp.adoc,backup_and_restore/application_backup_and_restore/installing/oadp-installing-operator.adoc,backup_and_restore,5,main;4.20;4.21;4.22;5.0,yes
modules/velero-oadp-version-relationship.adoc,backup_and_restore/application_backup_and_restore/installing/oadp-installing-operator.adoc,backup_and_restore,5,main;4.20;4.21;4.22;5.0,yes
modules/oadp-kopia-algorithms-benchmarking.adoc,backup_and_restore/application_backup_and_restore/installing/overriding-kopia-algorithms.adoc,backup_and_restore,5,main;4.20;4.21;4.22;5.0,yes
modules/oadp-kopia-configuring-algorithms.adoc,backup_and_restore/application_backup_and_restore/installing/overriding-kopia-algorithms.adoc,backup_and_restore,5,main;4.20;4.21;4.22;5.0,yes
modules/oadp-usecase-kopia-override-algorithms.adoc,backup_and_restore/application_backup_and_restore/installing/overriding-kopia-algorithms.adoc,backup_and_restore,5,main;4.20;4.21;4.22;5.0,yes
modules/backing-up-the-3scale-operator-secret-apimanager.adoc,backup_and_restore/application_backup_and_restore/oadp-3scale/backing-up-3scale-api-management-by-using-oadp.adoc,backup_and_restore,5,main;4.20;4.21;4.22;5.0,yes
modules/backing-up-the-backend-redis-database.adoc,backup_and_restore/application_backup_and_restore/oadp-3scale/backing-up-3scale-api-management-by-using-oadp.adoc,backup_and_restore,5,main;4.20;4.21;4.22;5.0,yes
modules/backing-up-the-mysql-database.adoc,backup_and_restore/application_backup_and_restore/oadp-3scale/backing-up-3scale-api-management-by-using-oadp.adoc,backup_and_restore,5,main;4.20;4.21;4.22;5.0,yes
modules/creating-the-data-protection-application.adoc,backup_and_restore/application_backup_and_restore/oadp-3scale/backing-up-3scale-api-management-by-using-oadp.adoc,backup_and_restore,5,main;4.20;4.21;4.22;5.0,yes
modules/restoring-the-3scale-api-management-operator-secrets-and-apimanager.adoc,backup_and_restore/application_backup_and_restore/oadp-3scale/restoring-3scale-api-management-by-using-oadp.adoc,backup_and_restore,5,main;4.20;4.21;4.22;5.0,yes
modules/restoring-the-backend-redis-database.adoc,backup_and_restore/application_backup_and_restore/oadp-3scale/restoring-3scale-api-management-by-using-oadp.adoc,backup_and_restore,5,main;4.20;4.21;4.22;5.0,yes
modules/restoring-the-mysql-database.adoc,backup_and_restore/application_backup_and_restore/oadp-3scale/restoring-3scale-api-management-by-using-oadp.adoc,backup_and_restore,5,main;4.20;4.21;4.22;5.0,yes
modules/scaling-up-the-3scale-api-management-operator-and-deployment.adoc,backup_and_restore/application_backup_and_restore/oadp-3scale/restoring-3scale-api-management-by-using-oadp.adoc,backup_and_restore,5,main;4.20;4.21;4.22;5.0,yes
modules/oadp-about-backing-and-restoring-from-cluster-to-cluster.adoc,backup_and_restore/application_backup_and_restore/oadp-advanced-topics/oadp-backing-up-data-one-cluster-restoring-another-cluster.adoc,backup_and_restore,5,main;4.20;4.21;4.22;5.0,yes
modules/oadp-backing-and-restoring-from-cluster-to-cluster.adoc,backup_and_restore/application_backup_and_restore/oadp-advanced-topics/oadp-backing-up-data-one-cluster-restoring-another-cluster.adoc,backup_and_restore,5,main;4.20;4.21;4.22;5.0,yes
modules/oadp-backing-up-opt-in.adoc,backup_and_restore/application_backup_and_restore/oadp-advanced-topics/oadp-backing-up-data-one-cluster-restoring-another-cluster.adoc,backup_and_restore,5,main;4.20;4.21;4.22;5.0,yes
modules/oadp-backing-up-opt-out.adoc,backup_and_restore/application_backup_and_restore/oadp-advanced-topics/oadp-backing-up-data-one-cluster-restoring-another-cluster.adoc,backup_and_restore,5,main;4.20;4.21;4.22;5.0,yes
modules/oadp-cluster-to-cluster-uid-and-gid-ranges.adoc,backup_and_restore/application_backup_and_restore/oadp-advanced-topics/oadp-backing-up-data-one-cluster-restoring-another-cluster.adoc,backup_and_restore,5,main;4.20;4.21;4.22;5.0,yes
modules/oadp-pod-volume-backup.adoc,backup_and_restore/application_backup_and_restore/oadp-advanced-topics/oadp-backing-up-data-one-cluster-restoring-another-cluster.adoc,backup_and_restore,5,main;4.20;4.21;4.22;5.0,yes
modules/oadp-about-enable-api-group-versions.adoc,backup_and_restore/application_backup_and_restore/oadp-advanced-topics/oadp-different-kubernetes-api-versions.adoc,backup_and_restore,5,main;4.20;4.21;4.22;5.0,yes
modules/oadp-checking-api-group-versions.adoc,backup_and_restore/application_backup_and_restore/oadp-advanced-topics/oadp-different-kubernetes-api-versions.adoc,backup_and_restore,5,main;4.20;4.21;4.22;5.0,yes
modules/oadp-using-enable-api-group-versions.adoc,backup_and_restore/application_backup_and_restore/oadp-advanced-topics/oadp-different-kubernetes-api-versions.adoc,backup_and_restore,5,main;4.20;4.21;4.22;5.0,yes
modules/oadp-storage-class-mapping-oadp.adoc,backup_and_restore/application_backup_and_restore/oadp-advanced-topics/oadp-storage-class-mapping-main.adoc,backup_and_restore,5,main;4.20;4.21;4.22;5.0,yes
modules/oadp-storage-class-mapping.adoc,backup_and_restore/application_backup_and_restore/oadp-advanced-topics/oadp-storage-class-mapping-main.adoc,backup_and_restore,5,main;4.20;4.21;4.22;5.0,yes
modules/applicationconfig-type.adoc,backup_and_restore/application_backup_and_restore/oadp-api.adoc,backup_and_restore,5,main;4.20;4.21;4.22;5.0,yes
modules/backuplocation-type.adoc,backup_and_restore/application_backup_and_restore/oadp-api.adoc,backup_and_restore,5,main;4.20;4.21;4.22;5.0,yes
modules/customplugin-type.adoc,backup_and_restore/application_backup_and_restore/oadp-api.adoc,backup_and_restore,5,main;4.20;4.21;4.22;5.0,yes
modules/datamover-type.adoc,backup_and_restore/application_backup_and_restore/oadp-api.adoc,backup_and_restore,5,main;4.20;4.21;4.22;5.0,yes
modules/dataprotectionapplicationspec-type.adoc,backup_and_restore/application_backup_and_restore/oadp-api.adoc,backup_and_restore,5,main;4.20;4.21;4.22;5.0,yes
modules/features-type.adoc,backup_and_restore/application_backup_and_restore/oadp-api.adoc,backup_and_restore,5,main;4.20;4.21;4.22;5.0,yes
modules/podconfig-type.adoc,backup_and_restore/application_backup_and_restore/oadp-api.adoc,backup_and_restore,5,main;4.20;4.21;4.22;5.0,yes
modules/resticconfig-type.adoc,backup_and_restore/application_backup_and_restore/oadp-api.adoc,backup_and_restore,5,main;4.20;4.21;4.22;5.0,yes
modules/snapshotlocation-type.adoc,backup_and_restore/application_backup_and_restore/oadp-api.adoc,backup_and_restore,5,main;4.20;4.21;4.22;5.0,yes
modules/veleroconfig-type.adoc,backup_and_restore/application_backup_and_restore/oadp-api.adoc,backup_and_restore,5,main;4.20;4.21;4.22;5.0,yes
modules/avoiding-the-velero-plugin-panic-error.adoc,backup_and_restore/application_backup_and_restore/oadp-features-plugins.adoc,backup_and_restore,5,main;4.20;4.21;4.22;5.0,yes
modules/oadp-configuring-velero-plugins.adoc,backup_and_restore/application_backup_and_restore/oadp-features-plugins.adoc,backup_and_restore,5,main;4.20;4.21;4.22;5.0,yes
modules/oadp-features.adoc,backup_and_restore/application_backup_and_restore/oadp-features-plugins.adoc,backup_and_restore,5,main;4.20;4.21;4.22;5.0,yes
modules/oadp-fips.adoc,backup_and_restore/application_backup_and_restore/oadp-features-plugins.adoc,backup_and_restore,5,main;4.20;4.21;4.22;5.0,yes
modules/oadp-ibm-power-and-z-known-issues.adoc,backup_and_restore/application_backup_and_restore/oadp-features-plugins.adoc,backup_and_restore,5,main;4.20;4.21;4.22;5.0,yes
modules/oadp-ibm-power-test-support.adoc,backup_and_restore/application_backup_and_restore/oadp-features-plugins.adoc,backup_and_restore,5,main;4.20;4.21;4.22;5.0,yes
modules/oadp-ibm-z-test-support.adoc,backup_and_restore/application_backup_and_restore/oadp-features-plugins.adoc,backup_and_restore,5,main;4.20;4.21;4.22;5.0,yes
modules/oadp-plugins.adoc,backup_and_restore/application_backup_and_restore/oadp-features-plugins.adoc,backup_and_restore,5,main;4.20;4.21;4.22;5.0,yes
modules/oadp-support-ibm.adoc,backup_and_restore/application_backup_and_restore/oadp-features-plugins.adoc,backup_and_restore,5,main;4.20;4.21;4.22;5.0,yes
modules/oadp-supported-architecture.adoc,backup_and_restore/application_backup_and_restore/oadp-features-plugins.adoc,backup_and_restore,5,main;4.20;4.21;4.22;5.0,yes
modules/workaround-for-openshift-adp-controller-segmentation-fault.adoc,backup_and_restore/application_backup_and_restore/oadp-features-plugins.adoc,backup_and_restore,5,main;4.20;4.21;4.22;5.0,yes
modules/oadp-operator-supported.adoc,backup_and_restore/application_backup_and_restore/oadp-intro.adoc,backup_and_restore,5,main;4.20;4.21;4.22;5.0,yes
modules/cleanup-a-backup-oadp-rosa-sts.adoc,backup_and_restore/application_backup_and_restore/oadp-rosa/oadp-rosa-backing-up-applications.adoc,backup_and_restore,5,main;4.20;4.21;4.22;5.0,yes
modules/installing-oadp-rosa-sts.adoc,backup_and_restore/application_backup_and_restore/oadp-rosa/oadp-rosa-backing-up-applications.adoc,backup_and_restore,5,main;4.20;4.21;4.22;5.0,yes
modules/performing-a-backup-oadp-rosa-sts.adoc,backup_and_restore/application_backup_and_restore/oadp-rosa/oadp-rosa-backing-up-applications.adoc,backup_and_restore,5,main;4.20;4.21;4.22;5.0,yes
modules/preparing-aws-credentials-for-oadp.adoc,backup_and_restore/application_backup_and_restore/oadp-rosa/oadp-rosa-backing-up-applications.adoc,backup_and_restore,5,main;4.20;4.21;4.22;5.0,yes
modules/updating-role-arn-oadp-rosa-sts.adoc,backup_and_restore/application_backup_and_restore/oadp-rosa/oadp-rosa-backing-up-applications.adoc,backup_and_restore,5,main;4.20;4.21;4.22;5.0,yes
modules/oadp-self-service-admin-enable-disable.adoc,backup_and_restore/application_backup_and_restore/oadp-self-service/oadp-self-service-cluster-admin-use-cases.adoc,backup_and_restore,5,main;4.20;4.21;4.22;5.0,yes
modules/oadp-self-service-admin-spec-enforce-nab.adoc,backup_and_restore/application_backup_and_restore/oadp-self-service/oadp-self-service-cluster-admin-use-cases.adoc,backup_and_restore,5,main;4.20;4.21;4.22;5.0,yes
modules/oadp-self-service-admin-spec-enforce-nabsl.adoc,backup_and_restore/application_backup_and_restore/oadp-self-service/oadp-self-service-cluster-admin-use-cases.adoc,backup_and_restore,5,main;4.20;4.21;4.22;5.0,yes
modules/oadp-self-service-admin-spec-enforce-nar.adoc,backup_and_restore/application_backup_and_restore/oadp-self-service/oadp-self-service-cluster-admin-use-cases.adoc,backup_and_restore,5,main;4.20;4.21;4.22;5.0,yes
modules/oadp-self-service-admin-spec-enforcement.adoc,backup_and_restore/application_backup_and_restore/oadp-self-service/oadp-self-service-cluster-admin-use-cases.adoc,backup_and_restore,5,main;4.20;4.21;4.22;5.0,yes
modules/oadp-self-service-approving-nabsl.adoc,backup_and_restore/application_backup_and_restore/oadp-self-service/oadp-self-service-cluster-admin-use-cases.adoc,backup_and_restore,5,main;4.20;4.21;4.22;5.0,yes
modules/oadp-self-service-enabling-nabsl-approval.adoc,backup_and_restore/application_backup_and_restore/oadp-self-service/oadp-self-service-cluster-admin-use-cases.adoc,backup_and_restore,5,main;4.20;4.21;4.22;5.0,yes
modules/oadp-self-service-rejecting-nabsl.adoc,backup_and_restore/application_backup_and_restore/oadp-self-service/oadp-self-service-cluster-admin-use-cases.adoc,backup_and_restore,5,main;4.20;4.21;4.22;5.0,yes
modules/oadp-self-service-about-nadr.adoc,backup_and_restore/application_backup_and_restore/oadp-self-service/oadp-self-service-namespace-admin-use-cases.adoc,backup_and_restore,5,main;4.20;4.21;4.22;5.0,yes
modules/oadp-self-service-creating-nab.adoc,backup_and_restore/application_backup_and_restore/oadp-self-service/oadp-self-service-namespace-admin-use-cases.adoc,backup_and_restore,5,main;4.20;4.21;4.22;5.0,yes
modules/oadp-self-service-creating-nabsl.adoc,backup_and_restore/application_backup_and_restore/oadp-self-service/oadp-self-service-namespace-admin-use-cases.adoc,backup_and_restore,5,main;4.20;4.21;4.22;5.0,yes
modules/oadp-self-service-creating-nar.adoc,backup_and_restore/application_backup_and_restore/oadp-self-service/oadp-self-service-namespace-admin-use-cases.adoc,backup_and_restore,5,main;4.20;4.21;4.22;5.0,yes
modules/oadp-self-service-deleting-nab.adoc,backup_and_restore/application_backup_and_restore/oadp-self-service/oadp-self-service-namespace-admin-use-cases.adoc,backup_and_restore,5,main;4.20;4.21;4.22;5.0,yes
modules/oadp-self-service-nab-nar-logs.adoc,backup_and_restore/application_backup_and_restore/oadp-self-service/oadp-self-service-namespace-admin-use-cases.adoc,backup_and_restore,5,main;4.20;4.21;4.22;5.0,yes
modules/oadp-self-service-troubleshoot-nabsl-default.adoc,backup_and_restore/application_backup_and_restore/oadp-self-service/oadp-self-service-troubleshooting.adoc,backup_and_restore,5,main;4.20;4.21;4.22;5.0,yes
modules/oadp-self-service-troubleshoot-nabsl-same-ns.adoc,backup_and_restore/application_backup_and_restore/oadp-self-service/oadp-self-service-troubleshooting.adoc,backup_and_restore,5,main;4.20;4.21;4.22;5.0,yes
modules/oadp-self-service-about-nabsl.adoc,backup_and_restore/application_backup_and_restore/oadp-self-service/oadp-self-service.adoc,backup_and_restore,5,main;4.20;4.21;4.22;5.0,yes
modules/oadp-self-service-components.adoc,backup_and_restore/application_backup_and_restore/oadp-self-service/oadp-self-service.adoc,backup_and_restore,5,main;4.20;4.21;4.22;5.0,yes
modules/oadp-self-service-how-it-works.adoc,backup_and_restore/application_backup_and_restore/oadp-self-service/oadp-self-service.adoc,backup_and_restore,5,main;4.20;4.21;4.22;5.0,yes
modules/oadp-self-service-namespace-permissions.adoc,backup_and_restore/application_backup_and_restore/oadp-self-service/oadp-self-service.adoc,backup_and_restore,5,main;4.20;4.21;4.22;5.0,yes
modules/oadp-self-service-namespace-scoped.adoc,backup_and_restore/application_backup_and_restore/oadp-self-service/oadp-self-service.adoc,backup_and_restore,5,main;4.20;4.21;4.22;5.0,yes
modules/oadp-self-service-overview.adoc,backup_and_restore/application_backup_and_restore/oadp-self-service/oadp-self-service.adoc,backup_and_restore,5,main;4.20;4.21;4.22;5.0,yes
modules/oadp-self-service-phases.adoc,backup_and_restore/application_backup_and_restore/oadp-self-service/oadp-self-service.adoc,backup_and_restore,5,main;4.20;4.21;4.22;5.0,yes
modules/oadp-self-service-prerequisites.adoc,backup_and_restore/application_backup_and_restore/oadp-self-service/oadp-self-service.adoc,backup_and_restore,5,main;4.20;4.21;4.22;5.0,yes
modules/oadp-self-service-unsupported-features.adoc,backup_and_restore/application_backup_and_restore/oadp-self-service/oadp-self-service.adoc,backup_and_restore,5,main;4.20;4.21;4.22;5.0,yes
modules/cleanup-a-backup-oadp-rosa-sts.adoc,backup_and_restore/application_backup_and_restore/oadp-use-cases/oadp-rosa-backup-restore.adoc,backup_and_restore,5,main;4.20;4.21;4.22;5.0,yes
modules/performing-a-backup-oadp-rosa-sts.adoc,backup_and_restore/application_backup_and_restore/oadp-use-cases/oadp-rosa-backup-restore.adoc,backup_and_restore,5,main;4.20;4.21;4.22;5.0,yes
modules/oadp-usecase-backup-odf.adoc,backup_and_restore/application_backup_and_restore/oadp-use-cases/oadp-usecase-backup-using-odf.adoc,backup_and_restore,5,main;4.20;4.21;4.22;5.0,yes
modules/oadp-usecase-include-ca-cert-backup.adoc,backup_and_restore/application_backup_and_restore/oadp-use-cases/oadp-usecase-enable-ca-cert.adoc,backup_and_restore,5,main;4.20;4.21;4.22;5.0,yes
modules/oadp-using-legacy-aws-plugin.adoc,backup_and_restore/application_backup_and_restore/oadp-use-cases/oadp-usecase-legacy-aws-plugin.adoc,backup_and_restore,5,main;4.20;4.21;4.22;5.0,yes
modules/oadp-usecase-restore.adoc,backup_and_restore/application_backup_and_restore/oadp-use-cases/oadp-usecase-restore-different-namespace.adoc,backup_and_restore,5,main;4.20;4.21;4.22;5.0,yes
modules/oadp-troubleshooting-pvc-binding-delay.adoc,backup_and_restore/application_backup_and_restore/troubleshooting/backup-and-restore-cr-issues.adoc,backup_and_restore,5,main;4.20;4.21;4.22;5.0,yes
modules/troubleshooting-backup-cr-cannot-retrieve-volume-issue.adoc,backup_and_restore/application_backup_and_restore/troubleshooting/backup-and-restore-cr-issues.adoc,backup_and_restore,5,main;4.20;4.21;4.22;5.0,yes
modules/troubleshooting-backup-cr-status-remains-in-partiallyfailed-issue.adoc,backup_and_restore/application_backup_and_restore/troubleshooting/backup-and-restore-cr-issues.adoc,backup_and_restore,5,main;4.20;4.21;4.22;5.0,yes
modules/troubleshooting-backup-cr-status-remains-in-progress-issue.adoc,backup_and_restore/application_backup_and_restore/troubleshooting/backup-and-restore-cr-issues.adoc,backup_and_restore,5,main;4.20;4.21;4.22;5.0,yes
modules/migration-debugging-velero-resources.adoc,backup_and_restore/application_backup_and_restore/troubleshooting/oadp-cli-tool.adoc,backup_and_restore,5,main;4.20;4.21;4.22;5.0,yes
modules/oadp-debugging-oc-cli.adoc,backup_and_restore/application_backup_and_restore/troubleshooting/oadp-cli-tool.adoc,backup_and_restore,5,main;4.20;4.21;4.22;5.0,yes
modules/velero-oadp-version-relationship.adoc,backup_and_restore/application_backup_and_restore/troubleshooting/oadp-cli-tool.adoc,backup_and_restore,5,main;4.20;4.21;4.22;5.0,yes
modules/oadp-dpt-spec-fields.adoc,backup_and_restore/application_backup_and_restore/troubleshooting/oadp-data-protection-test.adoc,backup_and_restore,5,main;4.20;4.21;4.22;5.0,yes
modules/oadp-dpt-status-fields.adoc,backup_and_restore/application_backup_and_restore/troubleshooting/oadp-data-protection-test.adoc,backup_and_restore,5,main;4.20;4.21;4.22;5.0,yes
modules/oadp-dpt-use-case-azure.adoc,backup_and_restore/application_backup_and_restore/troubleshooting/oadp-data-protection-test.adoc,backup_and_restore,5,main;4.20;4.21;4.22;5.0,yes
modules/oadp-dpt-use-case-bsl-spec.adoc,backup_and_restore/application_backup_and_restore/troubleshooting/oadp-data-protection-test.adoc,backup_and_restore,5,main;4.20;4.21;4.22;5.0,yes
modules/oadp-troubleshooting-dpt.adoc,backup_and_restore/application_backup_and_restore/troubleshooting/oadp-data-protection-test.adoc,backup_and_restore,5,main;4.20;4.21;4.22;5.0,yes
modules/using-data-protection-test.adoc,backup_and_restore/application_backup_and_restore/troubleshooting/oadp-data-protection-test.adoc,backup_and_restore,5,main;4.20;4.21;4.22;5.0,yes
modules/resolving-backup-storage-contains-invalid-directories-issue.adoc,backup_and_restore/application_backup_and_restore/troubleshooting/oadp-installation-issues.adoc,backup_and_restore,5,main;4.20;4.21;4.22;5.0,yes
modules/resolving-incorrect-aws-credentials-issue.adoc,backup_and_restore/application_backup_and_restore/troubleshooting/oadp-installation-issues.adoc,backup_and_restore,5,main;4.20;4.21;4.22;5.0,yes
modules/oadp-creating-alerting-rule.adoc,backup_and_restore/application_backup_and_restore/troubleshooting/oadp-monitoring.adoc,backup_and_restore,5,main;4.20;4.21;4.22;5.0,yes
modules/oadp-creating-service-monitor.adoc,backup_and_restore/application_backup_and_restore/troubleshooting/oadp-monitoring.adoc,backup_and_restore,5,main;4.20;4.21;4.22;5.0,yes
modules/oadp-list-of-metrics.adoc,backup_and_restore/application_backup_and_restore/troubleshooting/oadp-monitoring.adoc,backup_and_restore,5,main;4.20;4.21;4.22;5.0,yes
modules/oadp-monitoring-setup.adoc,backup_and_restore/application_backup_and_restore/troubleshooting/oadp-monitoring.adoc,backup_and_restore,5,main;4.20;4.21;4.22;5.0,yes
modules/oadp-viewing-metrics-ui.adoc,backup_and_restore/application_backup_and_restore/troubleshooting/oadp-monitoring.adoc,backup_and_restore,5,main;4.20;4.21;4.22;5.0,yes
modules/resolving-oadp-operator-fails-silently-issue.adoc,backup_and_restore/application_backup_and_restore/troubleshooting/oadp-operator-issues.adoc,backup_and_restore,5,main;4.20;4.21;4.22;5.0,yes
modules/oadp-csi-snapshot-timeouts.adoc,backup_and_restore/application_backup_and_restore/troubleshooting/oadp-timeouts.adoc,backup_and_restore,5,main;4.20;4.21;4.22;5.0,yes
modules/oadp-datamover-timeouts.adoc,backup_and_restore/application_backup_and_restore/troubleshooting/oadp-timeouts.adoc,backup_and_restore,5,main;4.20;4.21;4.22;5.0,yes
modules/oadp-item-backup-timeouts.adoc,backup_and_restore/application_backup_and_restore/troubleshooting/oadp-timeouts.adoc,backup_and_restore,5,main;4.20;4.21;4.22;5.0,yes
modules/oadp-item-restore-timeouts.adoc,backup_and_restore/application_backup_and_restore/troubleshooting/oadp-timeouts.adoc,backup_and_restore,5,main;4.20;4.21;4.22;5.0,yes
modules/oadp-restic-timeouts.adoc,backup_and_restore/application_backup_and_restore/troubleshooting/oadp-timeouts.adoc,backup_and_restore,5,main;4.20;4.21;4.22;5.0,yes
modules/oadp-velero-default-timeouts.adoc,backup_and_restore/application_backup_and_restore/troubleshooting/oadp-timeouts.adoc,backup_and_restore,5,main;4.20;4.21;4.22;5.0,yes
modules/oadp-velero-timeouts.adoc,backup_and_restore/application_backup_and_restore/troubleshooting/oadp-timeouts.adoc,backup_and_restore,5,main;4.20;4.21;4.22;5.0,yes
modules/oadp-pod-crash-set-resource-request-restic.adoc,backup_and_restore/application_backup_and_restore/troubleshooting/pods-crash-or-restart-due-to-lack-of-memory-or-cpu.adoc,backup_and_restore,5,main;4.20;4.21;4.22;5.0,yes
modules/oadp-pod-crash-set-resource-request-velero.adoc,backup_and_restore/application_backup_and_restore/troubleshooting/pods-crash-or-restart-due-to-lack-of-memory-or-cpu.adoc,backup_and_restore,5,main;4.20;4.21;4.22;5.0,yes
modules/oadp-restic-restore-failing-psa-policy.adoc,backup_and_restore/application_backup_and_restore/troubleshooting/restic-issues.adoc,backup_and_restore,5,main;4.20;4.21;4.22;5.0,yes
modules/restic-backup-cr-cannot-be-recreated-after-bucket-is-emptied.adoc,backup_and_restore/application_backup_and_restore/troubleshooting/restic-issues.adoc,backup_and_restore,5,main;4.20;4.21;4.22;5.0,yes
modules/restic-permission-error-for-nfs-data-volumes-with-root-squash-enabled.adoc,backup_and_restore/application_backup_and_restore/troubleshooting/restic-issues.adoc,backup_and_restore,5,main;4.20;4.21;4.22;5.0,yes
modules/avoiding-the-velero-plugin-panic-error.adoc,backup_and_restore/application_backup_and_restore/troubleshooting/restoring-workarounds-for-velero-backups-that-use-admission-webhooks.adoc,backup_and_restore,5,main;4.20;4.21;4.22;5.0,yes
modules/migration-debugging-velero-admission-webhooks-ibm-appconnect.adoc,backup_and_restore/application_backup_and_restore/troubleshooting/restoring-workarounds-for-velero-backups-that-use-admission-webhooks.adoc,backup_and_restore,5,main;4.20;4.21;4.22;5.0,yes
modules/migration-debugging-velero-admission-webhooks-knative.adoc,backup_and_restore/application_backup_and_restore/troubleshooting/restoring-workarounds-for-velero-backups-that-use-admission-webhooks.adoc,backup_and_restore,5,main;4.20;4.21;4.22;5.0,yes
modules/workaround-for-openshift-adp-controller-segmentation-fault.adoc,backup_and_restore/application_backup_and_restore/troubleshooting/restoring-workarounds-for-velero-backups-that-use-admission-webhooks.adoc,backup_and_restore,5,main;4.20;4.21;4.22;5.0,yes
modules/migration-debugging-velero-resources.adoc,backup_and_restore/application_backup_and_restore/troubleshooting/velero-cli-tool.adoc,backup_and_restore,5,main;4.20;4.21;4.22;5.0,yes
modules/oadp-debugging-oc-cli.adoc,backup_and_restore/application_backup_and_restore/troubleshooting/velero-cli-tool.adoc,backup_and_restore,5,main;4.20;4.21;4.22;5.0,yes
modules/velero-oadp-version-relationship.adoc,backup_and_restore/application_backup_and_restore/troubleshooting/velero-cli-tool.adoc,backup_and_restore,5,main;4.20;4.21;4.22;5.0,yes
modules/creating-recurring-etcd-backups.adoc,backup_and_restore/control_plane_backup_and_restore/backing-up-etcd.adoc,backup_and_restore,5,main;4.20;4.21;4.22;5.0,yes
modules/dr-recover-expired-control-plane-certs.adoc,backup_and_restore/control_plane_backup_and_restore/disaster_recovery/about-disaster-recovery.adoc,backup_and_restore,5,main;4.20;4.21;4.22;5.0,yes
modules/dr-restoring-cluster-state-about.adoc,backup_and_restore/control_plane_backup_and_restore/disaster_recovery/about-disaster-recovery.adoc,backup_and_restore,5,main;4.20;4.21;4.22;5.0,yes
modules/dr-restoring-cluster-state-sno.adoc,backup_and_restore/control_plane_backup_and_restore/disaster_recovery/about-disaster-recovery.adoc,backup_and_restore,5,main;4.20;4.21;4.22;5.0,yes
modules/dr-restoring-cluster-state.adoc,backup_and_restore/control_plane_backup_and_restore/disaster_recovery/about-disaster-recovery.adoc,backup_and_restore,5,main;4.20;4.21;4.22;5.0,yes
modules/dr-restoring-etcd-quorum-ha.adoc,backup_and_restore/control_plane_backup_and_restore/disaster_recovery/about-disaster-recovery.adoc,backup_and_restore,5,main;4.20;4.21;4.22;5.0,yes
modules/dr-scenario-cluster-state-issues.adoc,backup_and_restore/control_plane_backup_and_restore/disaster_recovery/about-disaster-recovery.adoc,backup_and_restore,5,main;4.20;4.21;4.22;5.0,yes
modules/dr-testing-restore-procedures.adoc,backup_and_restore/control_plane_backup_and_restore/disaster_recovery/about-disaster-recovery.adoc,backup_and_restore,5,main;4.20;4.21;4.22;5.0,yes
modules/dr-restoring-etcd-quorum-ha.adoc,backup_and_restore/control_plane_backup_and_restore/disaster_recovery/quorum-restoration.adoc,backup_and_restore,5,main;4.20;4.21;4.22;5.0,yes
modules/dr-restoring-cluster-state-about.adoc,backup_and_restore/control_plane_backup_and_restore/disaster_recovery/scenario-2-restoring-cluster-state.adoc,backup_and_restore,5,main;4.20;4.21;4.22;5.0,yes
modules/dr-restoring-cluster-state-sno.adoc,backup_and_restore/control_plane_backup_and_restore/disaster_recovery/scenario-2-restoring-cluster-state.adoc,backup_and_restore,5,main;4.20;4.21;4.22;5.0,yes
modules/dr-restoring-cluster-state.adoc,backup_and_restore/control_plane_backup_and_restore/disaster_recovery/scenario-2-restoring-cluster-state.adoc,backup_and_restore,5,main;4.20;4.21;4.22;5.0,yes
modules/dr-scenario-cluster-state-issues.adoc,backup_and_restore/control_plane_backup_and_restore/disaster_recovery/scenario-2-restoring-cluster-state.adoc,backup_and_restore,5,main;4.20;4.21;4.22;5.0,yes
modules/dr-recover-expired-control-plane-certs.adoc,backup_and_restore/control_plane_backup_and_restore/disaster_recovery/scenario-3-expired-certs.adoc,backup_and_restore,5,main;4.20;4.21;4.22;5.0,yes
modules/replacing-healthy-etcd-member-cpms.adoc,backup_and_restore/control_plane_backup_and_restore/replacing-healthy-etcd-member.adoc,backup_and_restore,5,main;4.20;4.21;4.22;5.0,yes
modules/replacing-healthy-etcd-member-scale-up-down.adoc,backup_and_restore/control_plane_backup_and_restore/replacing-healthy-etcd-member.adoc,backup_and_restore,5,main;4.20;4.21;4.22;5.0,yes
modules/restore-replace-crashlooping-etcd-member.adoc,backup_and_restore/control_plane_backup_and_restore/replacing-unhealthy-etcd-member.adoc,backup_and_restore,5,main;4.20;4.21;4.22;5.0,yes
modules/restore-replace-stopped-baremetal-etcd-member.adoc,backup_and_restore/control_plane_backup_and_restore/replacing-unhealthy-etcd-member.adoc,backup_and_restore,5,main;4.20;4.21;4.22;5.0,yes
modules/restore-replace-stopped-etcd-member.adoc,backup_and_restore/control_plane_backup_and_restore/replacing-unhealthy-etcd-member.adoc,backup_and_restore,5,main;4.20;4.21;4.22;5.0,yes
modules/graceful-restart.adoc,backup_and_restore/graceful-cluster-restart.adoc,backup_and_restore,5,main;4.20;4.21;4.22;5.0,yes
modules/graceful-shutdown.adoc,backup_and_restore/graceful-cluster-shutdown.adoc,backup_and_restore,5,main;4.20;4.21;4.22;5.0,yes
modules/hibernating-cluster-about.adoc,backup_and_restore/hibernating-cluster.adoc,backup_and_restore,5,main;4.20;4.21;4.22;5.0,yes
modules/hibernating-cluster-hibernate.adoc,backup_and_restore/hibernating-cluster.adoc,backup_and_restore,5,main;4.20;4.21;4.22;5.0,yes
modules/hibernating-cluster-resume.adoc,backup_and_restore/hibernating-cluster.adoc,backup_and_restore,5,main;4.20;4.21;4.22;5.0,yes
modules/builds-assigning-builds-to-nodes.adoc,cicd/builds/advanced-build-operations.adoc,cicd,5,main;4.20;4.21;4.22;5.0,yes
modules/builds-build-pruning.adoc,cicd/builds/advanced-build-operations.adoc,cicd,5,main;4.20;4.21;4.22;5.0,yes
modules/builds-build-run-policy.adoc,cicd/builds/advanced-build-operations.adoc,cicd,5,main;4.20;4.21;4.22;5.0,yes
modules/builds-chaining-builds.adoc,cicd/builds/advanced-build-operations.adoc,cicd,5,main;4.20;4.21;4.22;5.0,yes
modules/builds-setting-build-resources.adoc,cicd/builds/advanced-build-operations.adoc,cicd,5,main;4.20;4.21;4.22;5.0,yes
modules/builds-setting-maximum-duration.adoc,cicd/builds/advanced-build-operations.adoc,cicd,5,main;4.20;4.21;4.22;5.0,yes
modules/builds-basic-access-build-logs.adoc,cicd/builds/basic-build-operations.adoc,cicd,5,main;4.20;4.21;4.22;5.0,yes
modules/builds-basic-access-build-verbosity.adoc,cicd/builds/basic-build-operations.adoc,cicd,5,main;4.20;4.21;4.22;5.0,yes
modules/builds-basic-access-buildconfig-logs.adoc,cicd/builds/basic-build-operations.adoc,cicd,5,main;4.20;4.21;4.22;5.0,yes
modules/builds-basic-access-buildconfig-version-logs.adoc,cicd/builds/basic-build-operations.adoc,cicd,5,main;4.20;4.21;4.22;5.0,yes
modules/builds-basic-cancel-all-state.adoc,cicd/builds/basic-build-operations.adoc,cicd,5,main;4.20;4.21;4.22;5.0,yes
modules/builds-basic-cancel-all.adoc,cicd/builds/basic-build-operations.adoc,cicd,5,main;4.20;4.21;4.22;5.0,yes
modules/builds-basic-cancel-build.adoc,cicd/builds/basic-build-operations.adoc,cicd,5,main;4.20;4.21;4.22;5.0,yes
modules/builds-basic-cancel-multiple.adoc,cicd/builds/basic-build-operations.adoc,cicd,5,main;4.20;4.21;4.22;5.0,yes
modules/builds-basic-delete-buildconfig.adoc,cicd/builds/basic-build-operations.adoc,cicd,5,main;4.20;4.21;4.22;5.0,yes
modules/builds-basic-edit-buildconfig.adoc,cicd/builds/basic-build-operations.adoc,cicd,5,main;4.20;4.21;4.22;5.0,yes
modules/builds-basic-start-build.adoc,cicd/builds/basic-build-operations.adoc,cicd,5,main;4.20;4.21;4.22;5.0,yes
modules/builds-basic-start-environment-variable.adoc,cicd/builds/basic-build-operations.adoc,cicd,5,main;4.20;4.21;4.22;5.0,yes
modules/builds-basic-start-logs.adoc,cicd/builds/basic-build-operations.adoc,cicd,5,main;4.20;4.21;4.22;5.0,yes
modules/builds-basic-start-re-run.adoc,cicd/builds/basic-build-operations.adoc,cicd,5,main;4.20;4.21;4.22;5.0,yes
modules/builds-basic-start-source.adoc,cicd/builds/basic-build-operations.adoc,cicd,5,main;4.20;4.21;4.22;5.0,yes
modules/builds-basic-view-build-details.adoc,cicd/builds/basic-build-operations.adoc,cicd,5,main;4.20;4.21;4.22;5.0,yes
modules/builds-configuration-file.adoc,cicd/builds/build-configuration.adoc,cicd,5,main;4.20;4.21;4.22;5.0,yes
modules/builds-configuration-parameters.adoc,cicd/builds/build-configuration.adoc,cicd,5,main;4.20;4.21;4.22;5.0,yes
modules/builds-strategy-custom-build.adoc,cicd/builds/build-strategies.adoc,cicd,5,main;4.20;4.21;4.22;5.0,yes
modules/builds-strategy-custom-environment-variables.adoc,cicd/builds/build-strategies.adoc,cicd,5,main;4.20;4.21;4.22;5.0,yes
modules/builds-strategy-custom-from-image.adoc,cicd/builds/build-strategies.adoc,cicd,5,main;4.20;4.21;4.22;5.0,yes
modules/builds-strategy-custom-secrets.adoc,cicd/builds/build-strategies.adoc,cicd,5,main;4.20;4.21;4.22;5.0,yes
modules/builds-strategy-docker-build-arguments.adoc,cicd/builds/build-strategies.adoc,cicd,5,main;4.20;4.21;4.22;5.0,yes
modules/builds-strategy-docker-build.adoc,cicd/builds/build-strategies.adoc,cicd,5,main;4.20;4.21;4.22;5.0,yes
modules/builds-strategy-docker-environment-variables.adoc,cicd/builds/build-strategies.adoc,cicd,5,main;4.20;4.21;4.22;5.0,yes
modules/builds-strategy-docker-from-image.adoc,cicd/builds/build-strategies.adoc,cicd,5,main;4.20;4.21;4.22;5.0,yes
modules/builds-strategy-docker-squash-layers.adoc,cicd/builds/build-strategies.adoc,cicd,5,main;4.20;4.21;4.22;5.0,yes
modules/builds-strategy-dockerfile-path.adoc,cicd/builds/build-strategies.adoc,cicd,5,main;4.20;4.21;4.22;5.0,yes
modules/builds-strategy-enable-pulling-pushing.adoc,cicd/builds/build-strategies.adoc,cicd,5,main;4.20;4.21;4.22;5.0,yes
modules/builds-strategy-pipeline-build.adoc,cicd/builds/build-strategies.adoc,cicd,5,main;4.20;4.21;4.22;5.0,yes
modules/builds-strategy-pipeline-environment-variables.adoc,cicd/builds/build-strategies.adoc,cicd,5,main;4.20;4.21;4.22;5.0,yes
modules/builds-strategy-pipeline-mapping-buildconfig-jenkins.adoc,cicd/builds/build-strategies.adoc,cicd,5,main;4.20;4.21;4.22;5.0,yes
modules/builds-strategy-pipeline-providing-jenkinsfile.adoc,cicd/builds/build-strategies.adoc,cicd,5,main;4.20;4.21;4.22;5.0,yes
modules/builds-strategy-s2i-buildconfig-environment.adoc,cicd/builds/build-strategies.adoc,cicd,5,main;4.20;4.21;4.22;5.0,yes
modules/builds-strategy-secrets-web-console.adoc,cicd/builds/build-strategies.adoc,cicd,5,main;4.20;4.21;4.22;5.0,yes
modules/builds-tutorial-pipeline.adoc,cicd/builds/build-strategies.adoc,cicd,5,main;4.20;4.21;4.22;5.0,yes
modules/builds-understanding-openshift-pipeline.adoc,cicd/builds/build-strategies.adoc,cicd,5,main;4.20;4.21;4.22;5.0,yes
modules/builds-using-build-volumes.adoc,cicd/builds/build-strategies.adoc,cicd,5,main;4.20;4.21;4.22;5.0,yes
modules/images-custom.adoc,cicd/builds/build-strategies.adoc,cicd,5,main;4.20;4.21;4.22;5.0,yes
modules/builds-adding-input-secrets-configmaps.adoc,cicd/builds/creating-build-inputs.adoc,cicd,5,main;4.20;4.21;4.22;5.0,yes
modules/builds-adding-source-clone-secrets.adoc,cicd/builds/creating-build-inputs.adoc,cicd,5,main;4.20;4.21;4.22;5.0,yes
modules/builds-automatically-add-source-clone-secrets.adoc,cicd/builds/creating-build-inputs.adoc,cicd,5,main;4.20;4.21;4.22;5.0,yes
modules/builds-binary-source.adoc,cicd/builds/creating-build-inputs.adoc,cicd,5,main;4.20;4.21;4.22;5.0,yes
modules/builds-build-environment.adoc,cicd/builds/creating-build-inputs.adoc,cicd,5,main;4.20;4.21;4.22;5.0,yes
modules/builds-creating-secrets.adoc,cicd/builds/creating-build-inputs.adoc,cicd,5,main;4.20;4.21;4.22;5.0,yes
modules/builds-custom-strategy.adoc,cicd/builds/creating-build-inputs.adoc,cicd,5,main;4.20;4.21;4.22;5.0,yes
modules/builds-docker-credentials-private-registries.adoc,cicd/builds/creating-build-inputs.adoc,cicd,5,main;4.20;4.21;4.22;5.0,yes
modules/builds-docker-strategy.adoc,cicd/builds/creating-build-inputs.adoc,cicd,5,main;4.20;4.21;4.22;5.0,yes
modules/builds-dockerfile-source.adoc,cicd/builds/creating-build-inputs.adoc,cicd,5,main;4.20;4.21;4.22;5.0,yes
modules/builds-gitconfig-file-secured-git.adoc,cicd/builds/creating-build-inputs.adoc,cicd,5,main;4.20;4.21;4.22;5.0,yes
modules/builds-gitconfig-file.adoc,cicd/builds/creating-build-inputs.adoc,cicd,5,main;4.20;4.21;4.22;5.0,yes
modules/builds-image-source.adoc,cicd/builds/creating-build-inputs.adoc,cicd,5,main;4.20;4.21;4.22;5.0,yes
modules/builds-input-secrets-configmaps.adoc,cicd/builds/creating-build-inputs.adoc,cicd,5,main;4.20;4.21;4.22;5.0,yes
modules/builds-manually-add-source-clone-secrets.adoc,cicd/builds/creating-build-inputs.adoc,cicd,5,main;4.20;4.21;4.22;5.0,yes
modules/builds-secrets-overview.adoc,cicd/builds/creating-build-inputs.adoc,cicd,5,main;4.20;4.21;4.22;5.0,yes
modules/builds-secrets-restrictions.adoc,cicd/builds/creating-build-inputs.adoc,cicd,5,main;4.20;4.21;4.22;5.0,yes
modules/builds-service-serving-certificate-secrets.adoc,cicd/builds/creating-build-inputs.adoc,cicd,5,main;4.20;4.21;4.22;5.0,yes
modules/builds-source-code.adoc,cicd/builds/creating-build-inputs.adoc,cicd,5,main;4.20;4.21;4.22;5.0,yes
modules/builds-source-secret-basic-auth.adoc,cicd/builds/creating-build-inputs.adoc,cicd,5,main;4.20;4.21;4.22;5.0,yes
modules/builds-source-secret-combinations-basic-auth-ca.adoc,cicd/builds/creating-build-inputs.adoc,cicd,5,main;4.20;4.21;4.22;5.0,yes
modules/builds-source-secret-combinations-basic-auth-gitconfig-ca.adoc,cicd/builds/creating-build-inputs.adoc,cicd,5,main;4.20;4.21;4.22;5.0,yes
modules/builds-source-secret-combinations-basic-auth-gitconfig.adoc,cicd/builds/creating-build-inputs.adoc,cicd,5,main;4.20;4.21;4.22;5.0,yes
modules/builds-source-secret-combinations-gitconfig-ca.adoc,cicd/builds/creating-build-inputs.adoc,cicd,5,main;4.20;4.21;4.22;5.0,yes
modules/builds-source-secret-combinations-ssh-gitconfig.adoc,cicd/builds/creating-build-inputs.adoc,cicd,5,main;4.20;4.21;4.22;5.0,yes
modules/builds-source-secret-combinations.adoc,cicd/builds/creating-build-inputs.adoc,cicd,5,main;4.20;4.21;4.22;5.0,yes
modules/builds-source-secret-ssh-key-auth.adoc,cicd/builds/creating-build-inputs.adoc,cicd,5,main;4.20;4.21;4.22;5.0,yes
modules/builds-source-secret-trusted-ca.adoc,cicd/builds/creating-build-inputs.adoc,cicd,5,main;4.20;4.21;4.22;5.0,yes
modules/builds-source-to-image.adoc,cicd/builds/creating-build-inputs.adoc,cicd,5,main;4.20;4.21;4.22;5.0,yes
modules/builds-using-build-fields-as-environment-variables.adoc,cicd/builds/creating-build-inputs.adoc,cicd,5,main;4.20;4.21;4.22;5.0,yes
modules/builds-using-external-artifacts.adoc,cicd/builds/creating-build-inputs.adoc,cicd,5,main;4.20;4.21;4.22;5.0,yes
modules/builds-using-proxy-git-cloning.adoc,cicd/builds/creating-build-inputs.adoc,cicd,5,main;4.20;4.21;4.22;5.0,yes
modules/builds-using-secrets-as-environment-variables.adoc,cicd/builds/creating-build-inputs.adoc,cicd,5,main;4.20;4.21;4.22;5.0,yes
modules/builds-using-secrets.adoc,cicd/builds/creating-build-inputs.adoc,cicd,5,main;4.20;4.21;4.22;5.0,yes
modules/builds-build-custom-builder-image.adoc,cicd/builds/custom-builds-buildah.adoc,cicd,5,main;4.20;4.21;4.22;5.0,yes
modules/builds-create-custom-build-artifacts.adoc,cicd/builds/custom-builds-buildah.adoc,cicd,5,main;4.20;4.21;4.22;5.0,yes
modules/builds-use-custom-builder-image.adoc,cicd/builds/custom-builds-buildah.adoc,cicd,5,main;4.20;4.21;4.22;5.0,yes
modules/builds-docker-source-build-output.adoc,cicd/builds/managing-build-output.adoc,cicd,5,main;4.20;4.21;4.22;5.0,yes
modules/builds-output-image-environment-variables.adoc,cicd/builds/managing-build-output.adoc,cicd,5,main;4.20;4.21;4.22;5.0,yes
modules/builds-output-image-labels.adoc,cicd/builds/managing-build-output.adoc,cicd,5,main;4.20;4.21;4.22;5.0,yes
modules/builds-create-imagestreamtag.adoc,cicd/builds/running-entitled-builds.adoc,cicd,5,main;4.20;4.21;4.22;5.0,yes
modules/builds-running-entitled-builds-with-sharedsecret-objects.adoc,cicd/builds/running-entitled-builds.adoc,cicd,5,main;4.20;4.21;4.22;5.0,yes
modules/builds-source-input-satellite-config.adoc,cicd/builds/running-entitled-builds.adoc,cicd,5,main;4.20;4.21;4.22;5.0,yes
modules/builds-source-secrets-entitlements.adoc,cicd/builds/running-entitled-builds.adoc,cicd,5,main;4.20;4.21;4.22;5.0,yes
modules/builds-strategy-docker-entitled-satellite.adoc,cicd/builds/running-entitled-builds.adoc,cicd,5,main;4.20;4.21;4.22;5.0,yes
modules/builds-strategy-docker-entitled-subman.adoc,cicd/builds/running-entitled-builds.adoc,cicd,5,main;4.20;4.21;4.22;5.0,yes
modules/builds-disabling-build-strategy-globally.adoc,cicd/builds/securing-builds-by-strategy.adoc,cicd,5,main;4.20;4.21;4.22;5.0,yes
modules/builds-restricting-build-strategy-globally.adoc,cicd/builds/securing-builds-by-strategy.adoc,cicd,5,main;4.20;4.21;4.22;5.0,yes
modules/builds-restricting-build-strategy-to-user.adoc,cicd/builds/securing-builds-by-strategy.adoc,cicd,5,main;4.20;4.21;4.22;5.0,yes
modules/builds-build-hooks.adoc,cicd/builds/triggering-builds-build-hooks.adoc,cicd,5,main;4.20;4.21;4.22;5.0,yes
modules/builds-configuration-change-triggers.adoc,cicd/builds/triggering-builds-build-hooks.adoc,cicd,5,main;4.20;4.21;4.22;5.0,yes
modules/builds-configuring-post-commit-build-hooks.adoc,cicd/builds/triggering-builds-build-hooks.adoc,cicd,5,main;4.20;4.21;4.22;5.0,yes
modules/builds-displaying-webhook-urls.adoc,cicd/builds/triggering-builds-build-hooks.adoc,cicd,5,main;4.20;4.21;4.22;5.0,yes
modules/builds-identifying-image-change-triggers.adoc,cicd/builds/triggering-builds-build-hooks.adoc,cicd,5,main;4.20;4.21;4.22;5.0,yes
modules/builds-setting-triggers-manually.adoc,cicd/builds/triggering-builds-build-hooks.adoc,cicd,5,main;4.20;4.21;4.22;5.0,yes
modules/builds-triggers.adoc,cicd/builds/triggering-builds-build-hooks.adoc,cicd,5,main;4.20;4.21;4.22;5.0,yes
modules/builds-using-bitbucket-webhooks.adoc,cicd/builds/triggering-builds-build-hooks.adoc,cicd,5,main;4.20;4.21;4.22;5.0,yes
modules/builds-using-cli-post-commit-build-hooks.adoc,cicd/builds/triggering-builds-build-hooks.adoc,cicd,5,main;4.20;4.21;4.22;5.0,yes
modules/builds-using-generic-webhooks.adoc,cicd/builds/triggering-builds-build-hooks.adoc,cicd,5,main;4.20;4.21;4.22;5.0,yes
modules/builds-using-github-webhooks.adoc,cicd/builds/triggering-builds-build-hooks.adoc,cicd,5,main;4.20;4.21;4.22;5.0,yes
modules/builds-using-gitlab-webhooks.adoc,cicd/builds/triggering-builds-build-hooks.adoc,cicd,5,main;4.20;4.21;4.22;5.0,yes
modules/builds-using-image-change-triggers.adoc,cicd/builds/triggering-builds-build-hooks.adoc,cicd,5,main;4.20;4.21;4.22;5.0,yes
modules/builds-webhook-triggers.adoc,cicd/builds/triggering-builds-build-hooks.adoc,cicd,5,main;4.20;4.21;4.22;5.0,yes
modules/preventing-cluster-webhook-failure.adoc,cicd/builds/triggering-builds-build-hooks.adoc,cicd,5,main;4.20;4.21;4.22;5.0,yes
modules/recover-unstable-cluster-webhooks.adoc,cicd/builds/triggering-builds-build-hooks.adoc,cicd,5,main;4.20;4.21;4.22;5.0,yes
modules/unauthenticated-users-system-webhook.adoc,cicd/builds/triggering-builds-build-hooks.adoc,cicd,5,main;4.20;4.21;4.22;5.0,yes
modules/builds-troubleshooting-access-resources.adoc,cicd/builds/troubleshooting-builds.adoc,cicd,5,main;4.20;4.21;4.22;5.0,yes
modules/builds-troubleshooting-service-certificate-generation.adoc,cicd/builds/troubleshooting-builds.adoc,cicd,5,main;4.20;4.21;4.22;5.0,yes
modules/builds-buildconfig.adoc,cicd/builds/understanding-buildconfigs.adoc,cicd,5,main;4.20;4.21;4.22;5.0,yes
modules/builds-about.adoc,cicd/builds/understanding-image-builds.adoc,cicd,5,main;4.20;4.21;4.22;5.0,yes
modules/builds-strategy-custom-build.adoc,cicd/builds/understanding-image-builds.adoc,cicd,5,main;4.20;4.21;4.22;5.0,yes
modules/builds-strategy-docker-build.adoc,cicd/builds/understanding-image-builds.adoc,cicd,5,main;4.20;4.21;4.22;5.0,yes
modules/builds-strategy-pipeline-build.adoc,cicd/builds/understanding-image-builds.adoc,cicd,5,main;4.20;4.21;4.22;5.0,yes
modules/images-other-jenkins-agent-env-var.adoc,cicd/jenkins/images-other-jenkins-agent.adoc,cicd,5,main;4.20;4.21;4.22;5.0,yes
modules/images-other-jenkins-agent-gradle.adoc,cicd/jenkins/images-other-jenkins-agent.adoc,cicd,5,main;4.20;4.21;4.22;5.0,yes
modules/images-other-jenkins-agent-images.adoc,cicd/jenkins/images-other-jenkins-agent.adoc,cicd,5,main;4.20;4.21;4.22;5.0,yes
modules/images-other-jenkins-agent-memory.adoc,cicd/jenkins/images-other-jenkins-agent.adoc,cicd,5,main;4.20;4.21;4.22;5.0,yes
modules/images-other-jenkins-agent-pod-retention.adoc,cicd/jenkins/images-other-jenkins-agent.adoc,cicd,5,main;4.20;4.21;4.22;5.0,yes
modules/images-other-jenkins-auth.adoc,cicd/jenkins/images-other-jenkins.adoc,cicd,5,main;4.20;4.21;4.22;5.0,yes
modules/images-other-jenkins-config-kubernetes.adoc,cicd/jenkins/images-other-jenkins.adoc,cicd,5,main;4.20;4.21;4.22;5.0,yes
modules/images-other-jenkins-create-service.adoc,cicd/jenkins/images-other-jenkins.adoc,cicd,5,main;4.20;4.21;4.22;5.0,yes
modules/images-other-jenkins-cross-project.adoc,cicd/jenkins/images-other-jenkins.adoc,cicd,5,main;4.20;4.21;4.22;5.0,yes
modules/images-other-jenkins-customize-s2i.adoc,cicd/jenkins/images-other-jenkins.adoc,cicd,5,main;4.20;4.21;4.22;5.0,yes
modules/images-other-jenkins-env-var.adoc,cicd/jenkins/images-other-jenkins.adoc,cicd,5,main;4.20;4.21;4.22;5.0,yes
modules/images-other-jenkins-kubernetes-plugin.adoc,cicd/jenkins/images-other-jenkins.adoc,cicd,5,main;4.20;4.21;4.22;5.0,yes
modules/images-other-jenkins-memory.adoc,cicd/jenkins/images-other-jenkins.adoc,cicd,5,main;4.20;4.21;4.22;5.0,yes
modules/images-other-jenkins-oauth-auth.adoc,cicd/jenkins/images-other-jenkins.adoc,cicd,5,main;4.20;4.21;4.22;5.0,yes
modules/images-other-jenkins-permissions.adoc,cicd/jenkins/images-other-jenkins.adoc,cicd,5,main;4.20;4.21;4.22;5.0,yes
modules/about-the-openshift-cli-in-jenkins-images.adoc,cicd/jenkins/important-changes-to-openshift-jenkins-images.adoc,cicd,5,main;4.20;4.21;4.22;5.0,yes
modules/customizing-the-jenkins-image-stream-tag.adoc,cicd/jenkins/important-changes-to-openshift-jenkins-images.adoc,cicd,5,main;4.20;4.21;4.22;5.0,yes
modules/ocp-jenkins-release-oc-client-table.adoc,cicd/jenkins/important-changes-to-openshift-jenkins-images.adoc,cicd,5,main;4.20;4.21;4.22;5.0,yes
modules/relocation-of-openshift-jenkins-images.adoc,cicd/jenkins/important-changes-to-openshift-jenkins-images.adoc,cicd,5,main;4.20;4.21;4.22;5.0,yes
modules/specifying-oc-ocp-jenkins-image.adoc,cicd/jenkins/important-changes-to-openshift-jenkins-images.adoc,cicd,5,main;4.20;4.21;4.22;5.0,yes
modules/jt-comparison-of-jenkins-and-openshift-pipelines-concepts.adoc,cicd/jenkins/migrating-from-jenkins-to-openshift-pipelines.adoc,cicd,5,main;4.20;4.21;4.22;5.0,yes
modules/jt-comparison-of-jenkins-openshift-pipelines-execution-models.adoc,cicd/jenkins/migrating-from-jenkins-to-openshift-pipelines.adoc,cicd,5,main;4.20;4.21;4.22;5.0,yes
modules/jt-examples-of-common-use-cases.adoc,cicd/jenkins/migrating-from-jenkins-to-openshift-pipelines.adoc,cicd,5,main;4.20;4.21;4.22;5.0,yes
modules/jt-extending-openshift-pipelines-capabilities-using-custom-tasks-and-scripts.adoc,cicd/jenkins/migrating-from-jenkins-to-openshift-pipelines.adoc,cicd,5,main;4.20;4.21;4.22;5.0,yes
modules/jt-migrating-a-sample-pipeline-from-jenkins-to-openshift-pipelines.adoc,cicd/jenkins/migrating-from-jenkins-to-openshift-pipelines.adoc,cicd,5,main;4.20;4.21;4.22;5.0,yes
modules/jt-migrating-from-jenkins-plugins-to-openshift-pipelines-hub-tasks.adoc,cicd/jenkins/migrating-from-jenkins-to-openshift-pipelines.adoc,cicd,5,main;4.20;4.21;4.22;5.0,yes
modules/cli-manager-adding-plugin-yaml.adoc,cli_reference/cli_manager/cli-manager-install.adoc,cli_reference,5,main;4.20;4.21;4.22;5.0,yes
modules/cli-manager-custom-index-krew.adoc,cli_reference/cli_manager/cli-manager-install.adoc,cli_reference,5,main;4.20;4.21;4.22;5.0,yes
modules/cli-manager-installing.adoc,cli_reference/cli_manager/cli-manager-install.adoc,cli_reference,5,main;4.20;4.21;4.22;5.0,yes
modules/cli-manager-rn-0-1-1.adoc,cli_reference/cli_manager/cli-manager-release-notes.adoc,cli_reference,5,main;4.20;4.21;4.22;5.0,yes
modules/cli-manager-rn-0-2-0.adoc,cli_reference/cli_manager/cli-manager-release-notes.adoc,cli_reference,5,main;4.20;4.21;4.22;5.0,yes
modules/cli-manager-remove-resources.adoc,cli_reference/cli_manager/cli-manager-uninstall.adoc,cli_reference,5,main;4.20;4.21;4.22;5.0,yes
modules/cli-manager-uninstalling.adoc,cli_reference/cli_manager/cli-manager-uninstall.adoc,cli_reference,5,main;4.20;4.21;4.22;5.0,yes
modules/cli-manager-installing-plugins.adoc,cli_reference/cli_manager/cli-manager-using.adoc,cli_reference,5,main;4.20;4.21;4.22;5.0,yes
modules/cli-manager-uninstall-plugin.adoc,cli_reference/cli_manager/cli-manager-using.adoc,cli_reference,5,main;4.20;4.21;4.22;5.0,yes
modules/cli-manager-updating-plugin.adoc,cli_reference/cli_manager/cli-manager-using.adoc,cli_reference,5,main;4.20;4.21;4.22;5.0,yes
modules/cli-manager-upgrading-plugin.adoc,cli_reference/cli_manager/cli-manager-using.adoc,cli_reference,5,main;4.20;4.21;4.22;5.0,yes
modules/cli-manager-about.adoc,cli_reference/cli_manager/index.adoc,cli_reference,5,main;4.20;4.21;4.22;5.0,yes
modules/cli-tools-list.adoc,cli_reference/index.adoc,cli_reference,5,main;4.20;4.21;4.22;5.0,yes
modules/oc-adm-by-example-content.adoc,cli_reference/openshift_cli/administrator-cli-commands.adoc,cli_reference,5,main;4.20;4.21;4.22;5.0,yes
modules/cli-configuring-completion-zsh.adoc,cli_reference/openshift_cli/configuring-cli.adoc,cli_reference,5,main;4.20;4.21;4.22;5.0,yes
modules/cli-configuring-completion.adoc,cli_reference/openshift_cli/configuring-cli.adoc,cli_reference,5,main;4.20;4.21;4.22;5.0,yes
modules/cli-configuring-kubeconfig-using-cli.adoc,cli_reference/openshift_cli/configuring-cli.adoc,cli_reference,5,main;4.20;4.21;4.22;5.0,yes
modules/oc-by-example-content.adoc,cli_reference/openshift_cli/developer-cli-commands.adoc,cli_reference,5,main;4.20;4.21;4.22;5.0,yes
modules/cli-extending-plugins-installing.adoc,cli_reference/openshift_cli/extending-cli-plugins.adoc,cli_reference,5,main;4.20;4.21;4.22;5.0,yes
modules/cli-extending-plugins-writing.adoc,cli_reference/openshift_cli/extending-cli-plugins.adoc,cli_reference,5,main;4.20;4.21;4.22;5.0,yes
modules/cli-about-cli.adoc,cli_reference/openshift_cli/getting-started-cli.adoc,cli_reference,5,main;4.20;4.21;4.22;5.0,yes
modules/cli-getting-help.adoc,cli_reference/openshift_cli/getting-started-cli.adoc,cli_reference,5,main;4.20;4.21;4.22;5.0,yes
modules/cli-installing-cli-brew.adoc,cli_reference/openshift_cli/getting-started-cli.adoc,cli_reference,5,main;4.20;4.21;4.22;5.0,yes
modules/cli-installing-cli-portal.adoc,cli_reference/openshift_cli/getting-started-cli.adoc,cli_reference,5,main;4.20;4.21;4.22;5.0,yes
modules/cli-installing-cli-rpm.adoc,cli_reference/openshift_cli/getting-started-cli.adoc,cli_reference,5,main;4.20;4.21;4.22;5.0,yes
modules/cli-installing-cli-web-console-linux.adoc,cli_reference/openshift_cli/getting-started-cli.adoc,cli_reference,5,main;4.20;4.21;4.22;5.0,yes
modules/cli-installing-cli-web-console-macos.adoc,cli_reference/openshift_cli/getting-started-cli.adoc,cli_reference,5,main;4.20;4.21;4.22;5.0,yes
modules/cli-installing-cli-web-console-windows.adoc,cli_reference/openshift_cli/getting-started-cli.adoc,cli_reference,5,main;4.20;4.21;4.22;5.0,yes
modules/cli-installing-cli-web-console.adoc,cli_reference/openshift_cli/getting-started-cli.adoc,cli_reference,5,main;4.20;4.21;4.22;5.0,yes
modules/cli-installing-cli.adoc,cli_reference/openshift_cli/getting-started-cli.adoc,cli_reference,5,main;4.20;4.21;4.22;5.0,yes
modules/cli-logging-in-web.adoc,cli_reference/openshift_cli/getting-started-cli.adoc,cli_reference,5,main;4.20;4.21;4.22;5.0,yes
modules/cli-logging-in.adoc,cli_reference/openshift_cli/getting-started-cli.adoc,cli_reference,5,main;4.20;4.21;4.22;5.0,yes
modules/cli-logging-out.adoc,cli_reference/openshift_cli/getting-started-cli.adoc,cli_reference,5,main;4.20;4.21;4.22;5.0,yes
modules/cli-using-cli-current-project.adoc,cli_reference/openshift_cli/getting-started-cli.adoc,cli_reference,5,main;4.20;4.21;4.22;5.0,yes
modules/cli-using-cli-list-api-resources.adoc,cli_reference/openshift_cli/getting-started-cli.adoc,cli_reference,5,main;4.20;4.21;4.22;5.0,yes
modules/cli-using-cli-new-app.adoc,cli_reference/openshift_cli/getting-started-cli.adoc,cli_reference,5,main;4.20;4.21;4.22;5.0,yes
modules/cli-using-cli-pod-logs.adoc,cli_reference/openshift_cli/getting-started-cli.adoc,cli_reference,5,main;4.20;4.21;4.22;5.0,yes
modules/cli-using-cli-pods.adoc,cli_reference/openshift_cli/getting-started-cli.adoc,cli_reference,5,main;4.20;4.21;4.22;5.0,yes
modules/cli-using-cli-project-status.adoc,cli_reference/openshift_cli/getting-started-cli.adoc,cli_reference,5,main;4.20;4.21;4.22;5.0,yes
modules/cli-using-cli-project.adoc,cli_reference/openshift_cli/getting-started-cli.adoc,cli_reference,5,main;4.20;4.21;4.22;5.0,yes
modules/cli-using-cli.adoc,cli_reference/openshift_cli/getting-started-cli.adoc,cli_reference,5,main;4.20;4.21;4.22;5.0,yes
modules/about-cli-profiles-switch.adoc,cli_reference/openshift_cli/managing-cli-profiles.adoc,cli_reference,5,main;4.20;4.21;4.22;5.0,yes
modules/load-and-merge-rules.adoc,cli_reference/openshift_cli/managing-cli-profiles.adoc,cli_reference,5,main;4.20;4.21;4.22;5.0,yes
modules/manual-configuration-of-cli-profiles-example.adoc,cli_reference/openshift_cli/managing-cli-profiles.adoc,cli_reference,5,main;4.20;4.21;4.22;5.0,yes
modules/manual-configuration-of-cli-profiles.adoc,cli_reference/openshift_cli/managing-cli-profiles.adoc,cli_reference,5,main;4.20;4.21;4.22;5.0,yes
modules/oc-usage-kubectl.adoc,cli_reference/openshift_cli/usage-oc-kubectl.adoc,cli_reference,5,main;4.20;4.21;4.22;5.0,yes
modules/oc-usage-oc.adoc,cli_reference/openshift_cli/usage-oc-kubectl.adoc,cli_reference,5,main;4.20;4.21;4.22;5.0,yes
modules/olm-about-opm.adoc,cli_reference/opm/cli-opm-install.adoc,cli_reference,5,main;4.20;4.21;4.22;5.0,yes
modules/olm-installing-opm.adoc,cli_reference/opm/cli-opm-install.adoc,cli_reference,5,main;4.20;4.21;4.22;5.0,yes
modules/opm-cli-ref-generate.adoc,cli_reference/opm/cli-opm-ref.adoc,cli_reference,5,main;4.20;4.21;4.22;5.0,yes
modules/opm-cli-ref-index.adoc,cli_reference/opm/cli-opm-ref.adoc,cli_reference,5,main;4.20;4.21;4.22;5.0,yes
modules/opm-cli-ref-init.adoc,cli_reference/opm/cli-opm-ref.adoc,cli_reference,5,main;4.20;4.21;4.22;5.0,yes
modules/opm-cli-ref-migrate.adoc,cli_reference/opm/cli-opm-ref.adoc,cli_reference,5,main;4.20;4.21;4.22;5.0,yes
modules/opm-cli-ref-render.adoc,cli_reference/opm/cli-opm-ref.adoc,cli_reference,5,main;4.20;4.21;4.22;5.0,yes
modules/opm-cli-ref-serve.adoc,cli_reference/opm/cli-opm-ref.adoc,cli_reference,5,main;4.20;4.21;4.22;5.0,yes
modules/opm-cli-ref-validate.adoc,cli_reference/opm/cli-opm-ref.adoc,cli_reference,5,main;4.20;4.21;4.22;5.0,yes
modules/op-installing-tkn-on-linux-using-rpm.adoc,cli_reference/tkn_cli/installing-tkn.adoc,cli_reference,5,main;4.20;4.21;4.22;5.0,yes
modules/op-installing-tkn-on-linux.adoc,cli_reference/tkn_cli/installing-tkn.adoc,cli_reference,5,main;4.20;4.21;4.22;5.0,yes
modules/op-installing-tkn-on-macos.adoc,cli_reference/tkn_cli/installing-tkn.adoc,cli_reference,5,main;4.20;4.21;4.22;5.0,yes
modules/op-installing-tkn-on-windows.adoc,cli_reference/tkn_cli/installing-tkn.adoc,cli_reference,5,main;4.20;4.21;4.22;5.0,yes
modules/op-tkn-enabling-tab-completion.adoc,cli_reference/tkn_cli/op-configuring-tkn.adoc,cli_reference,5,main;4.20;4.21;4.22;5.0,yes
modules/op-tkn-clustertask-management.adoc,cli_reference/tkn_cli/op-tkn-reference.adoc,cli_reference,5,main;4.20;4.21;4.22;5.0,yes
modules/op-tkn-condition-management.adoc,cli_reference/tkn_cli/op-tkn-reference.adoc,cli_reference,5,main;4.20;4.21;4.22;5.0,yes
modules/op-tkn-hub-interaction.adoc,cli_reference/tkn_cli/op-tkn-reference.adoc,cli_reference,5,main;4.20;4.21;4.22;5.0,yes
modules/op-tkn-pipeline-management.adoc,cli_reference/tkn_cli/op-tkn-reference.adoc,cli_reference,5,main;4.20;4.21;4.22;5.0,yes
modules/op-tkn-pipeline-resource-management.adoc,cli_reference/tkn_cli/op-tkn-reference.adoc,cli_reference,5,main;4.20;4.21;4.22;5.0,yes
modules/op-tkn-pipeline-run.adoc,cli_reference/tkn_cli/op-tkn-reference.adoc,cli_reference,5,main;4.20;4.21;4.22;5.0,yes
modules/op-tkn-task-management.adoc,cli_reference/tkn_cli/op-tkn-reference.adoc,cli_reference,5,main;4.20;4.21;4.22;5.0,yes
modules/op-tkn-task-run.adoc,cli_reference/tkn_cli/op-tkn-reference.adoc,cli_reference,5,main;4.20;4.21;4.22;5.0,yes
modules/op-tkn-trigger-management.adoc,cli_reference/tkn_cli/op-tkn-reference.adoc,cli_reference,5,main;4.20;4.21;4.22;5.0,yes
modules/op-tkn-utility-commands.adoc,cli_reference/tkn_cli/op-tkn-reference.adoc,cli_reference,5,main;4.20;4.21;4.22;5.0,yes
modules/update-service-create-service-cli.adoc,disconnected/updating/disconnected-update-osus.adoc,disconnected,5,main;4.20;4.21;4.22;5.0,yes
modules/update-service-create-service-web-console.adoc,disconnected/updating/disconnected-update-osus.adoc,disconnected,5,main;4.20;4.21;4.22;5.0,yes
modules/update-service-install-cli.adoc,disconnected/updating/disconnected-update-osus.adoc,disconnected,5,main;4.20;4.21;4.22;5.0,yes
modules/update-service-install-web-console.adoc,disconnected/updating/disconnected-update-osus.adoc,disconnected,5,main;4.20;4.21;4.22;5.0,yes
modules/verifying-local-osus-installation.adoc,disconnected/updating/disconnected-update-osus.adoc,disconnected,5,main;4.20;4.21;4.22;5.0,yes
modules/mirror-oc-adm-release.adoc,disconnected/updating/mirroring-image-repository.adoc,disconnected,5,main;4.20;4.21;4.22;5.0,yes
modules/mirror-oc-mirror-plugin.adoc,disconnected/updating/mirroring-image-repository.adoc,disconnected,5,main;4.20;4.21;4.22;5.0,yes
modules/preparing-mirror-host.adoc,disconnected/updating/mirroring-image-repository.adoc,disconnected,5,main;4.20;4.21;4.22;5.0,yes
modules/update-mirror-repository.adoc,disconnected/updating/mirroring-image-repository.adoc,disconnected,5,main;4.20;4.21;4.22;5.0,yes
modules/delete-update-service-application.adoc,disconnected/updating/uninstalling-osus.adoc,disconnected,5,main;4.20;4.21;4.22;5.0,yes
modules/uninstall-update-service-operator.adoc,disconnected/updating/uninstalling-osus.adoc,disconnected,5,main;4.20;4.21;4.22;5.0,yes
modules/update-service-delete-service-cli.adoc,disconnected/updating/uninstalling-osus.adoc,disconnected,5,main;4.20;4.21;4.22;5.0,yes
modules/update-service-delete-service-web-console.adoc,disconnected/updating/uninstalling-osus.adoc,disconnected,5,main;4.20;4.21;4.22;5.0,yes
modules/update-service-uninstall-cli.adoc,disconnected/updating/uninstalling-osus.adoc,disconnected,5,main;4.20;4.21;4.22;5.0,yes
modules/update-service-uninstall-web-console.adoc,disconnected/updating/uninstalling-osus.adoc,disconnected,5,main;4.20;4.21;4.22;5.0,yes
modules/cnf-about-topology-aware-lifecycle-manager-blocking-crs.adoc,edge_computing/cnf-talm-for-cluster-upgrades.adoc,edge_computing,5,main;4.20;4.21;4.22;5.0,yes
modules/cnf-about-topology-aware-lifecycle-manager-config.adoc,edge_computing/cnf-talm-for-cluster-upgrades.adoc,edge_computing,5,main;4.20;4.21;4.22;5.0,yes
modules/cnf-about-topology-aware-lifecycle-manager-policies.adoc,edge_computing/cnf-talm-for-cluster-upgrades.adoc,edge_computing,5,main;4.20;4.21;4.22;5.0,yes
modules/cnf-topology-aware-lifecycle-manager-about-cgu-crs.adoc,edge_computing/cnf-talm-for-cluster-upgrades.adoc,edge_computing,5,main;4.20;4.21;4.22;5.0,yes
modules/cnf-topology-aware-lifecycle-manager-about-subscription-crs.adoc,edge_computing/cnf-talm-for-cluster-upgrades.adoc,edge_computing,5,main;4.20;4.21;4.22;5.0,yes
modules/cnf-topology-aware-lifecycle-manager-apply-policies.adoc,edge_computing/cnf-talm-for-cluster-upgrades.adoc,edge_computing,5,main;4.20;4.21;4.22;5.0,yes
modules/cnf-topology-aware-lifecycle-manager-installation-cli.adoc,edge_computing/cnf-talm-for-cluster-upgrades.adoc,edge_computing,5,main;4.20;4.21;4.22;5.0,yes
modules/cnf-topology-aware-lifecycle-manager-installation-web-console.adoc,edge_computing/cnf-talm-for-cluster-upgrades.adoc,edge_computing,5,main;4.20;4.21;4.22;5.0,yes
modules/cnf-topology-aware-lifecycle-manager-policies-concept.adoc,edge_computing/cnf-talm-for-cluster-upgrades.adoc,edge_computing,5,main;4.20;4.21;4.22;5.0,yes
modules/cnf-topology-aware-lifecycle-manager-precache-concept.adoc,edge_computing/cnf-talm-for-cluster-upgrades.adoc,edge_computing,5,main;4.20;4.21;4.22;5.0,yes
modules/cnf-topology-aware-lifecycle-manager-precache-feature.adoc,edge_computing/cnf-talm-for-cluster-upgrades.adoc,edge_computing,5,main;4.20;4.21;4.22;5.0,yes
modules/cnf-topology-aware-lifecycle-manager-precache-image-filter.adoc,edge_computing/cnf-talm-for-cluster-upgrades.adoc,edge_computing,5,main;4.20;4.21;4.22;5.0,yes
modules/cnf-topology-aware-lifecycle-manager-troubleshooting.adoc,edge_computing/cnf-talm-for-cluster-upgrades.adoc,edge_computing,5,main;4.20;4.21;4.22;5.0,yes
modules/ibi-create-iso-for-bmh.adoc,edge_computing/image_base_install/ibi-factory-image-based-install.adoc,edge_computing,5,main;4.20;4.21;4.22;5.0,yes
modules/ibi-extra-partition-ibi-install-iso.adoc,edge_computing/image_base_install/ibi-factory-image-based-install.adoc,edge_computing,5,main;4.20;4.21;4.22;5.0,yes
modules/ibi-installer-installation-config.adoc,edge_computing/image_base_install/ibi-factory-image-based-install.adoc,edge_computing,5,main;4.20;4.21;4.22;5.0,yes
modules/ibi-provision-install-iso-to-bmh.adoc,edge_computing/image_base_install/ibi-factory-image-based-install.adoc,edge_computing,5,main;4.20;4.21;4.22;5.0,yes
modules/cnf-image-based-upgrade-generate-seed-image.adoc,edge_computing/image_base_install/ibi-preparing-for-image-based-install.adoc,edge_computing,5,main;4.20;4.21;4.22;5.0,yes
modules/cnf-image-based-upgrade-installing-lifecycle-agent-using-cli.adoc,edge_computing/image_base_install/ibi-preparing-for-image-based-install.adoc,edge_computing,5,main;4.20;4.21;4.22;5.0,yes
modules/cnf-image-based-upgrade-installing-lifecycle-agent-using-web-console.adoc,edge_computing/image_base_install/ibi-preparing-for-image-based-install.adoc,edge_computing,5,main;4.20;4.21;4.22;5.0,yes
modules/cnf-image-based-upgrade-seed-image-config.adoc,edge_computing/image_base_install/ibi-preparing-for-image-based-install.adoc,edge_computing,5,main;4.20;4.21;4.22;5.0,yes
modules/cnf-image-based-upgrade-shared-container-partition.adoc,edge_computing/image_base_install/ibi-preparing-for-image-based-install.adoc,edge_computing,5,main;4.20;4.21;4.22;5.0,yes
modules/ibi-image-based-deployment-overview.adoc,edge_computing/image_base_install/ibi-understanding-image-based-install.adoc,edge_computing,5,main;4.20;4.21;4.22;5.0,yes
modules/ibi-image-based-install-cluster-guide.adoc,edge_computing/image_base_install/ibi-understanding-image-based-install.adoc,edge_computing,5,main;4.20;4.21;4.22;5.0,yes
modules/ibi-image-based-installation-overview.adoc,edge_computing/image_base_install/ibi-understanding-image-based-install.adoc,edge_computing,5,main;4.20;4.21;4.22;5.0,yes
modules/ibi-installation-deployment-components.adoc,edge_computing/image_base_install/ibi-understanding-image-based-install.adoc,edge_computing,5,main;4.20;4.21;4.22;5.0,yes
modules/ibi-validated-software-versions.adoc,edge_computing/image_base_install/ibi-understanding-image-based-install.adoc,edge_computing,5,main;4.20;4.21;4.22;5.0,yes
modules/ibi-create-standalone-config-iso.adoc,edge_computing/image_base_install/ibi_deploying_sno_clusters/ibi-edge-image-based-install-standalone.adoc,edge_computing,5,main;4.20;4.21;4.22;5.0,yes
modules/ibi-extra-manifests-standalone.adoc,edge_computing/image_base_install/ibi_deploying_sno_clusters/ibi-edge-image-based-install-standalone.adoc,edge_computing,5,main;4.20;4.21;4.22;5.0,yes
modules/ibi-installer-configuration-config.adoc,edge_computing/image_base_install/ibi_deploying_sno_clusters/ibi-edge-image-based-install-standalone.adoc,edge_computing,5,main;4.20;4.21;4.22;5.0,yes
modules/ibi-create-config-iso.adoc,edge_computing/image_base_install/ibi_deploying_sno_clusters/ibi-edge-image-based-install.adoc,edge_computing,5,main;4.20;4.21;4.22;5.0,yes
modules/ibi-extra-manifests-configmap.adoc,edge_computing/image_base_install/ibi_deploying_sno_clusters/ibi-edge-image-based-install.adoc,edge_computing,5,main;4.20;4.21;4.22;5.0,yes
modules/ibi-image-cluster-install-api-spec.adoc,edge_computing/image_base_install/ibi_deploying_sno_clusters/ibi-edge-image-based-install.adoc,edge_computing,5,main;4.20;4.21;4.22;5.0,yes
modules/ibi-install-ibi-operator.adoc,edge_computing/image_base_install/ibi_deploying_sno_clusters/ibi-edge-image-based-install.adoc,edge_computing,5,main;4.20;4.21;4.22;5.0,yes
modules/ibi-managed-cluster-config-resources.adoc,edge_computing/image_base_install/ibi_deploying_sno_clusters/ibi-edge-image-based-install.adoc,edge_computing,5,main;4.20;4.21;4.22;5.0,yes
modules/cnf-image-based-upgrade-prep.adoc,edge_computing/image_based_upgrade/cnf-image-based-upgrade-base.adoc,edge_computing,5,main;4.20;4.21;4.22;5.0,yes
modules/cnf-image-based-upgrade-rollback.adoc,edge_computing/image_based_upgrade/cnf-image-based-upgrade-base.adoc,edge_computing,5,main;4.20;4.21;4.22;5.0,yes
modules/cnf-image-based-upgrade-troubleshooting.adoc,edge_computing/image_based_upgrade/cnf-image-based-upgrade-base.adoc,edge_computing,5,main;4.20;4.21;4.22;5.0,yes
modules/cnf-image-based-upgrade-with-backup.adoc,edge_computing/image_based_upgrade/cnf-image-based-upgrade-base.adoc,edge_computing,5,main;4.20;4.21;4.22;5.0,yes
modules/cnf-image-based-upgrade-backup-guide.adoc,edge_computing/image_based_upgrade/cnf-understanding-image-based-upgrade.adoc,edge_computing,5,main;4.20;4.21;4.22;5.0,yes
modules/cnf-image-based-upgrade-cluster-validated-software.adoc,edge_computing/image_based_upgrade/cnf-understanding-image-based-upgrade.adoc,edge_computing,5,main;4.20;4.21;4.22;5.0,yes
modules/cnf-image-based-upgrade-extra-manifests-guide.adoc,edge_computing/image_based_upgrade/cnf-understanding-image-based-upgrade.adoc,edge_computing,5,main;4.20;4.21;4.22;5.0,yes
modules/cnf-image-based-upgrade-guidelines.adoc,edge_computing/image_based_upgrade/cnf-understanding-image-based-upgrade.adoc,edge_computing,5,main;4.20;4.21;4.22;5.0,yes
modules/cnf-image-based-upgrade-seed-image-guide.adoc,edge_computing/image_based_upgrade/cnf-understanding-image-based-upgrade.adoc,edge_computing,5,main;4.20;4.21;4.22;5.0,yes
modules/cnf-image-based-upgrade.adoc,edge_computing/image_based_upgrade/cnf-understanding-image-based-upgrade.adoc,edge_computing,5,main;4.20;4.21;4.22;5.0,yes
modules/ztp-image-based-upgrade-hub-cluster-guide.adoc,edge_computing/image_based_upgrade/cnf-understanding-image-based-upgrade.adoc,edge_computing,5,main;4.20;4.21;4.22;5.0,yes
modules/cnf-image-based-upgrade-configure-container-storage-image-cleanup.adoc,edge_computing/image_based_upgrade/preparing_for_image_based_upgrade/cnf-image-based-upgrade-auto-image-cleanup.adoc,edge_computing,5,main;4.20;4.21;4.22;5.0,yes
modules/cnf-image-based-upgrade-disable-container-storage-image-cleanup.adoc,edge_computing/image_based_upgrade/preparing_for_image_based_upgrade/cnf-image-based-upgrade-auto-image-cleanup.adoc,edge_computing,5,main;4.20;4.21;4.22;5.0,yes
modules/cnf-image-based-upgrade-generate-seed-image.adoc,edge_computing/image_based_upgrade/preparing_for_image_based_upgrade/cnf-image-based-upgrade-generate-seed.adoc,edge_computing,5,main;4.20;4.21;4.22;5.0,yes
modules/cnf-image-based-upgrade-seed-image-config.adoc,edge_computing/image_based_upgrade/preparing_for_image_based_upgrade/cnf-image-based-upgrade-generate-seed.adoc,edge_computing,5,main;4.20;4.21;4.22;5.0,yes
modules/cnf-image-based-upgrade-installing-lifecycle-agent-using-cli.adoc,edge_computing/image_based_upgrade/preparing_for_image_based_upgrade/cnf-image-based-upgrade-install-operators.adoc,edge_computing,5,main;4.20;4.21;4.22;5.0,yes
modules/cnf-image-based-upgrade-installing-lifecycle-agent-using-web-console.adoc,edge_computing/image_based_upgrade/preparing_for_image_based_upgrade/cnf-image-based-upgrade-install-operators.adoc,edge_computing,5,main;4.20;4.21;4.22;5.0,yes
modules/ztp-image-based-upgrade-installing-lca.adoc,edge_computing/image_based_upgrade/preparing_for_image_based_upgrade/cnf-image-based-upgrade-install-operators.adoc,edge_computing,5,main;4.20;4.21;4.22;5.0,yes
modules/ztp-image-based-upgrade-installing-oadp.adoc,edge_computing/image_based_upgrade/preparing_for_image_based_upgrade/cnf-image-based-upgrade-install-operators.adoc,edge_computing,5,main;4.20;4.21;4.22;5.0,yes
modules/cnf-image-based-upgrade-prep-catalogsource.adoc,edge_computing/image_based_upgrade/preparing_for_image_based_upgrade/cnf-image-based-upgrade-prep-resources.adoc,edge_computing,5,main;4.20;4.21;4.22;5.0,yes
modules/cnf-image-based-upgrade-prep-extramanifests.adoc,edge_computing/image_based_upgrade/preparing_for_image_based_upgrade/cnf-image-based-upgrade-prep-resources.adoc,edge_computing,5,main;4.20;4.21;4.22;5.0,yes
modules/cnf-image-based-upgrade-prep-oadp.adoc,edge_computing/image_based_upgrade/preparing_for_image_based_upgrade/cnf-image-based-upgrade-prep-resources.adoc,edge_computing,5,main;4.20;4.21;4.22;5.0,yes
modules/cnf-image-based-upgrade-shared-container-partition.adoc,edge_computing/image_based_upgrade/preparing_for_image_based_upgrade/cnf-image-based-upgrade-shared-container-partition.adoc,edge_computing,5,main;4.20;4.21;4.22;5.0,yes
modules/ztp-image-based-upgrade-shared-container-partition.adoc,edge_computing/image_based_upgrade/preparing_for_image_based_upgrade/cnf-image-based-upgrade-shared-container-partition.adoc,edge_computing,5,main;4.20;4.21;4.22;5.0,yes
modules/ztp-image-based-upgrade-prep-label-extramanifests.adoc,edge_computing/image_based_upgrade/preparing_for_image_based_upgrade/ztp-image-based-upgrade-prep-resources.adoc,edge_computing,5,main;4.20;4.21;4.22;5.0,yes
modules/ztp-image-based-upgrade-prep-oadp.adoc,edge_computing/image_based_upgrade/preparing_for_image_based_upgrade/ztp-image-based-upgrade-prep-resources.adoc,edge_computing,5,main;4.20;4.21;4.22;5.0,yes
modules/cnf-image-based-upgrade-troubleshooting.adoc,edge_computing/image_based_upgrade/ztp-image-based-upgrade.adoc,edge_computing,5,main;4.20;4.21;4.22;5.0,yes
modules/ztp-image-based-upgrade-concept.adoc,edge_computing/image_based_upgrade/ztp-image-based-upgrade.adoc,edge_computing,5,main;4.20;4.21;4.22;5.0,yes
modules/ztp-image-based-upgrade-procedure-cancel.adoc,edge_computing/image_based_upgrade/ztp-image-based-upgrade.adoc,edge_computing,5,main;4.20;4.21;4.22;5.0,yes
modules/ztp-image-based-upgrade-procedure-one-step.adoc,edge_computing/image_based_upgrade/ztp-image-based-upgrade.adoc,edge_computing,5,main;4.20;4.21;4.22;5.0,yes
modules/ztp-image-based-upgrade-procedure-rollback.adoc,edge_computing/image_based_upgrade/ztp-image-based-upgrade.adoc,edge_computing,5,main;4.20;4.21;4.22;5.0,yes
modules/ztp-image-based-upgrade-procedure-steps.adoc,edge_computing/image_based_upgrade/ztp-image-based-upgrade.adoc,edge_computing,5,main;4.20;4.21;4.22;5.0,yes
modules/ztp-about-configuring-ptp-events-with-pgt.adoc,edge_computing/policygenerator_for_ztp/ztp-advanced-policygenerator-config.adoc,edge_computing,5,main;4.20;4.21;4.22;5.0,yes
modules/ztp-add-local-reg-for-sno-duprofile.adoc,edge_computing/policygenerator_for_ztp/ztp-advanced-policygenerator-config.adoc,edge_computing,5,main;4.20;4.21;4.22;5.0,yes
modules/ztp-adding-new-content-to-gitops-ztp.adoc,edge_computing/policygenerator_for_ztp/ztp-advanced-policygenerator-config.adoc,edge_computing,5,main;4.20;4.21;4.22;5.0,yes
modules/ztp-configuring-disk-partitioning.adoc,edge_computing/policygenerator_for_ztp/ztp-advanced-policygenerator-config.adoc,edge_computing,5,main;4.20;4.21;4.22;5.0,yes
modules/ztp-configuring-pgt-compliance-eval-timeouts.adoc,edge_computing/policygenerator_for_ztp/ztp-advanced-policygenerator-config.adoc,edge_computing,5,main;4.20;4.21;4.22;5.0,yes
modules/ztp-configuring-pgt-image-registry.adoc,edge_computing/policygenerator_for_ztp/ztp-advanced-policygenerator-config.adoc,edge_computing,5,main;4.20;4.21;4.22;5.0,yes
modules/ztp-configuring-ptp-fast-events.adoc,edge_computing/policygenerator_for_ztp/ztp-advanced-policygenerator-config.adoc,edge_computing,5,main;4.20;4.21;4.22;5.0,yes
modules/ztp-creating-a-validator-inform-policy.adoc,edge_computing/policygenerator_for_ztp/ztp-advanced-policygenerator-config.adoc,edge_computing,5,main;4.20;4.21;4.22;5.0,yes
modules/ztp-deploying-additional-changes-to-clusters.adoc,edge_computing/policygenerator_for_ztp/ztp-advanced-policygenerator-config.adoc,edge_computing,5,main;4.20;4.21;4.22;5.0,yes
modules/ztp-provisioning-lvm-storage.adoc,edge_computing/policygenerator_for_ztp/ztp-advanced-policygenerator-config.adoc,edge_computing,5,main;4.20;4.21;4.22;5.0,yes
modules/ztp-using-pgt-to-configure-high-performance-mode.adoc,edge_computing/policygenerator_for_ztp/ztp-advanced-policygenerator-config.adoc,edge_computing,5,main;4.20;4.21;4.22;5.0,yes
modules/ztp-using-pgt-to-configure-performance-mode.adoc,edge_computing/policygenerator_for_ztp/ztp-advanced-policygenerator-config.adoc,edge_computing,5,main;4.20;4.21;4.22;5.0,yes
modules/ztp-using-pgt-to-configure-power-saving-mode.adoc,edge_computing/policygenerator_for_ztp/ztp-advanced-policygenerator-config.adoc,edge_computing,5,main;4.20;4.21;4.22;5.0,yes
modules/ztp-using-pgt-to-configure-power-states.adoc,edge_computing/policygenerator_for_ztp/ztp-advanced-policygenerator-config.adoc,edge_computing,5,main;4.20;4.21;4.22;5.0,yes
modules/ztp-using-pgt-to-maximize-power-saving-mode.adoc,edge_computing/policygenerator_for_ztp/ztp-advanced-policygenerator-config.adoc,edge_computing,5,main;4.20;4.21;4.22;5.0,yes
modules/ztp-using-pgt-to-update-source-crs.adoc,edge_computing/policygenerator_for_ztp/ztp-advanced-policygenerator-config.adoc,edge_computing,5,main;4.20;4.21;4.22;5.0,yes
modules/ztp-comparing-pgt-and-rhacm-pg-patching-strategies.adoc,edge_computing/policygenerator_for_ztp/ztp-configuring-managed-clusters-policygenerator.adoc,edge_computing,5,main;4.20;4.21;4.22;5.0,yes
modules/ztp-configuring-open-api-schema-for-patching.adoc,edge_computing/policygenerator_for_ztp/ztp-configuring-managed-clusters-policygenerator.adoc,edge_computing,5,main;4.20;4.21;4.22;5.0,yes
modules/ztp-coordinating-reboots-for-config-changes.adoc,edge_computing/policygenerator_for_ztp/ztp-configuring-managed-clusters-policygenerator.adoc,edge_computing,5,main;4.20;4.21;4.22;5.0,yes
modules/ztp-customizing-a-managed-site-using-pgt.adoc,edge_computing/policygenerator_for_ztp/ztp-configuring-managed-clusters-policygenerator.adoc,edge_computing,5,main;4.20;4.21;4.22;5.0,yes
modules/ztp-definition-of-done-for-ztp-installations.adoc,edge_computing/policygenerator_for_ztp/ztp-configuring-managed-clusters-policygenerator.adoc,edge_computing,5,main;4.20;4.21;4.22;5.0,yes
modules/ztp-monitoring-policy-deployment-progress.adoc,edge_computing/policygenerator_for_ztp/ztp-configuring-managed-clusters-policygenerator.adoc,edge_computing,5,main;4.20;4.21;4.22;5.0,yes
modules/ztp-pgt-config-best-practices.adoc,edge_computing/policygenerator_for_ztp/ztp-configuring-managed-clusters-policygenerator.adoc,edge_computing,5,main;4.20;4.21;4.22;5.0,yes
modules/ztp-policygentemplates-for-ran.adoc,edge_computing/policygenerator_for_ztp/ztp-configuring-managed-clusters-policygenerator.adoc,edge_computing,5,main;4.20;4.21;4.22;5.0,yes
modules/ztp-removing-content-from-managed-clusters.adoc,edge_computing/policygenerator_for_ztp/ztp-configuring-managed-clusters-policygenerator.adoc,edge_computing,5,main;4.20;4.21;4.22;5.0,yes
modules/ztp-restarting-policies-reconciliation.adoc,edge_computing/policygenerator_for_ztp/ztp-configuring-managed-clusters-policygenerator.adoc,edge_computing,5,main;4.20;4.21;4.22;5.0,yes
modules/ztp-the-policygentemplate.adoc,edge_computing/policygenerator_for_ztp/ztp-configuring-managed-clusters-policygenerator.adoc,edge_computing,5,main;4.20;4.21;4.22;5.0,yes
modules/ztp-validating-the-generation-of-configuration-policy-crs.adoc,edge_computing/policygenerator_for_ztp/ztp-configuring-managed-clusters-policygenerator.adoc,edge_computing,5,main;4.20;4.21;4.22;5.0,yes
modules/cnf-topology-aware-lifecycle-manager-autocreate-cgu-cr-ztp.adoc,edge_computing/policygenerator_for_ztp/ztp-talm-updating-managed-policies-pg.adoc,edge_computing,5,main;4.20;4.21;4.22;5.0,yes
modules/cnf-topology-aware-lifecycle-manager-creating-custom-resources.adoc,edge_computing/policygenerator_for_ztp/ztp-talm-updating-managed-policies-pg.adoc,edge_computing,5,main;4.20;4.21;4.22;5.0,yes
modules/cnf-topology-aware-lifecycle-manager-operator-and-platform-update.adoc,edge_computing/policygenerator_for_ztp/ztp-talm-updating-managed-policies-pg.adoc,edge_computing,5,main;4.20;4.21;4.22;5.0,yes
modules/cnf-topology-aware-lifecycle-manager-operator-troubleshooting.adoc,edge_computing/policygenerator_for_ztp/ztp-talm-updating-managed-policies-pg.adoc,edge_computing,5,main;4.20;4.21;4.22;5.0,yes
modules/cnf-topology-aware-lifecycle-manager-operator-update.adoc,edge_computing/policygenerator_for_ztp/ztp-talm-updating-managed-policies-pg.adoc,edge_computing,5,main;4.20;4.21;4.22;5.0,yes
modules/cnf-topology-aware-lifecycle-manager-pao-update.adoc,edge_computing/policygenerator_for_ztp/ztp-talm-updating-managed-policies-pg.adoc,edge_computing,5,main;4.20;4.21;4.22;5.0,yes
modules/cnf-topology-aware-lifecycle-manager-platform-update.adoc,edge_computing/policygenerator_for_ztp/ztp-talm-updating-managed-policies-pg.adoc,edge_computing,5,main;4.20;4.21;4.22;5.0,yes
modules/cnf-topology-aware-lifecycle-manager-precache-user-spec-images.adoc,edge_computing/policygenerator_for_ztp/ztp-talm-updating-managed-policies-pg.adoc,edge_computing,5,main;4.20;4.21;4.22;5.0,yes
modules/cnf-topology-aware-lifecycle-manager-preparing-for-updates.adoc,edge_computing/policygenerator_for_ztp/ztp-talm-updating-managed-policies-pg.adoc,edge_computing,5,main;4.20;4.21;4.22;5.0,yes
modules/ztp-add-local-reg-for-sno-duprofile.adoc,edge_computing/policygentemplate_for_ztp/ztp-advanced-policy-config.adoc,edge_computing,5,main;4.20;4.21;4.22;5.0,yes
modules/ztp-adding-new-content-to-gitops-ztp.adoc,edge_computing/policygentemplate_for_ztp/ztp-advanced-policy-config.adoc,edge_computing,5,main;4.20;4.21;4.22;5.0,yes
modules/ztp-configuring-disk-partitioning.adoc,edge_computing/policygentemplate_for_ztp/ztp-advanced-policy-config.adoc,edge_computing,5,main;4.20;4.21;4.22;5.0,yes
modules/ztp-configuring-pgt-compliance-eval-timeouts.adoc,edge_computing/policygentemplate_for_ztp/ztp-advanced-policy-config.adoc,edge_computing,5,main;4.20;4.21;4.22;5.0,yes
modules/ztp-configuring-pgt-image-registry.adoc,edge_computing/policygentemplate_for_ztp/ztp-advanced-policy-config.adoc,edge_computing,5,main;4.20;4.21;4.22;5.0,yes
modules/ztp-configuring-ptp-fast-events.adoc,edge_computing/policygentemplate_for_ztp/ztp-advanced-policy-config.adoc,edge_computing,5,main;4.20;4.21;4.22;5.0,yes
modules/ztp-creating-a-validator-inform-policy.adoc,edge_computing/policygentemplate_for_ztp/ztp-advanced-policy-config.adoc,edge_computing,5,main;4.20;4.21;4.22;5.0,yes
modules/ztp-deploying-additional-changes-to-clusters.adoc,edge_computing/policygentemplate_for_ztp/ztp-advanced-policy-config.adoc,edge_computing,5,main;4.20;4.21;4.22;5.0,yes
modules/ztp-provisioning-lvm-storage.adoc,edge_computing/policygentemplate_for_ztp/ztp-advanced-policy-config.adoc,edge_computing,5,main;4.20;4.21;4.22;5.0,yes
modules/ztp-using-pgt-to-configure-high-performance-mode.adoc,edge_computing/policygentemplate_for_ztp/ztp-advanced-policy-config.adoc,edge_computing,5,main;4.20;4.21;4.22;5.0,yes
modules/ztp-using-pgt-to-configure-performance-mode.adoc,edge_computing/policygentemplate_for_ztp/ztp-advanced-policy-config.adoc,edge_computing,5,main;4.20;4.21;4.22;5.0,yes
modules/ztp-using-pgt-to-configure-power-saving-mode.adoc,edge_computing/policygentemplate_for_ztp/ztp-advanced-policy-config.adoc,edge_computing,5,main;4.20;4.21;4.22;5.0,yes
modules/ztp-using-pgt-to-configure-power-states.adoc,edge_computing/policygentemplate_for_ztp/ztp-advanced-policy-config.adoc,edge_computing,5,main;4.20;4.21;4.22;5.0,yes
modules/ztp-using-pgt-to-maximize-power-saving-mode.adoc,edge_computing/policygentemplate_for_ztp/ztp-advanced-policy-config.adoc,edge_computing,5,main;4.20;4.21;4.22;5.0,yes
modules/ztp-using-pgt-to-update-source-crs.adoc,edge_computing/policygentemplate_for_ztp/ztp-advanced-policy-config.adoc,edge_computing,5,main;4.20;4.21;4.22;5.0,yes
modules/ztp-customizing-a-managed-site-using-pgt.adoc,edge_computing/policygentemplate_for_ztp/ztp-configuring-managed-clusters-policies.adoc,edge_computing,5,main;4.20;4.21;4.22;5.0,yes
modules/ztp-definition-of-done-for-ztp-installations.adoc,edge_computing/policygentemplate_for_ztp/ztp-configuring-managed-clusters-policies.adoc,edge_computing,5,main;4.20;4.21;4.22;5.0,yes
modules/ztp-monitoring-policy-deployment-progress.adoc,edge_computing/policygentemplate_for_ztp/ztp-configuring-managed-clusters-policies.adoc,edge_computing,5,main;4.20;4.21;4.22;5.0,yes
modules/ztp-pgt-config-best-practices.adoc,edge_computing/policygentemplate_for_ztp/ztp-configuring-managed-clusters-policies.adoc,edge_computing,5,main;4.20;4.21;4.22;5.0,yes
modules/ztp-policygentemplates-for-ran.adoc,edge_computing/policygentemplate_for_ztp/ztp-configuring-managed-clusters-policies.adoc,edge_computing,5,main;4.20;4.21;4.22;5.0,yes
modules/ztp-removing-content-from-managed-clusters.adoc,edge_computing/policygentemplate_for_ztp/ztp-configuring-managed-clusters-policies.adoc,edge_computing,5,main;4.20;4.21;4.22;5.0,yes
modules/ztp-restarting-policies-reconciliation.adoc,edge_computing/policygentemplate_for_ztp/ztp-configuring-managed-clusters-policies.adoc,edge_computing,5,main;4.20;4.21;4.22;5.0,yes
modules/ztp-the-policygentemplate.adoc,edge_computing/policygentemplate_for_ztp/ztp-configuring-managed-clusters-policies.adoc,edge_computing,5,main;4.20;4.21;4.22;5.0,yes
modules/ztp-validating-the-generation-of-configuration-policy-crs.adoc,edge_computing/policygentemplate_for_ztp/ztp-configuring-managed-clusters-policies.adoc,edge_computing,5,main;4.20;4.21;4.22;5.0,yes
modules/cnf-topology-aware-lifecycle-manager-autocreate-cgu-cr-ztp.adoc,edge_computing/policygentemplate_for_ztp/ztp-talm-updating-managed-policies.adoc,edge_computing,5,main;4.20;4.21;4.22;5.0,yes
modules/cnf-topology-aware-lifecycle-manager-creating-custom-resources.adoc,edge_computing/policygentemplate_for_ztp/ztp-talm-updating-managed-policies.adoc,edge_computing,5,main;4.20;4.21;4.22;5.0,yes
modules/cnf-topology-aware-lifecycle-manager-operator-and-platform-update.adoc,edge_computing/policygentemplate_for_ztp/ztp-talm-updating-managed-policies.adoc,edge_computing,5,main;4.20;4.21;4.22;5.0,yes
modules/cnf-topology-aware-lifecycle-manager-operator-troubleshooting.adoc,edge_computing/policygentemplate_for_ztp/ztp-talm-updating-managed-policies.adoc,edge_computing,5,main;4.20;4.21;4.22;5.0,yes
modules/cnf-topology-aware-lifecycle-manager-operator-update.adoc,edge_computing/policygentemplate_for_ztp/ztp-talm-updating-managed-policies.adoc,edge_computing,5,main;4.20;4.21;4.22;5.0,yes
modules/cnf-topology-aware-lifecycle-manager-pao-update.adoc,edge_computing/policygentemplate_for_ztp/ztp-talm-updating-managed-policies.adoc,edge_computing,5,main;4.20;4.21;4.22;5.0,yes
modules/cnf-topology-aware-lifecycle-manager-platform-update.adoc,edge_computing/policygentemplate_for_ztp/ztp-talm-updating-managed-policies.adoc,edge_computing,5,main;4.20;4.21;4.22;5.0,yes
modules/cnf-topology-aware-lifecycle-manager-precache-user-spec-images.adoc,edge_computing/policygentemplate_for_ztp/ztp-talm-updating-managed-policies.adoc,edge_computing,5,main;4.20;4.21;4.22;5.0,yes
modules/cnf-topology-aware-lifecycle-manager-preparing-for-updates.adoc,edge_computing/policygentemplate_for_ztp/ztp-talm-updating-managed-policies.adoc,edge_computing,5,main;4.20;4.21;4.22;5.0,yes
modules/ztp-configuring-cluster-network-mtu.adoc,edge_computing/ztp-advanced-install-ztp.adoc,edge_computing,5,main;4.20;4.21;4.22;5.0,yes
modules/ztp-customizing-the-install-extra-manifests.adoc,edge_computing/ztp-advanced-install-ztp.adoc,edge_computing,5,main;4.20;4.21;4.22;5.0,yes
modules/ztp-deleting-node-using-siteconfig.adoc,edge_computing/ztp-advanced-install-ztp.adoc,edge_computing,5,main;4.20;4.21;4.22;5.0,yes
modules/ztp-configuring-host-firmware-with-gitops-ztp.adoc,edge_computing/ztp-deploying-far-edge-sites.adoc,edge_computing,5,main;4.20;4.21;4.22;5.0,yes
modules/ztp-configuring-ipsec-using-ztp-and-siteconfig-for-mno.adoc,edge_computing/ztp-deploying-far-edge-sites.adoc,edge_computing,5,main;4.20;4.21;4.22;5.0,yes
modules/ztp-configuring-ipsec-using-ztp-and-siteconfig.adoc,edge_computing/ztp-deploying-far-edge-sites.adoc,edge_computing,5,main;4.20;4.21;4.22;5.0,yes
modules/ztp-deploying-user-defined-firmware-configuration-with-gitops-ztp.adoc,edge_computing/ztp-deploying-far-edge-sites.adoc,edge_computing,5,main;4.20;4.21;4.22;5.0,yes
modules/ztp-removing-obsolete-content.adoc,edge_computing/ztp-deploying-far-edge-sites.adoc,edge_computing,5,main;4.20;4.21;4.22;5.0,yes
modules/ztp-retrieving-the-host-firmware-schema.adoc,edge_computing/ztp-deploying-far-edge-sites.adoc,edge_computing,5,main;4.20;4.21;4.22;5.0,yes
modules/ztp-retrieving-the-host-firmware-settings.adoc,edge_computing/ztp-deploying-far-edge-sites.adoc,edge_computing,5,main;4.20;4.21;4.22;5.0,yes
modules/ztp-tearing-down-the-pipeline.adoc,edge_computing/ztp-deploying-far-edge-sites.adoc,edge_computing,5,main;4.20;4.21;4.22;5.0,yes
modules/ztp-troubleshooting-ztp-gitops-supermicro-tls.adoc,edge_computing/ztp-deploying-far-edge-sites.adoc,edge_computing,5,main;4.20;4.21;4.22;5.0,yes
modules/ztp-verifying-ipsec.adoc,edge_computing/ztp-deploying-far-edge-sites.adoc,edge_computing,5,main;4.20;4.21;4.22;5.0,yes
modules/ztp-checking-the-managed-cluster-status.adoc,edge_computing/ztp-manual-install.adoc,edge_computing,5,main;4.20;4.21;4.22;5.0,yes
modules/ztp-configuring-kernel-arguments-for-discovery-iso-in-manual-installations.adoc,edge_computing/ztp-manual-install.adoc,edge_computing,5,main;4.20;4.21;4.22;5.0,yes
modules/ztp-generating-install-and-config-crs-manually.adoc,edge_computing/ztp-manual-install.adoc,edge_computing,5,main;4.20;4.21;4.22;5.0,yes
modules/ztp-installation-crs.adoc,edge_computing/ztp-manual-install.adoc,edge_computing,5,main;4.20;4.21;4.22;5.0,yes
modules/ztp-manually-install-a-single-managed-cluster.adoc,edge_computing/ztp-manual-install.adoc,edge_computing,5,main;4.20;4.21;4.22;5.0,yes
modules/ztp-troubleshooting-the-managed-cluster.adoc,edge_computing/ztp-manual-install.adoc,edge_computing,5,main;4.20;4.21;4.22;5.0,yes
modules/ztp-active-ocp-version.adoc,edge_computing/ztp-migrate-clusterinstance.adoc,edge_computing,5,main;4.20;4.21;4.22;5.0,yes
modules/ztp-clusterinstance-cleanup.adoc,edge_computing/ztp-migrate-clusterinstance.adoc,edge_computing,5,main;4.20;4.21;4.22;5.0,yes
modules/ztp-clusterinstance-troubleshooting.adoc,edge_computing/ztp-migrate-clusterinstance.adoc,edge_computing,5,main;4.20;4.21;4.22;5.0,yes
modules/ztp-creating-argocd-clusterinstance.adoc,edge_computing/ztp-migrate-clusterinstance.adoc,edge_computing,5,main;4.20;4.21;4.22;5.0,yes
modules/ztp-migrate-clusterinstance-overview.adoc,edge_computing/ztp-migrate-clusterinstance.adoc,edge_computing,5,main;4.20;4.21;4.22;5.0,yes
modules/ztp-site-converter-ref.adoc,edge_computing/ztp-migrate-clusterinstance.adoc,edge_computing,5,main;4.20;4.21;4.22;5.0,yes
modules/ztp-precaching-booting-from-live-os.adoc,edge_computing/ztp-precaching-tool.adoc,edge_computing,5,main;4.20;4.21;4.22;5.0,yes
modules/ztp-precaching-custom-disconnected.adoc,edge_computing/ztp-precaching-tool.adoc,edge_computing,5,main;4.20;4.21;4.22;5.0,yes
modules/ztp-precaching-downloading-ocp-images.adoc,edge_computing/ztp-precaching-tool.adoc,edge_computing,5,main;4.20;4.21;4.22;5.0,yes
modules/ztp-precaching-downloading-operator-images.adoc,edge_computing/ztp-precaching-tool.adoc,edge_computing,5,main;4.20;4.21;4.22;5.0,yes
modules/ztp-precaching-downloading-overview.adoc,edge_computing/ztp-precaching-tool.adoc,edge_computing,5,main;4.20;4.21;4.22;5.0,yes
modules/ztp-precaching-getting-tool.adoc,edge_computing/ztp-precaching-tool.adoc,edge_computing,5,main;4.20;4.21;4.22;5.0,yes
modules/ztp-precaching-partitioning.adoc,edge_computing/ztp-precaching-tool.adoc,edge_computing,5,main;4.20;4.21;4.22;5.0,yes
modules/ztp-precaching-preparing-ocp-images.adoc,edge_computing/ztp-precaching-tool.adoc,edge_computing,5,main;4.20;4.21;4.22;5.0,yes
modules/ztp-precaching-troubleshooting.adoc,edge_computing/ztp-precaching-tool.adoc,edge_computing,5,main;4.20;4.21;4.22;5.0,yes
modules/ztp-precaching-ztp-config.adoc,edge_computing/ztp-precaching-tool.adoc,edge_computing,5,main;4.20;4.21;4.22;5.0,yes
modules/ztp-du-host-firmware-requirements.adoc,edge_computing/ztp-reference-cluster-configuration-for-vdu.adoc,edge_computing,5,main;4.20;4.21;4.22;5.0,yes
modules/ztp-install-sno-hardware-reqs.adoc,edge_computing/ztp-reference-cluster-configuration-for-vdu.adoc,edge_computing,5,main;4.20;4.21;4.22;5.0,yes
modules/ztp-managed-cluster-network-prereqs.adoc,edge_computing/ztp-reference-cluster-configuration-for-vdu.adoc,edge_computing,5,main;4.20;4.21;4.22;5.0,yes
modules/ztp-sno-du-configuring-crun-container-runtime.adoc,edge_computing/ztp-reference-cluster-configuration-for-vdu.adoc,edge_computing,5,main;4.20;4.21;4.22;5.0,yes
modules/ztp-sno-du-configuring-logging-locally-and-forwarding.adoc,edge_computing/ztp-reference-cluster-configuration-for-vdu.adoc,edge_computing,5,main;4.20;4.21;4.22;5.0,yes
modules/ztp-sno-du-configuring-lvms.adoc,edge_computing/ztp-reference-cluster-configuration-for-vdu.adoc,edge_computing,5,main;4.20;4.21;4.22;5.0,yes
modules/ztp-sno-du-configuring-ptp.adoc,edge_computing/ztp-reference-cluster-configuration-for-vdu.adoc,edge_computing,5,main;4.20;4.21;4.22;5.0,yes
modules/ztp-sno-du-configuring-sriov.adoc,edge_computing/ztp-reference-cluster-configuration-for-vdu.adoc,edge_computing,5,main;4.20;4.21;4.22;5.0,yes
modules/ztp-sno-du-configuring-the-container-mountspace.adoc,edge_computing/ztp-reference-cluster-configuration-for-vdu.adoc,edge_computing,5,main;4.20;4.21;4.22;5.0,yes
modules/ztp-sno-du-configuring-the-operators.adoc,edge_computing/ztp-reference-cluster-configuration-for-vdu.adoc,edge_computing,5,main;4.20;4.21;4.22;5.0,yes
modules/ztp-sno-du-configuring-time-sync.adoc,edge_computing/ztp-reference-cluster-configuration-for-vdu.adoc,edge_computing,5,main;4.20;4.21;4.22;5.0,yes
modules/ztp-sno-du-disabling-crio-wipe.adoc,edge_computing/ztp-reference-cluster-configuration-for-vdu.adoc,edge_computing,5,main;4.20;4.21;4.22;5.0,yes
modules/ztp-sno-du-disabling-network-diagnostics.adoc,edge_computing/ztp-reference-cluster-configuration-for-vdu.adoc,edge_computing,5,main;4.20;4.21;4.22;5.0,yes
modules/ztp-sno-du-enabling-kdump.adoc,edge_computing/ztp-reference-cluster-configuration-for-vdu.adoc,edge_computing,5,main;4.20;4.21;4.22;5.0,yes
modules/ztp-sno-du-enabling-sctp.adoc,edge_computing/ztp-reference-cluster-configuration-for-vdu.adoc,edge_computing,5,main;4.20;4.21;4.22;5.0,yes
modules/ztp-sno-du-reducing-resource-usage-with-cluster-monitoring.adoc,edge_computing/ztp-reference-cluster-configuration-for-vdu.adoc,edge_computing,5,main;4.20;4.21;4.22;5.0,yes
modules/ztp-sno-du-reducing-resource-usage-with-olm-pprof.adoc,edge_computing/ztp-reference-cluster-configuration-for-vdu.adoc,edge_computing,5,main;4.20;4.21;4.22;5.0,yes
modules/ztp-sno-du-removing-the-console-operator.adoc,edge_computing/ztp-reference-cluster-configuration-for-vdu.adoc,edge_computing,5,main;4.20;4.21;4.22;5.0,yes
modules/ztp-sno-du-subscribing-to-the-operators-needed-for-platform-configuration.adoc,edge_computing/ztp-reference-cluster-configuration-for-vdu.adoc,edge_computing,5,main;4.20;4.21;4.22;5.0,yes
modules/ztp-adding-worker-nodes.adoc,edge_computing/ztp-sno-additional-worker-node.adoc,edge_computing,5,main;4.20;4.21;4.22;5.0,yes
modules/ztp-worker-node-applying-du-profile.adoc,edge_computing/ztp-sno-additional-worker-node.adoc,edge_computing,5,main;4.20;4.21;4.22;5.0,yes
modules/ztp-worker-node-daemon-selector-compatibility.adoc,edge_computing/ztp-sno-additional-worker-node.adoc,edge_computing,5,main;4.20;4.21;4.22;5.0,yes
modules/ztp-worker-node-node-selector-compatibility.adoc,edge_computing/ztp-sno-additional-worker-node.adoc,edge_computing,5,main;4.20;4.21;4.22;5.0,yes
modules/ztp-worker-node-preparing-policies.adoc,edge_computing/ztp-sno-additional-worker-node.adoc,edge_computing,5,main;4.20;4.21;4.22;5.0,yes
modules/ztp-installing-the-new-gitops-ztp-applications.adoc,edge_computing/ztp-updating-gitops.adoc,edge_computing,5,main;4.20;4.21;4.22;5.0,yes
modules/ztp-labeling-the-existing-clusters.adoc,edge_computing/ztp-updating-gitops.adoc,edge_computing,5,main;4.20;4.21;4.22;5.0,yes
modules/ztp-preparing-for-the-gitops-ztp-upgrade.adoc,edge_computing/ztp-updating-gitops.adoc,edge_computing,5,main;4.20;4.21;4.22;5.0,yes
modules/ztp-pulling-ocp-images.adoc,edge_computing/ztp-updating-gitops.adoc,edge_computing,5,main;4.20;4.21;4.22;5.0,yes
modules/ztp-required-changes-to-the-git-repository.adoc,edge_computing/ztp-updating-gitops.adoc,edge_computing,5,main;4.20;4.21;4.22;5.0,yes
modules/ztp-roll-out-the-configuration-changes.adoc,edge_computing/ztp-updating-gitops.adoc,edge_computing,5,main;4.20;4.21;4.22;5.0,yes
modules/ztp-stopping-the-existing-gitops-ztp-applications.adoc,edge_computing/ztp-updating-gitops.adoc,edge_computing,5,main;4.20;4.21;4.22;5.0,yes
modules/ztp-updating-gitops-ztp.adoc,edge_computing/ztp-updating-gitops.adoc,edge_computing,5,main;4.20;4.21;4.22;5.0,yes
modules/ztp-specifying-nics-in-pgt-crs-with-hub-cluster-templates.adoc,edge_computing/ztp-using-hub-cluster-templates.adoc,edge_computing,5,main;4.20;4.21;4.22;5.0,yes
modules/ztp-syncing-new-configmap-changes-to-existing-pgt-crs.adoc,edge_computing/ztp-using-hub-cluster-templates.adoc,edge_computing,5,main;4.20;4.21;4.22;5.0,yes
modules/con-ztp-du-cluster-config-reference.adoc,edge_computing/ztp-vdu-validating-cluster-tuning.adoc,edge_computing,5,main;4.20;4.21;4.22;5.0,yes
modules/ztp-checking-du-cluster-config.adoc,edge_computing/ztp-vdu-validating-cluster-tuning.adoc,edge_computing,5,main;4.20;4.21;4.22;5.0,yes
modules/ztp-du-firmware-config-reference.adoc,edge_computing/ztp-vdu-validating-cluster-tuning.adoc,edge_computing,5,main;4.20;4.21;4.22;5.0,yes
modules/ztp-recommended-cluster-operators.adoc,edge_computing/ztp-vdu-validating-cluster-tuning.adoc,edge_computing,5,main;4.20;4.21;4.22;5.0,yes
modules/creating-recurring-etcd-backups.adoc,etcd/etcd-backup-restore/etcd-backup.adoc,etcd,5,main;4.20;4.21;4.22;5.0,yes
modules/dr-recover-expired-control-plane-certs.adoc,etcd/etcd-backup-restore/etcd-disaster-recovery.adoc,etcd,5,main;4.20;4.21;4.22;5.0,yes
modules/dr-restoring-cluster-state-about.adoc,etcd/etcd-backup-restore/etcd-disaster-recovery.adoc,etcd,5,main;4.20;4.21;4.22;5.0,yes
modules/dr-restoring-cluster-state-sno.adoc,etcd/etcd-backup-restore/etcd-disaster-recovery.adoc,etcd,5,main;4.20;4.21;4.22;5.0,yes
modules/dr-restoring-cluster-state.adoc,etcd/etcd-backup-restore/etcd-disaster-recovery.adoc,etcd,5,main;4.20;4.21;4.22;5.0,yes
modules/dr-restoring-etcd-quorum-ha.adoc,etcd/etcd-backup-restore/etcd-disaster-recovery.adoc,etcd,5,main;4.20;4.21;4.22;5.0,yes
modules/dr-scenario-cluster-state-issues.adoc,etcd/etcd-backup-restore/etcd-disaster-recovery.adoc,etcd,5,main;4.20;4.21;4.22;5.0,yes
modules/dr-testing-restore-procedures.adoc,etcd/etcd-backup-restore/etcd-disaster-recovery.adoc,etcd,5,main;4.20;4.21;4.22;5.0,yes
modules/replacing-healthy-etcd-member-cpms.adoc,etcd/etcd-backup-restore/replace-healthy-etcd-member.adoc,etcd,5,main;4.20;4.21;4.22;5.0,yes
modules/replacing-healthy-etcd-member-scale-up-down.adoc,etcd/etcd-backup-restore/replace-healthy-etcd-member.adoc,etcd,5,main;4.20;4.21;4.22;5.0,yes
modules/restore-replace-crashlooping-etcd-member.adoc,etcd/etcd-backup-restore/replace-unhealthy-etcd-member.adoc,etcd,5,main;4.20;4.21;4.22;5.0,yes
modules/restore-replace-stopped-baremetal-etcd-member.adoc,etcd/etcd-backup-restore/replace-unhealthy-etcd-member.adoc,etcd,5,main;4.20;4.21;4.22;5.0,yes
modules/restore-replace-stopped-etcd-member.adoc,etcd/etcd-backup-restore/replace-unhealthy-etcd-member.adoc,etcd,5,main;4.20;4.21;4.22;5.0,yes
modules/etcd-defrag.adoc,etcd/etcd-performance.adoc,etcd,5,main;4.20;4.21;4.22;5.0,yes
modules/olmv1-about-target-versions.adoc,extensions/arch/operator-controller.adoc,extensions,5,main;4.20;4.21;4.22;5.0,yes
modules/olmv1-clusterextension-api.adoc,extensions/arch/operator-controller.adoc,extensions,5,main;4.20;4.21;4.22;5.0,yes
modules/olmv1-object-ownership.adoc,extensions/arch/operator-controller.adoc,extensions,5,main;4.20;4.21;4.22;5.0,yes
modules/olm-creating-fb-catalog-image.adoc,extensions/catalogs/creating-catalogs.adoc,extensions,5,main;4.20;4.21;4.22;5.0,yes
modules/olm-filtering-fbc.adoc,extensions/catalogs/creating-catalogs.adoc,extensions,5,main;4.20;4.21;4.22;5.0,yes
modules/olm-bundle-schema.adoc,extensions/catalogs/fbc.adoc,extensions,5,main;4.20;4.21;4.22;5.0,yes
modules/olm-channel-schema.adoc,extensions/catalogs/fbc.adoc,extensions,5,main;4.20;4.21;4.22;5.0,yes
modules/olm-deprecations-schema.adoc,extensions/catalogs/fbc.adoc,extensions,5,main;4.20;4.21;4.22;5.0,yes
modules/olm-fb-catalogs-automation.adoc,extensions/catalogs/fbc.adoc,extensions,5,main;4.20;4.21;4.22;5.0,yes
modules/olm-fb-catalogs-example.adoc,extensions/catalogs/fbc.adoc,extensions,5,main;4.20;4.21;4.22;5.0,yes
modules/olm-fb-catalogs-guidelines.adoc,extensions/catalogs/fbc.adoc,extensions,5,main;4.20;4.21;4.22;5.0,yes
modules/olm-fb-catalogs-prop.adoc,extensions/catalogs/fbc.adoc,extensions,5,main;4.20;4.21;4.22;5.0,yes
modules/olm-fb-catalogs-schemas.adoc,extensions/catalogs/fbc.adoc,extensions,5,main;4.20;4.21;4.22;5.0,yes
modules/olm-fb-catalogs-structure.adoc,extensions/catalogs/fbc.adoc,extensions,5,main;4.20;4.21;4.22;5.0,yes
modules/olm-fb-catalogs.adoc,extensions/catalogs/fbc.adoc,extensions,5,main;4.20;4.21;4.22;5.0,yes
modules/olm-fbc-cli.adoc,extensions/catalogs/fbc.adoc,extensions,5,main;4.20;4.21;4.22;5.0,yes
modules/olm-package-schema.adoc,extensions/catalogs/fbc.adoc,extensions,5,main;4.20;4.21;4.22;5.0,yes
modules/allowed-crd-upgrades.adoc,extensions/ce/crd-upgrade-safety.adoc,extensions,5,main;4.20;4.21;4.22;5.0,yes
modules/disabling-crd-preflight.adoc,extensions/ce/crd-upgrade-safety.adoc,extensions,5,main;4.20;4.21;4.22;5.0,yes
modules/examples-unsafe-crd-upgrades.adoc,extensions/ce/crd-upgrade-safety.adoc,extensions,5,main;4.20;4.21;4.22;5.0,yes
modules/prohibited-crd-upgrades.adoc,extensions/ce/crd-upgrade-safety.adoc,extensions,5,main;4.20;4.21;4.22;5.0,yes
modules/olmv1-catalog-queries.adoc,extensions/ce/managing-ce.adoc,extensions,5,main;4.20;4.21;4.22;5.0,yes
modules/olmv1-cluster-extension-permissions.adoc,extensions/ce/managing-ce.adoc,extensions,5,main;4.20;4.21;4.22;5.0,yes
modules/olmv1-creating-a-cluster-role-binding.adoc,extensions/ce/managing-ce.adoc,extensions,5,main;4.20;4.21;4.22;5.0,yes
modules/olmv1-creating-a-cluster-role.adoc,extensions/ce/managing-ce.adoc,extensions,5,main;4.20;4.21;4.22;5.0,yes
modules/olmv1-creating-a-namespace.adoc,extensions/ce/managing-ce.adoc,extensions,5,main;4.20;4.21;4.22;5.0,yes
modules/olmv1-creating-a-service-account.adoc,extensions/ce/managing-ce.adoc,extensions,5,main;4.20;4.21;4.22;5.0,yes
modules/olmv1-deleting-an-operator.adoc,extensions/ce/managing-ce.adoc,extensions,5,main;4.20;4.21;4.22;5.0,yes
modules/olmv1-downloading-bundle-manifests.adoc,extensions/ce/managing-ce.adoc,extensions,5,main;4.20;4.21;4.22;5.0,yes
modules/olmv1-example-pipelines-operator-cluster-role.adoc,extensions/ce/managing-ce.adoc,extensions,5,main;4.20;4.21;4.22;5.0,yes
modules/olmv1-required-rbac-to-install-and-manage-extension-resources.adoc,extensions/ce/managing-ce.adoc,extensions,5,main;4.20;4.21;4.22;5.0,yes
modules/olmv1-updating-an-operator.adoc,extensions/ce/managing-ce.adoc,extensions,5,main;4.20;4.21;4.22;5.0,yes
modules/olmv1-about-target-versions.adoc,extensions/ce/update-paths.adoc,extensions,5,main;4.20;4.21;4.22;5.0,yes
modules/olmv1-blocked-cluster-updates.adoc,extensions/ce/update-paths.adoc,extensions,5,main;4.20;4.21;4.22;5.0,yes
modules/olmv1-forcing-an-update-or-rollback.adoc,extensions/ce/update-paths.adoc,extensions,5,main;4.20;4.21;4.22;5.0,yes
modules/olmv1-ocp-compat.adoc,extensions/ce/update-paths.adoc,extensions,5,main;4.20;4.21;4.22;5.0,yes
modules/olmv1-version-range-comparisons.adoc,extensions/ce/update-paths.adoc,extensions,5,main;4.20;4.21;4.22;5.0,yes
modules/olmv1-version-range-support.adoc,extensions/ce/update-paths.adoc,extensions,5,main;4.20;4.21;4.22;5.0,yes
modules/olmv1-about-purpose.adoc,extensions/index.adoc,extensions,5,main;4.20;4.21;4.22;5.0,yes
modules/olmv1-highlights.adoc,extensions/index.adoc,extensions,5,main;4.20;4.21;4.22;5.0,yes
modules/hardware-accelerators.adoc,hardware_accelerators/about-hardware-accelerators.adoc,hardware_accelerators,5,main;4.20;4.21;4.22;5.0,yes
modules/amd-about-amd-gpu-operator.adoc,hardware_accelerators/amd-gpu-operator.adoc,hardware_accelerators,5,main;4.20;4.21;4.22;5.0,yes
modules/amd-installing-gpu-operator.adoc,hardware_accelerators/amd-gpu-operator.adoc,hardware_accelerators,5,main;4.20;4.21;4.22;5.0,yes
modules/amd-testing-the-amd-gpu-operator.adoc,hardware_accelerators/amd-gpu-operator.adoc,hardware_accelerators,5,main;4.20;4.21;4.22;5.0,yes
modules/gaudi-ai-accelerator-prerequisites.adoc,hardware_accelerators/gaudi-ai-accelerator.adoc,hardware_accelerators,5,main;4.20;4.21;4.22;5.0,yes
modules/nvidia-gpu-bare-metal.adoc,hardware_accelerators/nvidia-gpu-architecture.adoc,hardware_accelerators,5,main;4.20;4.21;4.22;5.0,yes
modules/nvidia-gpu-csps.adoc,hardware_accelerators/nvidia-gpu-architecture.adoc,hardware_accelerators,5,main;4.20;4.21;4.22;5.0,yes
modules/nvidia-gpu-cuda-mps.adoc,hardware_accelerators/nvidia-gpu-architecture.adoc,hardware_accelerators,5,main;4.20;4.21;4.22;5.0,yes
modules/nvidia-gpu-cuda-streams.adoc,hardware_accelerators/nvidia-gpu-architecture.adoc,hardware_accelerators,5,main;4.20;4.21;4.22;5.0,yes
modules/nvidia-gpu-enablement.adoc,hardware_accelerators/nvidia-gpu-architecture.adoc,hardware_accelerators,5,main;4.20;4.21;4.22;5.0,yes
modules/nvidia-gpu-features.adoc,hardware_accelerators/nvidia-gpu-architecture.adoc,hardware_accelerators,5,main;4.20;4.21;4.22;5.0,yes
modules/nvidia-gpu-kvm.adoc,hardware_accelerators/nvidia-gpu-architecture.adoc,hardware_accelerators,5,main;4.20;4.21;4.22;5.0,yes
modules/nvidia-gpu-mig-gpu.adoc,hardware_accelerators/nvidia-gpu-architecture.adoc,hardware_accelerators,5,main;4.20;4.21;4.22;5.0,yes
modules/nvidia-gpu-prerequisites.adoc,hardware_accelerators/nvidia-gpu-architecture.adoc,hardware_accelerators,5,main;4.20;4.21;4.22;5.0,yes
modules/nvidia-gpu-red-hat-device-edge.adoc,hardware_accelerators/nvidia-gpu-architecture.adoc,hardware_accelerators,5,main;4.20;4.21;4.22;5.0,yes
modules/nvidia-gpu-sharing-methods.adoc,hardware_accelerators/nvidia-gpu-architecture.adoc,hardware_accelerators,5,main;4.20;4.21;4.22;5.0,yes
modules/nvidia-gpu-time-slicing.adoc,hardware_accelerators/nvidia-gpu-architecture.adoc,hardware_accelerators,5,main;4.20;4.21;4.22;5.0,yes
modules/nvidia-gpu-virtualization-with-gpu.adoc,hardware_accelerators/nvidia-gpu-architecture.adoc,hardware_accelerators,5,main;4.20;4.21;4.22;5.0,yes
modules/nvidia-gpu-virtualization.adoc,hardware_accelerators/nvidia-gpu-architecture.adoc,hardware_accelerators,5,main;4.20;4.21;4.22;5.0,yes
modules/nvidia-gpu-vsphere.adoc,hardware_accelerators/nvidia-gpu-architecture.adoc,hardware_accelerators,5,main;4.20;4.21;4.22;5.0,yes
modules/rdma-configuring-the-gpu-operator.adoc,hardware_accelerators/rdma-remote-direct-memory-access.adoc,hardware_accelerators,5,main;4.20;4.21;4.22;5.0,yes
modules/rdma-configuring-the-nfd-operator.adoc,hardware_accelerators/rdma-remote-direct-memory-access.adoc,hardware_accelerators,5,main;4.20;4.21;4.22;5.0,yes
modules/rdma-configuring-the-nvidia-network-operator.adoc,hardware_accelerators/rdma-remote-direct-memory-access.adoc,hardware_accelerators,5,main;4.20;4.21;4.22;5.0,yes
modules/rdma-configuring-the-sriov-operator.adoc,hardware_accelerators/rdma-remote-direct-memory-access.adoc,hardware_accelerators,5,main;4.20;4.21;4.22;5.0,yes
modules/rdma-creating-host-device-rdma-roce.adoc,hardware_accelerators/rdma-remote-direct-memory-access.adoc,hardware_accelerators,5,main;4.20;4.21;4.22;5.0,yes
modules/rdma-creating-persistent-naming-rules.adoc,hardware_accelerators/rdma-remote-direct-memory-access.adoc,hardware_accelerators,5,main;4.20;4.21;4.22;5.0,yes
modules/rdma-creating-shared-device-rdma-ib.adoc,hardware_accelerators/rdma-remote-direct-memory-access.adoc,hardware_accelerators,5,main;4.20;4.21;4.22;5.0,yes
modules/rdma-creating-shared-device-rdma-roce.adoc,hardware_accelerators/rdma-remote-direct-memory-access.adoc,hardware_accelerators,5,main;4.20;4.21;4.22;5.0,yes
modules/rdma-creating-sriov-legacy-mode-rdma-roce.adoc,hardware_accelerators/rdma-remote-direct-memory-access.adoc,hardware_accelerators,5,main;4.20;4.21;4.22;5.0,yes
modules/rdma-creating-the-machine-configuration.adoc,hardware_accelerators/rdma-remote-direct-memory-access.adoc,hardware_accelerators,5,main;4.20;4.21;4.22;5.0,yes
modules/rdma-creating-workload-pods.adoc,hardware_accelerators/rdma-remote-direct-memory-access.adoc,hardware_accelerators,5,main;4.20;4.21;4.22;5.0,yes
modules/rdma-disabling-irdma-kernel-module.adoc,hardware_accelerators/rdma-remote-direct-memory-access.adoc,hardware_accelerators,5,main;4.20;4.21;4.22;5.0,yes
modules/rdma-prerequisites.adoc,hardware_accelerators/rdma-remote-direct-memory-access.adoc,hardware_accelerators,5,main;4.20;4.21;4.22;5.0,yes
modules/rdma-verifying-rdma-connectivity.adoc,hardware_accelerators/rdma-remote-direct-memory-access.adoc,hardware_accelerators,5,main;4.20;4.21;4.22;5.0,yes
modules/kmm-adding-the-keys-for-secureboot.adoc,hardware_enablement/kmm-kernel-module-management.adoc,hardware_enablement,5,main;4.20;4.21;4.22;5.0,yes
modules/kmm-building-and-signing-a-kmod-image.adoc,hardware_enablement/kmm-kernel-module-management.adoc,hardware_enablement,5,main;4.20;4.21;4.22;5.0,yes
modules/kmm-checking-the-keys.adoc,hardware_enablement/kmm-kernel-module-management.adoc,hardware_enablement,5,main;4.20;4.21;4.22;5.0,yes
modules/kmm-day0-day2-installation.adoc,hardware_enablement/kmm-kernel-module-management.adoc,hardware_enablement,5,main;4.20;4.21;4.22;5.0,yes
modules/kmm-day0-day2-lifecycle-management.adoc,hardware_enablement/kmm-kernel-module-management.adoc,hardware_enablement,5,main;4.20;4.21;4.22;5.0,yes
modules/kmm-day1-in-tree-module-replacement.adoc,hardware_enablement/kmm-kernel-module-management.adoc,hardware_enablement,5,main;4.20;4.21;4.22;5.0,yes
modules/kmm-day1-kernel-module-image.adoc,hardware_enablement/kmm-kernel-module-management.adoc,hardware_enablement,5,main;4.20;4.21;4.22;5.0,yes
modules/kmm-day1-kernel-module-loading.adoc,hardware_enablement/kmm-kernel-module-management.adoc,hardware_enablement,5,main;4.20;4.21;4.22;5.0,yes
modules/kmm-day1-machineconfigpool.adoc,hardware_enablement/kmm-kernel-module-management.adoc,hardware_enablement,5,main;4.20;4.21;4.22;5.0,yes
modules/kmm-day1-mco-yaml-creation.adoc,hardware_enablement/kmm-kernel-module-management.adoc,hardware_enablement,5,main;4.20;4.21;4.22;5.0,yes
modules/kmm-day1-oot-kernel-module-loading-flow.adoc,hardware_enablement/kmm-kernel-module-management.adoc,hardware_enablement,5,main;4.20;4.21;4.22;5.0,yes
modules/kmm-day1-supported-use-cases.adoc,hardware_enablement/kmm-kernel-module-management.adoc,hardware_enablement,5,main;4.20;4.21;4.22;5.0,yes
modules/kmm-gathering-data-for-kmm-hub.adoc,hardware_enablement/kmm-kernel-module-management.adoc,hardware_enablement,5,main;4.20;4.21;4.22;5.0,yes
modules/kmm-gathering-data-for-kmm.adoc,hardware_enablement/kmm-kernel-module-management.adoc,hardware_enablement,5,main;4.20;4.21;4.22;5.0,yes
modules/kmm-hub-installing-kmm-hub-creating-resources.adoc,hardware_enablement/kmm-kernel-module-management.adoc,hardware_enablement,5,main;4.20;4.21;4.22;5.0,yes
modules/kmm-hub-installing-kmm-hub-olm.adoc,hardware_enablement/kmm-kernel-module-management.adoc,hardware_enablement,5,main;4.20;4.21;4.22;5.0,yes
modules/kmm-hub-installing-kmm-hub.adoc,hardware_enablement/kmm-kernel-module-management.adoc,hardware_enablement,5,main;4.20;4.21;4.22;5.0,yes
modules/kmm-hub-kmm-hub.adoc,hardware_enablement/kmm-kernel-module-management.adoc,hardware_enablement,5,main;4.20;4.21;4.22;5.0,yes
modules/kmm-hub-running-kmm-on-the-spoke.adoc,hardware_enablement/kmm-kernel-module-management.adoc,hardware_enablement,5,main;4.20;4.21;4.22;5.0,yes
modules/kmm-hub-using-the-managedclustermodule.adoc,hardware_enablement/kmm-kernel-module-management.adoc,hardware_enablement,5,main;4.20;4.21;4.22;5.0,yes
modules/kmm-layering-background.adoc,hardware_enablement/kmm-kernel-module-management.adoc,hardware_enablement,5,main;4.20;4.21;4.22;5.0,yes
modules/kmm-managing-day1-kmod-images.adoc,hardware_enablement/kmm-kernel-module-management.adoc,hardware_enablement,5,main;4.20;4.21;4.22;5.0,yes
modules/kmm-must-gather-tool.adoc,hardware_enablement/kmm-kernel-module-management.adoc,hardware_enablement,5,main;4.20;4.21;4.22;5.0,yes
modules/kmm-observing-events.adoc,hardware_enablement/kmm-kernel-module-management.adoc,hardware_enablement,5,main;4.20;4.21;4.22;5.0,yes
modules/kmm-reading-operator-logs.adoc,hardware_enablement/kmm-kernel-module-management.adoc,hardware_enablement,5,main;4.20;4.21;4.22;5.0,yes
modules/kmm-security.adoc,hardware_enablement/kmm-kernel-module-management.adoc,hardware_enablement,5,main;4.20;4.21;4.22;5.0,yes
modules/kmm-signing-kmods-in-a-prebuilt-image.adoc,hardware_enablement/kmm-kernel-module-management.adoc,hardware_enablement,5,main;4.20;4.21;4.22;5.0,yes
modules/kmm-using-signing-with-kmm.adoc,hardware_enablement/kmm-kernel-module-management.adoc,hardware_enablement,5,main;4.20;4.21;4.22;5.0,yes
modules/installing-a-cluster-with-multiarch-support.adoc,installing/installing_aws/ipi/installing-aws-multiarch-support.adoc,installing,5,main;4.20;4.21;4.22;5.0,yes
modules/installing-a-cluster-with-multiarch-support.adoc,installing/installing_aws/upi/installing-aws-multiarch-support-upi.adoc,installing,5,main;4.20;4.21;4.22;5.0,yes
modules/installing-a-cluster-with-multiarch-support.adoc,installing/installing_gcp/installing-gcp-multiarch-support.adoc,installing,5,main;4.20;4.21;4.22;5.0,yes
modules/installation-custom-ibm-cloud-vpc.adoc,installing/installing_ibm_cloud/installing-ibm-cloud-private.adoc,installing,5,main;4.20;4.21;4.22;5.0,yes
modules/private-clusters-about-ibm-cloud.adoc,installing/installing_ibm_cloud/installing-ibm-cloud-private.adoc,installing,5,main;4.20;4.21;4.22;5.0,yes
modules/installation-custom-ibm-cloud-vpc.adoc,installing/installing_ibm_cloud/installing-ibm-cloud-restricted.adoc,installing,5,main;4.20;4.21;4.22;5.0,yes
modules/installation-ibm-cloud-configure-vpc-for-endpoint-gateways.adoc,installing/installing_ibm_cloud/installing-ibm-cloud-restricted.adoc,installing,5,main;4.20;4.21;4.22;5.0,yes
modules/installation-ibm-cloud-download-rhcos.adoc,installing/installing_ibm_cloud/installing-ibm-cloud-restricted.adoc,installing,5,main;4.20;4.21;4.22;5.0,yes
modules/prereqs-ibm-cloud-restricted.adoc,installing/installing_ibm_cloud/installing-ibm-cloud-restricted.adoc,installing,5,main;4.20;4.21;4.22;5.0,yes
modules/installation-custom-ibm-cloud-vpc.adoc,installing/installing_ibm_cloud/installing-ibm-cloud-vpc.adoc,installing,5,main;4.20;4.21;4.22;5.0,yes
modules/prereqs-ibm-power-upi-disconnected.adoc,installing/installing_ibm_power/installing-restricted-networks-ibm-power.adoc,installing,5,main;4.20;4.21;4.22;5.0,yes
modules/installation-custom-ibm-power-vs.adoc,installing/installing_ibm_powervs/installing-ibm-power-vs-private-cluster.adoc,installing,5,main;4.20;4.21;4.22;5.0,yes
modules/private-clusters-about-ibm-power-vs.adoc,installing/installing_ibm_powervs/installing-ibm-power-vs-private-cluster.adoc,installing,5,main;4.20;4.21;4.22;5.0,yes
modules/installation-custom-ibm-power-vs.adoc,installing/installing_ibm_powervs/installing-ibm-powervs-vpc.adoc,installing,5,main;4.20;4.21;4.22;5.0,yes
modules/installation-custom-ibm-power-vs.adoc,installing/installing_ibm_powervs/installing-restricted-networks-ibm-power-vs.adoc,installing,5,main;4.20;4.21;4.22;5.0,yes
modules/prereqs-ibm-power-vs-disconnected.adoc,installing/installing_ibm_powervs/installing-restricted-networks-ibm-power-vs.adoc,installing,5,main;4.20;4.21;4.22;5.0,yes
modules/prereqs-ibm-z-kvm-upi-disconnected.adoc,installing/installing_ibm_z/upi/installing-restricted-networks-ibm-z-kvm.adoc,installing,5,main;4.20;4.21;4.22;5.0,yes
modules/prereqs-ibm-z-upi-disconnected.adoc,installing/installing_ibm_z/upi/installing-restricted-networks-ibm-z-lpar.adoc,installing,5,main;4.20;4.21;4.22;5.0,yes
modules/prereqs-ibm-z-upi-disconnected.adoc,installing/installing_ibm_z/upi/installing-restricted-networks-ibm-z.adoc,installing,5,main;4.20;4.21;4.22;5.0,yes
modules/installation-manual-recovering-when-auto-recovery-is-unavail.adoc,installing/installing_two_node_cluster/installing_tnf/install-post-tnf.adoc,installing,5,main;4.20;4.21;4.22;5.0,yes
modules/installation-replacing-control-plane-nodes.adoc,installing/installing_two_node_cluster/installing_tnf/install-post-tnf.adoc,installing,5,main;4.20;4.21;4.22;5.0,yes
modules/installation-verifying-etcd-health.adoc,installing/installing_two_node_cluster/installing_tnf/install-post-tnf.adoc,installing,5,main;4.20;4.21;4.22;5.0,yes
modules/build-config-capability.adoc,installing/overview/cluster-capabilities.adoc,installing,5,main;4.20;4.21;4.22;5.0,yes
modules/cloud-credential-operator.adoc,installing/overview/cluster-capabilities.adoc,installing,5,main;4.20;4.21;4.22;5.0,yes
modules/cluster-bare-metal-operator.adoc,installing/overview/cluster-capabilities.adoc,installing,5,main;4.20;4.21;4.22;5.0,yes
modules/cluster-cloud-controller-manager-operator.adoc,installing/overview/cluster-capabilities.adoc,installing,5,main;4.20;4.21;4.22;5.0,yes
modules/cluster-csi-snapshot-controller-operator.adoc,installing/overview/cluster-capabilities.adoc,installing,5,main;4.20;4.21;4.22;5.0,yes
modules/cluster-image-registry-operator.adoc,installing/overview/cluster-capabilities.adoc,installing,5,main;4.20;4.21;4.22;5.0,yes
modules/cluster-samples-operator.adoc,installing/overview/cluster-capabilities.adoc,installing,5,main;4.20;4.21;4.22;5.0,yes
modules/cluster-storage-operator.adoc,installing/overview/cluster-capabilities.adoc,installing,5,main;4.20;4.21;4.22;5.0,yes
modules/console-operator.adoc,installing/overview/cluster-capabilities.adoc,installing,5,main;4.20;4.21;4.22;5.0,yes
modules/deployment-config-capability.adoc,installing/overview/cluster-capabilities.adoc,installing,5,main;4.20;4.21;4.22;5.0,yes
modules/ingress-operator.adoc,installing/overview/cluster-capabilities.adoc,installing,5,main;4.20;4.21;4.22;5.0,yes
modules/insights-operator.adoc,installing/overview/cluster-capabilities.adoc,installing,5,main;4.20;4.21;4.22;5.0,yes
modules/machine-api-capability.adoc,installing/overview/cluster-capabilities.adoc,installing,5,main;4.20;4.21;4.22;5.0,yes
modules/olm-overview.adoc,installing/overview/cluster-capabilities.adoc,installing,5,main;4.20;4.21;4.22;5.0,yes
modules/olmv1-clusteroperator.adoc,installing/overview/cluster-capabilities.adoc,installing,5,main;4.20;4.21;4.22;5.0,yes
modules/operator-marketplace.adoc,installing/overview/cluster-capabilities.adoc,installing,5,main;4.20;4.21;4.22;5.0,yes
modules/installation-openshift-local.adoc,installing/overview/index.adoc,installing,5,main;4.20;4.21;4.22;5.0,yes
modules/installation-overview-scope-reference.adoc,installing/overview/index.adoc,installing,5,main;4.20;4.21;4.22;5.0,yes
modules/ipi-verifying-nodes-after-installation.adoc,installing/overview/index.adoc,installing,5,main;4.20;4.21;4.22;5.0,yes
modules/installing-preparing-cluster-for-users-reference.adoc,installing/overview/installing-preparing.adoc,installing,5,main;4.20;4.21;4.22;5.0,yes
modules/installing-preparing-cluster-for-workloads-reference.adoc,installing/overview/installing-preparing.adoc,installing,5,main;4.20;4.21;4.22;5.0,yes
modules/coreos-layering-configuring-on-extensions.adoc,machine_configuration/mco-coreos-layering.adoc,machine_configuration,5,main;4.20;4.21;4.22;5.0,yes
modules/capi-arch-operator.adoc,machine_management/cluster_api_machine_management/cluster-api-about.adoc,machine_management,5,main;4.20;4.21;4.22;5.0,yes
modules/capi-arch-resources.adoc,machine_management/cluster_api_machine_management/cluster-api-about.adoc,machine_management,5,main;4.20;4.21;4.22;5.0,yes
modules/capi-to-mapi-migration-overview.adoc,machine_management/cluster_api_machine_management/cluster-api-disabling.adoc,machine_management,5,main;4.20;4.21;4.22;5.0,yes
modules/deploying-capi-machines-via-mapi-machine-sets.adoc,machine_management/cluster_api_machine_management/cluster-api-getting-started.adoc,machine_management,5,main;4.20;4.21;4.22;5.0,yes
modules/capi-modifying-machine-template.adoc,machine_management/cluster_api_machine_management/cluster-api-managing-machines.adoc,machine_management,5,main;4.20;4.21;4.22;5.0,yes
modules/ts-capi-cli-reference-intended-objects.adoc,machine_management/cluster_api_machine_management/cluster-api-troubleshooting.adoc,machine_management,5,main;4.20;4.21;4.22;5.0,yes
modules/ts-capi-migrate-sync-label-annotation.adoc,machine_management/cluster_api_machine_management/cluster-api-troubleshooting.adoc,machine_management,5,main;4.20;4.21;4.22;5.0,yes
modules/ts-capi-migrate-unexpected-behavior.adoc,machine_management/cluster_api_machine_management/cluster-api-troubleshooting.adoc,machine_management,5,main;4.20;4.21;4.22;5.0,yes
modules/ts-capi-migrate-unexpected-deletion-behavior.adoc,machine_management/cluster_api_machine_management/cluster-api-troubleshooting.adoc,machine_management,5,main;4.20;4.21;4.22;5.0,yes
modules/ts-capi-migrate-unsupported-features.adoc,machine_management/cluster_api_machine_management/cluster-api-troubleshooting.adoc,machine_management,5,main;4.20;4.21;4.22;5.0,yes
modules/ts-capi-sync-list-duplicate-resources.adoc,machine_management/cluster_api_machine_management/cluster-api-troubleshooting.adoc,machine_management,5,main;4.20;4.21;4.22;5.0,yes
modules/capi-yaml-machine-set-aws.adoc,machine_management/cluster_api_machine_management/cluster_api_provider_configurations/cluster-api-config-options-aws.adoc,machine_management,5,main;4.20;4.21;4.22;5.0,yes
modules/capi-yaml-machine-template-aws.adoc,machine_management/cluster_api_machine_management/cluster_api_provider_configurations/cluster-api-config-options-aws.adoc,machine_management,5,main;4.20;4.21;4.22;5.0,yes
modules/machine-feature-agnostic-options-label-gpu-autoscaler.adoc,machine_management/cluster_api_machine_management/cluster_api_provider_configurations/cluster-api-config-options-aws.adoc,machine_management,5,main;4.20;4.21;4.22;5.0,yes
modules/machine-feature-aws-dedicated-instances.adoc,machine_management/cluster_api_machine_management/cluster_api_provider_configurations/cluster-api-config-options-aws.adoc,machine_management,5,main;4.20;4.21;4.22;5.0,yes
modules/machine-feature-aws-existing-placement-group.adoc,machine_management/cluster_api_machine_management/cluster_api_provider_configurations/cluster-api-config-options-aws.adoc,machine_management,5,main;4.20;4.21;4.22;5.0,yes
modules/machine-feature-aws-imds-options.adoc,machine_management/cluster_api_machine_management/cluster_api_provider_configurations/cluster-api-config-options-aws.adoc,machine_management,5,main;4.20;4.21;4.22;5.0,yes
modules/capi-yaml-machine-set-azure.adoc,machine_management/cluster_api_machine_management/cluster_api_provider_configurations/cluster-api-config-options-azure.adoc,machine_management,5,main;4.20;4.21;4.22;5.0,yes
modules/capi-yaml-machine-template-azure.adoc,machine_management/cluster_api_machine_management/cluster_api_provider_configurations/cluster-api-config-options-azure.adoc,machine_management,5,main;4.20;4.21;4.22;5.0,yes
modules/capi-yaml-machine-set-bare-metal.adoc,machine_management/cluster_api_machine_management/cluster_api_provider_configurations/cluster-api-config-options-bare-metal.adoc,machine_management,5,main;4.20;4.21;4.22;5.0,yes
modules/capi-yaml-machine-template-bare-metal.adoc,machine_management/cluster_api_machine_management/cluster_api_provider_configurations/cluster-api-config-options-bare-metal.adoc,machine_management,5,main;4.20;4.21;4.22;5.0,yes
modules/machine-feature-agnostic-options-label-gpu-autoscaler.adoc,machine_management/cluster_api_machine_management/cluster_api_provider_configurations/cluster-api-config-options-bare-metal.adoc,machine_management,5,main;4.20;4.21;4.22;5.0,yes
modules/capi-yaml-machine-set-gcp.adoc,machine_management/cluster_api_machine_management/cluster_api_provider_configurations/cluster-api-config-options-gcp.adoc,machine_management,5,main;4.20;4.21;4.22;5.0,yes
modules/capi-yaml-machine-template-gcp.adoc,machine_management/cluster_api_machine_management/cluster_api_provider_configurations/cluster-api-config-options-gcp.adoc,machine_management,5,main;4.20;4.21;4.22;5.0,yes
modules/capi-yaml-machine-set-rhosp.adoc,machine_management/cluster_api_machine_management/cluster_api_provider_configurations/cluster-api-config-options-rhosp.adoc,machine_management,5,main;4.20;4.21;4.22;5.0,yes
modules/capi-yaml-machine-template-rhosp.adoc,machine_management/cluster_api_machine_management/cluster_api_provider_configurations/cluster-api-config-options-rhosp.adoc,machine_management,5,main;4.20;4.21;4.22;5.0,yes
modules/capi-yaml-machine-set-vsphere.adoc,machine_management/cluster_api_machine_management/cluster_api_provider_configurations/cluster-api-config-options-vsphere.adoc,machine_management,5,main;4.20;4.21;4.22;5.0,yes
modules/capi-yaml-machine-template-vsphere.adoc,machine_management/cluster_api_machine_management/cluster_api_provider_configurations/cluster-api-config-options-vsphere.adoc,machine_management,5,main;4.20;4.21;4.22;5.0,yes
modules/cpmso-limitations.adoc,machine_management/control_plane_machine_management/cpmso-about.adoc,machine_management,5,main;4.20;4.21;4.22;5.0,yes
modules/cpmso-overview.adoc,machine_management/control_plane_machine_management/cpmso-about.adoc,machine_management,5,main;4.20;4.21;4.22;5.0,yes
modules/cpmso-checking-status.adoc,machine_management/control_plane_machine_management/cpmso-disabling.adoc,machine_management,5,main;4.20;4.21;4.22;5.0,yes
modules/cpmso-deleting.adoc,machine_management/control_plane_machine_management/cpmso-disabling.adoc,machine_management,5,main;4.20;4.21;4.22;5.0,yes
modules/cpmso-reenabling.adoc,machine_management/control_plane_machine_management/cpmso-disabling.adoc,machine_management,5,main;4.20;4.21;4.22;5.0,yes
modules/cpmso-activating.adoc,machine_management/control_plane_machine_management/cpmso-getting-started.adoc,machine_management,5,main;4.20;4.21;4.22;5.0,yes
modules/cpmso-checking-status.adoc,machine_management/control_plane_machine_management/cpmso-getting-started.adoc,machine_management,5,main;4.20;4.21;4.22;5.0,yes
modules/cpmso-creating-cr.adoc,machine_management/control_plane_machine_management/cpmso-getting-started.adoc,machine_management,5,main;4.20;4.21;4.22;5.0,yes
modules/cpmso-failure-domains-balancing.adoc,machine_management/control_plane_machine_management/cpmso-resiliency.adoc,machine_management,5,main;4.20;4.21;4.22;5.0,yes
modules/cpmso-failure-domains-provider.adoc,machine_management/control_plane_machine_management/cpmso-resiliency.adoc,machine_management,5,main;4.20;4.21;4.22;5.0,yes
modules/machine-lifecycle-hook-deletion-etcd.adoc,machine_management/control_plane_machine_management/cpmso-resiliency.adoc,machine_management,5,main;4.20;4.21;4.22;5.0,yes
modules/cpmso-checking-status.adoc,machine_management/control_plane_machine_management/cpmso-troubleshooting.adoc,machine_management,5,main;4.20;4.21;4.22;5.0,yes
modules/cpmso-openstack-ts-root-volume-azs.adoc,machine_management/control_plane_machine_management/cpmso-troubleshooting.adoc,machine_management,5,main;4.20;4.21;4.22;5.0,yes
modules/cpmso-openstack-with-az-config.adoc,machine_management/control_plane_machine_management/cpmso-troubleshooting.adoc,machine_management,5,main;4.20;4.21;4.22;5.0,yes
modules/cpmso-ts-ilb-missing.adoc,machine_management/control_plane_machine_management/cpmso-troubleshooting.adoc,machine_management,5,main;4.20;4.21;4.22;5.0,yes
modules/cpmso-ts-mhc-etcd-degraded.adoc,machine_management/control_plane_machine_management/cpmso-troubleshooting.adoc,machine_management,5,main;4.20;4.21;4.22;5.0,yes
modules/cpmso-ts-openstack-upgrade.adoc,machine_management/control_plane_machine_management/cpmso-troubleshooting.adoc,machine_management,5,main;4.20;4.21;4.22;5.0,yes
modules/cpmso-yaml-failure-domain-aws.adoc,machine_management/control_plane_machine_management/cpmso_provider_configurations/cpmso-config-options-aws.adoc,machine_management,5,main;4.20;4.21;4.22;5.0,yes
modules/cpmso-yaml-provider-spec-aws.adoc,machine_management/control_plane_machine_management/cpmso_provider_configurations/cpmso-config-options-aws.adoc,machine_management,5,main;4.20;4.21;4.22;5.0,yes
modules/cpmso-yaml-failure-domain-azure.adoc,machine_management/control_plane_machine_management/cpmso_provider_configurations/cpmso-config-options-azure.adoc,machine_management,5,main;4.20;4.21;4.22;5.0,yes
modules/cpmso-yaml-provider-spec-azure.adoc,machine_management/control_plane_machine_management/cpmso_provider_configurations/cpmso-config-options-azure.adoc,machine_management,5,main;4.20;4.21;4.22;5.0,yes
modules/cpmso-yaml-failure-domain-gcp.adoc,machine_management/control_plane_machine_management/cpmso_provider_configurations/cpmso-config-options-gcp.adoc,machine_management,5,main;4.20;4.21;4.22;5.0,yes
modules/cpmso-yaml-provider-spec-gcp.adoc,machine_management/control_plane_machine_management/cpmso_provider_configurations/cpmso-config-options-gcp.adoc,machine_management,5,main;4.20;4.21;4.22;5.0,yes
modules/cpmso-yaml-provider-spec-nutanix.adoc,machine_management/control_plane_machine_management/cpmso_provider_configurations/cpmso-config-options-nutanix.adoc,machine_management,5,main;4.20;4.21;4.22;5.0,yes
modules/mapi-failure-domain-nutanix.adoc,machine_management/control_plane_machine_management/cpmso_provider_configurations/cpmso-config-options-nutanix.adoc,machine_management,5,main;4.20;4.21;4.22;5.0,yes
modules/cpmso-yaml-failure-domain-openstack.adoc,machine_management/control_plane_machine_management/cpmso_provider_configurations/cpmso-config-options-openstack.adoc,machine_management,5,main;4.20;4.21;4.22;5.0,yes
modules/cpmso-yaml-provider-spec-openstack.adoc,machine_management/control_plane_machine_management/cpmso_provider_configurations/cpmso-config-options-openstack.adoc,machine_management,5,main;4.20;4.21;4.22;5.0,yes
modules/cpmso-yaml-failure-domain-vsphere.adoc,machine_management/control_plane_machine_management/cpmso_provider_configurations/cpmso-config-options-vsphere.adoc,machine_management,5,main;4.20;4.21;4.22;5.0,yes
modules/cpmso-yaml-provider-spec-vsphere.adoc,machine_management/control_plane_machine_management/cpmso_provider_configurations/cpmso-config-options-vsphere.adoc,machine_management,5,main;4.20;4.21;4.22;5.0,yes
modules/machineset-aws-existing-placement-group.adoc,machine_management/control_plane_machine_management/cpmso_provider_configurations/cpmso-supported-features-aws.adoc,machine_management,5,main;4.20;4.21;4.22;5.0,yes
modules/machineset-creating-dedicated-instances.adoc,machine_management/control_plane_machine_management/cpmso_provider_configurations/cpmso-supported-features-aws.adoc,machine_management,5,main;4.20;4.21;4.22;5.0,yes
modules/machineset-creating-imds-options.adoc,machine_management/control_plane_machine_management/cpmso_provider_configurations/cpmso-supported-features-aws.adoc,machine_management,5,main;4.20;4.21;4.22;5.0,yes
modules/machineset-azure-accelerated-networking.adoc,machine_management/control_plane_machine_management/cpmso_provider_configurations/cpmso-supported-features-azure.adoc,machine_management,5,main;4.20;4.21;4.22;5.0,yes
modules/machineset-azure-boot-diagnostics.adoc,machine_management/control_plane_machine_management/cpmso_provider_configurations/cpmso-supported-features-azure.adoc,machine_management,5,main;4.20;4.21;4.22;5.0,yes
modules/machineset-azure-enabling-accelerated-networking-existing.adoc,machine_management/control_plane_machine_management/cpmso_provider_configurations/cpmso-supported-features-azure.adoc,machine_management,5,main;4.20;4.21;4.22;5.0,yes
modules/machineset-azure-trusted-launch.adoc,machine_management/control_plane_machine_management/cpmso_provider_configurations/cpmso-supported-features-azure.adoc,machine_management,5,main;4.20;4.21;4.22;5.0,yes
modules/machineset-gcp-pd-disk-types.adoc,machine_management/control_plane_machine_management/cpmso_provider_configurations/cpmso-supported-features-gcp.adoc,machine_management,5,main;4.20;4.21;4.22;5.0,yes
modules/machineset-gcp-shielded-vms.adoc,machine_management/control_plane_machine_management/cpmso_provider_configurations/cpmso-supported-features-gcp.adoc,machine_management,5,main;4.20;4.21;4.22;5.0,yes
modules/cpms-changing-openstack-flavor-type.adoc,machine_management/control_plane_machine_management/cpmso_provider_configurations/cpmso-supported-features-openstack.adoc,machine_management,5,main;4.20;4.21;4.22;5.0,yes
modules/machine-api-vmw-add-tags.adoc,machine_management/control_plane_machine_management/cpmso_provider_configurations/cpmso-supported-features-vsphere.adoc,machine_management,5,main;4.20;4.21;4.22;5.0,yes
modules/machineset-vsphere-data-disks.adoc,machine_management/control_plane_machine_management/cpmso_provider_configurations/cpmso-supported-features-vsphere.adoc,machine_management,5,main;4.20;4.21;4.22;5.0,yes
modules/machineset-aws-existing-placement-group.adoc,machine_management/creating_machinesets/creating-machineset-aws.adoc,machine_management,5,main;4.20;4.21;4.22;5.0,yes
modules/machineset-creating-dedicated-instances.adoc,machine_management/creating_machinesets/creating-machineset-aws.adoc,machine_management,5,main;4.20;4.21;4.22;5.0,yes
modules/machineset-creating-imds-options.adoc,machine_management/creating_machinesets/creating-machineset-aws.adoc,machine_management,5,main;4.20;4.21;4.22;5.0,yes
modules/machineset-azure-boot-diagnostics.adoc,machine_management/creating_machinesets/creating-machineset-azure-stack-hub.adoc,machine_management,5,main;4.20;4.21;4.22;5.0,yes
modules/machineset-azure-accelerated-networking.adoc,machine_management/creating_machinesets/creating-machineset-azure.adoc,machine_management,5,main;4.20;4.21;4.22;5.0,yes
modules/machineset-azure-boot-diagnostics.adoc,machine_management/creating_machinesets/creating-machineset-azure.adoc,machine_management,5,main;4.20;4.21;4.22;5.0,yes
modules/machineset-azure-enabling-accelerated-networking-existing.adoc,machine_management/creating_machinesets/creating-machineset-azure.adoc,machine_management,5,main;4.20;4.21;4.22;5.0,yes
modules/machineset-azure-ephemeral-os.adoc,machine_management/creating_machinesets/creating-machineset-azure.adoc,machine_management,5,main;4.20;4.21;4.22;5.0,yes
modules/machineset-azure-trusted-launch.adoc,machine_management/creating_machinesets/creating-machineset-azure.adoc,machine_management,5,main;4.20;4.21;4.22;5.0,yes
modules/machineset-creating-azure-ephemeral-os.adoc,machine_management/creating_machinesets/creating-machineset-azure.adoc,machine_management,5,main;4.20;4.21;4.22;5.0,yes
modules/machineset-gcp-pd-disk-types.adoc,machine_management/creating_machinesets/creating-machineset-gcp.adoc,machine_management,5,main;4.20;4.21;4.22;5.0,yes
modules/machineset-gcp-shielded-vms.adoc,machine_management/creating_machinesets/creating-machineset-gcp.adoc,machine_management,5,main;4.20;4.21;4.22;5.0,yes
modules/mapi-failure-domain-nutanix.adoc,machine_management/creating_machinesets/creating-machineset-nutanix.adoc,machine_management,5,main;4.20;4.21;4.22;5.0,yes
modules/machineset-yaml-osp-sr-iov-port-security.adoc,machine_management/creating_machinesets/creating-machineset-osp.adoc,machine_management,5,main;4.20;4.21;4.22;5.0,yes
modules/machineset-yaml-osp-sr-iov.adoc,machine_management/creating_machinesets/creating-machineset-osp.adoc,machine_management,5,main;4.20;4.21;4.22;5.0,yes
modules/compute-machineset-upi-reqs.adoc,machine_management/creating_machinesets/creating-machineset-vsphere.adoc,machine_management,5,main;4.20;4.21;4.22;5.0,yes
modules/machine-api-vmw-add-tags.adoc,machine_management/creating_machinesets/creating-machineset-vsphere.adoc,machine_management,5,main;4.20;4.21;4.22;5.0,yes
modules/machineset-upi-reqs-ignition-config.adoc,machine_management/creating_machinesets/creating-machineset-vsphere.adoc,machine_management,5,main;4.20;4.21;4.22;5.0,yes
modules/machineset-upi-reqs-infra-id.adoc,machine_management/creating_machinesets/creating-machineset-vsphere.adoc,machine_management,5,main;4.20;4.21;4.22;5.0,yes
modules/machineset-upi-reqs-vsphere-creds.adoc,machine_management/creating_machinesets/creating-machineset-vsphere.adoc,machine_management,5,main;4.20;4.21;4.22;5.0,yes
modules/machineset-vsphere-data-disks.adoc,machine_management/creating_machinesets/creating-machineset-vsphere.adoc,machine_management,5,main;4.20;4.21;4.22;5.0,yes
modules/machineset-vsphere-multiple-nics.adoc,machine_management/creating_machinesets/creating-machineset-vsphere.adoc,machine_management,5,main;4.20;4.21;4.22;5.0,yes
modules/machineset-vsphere-required-permissions.adoc,machine_management/creating_machinesets/creating-machineset-vsphere.adoc,machine_management,5,main;4.20;4.21;4.22;5.0,yes
modules/machine-delete.adoc,machine_management/deleting-machine.adoc,machine_management,5,main;4.20;4.21;4.22;5.0,yes
modules/machine-lifecycle-hook-deletion-etcd.adoc,machine_management/deleting-machine.adoc,machine_management,5,main;4.20;4.21;4.22;5.0,yes
modules/machine-lifecycle-hook-deletion-format.adoc,machine_management/deleting-machine.adoc,machine_management,5,main;4.20;4.21;4.22;5.0,yes
modules/machine-lifecycle-hook-deletion-uses.adoc,machine_management/deleting-machine.adoc,machine_management,5,main;4.20;4.21;4.22;5.0,yes
modules/machine-lifecycle-hook-deletion.adoc,machine_management/deleting-machine.adoc,machine_management,5,main;4.20;4.21;4.22;5.0,yes
modules/mgmt-power-remediation-baremetal-about-creating-mhc-baremetal.adoc,machine_management/deploying-machine-health-checks.adoc,machine_management,5,main;4.20;4.21;4.22;5.0,yes
modules/mgmt-power-remediation-baremetal-about-troubleshooting.adoc,machine_management/deploying-machine-health-checks.adoc,machine_management,5,main;4.20;4.21;4.22;5.0,yes
modules/machine-determine-phase-gui.adoc,machine_management/machine-phases-lifecycle.adoc,machine_management,5,main;4.20;4.21;4.22;5.0,yes
modules/migration-configuring-aws-s3.adoc,migrating_from_ocp_3_to_4/installing-3-4.adoc,migrating_from_ocp_3_to_4,5,main;4.20;4.21;4.22;5.0,yes
modules/migration-configuring-azure.adoc,migrating_from_ocp_3_to_4/installing-3-4.adoc,migrating_from_ocp_3_to_4,5,main;4.20;4.21;4.22;5.0,yes
modules/migration-configuring-gcp.adoc,migrating_from_ocp_3_to_4/installing-3-4.adoc,migrating_from_ocp_3_to_4,5,main;4.20;4.21;4.22;5.0,yes
modules/migration-configuring-mcg.adoc,migrating_from_ocp_3_to_4/installing-3-4.adoc,migrating_from_ocp_3_to_4,5,main;4.20;4.21;4.22;5.0,yes
modules/migration-configuring-mcg.adoc,migrating_from_ocp_3_to_4/installing-restricted-3-4.adoc,migrating_from_ocp_3_to_4,5,main;4.20;4.21;4.22;5.0,yes
modules/migration-isolating-dns-domain-of-target-cluster-from-clients.adoc,migrating_from_ocp_3_to_4/planning-considerations-3-4.adoc,migrating_from_ocp_3_to_4,5,main;4.20;4.21;4.22;5.0,yes
modules/migration-network-traffic-redirection-strategies.adoc,migrating_from_ocp_3_to_4/planning-considerations-3-4.adoc,migrating_from_ocp_3_to_4,5,main;4.20;4.21;4.22;5.0,yes
modules/migration-setting-up-target-cluster-to-accept-source-dns-domain.adoc,migrating_from_ocp_3_to_4/planning-considerations-3-4.adoc,migrating_from_ocp_3_to_4,5,main;4.20;4.21;4.22;5.0,yes
modules/migration-debugging-velero-resources.adoc,migrating_from_ocp_3_to_4/troubleshooting-3-4.adoc,migrating_from_ocp_3_to_4,5,main;4.20;4.21;4.22;5.0,yes
modules/migration-configuring-mcg.adoc,migration_toolkit_for_containers/installing-mtc-restricted.adoc,migration_toolkit_for_containers,5,main;4.20;4.21;4.22;5.0,yes
modules/migration-configuring-aws-s3.adoc,migration_toolkit_for_containers/installing-mtc.adoc,migration_toolkit_for_containers,5,main;4.20;4.21;4.22;5.0,yes
modules/migration-configuring-azure.adoc,migration_toolkit_for_containers/installing-mtc.adoc,migration_toolkit_for_containers,5,main;4.20;4.21;4.22;5.0,yes
modules/migration-configuring-gcp.adoc,migration_toolkit_for_containers/installing-mtc.adoc,migration_toolkit_for_containers,5,main;4.20;4.21;4.22;5.0,yes
modules/migration-configuring-mcg.adoc,migration_toolkit_for_containers/installing-mtc.adoc,migration_toolkit_for_containers,5,main;4.20;4.21;4.22;5.0,yes
modules/migration-isolating-dns-domain-of-target-cluster-from-clients.adoc,migration_toolkit_for_containers/network-considerations-mtc.adoc,migration_toolkit_for_containers,5,main;4.20;4.21;4.22;5.0,yes
modules/migration-network-traffic-redirection-strategies.adoc,migration_toolkit_for_containers/network-considerations-mtc.adoc,migration_toolkit_for_containers,5,main;4.20;4.21;4.22;5.0,yes
modules/migration-setting-up-target-cluster-to-accept-source-dns-domain.adoc,migration_toolkit_for_containers/network-considerations-mtc.adoc,migration_toolkit_for_containers,5,main;4.20;4.21;4.22;5.0,yes
modules/migration-debugging-velero-resources.adoc,migration_toolkit_for_containers/troubleshooting-mtc.adoc,migration_toolkit_for_containers,5,main;4.20;4.21;4.22;5.0,yes
modules/cnf-associating-secondary-interfaces-metrics-to-network-attachments.adoc,networking/advanced_networking/associating-secondary-interfaces-metrics-to-network-attachments.adoc,networking,5,main;4.20;4.21;4.22;5.0,yes
modules/cnf-metrics-secondary-interfaces-by-name.adoc,networking/advanced_networking/associating-secondary-interfaces-metrics-to-network-attachments.adoc,networking,5,main;4.20;4.21;4.22;5.0,yes
modules/nw-bgp-about.adoc,networking/advanced_networking/bgp_routing/about-bgp-routing.adoc,networking,5,main;4.20;4.21;4.22;5.0,yes
modules/nw-bgp-routing-disable.adoc,networking/advanced_networking/bgp_routing/disabling-bgp-routing.adoc,networking,5,main;4.20;4.21;4.22;5.0,yes
modules/nw-bgp-routing-enable.adoc,networking/advanced_networking/bgp_routing/enabling-bgp-routing.adoc,networking,5,main;4.20;4.21;4.22;5.0,yes
modules/nw-bgp-frr-k8s-migration.adoc,networking/advanced_networking/bgp_routing/migrating-frr-k8s-resources.adoc,networking,5,main;4.20;4.21;4.22;5.0,yes
modules/enable-active-backup-mode.adoc,networking/advanced_networking/network-bonding-considerations.adoc,networking,5,main;4.20;4.21;4.22;5.0,yes
modules/nw-kernel-bonding.adoc,networking/advanced_networking/network-bonding-considerations.adoc,networking,5,main;4.20;4.21;4.22;5.0,yes
modules/nw-ovs-bonding.adoc,networking/advanced_networking/network-bonding-considerations.adoc,networking,5,main;4.20;4.21;4.22;5.0,yes
modules/cnf-about-ptp-and-clock-synchronization.adoc,networking/advanced_networking/ptp/about-ptp.adoc,networking,5,main;4.20;4.21;4.22;5.0,yes
modules/nw-ptp-introduction.adoc,networking/advanced_networking/ptp/about-ptp.adoc,networking,5,main;4.20;4.21;4.22;5.0,yes
modules/ptp-dual-nics.adoc,networking/advanced_networking/ptp/about-ptp.adoc,networking,5,main;4.20;4.21;4.22;5.0,yes
modules/ptp-dual-ports-oc.adoc,networking/advanced_networking/ptp/about-ptp.adoc,networking,5,main;4.20;4.21;4.22;5.0,yes
modules/ptp-linuxptp-introduction.adoc,networking/advanced_networking/ptp/about-ptp.adoc,networking,5,main;4.20;4.21;4.22;5.0,yes
modules/ptp-overview-of-gnss-grandmaster-clock.adoc,networking/advanced_networking/ptp/about-ptp.adoc,networking,5,main;4.20;4.21;4.22;5.0,yes
modules/ptp-three-card-grandmaster.adoc,networking/advanced_networking/ptp/about-ptp.adoc,networking,5,main;4.20;4.21;4.22;5.0,yes
modules/cnf-about-collecting-ptp-data.adoc,networking/advanced_networking/ptp/configuring-ptp.adoc,networking,5,main;4.20;4.21;4.22;5.0,yes
modules/cnf-configuring-enhanced-log-filtering-for-linuxptp.adoc,networking/advanced_networking/ptp/configuring-ptp.adoc,networking,5,main;4.20;4.21;4.22;5.0,yes
modules/cnf-configuring-fifo-priority-scheduling-for-ptp.adoc,networking/advanced_networking/ptp/configuring-ptp.adoc,networking,5,main;4.20;4.21;4.22;5.0,yes
modules/cnf-configuring-log-filtering-for-linuxptp.adoc,networking/advanced_networking/ptp/configuring-ptp.adoc,networking,5,main;4.20;4.21;4.22;5.0,yes
modules/cnf-configuring-log-reduction-for-linuxptp.adoc,networking/advanced_networking/ptp/configuring-ptp.adoc,networking,5,main;4.20;4.21;4.22;5.0,yes
modules/cnf-configuring-time-synchronization-continuity.adoc,networking/advanced_networking/ptp/configuring-ptp.adoc,networking,5,main;4.20;4.21;4.22;5.0,yes
modules/cnf-getting-the-dpll-firmware-version-for-intel-800-series-nics.adoc,networking/advanced_networking/ptp/configuring-ptp.adoc,networking,5,main;4.20;4.21;4.22;5.0,yes
modules/cnf-troubleshooting-common-ptp-operator-issues.adoc,networking/advanced_networking/ptp/configuring-ptp.adoc,networking,5,main;4.20;4.21;4.22;5.0,yes
modules/nw-columbiaville-ptp-config-refererence.adoc,networking/advanced_networking/ptp/configuring-ptp.adoc,networking,5,main;4.20;4.21;4.22;5.0,yes
modules/nw-ptp-configuring-gnss-to-ntp-failover-sno.adoc,networking/advanced_networking/ptp/configuring-ptp.adoc,networking,5,main;4.20;4.21;4.22;5.0,yes
modules/nw-ptp-configuring-gnss-to-ntp-failover.adoc,networking/advanced_networking/ptp/configuring-ptp.adoc,networking,5,main;4.20;4.21;4.22;5.0,yes
modules/nw-ptp-configuring-linuxptp-services-as-boundary-clock.adoc,networking/advanced_networking/ptp/configuring-ptp.adoc,networking,5,main;4.20;4.21;4.22;5.0,yes
modules/nw-ptp-configuring-linuxptp-services-as-grandmaster-clock-dual-nic.adoc,networking/advanced_networking/ptp/configuring-ptp.adoc,networking,5,main;4.20;4.21;4.22;5.0,yes
modules/nw-ptp-configuring-linuxptp-services-as-grandmaster-clock-three-nic.adoc,networking/advanced_networking/ptp/configuring-ptp.adoc,networking,5,main;4.20;4.21;4.22;5.0,yes
modules/nw-ptp-configuring-linuxptp-services-as-grandmaster-clock.adoc,networking/advanced_networking/ptp/configuring-ptp.adoc,networking,5,main;4.20;4.21;4.22;5.0,yes
modules/nw-ptp-configuring-linuxptp-services-as-ordinary-clock.adoc,networking/advanced_networking/ptp/configuring-ptp.adoc,networking,5,main;4.20;4.21;4.22;5.0,yes
modules/nw-ptp-configuring-linuxptp-services-dual-port-oc.adoc,networking/advanced_networking/ptp/configuring-ptp.adoc,networking,5,main;4.20;4.21;4.22;5.0,yes
modules/nw-ptp-device-discovery.adoc,networking/advanced_networking/ptp/configuring-ptp.adoc,networking,5,main;4.20;4.21;4.22;5.0,yes
modules/nw-ptp-dual-wpc-hardware-config-reference.adoc,networking/advanced_networking/ptp/configuring-ptp.adoc,networking,5,main;4.20;4.21;4.22;5.0,yes
modules/nw-ptp-e810-hardware-configuration-reference.adoc,networking/advanced_networking/ptp/configuring-ptp.adoc,networking,5,main;4.20;4.21;4.22;5.0,yes
modules/nw-ptp-grandmaster-clock-class-reference.adoc,networking/advanced_networking/ptp/configuring-ptp.adoc,networking,5,main;4.20;4.21;4.22;5.0,yes
modules/nw-ptp-grandmaster-clock-configuration-reference.adoc,networking/advanced_networking/ptp/configuring-ptp.adoc,networking,5,main;4.20;4.21;4.22;5.0,yes
modules/nw-ptp-granite-rapids-boundary-clock-overview.adoc,networking/advanced_networking/ptp/configuring-ptp.adoc,networking,5,main;4.20;4.21;4.22;5.0,yes
modules/nw-ptp-holdover-in-a-grandmaster-clock.adoc,networking/advanced_networking/ptp/configuring-ptp.adoc,networking,5,main;4.20;4.21;4.22;5.0,yes
modules/nw-ptp-installing-operator-cli.adoc,networking/advanced_networking/ptp/configuring-ptp.adoc,networking,5,main;4.20;4.21;4.22;5.0,yes
modules/nw-ptp-installing-operator-web-console.adoc,networking/advanced_networking/ptp/configuring-ptp.adoc,networking,5,main;4.20;4.21;4.22;5.0,yes
modules/nw-ptp-t-bc-t-tsc-holdover.adoc,networking/advanced_networking/ptp/configuring-ptp.adoc,networking,5,main;4.20;4.21;4.22;5.0,yes
modules/nw-ptp-three-nic-hardware-config-reference.adoc,networking/advanced_networking/ptp/configuring-ptp.adoc,networking,5,main;4.20;4.21;4.22;5.0,yes
modules/ptp-configuring-dynamic-leap-seconds-handling-for-tgm.adoc,networking/advanced_networking/ptp/configuring-ptp.adoc,networking,5,main;4.20;4.21;4.22;5.0,yes
modules/ptp-configuring-linuxptp-services-as-boundary-clock-dual-nic.adoc,networking/advanced_networking/ptp/configuring-ptp.adoc,networking,5,main;4.20;4.21;4.22;5.0,yes
modules/ptp-configuring-linuxptp-services-as-boundary-clock-gnrd.adoc,networking/advanced_networking/ptp/configuring-ptp.adoc,networking,5,main;4.20;4.21;4.22;5.0,yes
modules/ptp-configuring-linuxptp-services-as-ha-bc-for-dual-nic.adoc,networking/advanced_networking/ptp/configuring-ptp.adoc,networking,5,main;4.20;4.21;4.22;5.0,yes
modules/cnf-about-ptp-events-using-ptp-event-producer-with-o-ran-api.adoc,networking/advanced_networking/ptp/ptp-cloud-events-consumer-dev-reference-v2.adoc,networking,5,main;4.20;4.21;4.22;5.0,yes
modules/cnf-about-ptp-fast-event-notifications-framework.adoc,networking/advanced_networking/ptp/ptp-cloud-events-consumer-dev-reference-v2.adoc,networking,5,main;4.20;4.21;4.22;5.0,yes
modules/cnf-configuring-the-ptp-fast-event-publisher.adoc,networking/advanced_networking/ptp/ptp-cloud-events-consumer-dev-reference-v2.adoc,networking,5,main;4.20;4.21;4.22;5.0,yes
modules/cnf-monitoring-fast-events-metrics.adoc,networking/advanced_networking/ptp/ptp-cloud-events-consumer-dev-reference-v2.adoc,networking,5,main;4.20;4.21;4.22;5.0,yes
modules/nw-ptp-operator-metrics-reference.adoc,networking/advanced_networking/ptp/ptp-cloud-events-consumer-dev-reference-v2.adoc,networking,5,main;4.20;4.21;4.22;5.0,yes
modules/ptp-events-consumer-application-v2.adoc,networking/advanced_networking/ptp/ptp-cloud-events-consumer-dev-reference-v2.adoc,networking,5,main;4.20;4.21;4.22;5.0,yes
modules/ptp-reference-deployment-and-service-crs-v2.adoc,networking/advanced_networking/ptp/ptp-cloud-events-consumer-dev-reference-v2.adoc,networking,5,main;4.20;4.21;4.22;5.0,yes
modules/ptp-subscribing-consumer-app-to-events.adoc,networking/advanced_networking/ptp/ptp-cloud-events-consumer-dev-reference-v2.adoc,networking,5,main;4.20;4.21;4.22;5.0,yes
modules/ptp-verifying-events-consumer-app-is-receiving-events-v2.adoc,networking/advanced_networking/ptp/ptp-cloud-events-consumer-dev-reference-v2.adoc,networking,5,main;4.20;4.21;4.22;5.0,yes
modules/cnf-fast-event-notifications-api-reference-v2.adoc,networking/advanced_networking/ptp/ptp-events-rest-api-reference-v2.adoc,networking,5,main;4.20;4.21;4.22;5.0,yes
modules/nw-routeadvertisements-about.adoc,networking/advanced_networking/route_advertisements/about-route-advertisements.adoc,networking,5,main;4.20;4.21;4.22;5.0,yes
modules/nw-routeadvertisements-example.adoc,networking/advanced_networking/route_advertisements/about-route-advertisements.adoc,networking,5,main;4.20;4.21;4.22;5.0,yes
modules/nw-routeadvertisements-object.adoc,networking/advanced_networking/route_advertisements/about-route-advertisements.adoc,networking,5,main;4.20;4.21;4.22;5.0,yes
modules/nw-route-advertisements-disable.adoc,networking/advanced_networking/route_advertisements/disabling-route-advertisements.adoc,networking,5,main;4.20;4.21;4.22;5.0,yes
modules/nw-route-advertisements-enable.adoc,networking/advanced_networking/route_advertisements/enabling-route-advertisements.adoc,networking,5,main;4.20;4.21;4.22;5.0,yes
modules/nw-routeadvertisements-setup.adoc,networking/advanced_networking/route_advertisements/example-route-advertisement-setup.adoc,networking,5,main;4.20;4.21;4.22;5.0,yes
modules/nw-sctp-about.adoc,networking/advanced_networking/using-sctp.adoc,networking,5,main;4.20;4.21;4.22;5.0,yes
modules/nw-sctp-enabling.adoc,networking/advanced_networking/using-sctp.adoc,networking,5,main;4.20;4.21;4.22;5.0,yes
modules/nw-sctp-verifying.adoc,networking/advanced_networking/using-sctp.adoc,networking,5,main;4.20;4.21;4.22;5.0,yes
modules/nw-pod-network-connectivity-check-object.adoc,networking/advanced_networking/verifying-connectivity-endpoint.adoc,networking,5,main;4.20;4.21;4.22;5.0,yes
modules/nw-pod-network-connectivity-verify.adoc,networking/advanced_networking/verifying-connectivity-endpoint.adoc,networking,5,main;4.20;4.21;4.22;5.0,yes
modules/adding-a-custom-CA-during-cluster-installation.adoc,networking/configuring_network_settings/configuring-a-custom-pki.adoc,networking,5,main;4.20;4.21;4.22;5.0,yes
modules/adding-a-custom-CA-to-a-running-cluster.adoc,networking/configuring_network_settings/configuring-a-custom-pki.adoc,networking,5,main;4.20;4.21;4.22;5.0,yes
modules/certificate-injection-using-operators.adoc,networking/configuring_network_settings/configuring-a-custom-pki.adoc,networking,5,main;4.20;4.21;4.22;5.0,yes
modules/verifying-the-custom-ca-configuration.adoc,networking/configuring_network_settings/configuring-a-custom-pki.adoc,networking,5,main;4.20;4.21;4.22;5.0,yes
modules/nw-proxy-configure-object.adoc,networking/configuring_network_settings/enable-cluster-wide-proxy.adoc,networking,5,main;4.20;4.21;4.22;5.0,yes
modules/nw-proxy-remove.adoc,networking/configuring_network_settings/enable-cluster-wide-proxy.adoc,networking,5,main;4.20;4.21;4.22;5.0,yes
modules/nw-verify-proxy-configuration.adoc,networking/configuring_network_settings/enable-cluster-wide-proxy.adoc,networking,5,main;4.20;4.21;4.22;5.0,yes
modules/installing-pfsr-operator-console.adoc,networking/hardware_networks/configure-lacp-for-sriov.adoc,networking,5,main;4.20;4.21;4.22;5.0,yes
modules/nw-sriov-hwol-ref-openstack-sriov-policy.adoc,networking/hardware_networks/configuring-hardware-offloading.adoc,networking,5,main;4.20;4.21;4.22;5.0,yes
modules/nw-openstack-hw-offload-testpmd-pod.adoc,networking/hardware_networks/configuring-sriov-device.adoc,networking,5,main;4.20;4.21;4.22;5.0,yes
modules/nw-openstack-sr-iov-testpmd-pod.adoc,networking/hardware_networks/configuring-sriov-device.adoc,networking,5,main;4.20;4.21;4.22;5.0,yes
modules/cnf-assigning-a-sriov-network-to-a-vrf.adoc,networking/hardware_networks/configuring-sriov-net-attach.adoc,networking,5,main;4.20;4.21;4.22;5.0,yes
modules/cnf-creating-an-additional-sriov-network-with-vrf-plug-in.adoc,networking/hardware_networks/configuring-sriov-net-attach.adoc,networking,5,main;4.20;4.21;4.22;5.0,yes
modules/nw-sriov-configure-exclude-topology-manager.adoc,networking/hardware_networks/configuring-sriov-net-attach.adoc,networking,5,main;4.20;4.21;4.22;5.0,yes
modules/proc-switching-bf2-nic.adoc,networking/hardware_networks/switching-bf2-nic-dpu.adoc,networking,5,main;4.20;4.21;4.22;5.0,yes
modules/nw-openstack-ovs-dpdk-testpmd-pod.adoc,networking/hardware_networks/using-dpdk-and-rdma.adoc,networking,5,main;4.20;4.21;4.22;5.0,yes
modules/nw-sriov-app-netutil.adoc,networking/hardware_networks/using-dpdk-and-rdma.adoc,networking,5,main;4.20;4.21;4.22;5.0,yes
modules/nw-sriov-create-object.adoc,networking/hardware_networks/using-dpdk-and-rdma.adoc,networking,5,main;4.20;4.21;4.22;5.0,yes
modules/nw-sriov-dpdk-base-workload.adoc,networking/hardware_networks/using-dpdk-and-rdma.adoc,networking,5,main;4.20;4.21;4.22;5.0,yes
modules/nw-sriov-dpdk-running-testpmd.adoc,networking/hardware_networks/using-dpdk-and-rdma.adoc,networking,5,main;4.20;4.21;4.22;5.0,yes
modules/configuration-externalip.adoc,networking/ingress_load_balancing/configuring_ingress_cluster_traffic/configuring-externalip.adoc,networking,5,main;4.20;4.21;4.22;5.0,yes
modules/example-policy-objects.adoc,networking/ingress_load_balancing/configuring_ingress_cluster_traffic/configuring-externalip.adoc,networking,5,main;4.20;4.21;4.22;5.0,yes
modules/nw-externalip-about.adoc,networking/ingress_load_balancing/configuring_ingress_cluster_traffic/configuring-externalip.adoc,networking,5,main;4.20;4.21;4.22;5.0,yes
modules/nw-externalip-configuring.adoc,networking/ingress_load_balancing/configuring_ingress_cluster_traffic/configuring-externalip.adoc,networking,5,main;4.20;4.21;4.22;5.0,yes
modules/nw-externalip-object.adoc,networking/ingress_load_balancing/configuring_ingress_cluster_traffic/configuring-externalip.adoc,networking,5,main;4.20;4.21;4.22;5.0,yes
modules/restrictions-on-ip-assignment.adoc,networking/ingress_load_balancing/configuring_ingress_cluster_traffic/configuring-externalip.adoc,networking,5,main;4.20;4.21;4.22;5.0,yes
modules/nw-patch-fields-example.adoc,networking/ingress_load_balancing/configuring_ingress_cluster_traffic/configuring-ingress-cluster-patch-fields.adoc,networking,5,main;4.20;4.21;4.22;5.0,yes
modules/nw-aws-nlb-existing-cluster.adoc,networking/ingress_load_balancing/configuring_ingress_cluster_traffic/configuring-ingress-cluster-traffic-aws.adoc,networking,5,main;4.20;4.21;4.22;5.0,yes
modules/nw-aws-replacing-clb-with-nlb.adoc,networking/ingress_load_balancing/configuring_ingress_cluster_traffic/configuring-ingress-cluster-traffic-aws.adoc,networking,5,main;4.20;4.21;4.22;5.0,yes
modules/nw-aws-switching-clb-with-nlb.adoc,networking/ingress_load_balancing/configuring_ingress_cluster_traffic/configuring-ingress-cluster-traffic-aws.adoc,networking,5,main;4.20;4.21;4.22;5.0,yes
modules/nw-aws-switching-nlb-with-clb.adoc,networking/ingress_load_balancing/configuring_ingress_cluster_traffic/configuring-ingress-cluster-traffic-aws.adoc,networking,5,main;4.20;4.21;4.22;5.0,yes
modules/nw-ingress-aws-static-eip-nlb-configuration.adoc,networking/ingress_load_balancing/configuring_ingress_cluster_traffic/configuring-ingress-cluster-traffic-aws.adoc,networking,5,main;4.20;4.21;4.22;5.0,yes
modules/nw-ingress-setting-select-subnet-loadbalancerservice.adoc,networking/ingress_load_balancing/configuring_ingress_cluster_traffic/configuring-ingress-cluster-traffic-aws.adoc,networking,5,main;4.20;4.21;4.22;5.0,yes
modules/nw-ingress-setting-update-subnet-loadbalancerservice.adoc,networking/ingress_load_balancing/configuring_ingress_cluster_traffic/configuring-ingress-cluster-traffic-aws.adoc,networking,5,main;4.20;4.21;4.22;5.0,yes
modules/nw-creating-project-and-service.adoc,networking/ingress_load_balancing/configuring_ingress_cluster_traffic/configuring-ingress-cluster-traffic-ingress-controller.adoc,networking,5,main;4.20;4.21;4.22;5.0,yes
modules/nw-exposing-service.adoc,networking/ingress_load_balancing/configuring_ingress_cluster_traffic/configuring-ingress-cluster-traffic-ingress-controller.adoc,networking,5,main;4.20;4.21;4.22;5.0,yes
modules/nw-ingress-sharding-default.adoc,networking/ingress_load_balancing/configuring_ingress_cluster_traffic/configuring-ingress-cluster-traffic-ingress-controller.adoc,networking,5,main;4.20;4.21;4.22;5.0,yes
modules/nw-ingress-sharding-dns.adoc,networking/ingress_load_balancing/configuring_ingress_cluster_traffic/configuring-ingress-cluster-traffic-ingress-controller.adoc,networking,5,main;4.20;4.21;4.22;5.0,yes
modules/nw-configuring-lb-allowed-source-ranges-migration.adoc,networking/ingress_load_balancing/configuring_ingress_cluster_traffic/configuring-ingress-cluster-traffic-load-balancer-allowed-source-ranges.adoc,networking,5,main;4.20;4.21;4.22;5.0,yes
modules/nw-configuring-lb-allowed-source-ranges.adoc,networking/ingress_load_balancing/configuring_ingress_cluster_traffic/configuring-ingress-cluster-traffic-load-balancer-allowed-source-ranges.adoc,networking,5,main;4.20;4.21;4.22;5.0,yes
modules/nw-create-load-balancer-service.adoc,networking/ingress_load_balancing/configuring_ingress_cluster_traffic/configuring-ingress-cluster-traffic-load-balancer.adoc,networking,5,main;4.20;4.21;4.22;5.0,yes
modules/nw-creating-project-and-service.adoc,networking/ingress_load_balancing/configuring_ingress_cluster_traffic/configuring-ingress-cluster-traffic-load-balancer.adoc,networking,5,main;4.20;4.21;4.22;5.0,yes
modules/nw-exposing-service.adoc,networking/ingress_load_balancing/configuring_ingress_cluster_traffic/configuring-ingress-cluster-traffic-load-balancer.adoc,networking,5,main;4.20;4.21;4.22;5.0,yes
modules/nw-using-load-balancer-getting-traffic.adoc,networking/ingress_load_balancing/configuring_ingress_cluster_traffic/configuring-ingress-cluster-traffic-load-balancer.adoc,networking,5,main;4.20;4.21;4.22;5.0,yes
modules/nw-creating-project-and-service.adoc,networking/ingress_load_balancing/configuring_ingress_cluster_traffic/configuring-ingress-cluster-traffic-nodeport.adoc,networking,5,main;4.20;4.21;4.22;5.0,yes
modules/nw-exposing-service.adoc,networking/ingress_load_balancing/configuring_ingress_cluster_traffic/configuring-ingress-cluster-traffic-nodeport.adoc,networking,5,main;4.20;4.21;4.22;5.0,yes
modules/nw-using-nodeport.adoc,networking/ingress_load_balancing/configuring_ingress_cluster_traffic/configuring-ingress-cluster-traffic-nodeport.adoc,networking,5,main;4.20;4.21;4.22;5.0,yes
modules/nw-service-externalip-create.adoc,networking/ingress_load_balancing/configuring_ingress_cluster_traffic/configuring-ingress-cluster-traffic-service-external-ip.adoc,networking,5,main;4.20;4.21;4.22;5.0,yes
modules/creating-a-custom-ingress-controller.adoc,networking/ingress_load_balancing/configuring_ingress_cluster_traffic/ingress-controller-dnsmgt.adoc,networking,5,main;4.20;4.21;4.22;5.0,yes
modules/modifying-an-existing-ingress-controller.adoc,networking/ingress_load_balancing/configuring_ingress_cluster_traffic/ingress-controller-dnsmgt.adoc,networking,5,main;4.20;4.21;4.22;5.0,yes
modules/nw-ingresscontroller-communication-service-methods.adoc,networking/ingress_load_balancing/configuring_ingress_cluster_traffic/overview-traffic.adoc,networking,5,main;4.20;4.21;4.22;5.0,yes
modules/nw-ingresscontroller-overview-traffic-comparision.adoc,networking/ingress_load_balancing/configuring_ingress_cluster_traffic/overview-traffic.adoc,networking,5,main;4.20;4.21;4.22;5.0,yes
modules/installation-osp-api-octavia.adoc,networking/ingress_load_balancing/load-balancing-openstack.adoc,networking,5,main;4.20;4.21;4.22;5.0,yes
modules/installation-osp-api-scaling.adoc,networking/ingress_load_balancing/load-balancing-openstack.adoc,networking,5,main;4.20;4.21;4.22;5.0,yes
modules/nw-osp-loadbalancer-etp-local.adoc,networking/ingress_load_balancing/load-balancing-openstack.adoc,networking,5,main;4.20;4.21;4.22;5.0,yes
modules/nw-osp-loadbalancer-limitations.adoc,networking/ingress_load_balancing/load-balancing-openstack.adoc,networking,5,main;4.20;4.21;4.22;5.0,yes
modules/nw-osp-specify-floating-ip.adoc,networking/ingress_load_balancing/load-balancing-openstack.adoc,networking,5,main;4.20;4.21;4.22;5.0,yes
modules/nw-metallb-configure-secondary-interface.adoc,networking/ingress_load_balancing/metallb/about-advertising-ipaddresspool.adoc,networking,5,main;4.20;4.21;4.22;5.0,yes
modules/nw-metallb-levels.adoc,networking/ingress_load_balancing/metallb/metallb-troubleshoot-support.adoc,networking,5,main;4.20;4.21;4.22;5.0,yes
modules/k8s-nmstate-troubleshooting-dns-disconnected-bind9-dns.adoc,networking/k8s_nmstate/k8s-nmstate-troubleshooting-node-network.adoc,networking,5,main;4.20;4.21;4.22;5.0,yes
modules/k8s-nmstate-troubleshooting-dns-disconnected-env-dnsmasq.adoc,networking/k8s_nmstate/k8s-nmstate-troubleshooting-node-network.adoc,networking,5,main;4.20;4.21;4.22;5.0,yes
modules/k8s-nmstate-troubleshooting-dns-disconnected-env-resolv.adoc,networking/k8s_nmstate/k8s-nmstate-troubleshooting-node-network.adoc,networking,5,main;4.20;4.21;4.22;5.0,yes
modules/nw-about-configuring-master-interface-container.adoc,networking/multiple_networks/secondary_networks/configuring-master-interface.adoc,networking,5,main;4.20;4.21;4.22;5.0,yes
modules/nw-multus-create-master-interface-bridge-cni.adoc,networking/multiple_networks/secondary_networks/configuring-master-interface.adoc,networking,5,main;4.20;4.21;4.22;5.0,yes
modules/nw-multus-create-multiple-vlans-sriov.adoc,networking/multiple_networks/secondary_networks/configuring-master-interface.adoc,networking,5,main;4.20;4.21;4.22;5.0,yes
modules/aws-load-balancer-operator-release-notes-1.0.0.adoc,networking/networking_operators/aws_load_balancer_operator/aws-load-balancer-operator-release-notes.adoc,networking,5,main;4.20;4.21;4.22;5.0,yes
modules/aws-load-balancer-operator-release-notes-1.0.1.adoc,networking/networking_operators/aws_load_balancer_operator/aws-load-balancer-operator-release-notes.adoc,networking,5,main;4.20;4.21;4.22;5.0,yes
modules/aws-load-balancer-operator-release-notes-1.1.0.adoc,networking/networking_operators/aws_load_balancer_operator/aws-load-balancer-operator-release-notes.adoc,networking,5,main;4.20;4.21;4.22;5.0,yes
modules/aws-load-balancer-operator-release-notes-1.1.1.adoc,networking/networking_operators/aws_load_balancer_operator/aws-load-balancer-operator-release-notes.adoc,networking,5,main;4.20;4.21;4.22;5.0,yes
modules/aws-load-balancer-operator-release-notes-1.2-0.adoc,networking/networking_operators/aws_load_balancer_operator/aws-load-balancer-operator-release-notes.adoc,networking,5,main;4.20;4.21;4.22;5.0,yes
modules/aws-load-balancer-operator-release-notes-earlier-versions.adoc,networking/networking_operators/aws_load_balancer_operator/aws-load-balancer-operator-release-notes.adoc,networking,5,main;4.20;4.21;4.22;5.0,yes
modules/nw-cno-enable-ip-forwarding.adoc,networking/networking_operators/cluster-network-operator.adoc,networking,5,main;4.20;4.21;4.22;5.0,yes
modules/nw-dns-loglevel.adoc,networking/networking_operators/dns-operator.adoc,networking,5,main;4.20;4.21;4.22;5.0,yes
modules/nw-dns-operator-managementState.adoc,networking/networking_operators/dns-operator.adoc,networking,5,main;4.20;4.21;4.22;5.0,yes
modules/nw-dns-operatorloglevel.adoc,networking/networking_operators/dns-operator.adoc,networking,5,main;4.20;4.21;4.22;5.0,yes
modules/nw-dns-viewlog.adoc,networking/networking_operators/dns-operator.adoc,networking,5,main;4.20;4.21;4.22;5.0,yes
modules/nw-dpu-creating-a-sfc.adoc,networking/networking_operators/dpu-operator/dpu-operator.adoc,networking,5,main;4.20;4.21;4.22;5.0,yes
modules/nw-dpu-operator-uninstall.adoc,networking/networking_operators/dpu-operator/dpu-operator.adoc,networking,5,main;4.20;4.21;4.22;5.0,yes
modules/external-dns-operator-release-notes-1.0.adoc,networking/networking_operators/external_dns_operator/external-dns-operator-release-notes.adoc,networking,5,main;4.20;4.21;4.22;5.0,yes
modules/external-dns-operator-release-notes-1.1.adoc,networking/networking_operators/external_dns_operator/external-dns-operator-release-notes.adoc,networking,5,main;4.20;4.21;4.22;5.0,yes
modules/external-dns-operator-release-notes-1.2.adoc,networking/networking_operators/external_dns_operator/external-dns-operator-release-notes.adoc,networking,5,main;4.20;4.21;4.22;5.0,yes
modules/external-dns-operator-release-notes-1.3.adoc,networking/networking_operators/external_dns_operator/external-dns-operator-release-notes.adoc,networking,5,main;4.20;4.21;4.22;5.0,yes
modules/nw-bpfman-infw-about.adoc,networking/networking_operators/ingress-node-firewall-operator.adoc,networking,5,main;4.20;4.21;4.22;5.0,yes
modules/nw-bpfman-infw-configure.adoc,networking/networking_operators/ingress-node-firewall-operator.adoc,networking,5,main;4.20;4.21;4.22;5.0,yes
modules/nw-infw-operator-config-object.adoc,networking/networking_operators/ingress-node-firewall-operator.adoc,networking,5,main;4.20;4.21;4.22;5.0,yes
modules/nw-infw-operator-cr.adoc,networking/networking_operators/ingress-node-firewall-operator.adoc,networking,5,main;4.20;4.21;4.22;5.0,yes
modules/nw-infw-operator-deploying.adoc,networking/networking_operators/ingress-node-firewall-operator.adoc,networking,5,main;4.20;4.21;4.22;5.0,yes
modules/nw-infw-operator-installing-cli.adoc,networking/networking_operators/ingress-node-firewall-operator.adoc,networking,5,main;4.20;4.21;4.22;5.0,yes
modules/nw-infw-operator-installing-console.adoc,networking/networking_operators/ingress-node-firewall-operator.adoc,networking,5,main;4.20;4.21;4.22;5.0,yes
modules/nw-infw-operator-rules-object.adoc,networking/networking_operators/ingress-node-firewall-operator.adoc,networking,5,main;4.20;4.21;4.22;5.0,yes
modules/nw-infw-operator-troubleshooting.adoc,networking/networking_operators/ingress-node-firewall-operator.adoc,networking,5,main;4.20;4.21;4.22;5.0,yes
modules/nw-infw-operator-viewing.adoc,networking/networking_operators/ingress-node-firewall-operator.adoc,networking,5,main;4.20;4.21;4.22;5.0,yes
modules/nw-mutual-tls-auth.adoc,networking/networking_operators/ingress-operator.adoc,networking,5,main;4.20;4.21;4.22;5.0,yes
modules/sd-ingress-responsibilities.adoc,networking/networking_operators/ingress-operator.adoc,networking,5,main;4.20;4.21;4.22;5.0,yes
modules/k8s-nmstate-uninstall-operator.adoc,networking/networking_operators/k8s-nmstate-about-the-k8s-nmstate-operator.adoc,networking,5,main;4.20;4.21;4.22;5.0,yes
modules/nw-metallb-extern-traffic-pol.adoc,networking/networking_operators/metallb-operator/about-metallb.adoc,networking,5,main;4.20;4.21;4.22;5.0,yes
modules/nw-metallb-infra-considerations.adoc,networking/networking_operators/metallb-operator/about-metallb.adoc,networking,5,main;4.20;4.21;4.22;5.0,yes
modules/nw-metallb-operator-deployment-specifications-for-metallb.adoc,networking/networking_operators/metallb-operator/metallb-operator-install.adoc,networking,5,main;4.20;4.21;4.22;5.0,yes
modules/nw-metallb-operator-limit-speaker-to-nodes.adoc,networking/networking_operators/metallb-operator/metallb-operator-install.adoc,networking,5,main;4.20;4.21;4.22;5.0,yes
modules/nw-metallb-operator-setting-pod-CPU-limits.adoc,networking/networking_operators/metallb-operator/metallb-operator-install.adoc,networking,5,main;4.20;4.21;4.22;5.0,yes
modules/nw-metallb-operator-setting-pod-priority-affinity.adoc,networking/networking_operators/metallb-operator/metallb-operator-install.adoc,networking,5,main;4.20;4.21;4.22;5.0,yes
modules/accessing-hosts-on-aws.adoc,networking/networking_overview/accessing-hosts.adoc,networking,5,main;4.20;4.21;4.22;5.0,yes
modules/nw-understanding-networking-core-layers-and-components.adoc,networking/networking_overview/understanding-networking.adoc,networking,5,main;4.20;4.21;4.22;5.0,yes
modules/nw-understanding-networking-managing-traffic-entering-leaving.adoc,networking/networking_overview/understanding-networking.adoc,networking,5,main;4.20;4.21;4.22;5.0,yes
modules/nw-understanding-networking-managing-traffic-within.adoc,networking/networking_overview/understanding-networking.adoc,networking,5,main;4.20;4.21;4.22;5.0,yes
modules/nw-understanding-networking-securing-network-traffic.adoc,networking/networking_overview/understanding-networking.adoc,networking,5,main;4.20;4.21;4.22;5.0,yes
modules/nw-ovn-kubernetes-features.adoc,networking/ovn_kubernetes_network_provider/about-ovn-kubernetes.adoc,networking,5,main;4.20;4.21;4.22;5.0,yes
modules/nw-ovn-kubernetes-limitations.adoc,networking/ovn_kubernetes_network_provider/about-ovn-kubernetes.adoc,networking,5,main;4.20;4.21;4.22;5.0,yes
modules/nw-ovn-kubernetes-session-affinity.adoc,networking/ovn_kubernetes_network_provider/about-ovn-kubernetes.adoc,networking,5,main;4.20;4.21;4.22;5.0,yes
modules/nwt-configure-egress-routing-policies.adoc,networking/ovn_kubernetes_network_provider/configuring-gateway.adoc,networking,5,main;4.20;4.21;4.22;5.0,yes
modules/example-secondary-external-gateway-configurations.adoc,networking/ovn_kubernetes_network_provider/configuring-secondary-external-gateway.adoc,networking,5,main;4.20;4.21;4.22;5.0,yes
modules/nw-secondary-ext-gw-about.adoc,networking/ovn_kubernetes_network_provider/configuring-secondary-external-gateway.adoc,networking,5,main;4.20;4.21;4.22;5.0,yes
modules/nw-secondary-ext-gw-configure.adoc,networking/ovn_kubernetes_network_provider/configuring-secondary-external-gateway.adoc,networking,5,main;4.20;4.21;4.22;5.0,yes
modules/nw-secondary-ext-gw-object.adoc,networking/ovn_kubernetes_network_provider/configuring-secondary-external-gateway.adoc,networking,5,main;4.20;4.21;4.22;5.0,yes
modules/nw-ovn-kubernetes-examine-nb-database-contents-ref.adoc,networking/ovn_kubernetes_network_provider/ovn-kubernetes-architecture-assembly.adoc,networking,5,main;4.20;4.21;4.22;5.0,yes
modules/nw-ovn-kubernetes-examine-sb-database-contents-ref.adoc,networking/ovn_kubernetes_network_provider/ovn-kubernetes-architecture-assembly.adoc,networking,5,main;4.20;4.21;4.22;5.0,yes
modules/nw-ovn-kubernetes-installing-network-tools.adoc,networking/ovn_kubernetes_network_provider/ovn-kubernetes-architecture-assembly.adoc,networking,5,main;4.20;4.21;4.22;5.0,yes
modules/nw-ovn-kubernetes-list-database-contents.adoc,networking/ovn_kubernetes_network_provider/ovn-kubernetes-architecture-assembly.adoc,networking,5,main;4.20;4.21;4.22;5.0,yes
modules/nw-ovn-kubernetes-list-resources.adoc,networking/ovn_kubernetes_network_provider/ovn-kubernetes-architecture-assembly.adoc,networking,5,main;4.20;4.21;4.22;5.0,yes
modules/nw-ovn-kubernetes-list-southbound-database-contents.adoc,networking/ovn_kubernetes_network_provider/ovn-kubernetes-architecture-assembly.adoc,networking,5,main;4.20;4.21;4.22;5.0,yes
modules/nw-ovn-kubernetes-running-network-tools.adoc,networking/ovn_kubernetes_network_provider/ovn-kubernetes-architecture-assembly.adoc,networking,5,main;4.20;4.21;4.22;5.0,yes
modules/ovn-kubernetes-architecture-con.adoc,networking/ovn_kubernetes_network_provider/ovn-kubernetes-architecture-assembly.adoc,networking,5,main;4.20;4.21;4.22;5.0,yes
modules/ovn-kubernetes-logical-architecture-con.adoc,networking/ovn_kubernetes_network_provider/ovn-kubernetes-architecture-assembly.adoc,networking,5,main;4.20;4.21;4.22;5.0,yes
modules/nw-ovn-kubernetes-install-ovnkube-trace-local.adoc,networking/ovn_kubernetes_network_provider/ovn-kubernetes-tracing-using-ovntrace.adoc,networking,5,main;4.20;4.21;4.22;5.0,yes
modules/nw-ovn-kubernetes-ovnkube-trace-default-deny.adoc,networking/ovn_kubernetes_network_provider/ovn-kubernetes-tracing-using-ovntrace.adoc,networking,5,main;4.20;4.21;4.22;5.0,yes
modules/nw-ovn-kubernetes-running-ovnkube-trace.adoc,networking/ovn_kubernetes_network_provider/ovn-kubernetes-tracing-using-ovntrace.adoc,networking,5,main;4.20;4.21;4.22;5.0,yes
modules/nw-ovn-kubernetes-alerts-cli.adoc,networking/ovn_kubernetes_network_provider/ovn-kubernetes-troubleshooting-sources.adoc,networking,5,main;4.20;4.21;4.22;5.0,yes
modules/nw-ovn-kubernetes-alerts-console.adoc,networking/ovn_kubernetes_network_provider/ovn-kubernetes-troubleshooting-sources.adoc,networking,5,main;4.20;4.21;4.22;5.0,yes
modules/nw-ovn-kubernetes-change-log-levels.adoc,networking/ovn_kubernetes_network_provider/ovn-kubernetes-troubleshooting-sources.adoc,networking,5,main;4.20;4.21;4.22;5.0,yes
modules/nw-ovn-kubernetes-observability.adoc,networking/ovn_kubernetes_network_provider/ovn-kubernetes-troubleshooting-sources.adoc,networking,5,main;4.20;4.21;4.22;5.0,yes
modules/nw-ovn-kubernetes-readiness-probes.adoc,networking/ovn_kubernetes_network_provider/ovn-kubernetes-troubleshooting-sources.adoc,networking,5,main;4.20;4.21;4.22;5.0,yes
modules/observability-ovs-sampling-flags.adoc,networking/ovn_kubernetes_network_provider/ovn-kubernetes-troubleshooting-sources.adoc,networking,5,main;4.20;4.21;4.22;5.0,yes
modules/nodes-cluster-enabling-features-install.adoc,nodes/clusters/nodes-cluster-enabling-features.adoc,nodes,5,main;4.20;4.21;4.22;5.0,yes
modules/nodes-pods-autoscaling-custom-rn-210.adoc,nodes/cma/nodes-cma-rn/nodes-cma-autoscaling-custom-rn-past.adoc,nodes,5,main;4.20;4.21;4.22;5.0,yes
modules/nodes-pods-autoscaling-custom-rn-211.adoc,nodes/cma/nodes-cma-rn/nodes-cma-autoscaling-custom-rn-past.adoc,nodes,5,main;4.20;4.21;4.22;5.0,yes
modules/nodes-pods-autoscaling-custom-rn-212.adoc,nodes/cma/nodes-cma-rn/nodes-cma-autoscaling-custom-rn-past.adoc,nodes,5,main;4.20;4.21;4.22;5.0,yes
modules/nodes-pods-autoscaling-custom-rn-213.adoc,nodes/cma/nodes-cma-rn/nodes-cma-autoscaling-custom-rn-past.adoc,nodes,5,main;4.20;4.21;4.22;5.0,yes
modules/nodes-pods-autoscaling-custom-rn-214.adoc,nodes/cma/nodes-cma-rn/nodes-cma-autoscaling-custom-rn-past.adoc,nodes,5,main;4.20;4.21;4.22;5.0,yes
modules/nodes-pods-autoscaling-custom-rn-215.adoc,nodes/cma/nodes-cma-rn/nodes-cma-autoscaling-custom-rn-past.adoc,nodes,5,main;4.20;4.21;4.22;5.0,yes
modules/nodes-pods-autoscaling-custom-rn-217.adoc,nodes/cma/nodes-cma-rn/nodes-cma-autoscaling-custom-rn-past.adoc,nodes,5,main;4.20;4.21;4.22;5.0,yes
modules/nodes-pods-autoscaling-custom-rn-218.adoc,nodes/cma/nodes-cma-rn/nodes-cma-autoscaling-custom-rn-past.adoc,nodes,5,main;4.20;4.21;4.22;5.0,yes
modules/nodes-pods-autoscaling-custom-rn-2190-2.adoc,nodes/cma/nodes-cma-rn/nodes-cma-autoscaling-custom-rn-past.adoc,nodes,5,main;4.20;4.21;4.22;5.0,yes
modules/nodes-pods-autoscaling-custom-rn-2190-3.adoc,nodes/cma/nodes-cma-rn/nodes-cma-autoscaling-custom-rn-past.adoc,nodes,5,main;4.20;4.21;4.22;5.0,yes
modules/nodes-pods-autoscaling-custom-rn-2190.adoc,nodes/cma/nodes-cma-rn/nodes-cma-autoscaling-custom-rn-past.adoc,nodes,5,main;4.20;4.21;4.22;5.0,yes
modules/nodes-pods-autoscaling-custom-rn-28.adoc,nodes/cma/nodes-cma-rn/nodes-cma-autoscaling-custom-rn-past.adoc,nodes,5,main;4.20;4.21;4.22;5.0,yes
modules/nodes-pods-autoscaling-custom-rn-2190-4.adoc,nodes/cma/nodes-cma-rn/nodes-cma-autoscaling-custom-rn.adoc,nodes,5,main;4.20;4.21;4.22;5.0,yes
modules/nodes-containers-copying-files-about.adoc,nodes/containers/nodes-containers-copying-files.adoc,nodes,5,main;4.20;4.21;4.22;5.0,yes
modules/nodes-containers-copying-files-procedure.adoc,nodes/containers/nodes-containers-copying-files.adoc,nodes,5,main;4.20;4.21;4.22;5.0,yes
modules/nodes-containers-copying-files-rsync.adoc,nodes/containers/nodes-containers-copying-files.adoc,nodes,5,main;4.20;4.21;4.22;5.0,yes
modules/nodes-containers-downward-api-about.adoc,nodes/containers/nodes-containers-downward-api.adoc,nodes,5,main;4.20;4.21;4.22;5.0,yes
modules/nodes-containers-downward-api-container-configmaps.adoc,nodes/containers/nodes-containers-downward-api.adoc,nodes,5,main;4.20;4.21;4.22;5.0,yes
modules/nodes-containers-downward-api-container-envars.adoc,nodes/containers/nodes-containers-downward-api.adoc,nodes,5,main;4.20;4.21;4.22;5.0,yes
modules/nodes-containers-downward-api-container-escaping.adoc,nodes/containers/nodes-containers-downward-api.adoc,nodes,5,main;4.20;4.21;4.22;5.0,yes
modules/nodes-containers-downward-api-container-resources-envars.adoc,nodes/containers/nodes-containers-downward-api.adoc,nodes,5,main;4.20;4.21;4.22;5.0,yes
modules/nodes-containers-downward-api-container-resources-plugin.adoc,nodes/containers/nodes-containers-downward-api.adoc,nodes,5,main;4.20;4.21;4.22;5.0,yes
modules/nodes-containers-downward-api-container-resources.adoc,nodes/containers/nodes-containers-downward-api.adoc,nodes,5,main;4.20;4.21;4.22;5.0,yes
modules/nodes-containers-downward-api-container-secrets.adoc,nodes/containers/nodes-containers-downward-api.adoc,nodes,5,main;4.20;4.21;4.22;5.0,yes
modules/nodes-containers-downward-api-container-values-envars.adoc,nodes/containers/nodes-containers-downward-api.adoc,nodes,5,main;4.20;4.21;4.22;5.0,yes
modules/nodes-containers-downward-api-container-values-plugin.adoc,nodes/containers/nodes-containers-downward-api.adoc,nodes,5,main;4.20;4.21;4.22;5.0,yes
modules/nodes-containers-downward-api-container-values.adoc,nodes/containers/nodes-containers-downward-api.adoc,nodes,5,main;4.20;4.21;4.22;5.0,yes
modules/nodes-containers-remote-commands-about.adoc,nodes/containers/nodes-containers-remote-commands.adoc,nodes,5,main;4.20;4.21;4.22;5.0,yes
modules/nodes-containers-remote-commands-protocol.adoc,nodes/containers/nodes-containers-remote-commands.adoc,nodes,5,main;4.20;4.21;4.22;5.0,yes
modules/nodes-containers-volumes-about.adoc,nodes/containers/nodes-containers-volumes.adoc,nodes,5,main;4.20;4.21;4.22;5.0,yes
modules/nodes-containers-volumes-adding.adoc,nodes/containers/nodes-containers-volumes.adoc,nodes,5,main;4.20;4.21;4.22;5.0,yes
modules/nodes-containers-volumes-cli.adoc,nodes/containers/nodes-containers-volumes.adoc,nodes,5,main;4.20;4.21;4.22;5.0,yes
modules/nodes-containers-volumes-listing.adoc,nodes/containers/nodes-containers-volumes.adoc,nodes,5,main;4.20;4.21;4.22;5.0,yes
modules/nodes-containers-volumes-removing.adoc,nodes/containers/nodes-containers-volumes.adoc,nodes,5,main;4.20;4.21;4.22;5.0,yes
modules/nodes-containers-volumes-subpath.adoc,nodes/containers/nodes-containers-volumes.adoc,nodes,5,main;4.20;4.21;4.22;5.0,yes
modules/nodes-containers-volumes-updating.adoc,nodes/containers/nodes-containers-volumes.adoc,nodes,5,main;4.20;4.21;4.22;5.0,yes
modules/nodes-edge-remote-workers-latency.adoc,nodes/edge/nodes-edge-remote-workers.adoc,nodes,5,main;4.20;4.21;4.22;5.0,yes
modules/nodes-edge-remote-workers-power.adoc,nodes/edge/nodes-edge-remote-workers.adoc,nodes,5,main;4.20;4.21;4.22;5.0,yes
modules/nodes-edge-remote-workers-strategies.adoc,nodes/edge/nodes-edge-remote-workers.adoc,nodes,5,main;4.20;4.21;4.22;5.0,yes
modules/nodes-rwn_con_adding-remote-worker-nodes.adoc,nodes/edge/nodes-edge-remote-workers.adoc,nodes,5,main;4.20;4.21;4.22;5.0,yes
modules/nodes-overview-about-containers.adoc,nodes/index.adoc,nodes,5,main;4.20;4.21;4.22;5.0,yes
modules/nodes-overview-about-nodes.adoc,nodes/index.adoc,nodes,5,main;4.20;4.21;4.22;5.0,yes
modules/nodes-overview-about-pods.adoc,nodes/index.adoc,nodes,5,main;4.20;4.21;4.22;5.0,yes
modules/nodes-overview-containers-tasks-reference.adoc,nodes/index.adoc,nodes,5,main;4.20;4.21;4.22;5.0,yes
modules/nodes-overview-nodes-operations-reference.adoc,nodes/index.adoc,nodes,5,main;4.20;4.21;4.22;5.0,yes
modules/nodes-overview-pods-operations-reference.adoc,nodes/index.adoc,nodes,5,main;4.20;4.21;4.22;5.0,yes
modules/nodes-dashboard-using-identify-critical-cpu-crio.adoc,nodes/nodes-dashboard-using.adoc,nodes,5,main;4.20;4.21;4.22;5.0,yes
modules/nodes-dashboard-using-identify-critical-cpu-kubelet.adoc,nodes/nodes-dashboard-using.adoc,nodes,5,main;4.20;4.21;4.22;5.0,yes
modules/nodes-dashboard-using-identify-critical-cpu.adoc,nodes/nodes-dashboard-using.adoc,nodes,5,main;4.20;4.21;4.22;5.0,yes
modules/nodes-dashboard-using-identify-critical-memory-crio.adoc,nodes/nodes-dashboard-using.adoc,nodes,5,main;4.20;4.21;4.22;5.0,yes
modules/nodes-dashboard-using-identify-critical-memory-kubelet.adoc,nodes/nodes-dashboard-using.adoc,nodes,5,main;4.20;4.21;4.22;5.0,yes
modules/nodes-dashboard-using-identify-critical-memory.adoc,nodes/nodes-dashboard-using.adoc,nodes,5,main;4.20;4.21;4.22;5.0,yes
modules/nodes-dashboard-using-identify-critical-pulls.adoc,nodes/nodes-dashboard-using.adoc,nodes,5,main;4.20;4.21;4.22;5.0,yes
modules/nodes-dashboard-using-identify-critical-top3.adoc,nodes/nodes-dashboard-using.adoc,nodes,5,main;4.20;4.21;4.22;5.0,yes
modules/nodes-dashboard-using-queries.adoc,nodes/nodes-dashboard-using.adoc,nodes,5,main;4.20;4.21;4.22;5.0,yes
modules/rosa-creating-node-tuning.adoc,nodes/nodes/nodes-node-tuning-operator.adoc,nodes,5,main;4.20;4.21;4.22;5.0,yes
modules/rosa-deleting-node-tuning.adoc,nodes/nodes/nodes-node-tuning-operator.adoc,nodes,5,main;4.20;4.21;4.22;5.0,yes
modules/rosa-modifying-node-tuning.adoc,nodes/nodes/nodes-node-tuning-operator.adoc,nodes,5,main;4.20;4.21;4.22;5.0,yes
modules/nodes-control-plane-osp-migrating.adoc,nodes/nodes/nodes-nodes-managing.adoc,nodes,5,main;4.20;4.21;4.22;5.0,yes
modules/nodes-nodes-managing-about.adoc,nodes/nodes/nodes-nodes-managing.adoc,nodes,5,main;4.20;4.21;4.22;5.0,yes
modules/nodes-nodes-working-master-schedulable.adoc,nodes/nodes/nodes-nodes-managing.adoc,nodes,5,main;4.20;4.21;4.22;5.0,yes
modules/nodes-nodes-working-setting-booleans.adoc,nodes/nodes/nodes-nodes-managing.adoc,nodes,5,main;4.20;4.21;4.22;5.0,yes
modules/nodes-nodes-rebooting-affinity.adoc,nodes/nodes/nodes-nodes-rebooting.adoc,nodes,5,main;4.20;4.21;4.22;5.0,yes
modules/nodes-nodes-rebooting-gracefully.adoc,nodes/nodes/nodes-nodes-rebooting.adoc,nodes,5,main;4.20;4.21;4.22;5.0,yes
modules/nodes-nodes-rebooting-infrastructure.adoc,nodes/nodes/nodes-nodes-rebooting.adoc,nodes,5,main;4.20;4.21;4.22;5.0,yes
modules/nodes-nodes-rebooting-router.adoc,nodes/nodes/nodes-nodes-rebooting.adoc,nodes,5,main;4.20;4.21;4.22;5.0,yes
modules/nodes-add-new-etcd-member.adoc,nodes/nodes/nodes-nodes-replace-control-plane.adoc,nodes,5,main;4.20;4.21;4.22;5.0,yes
modules/nodes-create-new-control-plane-node.adoc,nodes/nodes/nodes-nodes-replace-control-plane.adoc,nodes,5,main;4.20;4.21;4.22;5.0,yes
modules/nodes-link-node-machine-bmh.adoc,nodes/nodes/nodes-nodes-replace-control-plane.adoc,nodes,5,main;4.20;4.21;4.22;5.0,yes
modules/nodes-replace-control-plane-prereqs.adoc,nodes/nodes/nodes-nodes-replace-control-plane.adoc,nodes,5,main;4.20;4.21;4.22;5.0,yes
modules/nodes-verify-failed-node-deleted.adoc,nodes/nodes/nodes-nodes-replace-control-plane.adoc,nodes,5,main;4.20;4.21;4.22;5.0,yes
modules/nodes-nodes-viewing-listing-pods.adoc,nodes/nodes/nodes-nodes-viewing.adoc,nodes,5,main;4.20;4.21;4.22;5.0,yes
modules/nodes-nodes-viewing-listing.adoc,nodes/nodes/nodes-nodes-viewing.adoc,nodes,5,main;4.20;4.21;4.22;5.0,yes
modules/nodes-nodes-viewing-memory.adoc,nodes/nodes/nodes-nodes-viewing.adoc,nodes,5,main;4.20;4.21;4.22;5.0,yes
modules/nodes-nodes-working-deleting-bare-metal.adoc,nodes/nodes/nodes-nodes-working.adoc,nodes,5,main;4.20;4.21;4.22;5.0,yes
modules/nodes-nodes-working-deleting.adoc,nodes/nodes/nodes-nodes-working.adoc,nodes,5,main;4.20;4.21;4.22;5.0,yes
modules/nodes-nodes-working-updating.adoc,nodes/nodes/nodes-nodes-working.adoc,nodes,5,main;4.20;4.21;4.22;5.0,yes
modules/ai-adding-worker-nodes-to-cluster.adoc,nodes/nodes/nodes-sno-worker-nodes.adoc,nodes,5,main;4.20;4.21;4.22;5.0,yes
modules/ai-adding-worker-nodes-using-the-assisted-installer-api.adoc,nodes/nodes/nodes-sno-worker-nodes.adoc,nodes,5,main;4.20;4.21;4.22;5.0,yes
modules/ai-authenticating-against-ai-rest-api.adoc,nodes/nodes/nodes-sno-worker-nodes.adoc,nodes,5,main;4.20;4.21;4.22;5.0,yes
modules/ai-sno-requirements-for-installing-worker-nodes.adoc,nodes/nodes/nodes-sno-worker-nodes.adoc,nodes,5,main;4.20;4.21;4.22;5.0,yes
modules/sno-adding-worker-nodes-to-sno-clusters-manually.adoc,nodes/nodes/nodes-sno-worker-nodes.adoc,nodes,5,main;4.20;4.21;4.22;5.0,yes
modules/sno-adding-worker-nodes-to-sno-clusters.adoc,nodes/nodes/nodes-sno-worker-nodes.adoc,nodes,5,main;4.20;4.21;4.22;5.0,yes
modules/nodes-pods-allocate-dra-about.adoc,nodes/pods/nodes-pods-allocate-dra.adoc,nodes,5,main;4.20;4.21;4.22;5.0,yes
modules/nodes-pods-allocate-dra-configure-about.adoc,nodes/pods/nodes-pods-allocate-dra.adoc,nodes,5,main;4.20;4.21;4.22;5.0,yes
modules/nodes-pods-allocate-dra-configure.adoc,nodes/pods/nodes-pods-allocate-dra.adoc,nodes,5,main;4.20;4.21;4.22;5.0,yes
modules/nodes-pods-configmap-create-from-console.adoc,nodes/pods/nodes-pods-configmaps.adoc,nodes,5,main;4.20;4.21;4.22;5.0,yes
modules/nodes-pods-configmap-creating-from-directories.adoc,nodes/pods/nodes-pods-configmaps.adoc,nodes,5,main;4.20;4.21;4.22;5.0,yes
modules/nodes-pods-configmap-creating-from-files.adoc,nodes/pods/nodes-pods-configmaps.adoc,nodes,5,main;4.20;4.21;4.22;5.0,yes
modules/nodes-pods-configmap-creating-from-literal-values.adoc,nodes/pods/nodes-pods-configmaps.adoc,nodes,5,main;4.20;4.21;4.22;5.0,yes
modules/nodes-pods-understanding-requests-limits.adoc,nodes/pods/nodes-pods-using.adoc,nodes,5,main;4.20;4.21;4.22;5.0,yes
modules/nodes-pods-using-about.adoc,nodes/pods/nodes-pods-using.adoc,nodes,5,main;4.20;4.21;4.22;5.0,yes
modules/nodes-pods-using-example.adoc,nodes/pods/nodes-pods-using.adoc,nodes,5,main;4.20;4.21;4.22;5.0,yes
modules/nodes-pods-viewing-project.adoc,nodes/pods/nodes-pods-viewing.adoc,nodes,5,main;4.20;4.21;4.22;5.0,yes
modules/nodes-pods-viewing-usage.adoc,nodes/pods/nodes-pods-viewing.adoc,nodes,5,main;4.20;4.21;4.22;5.0,yes
modules/troubleshooting-general-describe-pod.adoc,nodes/pods/nodes-pods-viewing.adoc,nodes,5,main;4.20;4.21;4.22;5.0,yes
modules/viewing-resource-logs-cli-console.adoc,nodes/pods/nodes-pods-viewing.adoc,nodes,5,main;4.20;4.21;4.22;5.0,yes
modules/viewing-resource-logs-cli.adoc,nodes/pods/nodes-pods-viewing.adoc,nodes,5,main;4.20;4.21;4.22;5.0,yes
modules/viewing-resource-logs-console.adoc,nodes/pods/nodes-pods-viewing.adoc,nodes,5,main;4.20;4.21;4.22;5.0,yes
modules/network-observability-flowcollector-api-specifications.adoc,observability/network_observability/flowcollector-api.adoc,observability,5,main;4.20;4.21;4.22;5.0,yes
modules/network-observability-flowmetric-api-specifications.adoc,observability/network_observability/flowmetric-api.adoc,observability,5,main;4.20;4.21;4.22;5.0,yes
modules/network-observability-operator-uninstall.adoc,observability/network_observability/installing-operators.adoc,observability,5,main;4.20;4.21;4.22;5.0,yes
modules/network-observability-updating-migrating.adoc,observability/network_observability/installing-operators.adoc,observability,5,main;4.20;4.21;4.22;5.0,yes
modules/network-observability-flows-format.adoc,observability/network_observability/json-flows-format-reference.adoc,observability,5,main;4.20;4.21;4.22;5.0,yes
modules/network-observability-netobserv-cli-about.adoc,observability/network_observability/netobserv_cli/netobserv-cli-install.adoc,observability,5,main;4.20;4.21;4.22;5.0,yes
modules/network-observability-netobserv-cli-install.adoc,observability/network_observability/netobserv_cli/netobserv-cli-install.adoc,observability,5,main;4.20;4.21;4.22;5.0,yes
modules/network-observability-netobserv-cli-reference.adoc,observability/network_observability/netobserv_cli/netobserv-cli-reference.adoc,observability,5,main;4.20;4.21;4.22;5.0,yes
modules/network-observability-cli-capturing-flows.adoc,observability/network_observability/netobserv_cli/netobserv-cli-using.adoc,observability,5,main;4.20;4.21;4.22;5.0,yes
modules/network-observability-cli-capturing-metrics.adoc,observability/network_observability/netobserv_cli/netobserv-cli-using.adoc,observability,5,main;4.20;4.21;4.22;5.0,yes
modules/network-observability-cli-capturing-packets.adoc,observability/network_observability/netobserv_cli/netobserv-cli-using.adoc,observability,5,main;4.20;4.21;4.22;5.0,yes
modules/network-observability-netobserv-cli-cleaning.adoc,observability/network_observability/netobserv_cli/netobserv-cli-using.adoc,observability,5,main;4.20;4.21;4.22;5.0,yes
modules/network-observability-dns-resolution-analysis-configure.adoc,observability/network_observability/network-observability-dns-resolution-analysis.adoc,observability,5,main;4.20;4.21;4.22;5.0,yes
modules/network-observability-dns-resolution-analysis-reference.adoc,observability/network_observability/network-observability-dns-resolution-analysis.adoc,observability,5,main;4.20;4.21;4.22;5.0,yes
modules/network-observability-dns-resolution-analysis-strategic-benefits.adoc,observability/network_observability/network-observability-dns-resolution-analysis.adoc,observability,5,main;4.20;4.21;4.22;5.0,yes
modules/network-observability-configuring-kafka-compression.adoc,observability/network_observability/network-observability-kafka-operator-scaling-network-flow-collection.adoc,observability,5,main;4.20;4.21;4.22;5.0,yes
modules/network-observability-kafka-compression-benefits.adoc,observability/network_observability/network-observability-kafka-operator-scaling-network-flow-collection.adoc,observability,5,main;4.20;4.21;4.22;5.0,yes
modules/network-observability-kafka-compression-codec-reference.adoc,observability/network_observability/network-observability-kafka-operator-scaling-network-flow-collection.adoc,observability,5,main;4.20;4.21;4.22;5.0,yes
modules/network-observability-kafka-for-large-scale-environments.adoc,observability/network_observability/network-observability-kafka-operator-scaling-network-flow-collection.adoc,observability,5,main;4.20;4.21;4.22;5.0,yes
modules/network-observability-operator-release-notes-1-12-1-advisory.adoc,observability/network_observability/network-observability-operator-release-notes.adoc,observability,5,main;4.20;4.21;4.22;5.0,yes
modules/network-observability-operator-release-notes-1-12-2-advisory.adoc,observability/network_observability/network-observability-operator-release-notes.adoc,observability,5,main;4.20;4.21;4.22;5.0,yes
modules/network-observability-operator-release-notes-1-12-3-advisory.adoc,observability/network_observability/network-observability-operator-release-notes.adoc,observability,5,main;4.20;4.21;4.22;5.0,yes
modules/network-observability-operator-release-notes-1-12-3-fixed-issues.adoc,observability/network_observability/network-observability-operator-release-notes.adoc,observability,5,main;4.20;4.21;4.22;5.0,yes
modules/network-observability-operator-release-notes-1-12-advisory.adoc,observability/network_observability/network-observability-operator-release-notes.adoc,observability,5,main;4.20;4.21;4.22;5.0,yes
modules/network-observability-operator-release-notes-1-12-known-issues.adoc,observability/network_observability/network-observability-operator-release-notes.adoc,observability,5,main;4.20;4.21;4.22;5.0,yes
modules/network-observability-operator-release-notes-1-12-new-features-enhancements.adoc,observability/network_observability/network-observability-operator-release-notes.adoc,observability,5,main;4.20;4.21;4.22;5.0,yes
modules/network-observability-cli.adoc,observability/network_observability/network-observability-overview.adoc,observability,5,main;4.20;4.21;4.22;5.0,yes
modules/network-observability-dependency-network-observability-operator.adoc,observability/network_observability/network-observability-overview.adoc,observability,5,main;4.20;4.21;4.22;5.0,yes
modules/network-observability-per-tenant-flowcollector-slice-api-reference.adoc,observability/network_observability/network-observability-per-tenant-model.adoc,observability,5,main;4.20;4.21;4.22;5.0,yes
modules/network-observability-per-tenant-flowcollector-slice-configure-project-administrator.adoc,observability/network_observability/network-observability-per-tenant-model.adoc,observability,5,main;4.20;4.21;4.22;5.0,yes
modules/network-observability-per-tenant-flowcollector-slice-disable.adoc,observability/network_observability/network-observability-per-tenant-model.adoc,observability,5,main;4.20;4.21;4.22;5.0,yes
modules/network-observability-per-tenant-flowcollector-slice-enable.adoc,observability/network_observability/network-observability-per-tenant-model.adoc,observability,5,main;4.20;4.21;4.22;5.0,yes
modules/network-observability-per-tenant-flowcollector-slice-granular-flow-collection.adoc,observability/network_observability/network-observability-per-tenant-model.adoc,observability,5,main;4.20;4.21;4.22;5.0,yes
modules/network-observability-per-tenant-hierarchical-governance-and-tenant-autonomy.adoc,observability/network_observability/network-observability-per-tenant-model.adoc,observability,5,main;4.20;4.21;4.22;5.0,yes
modules/network-observability-SRIOV-configuration.adoc,observability/network_observability/network-observability-secondary-networks.adoc,observability,5,main;4.20;4.21;4.22;5.0,yes
modules/network-observability-virtualization-configuration.adoc,observability/network_observability/network-observability-secondary-networks.adoc,observability,5,main;4.20;4.21;4.22;5.0,yes
modules/network-observability-configuring-ipsec-with-flow-collector-resource.adoc,observability/network_observability/observing-network-traffic.adoc,observability,5,main;4.20;4.21;4.22;5.0,yes
modules/network-observability-dns-overview.adoc,observability/network_observability/observing-network-traffic.adoc,observability,5,main;4.20;4.21;4.22;5.0,yes
modules/network-observability-ebpf-flow-data-filtering-examples.adoc,observability/network_observability/observing-network-traffic.adoc,observability,5,main;4.20;4.21;4.22;5.0,yes
modules/network-observability-ebpf-manager-operator.adoc,observability/network_observability/observing-network-traffic.adoc,observability,5,main;4.20;4.21;4.22;5.0,yes
modules/network-observability-ebpf-rule-flow-filter.adoc,observability/network_observability/observing-network-traffic.adoc,observability,5,main;4.20;4.21;4.22;5.0,yes
modules/network-observability-filtering-ebpf-rule.adoc,observability/network_observability/observing-network-traffic.adoc,observability,5,main;4.20;4.21;4.22;5.0,yes
modules/network-observability-flow-filter-parameters.adoc,observability/network_observability/observing-network-traffic.adoc,observability,5,main;4.20;4.21;4.22;5.0,yes
modules/network-observability-packet-translation-overview.adoc,observability/network_observability/observing-network-traffic.adoc,observability,5,main;4.20;4.21;4.22;5.0,yes
modules/network-observability-packet-translation.adoc,observability/network_observability/observing-network-traffic.adoc,observability,5,main;4.20;4.21;4.22;5.0,yes
modules/network-observability-user-defined-networks.adoc,observability/network_observability/observing-network-traffic.adoc,observability,5,main;4.20;4.21;4.22;5.0,yes
modules/network-observability-working-with-udn.adoc,observability/network_observability/observing-network-traffic.adoc,observability,5,main;4.20;4.21;4.22;5.0,yes
modules/network-observability-architecture.adoc,observability/network_observability/understanding-network-observability-operator.adoc,observability,5,main;4.20;4.21;4.22;5.0,yes
modules/nw-network-observability-operator.adoc,observability/network_observability/understanding-network-observability-operator.adoc,observability,5,main;4.20;4.21;4.22;5.0,yes
modules/samples-operator-restricted-network-install.adoc,openshift_images/configuring-samples-operator.adoc,openshift_images,5,main;4.20;4.21;4.22;5.0,yes
modules/samples-operator-restricted-nw-install-with-access.adoc,openshift_images/configuring-samples-operator.adoc,openshift_images,5,main;4.20;4.21;4.22;5.0,yes
modules/images-configuration-allowed.adoc,openshift_images/image-configuration.adoc,openshift_images,5,main;4.20;4.21;4.22;5.0,yes
modules/images-configuration-blocked-payload.adoc,openshift_images/image-configuration.adoc,openshift_images,5,main;4.20;4.21;4.22;5.0,yes
modules/images-configuration-blocked.adoc,openshift_images/image-configuration.adoc,openshift_images,5,main;4.20;4.21;4.22;5.0,yes
modules/images-configuration-file.adoc,openshift_images/image-configuration.adoc,openshift_images,5,main;4.20;4.21;4.22;5.0,yes
modules/images-configuration-insecure.adoc,openshift_images/image-configuration.adoc,openshift_images,5,main;4.20;4.21;4.22;5.0,yes
modules/images-configuration-mco-and-registry-changes.adoc,openshift_images/image-configuration.adoc,openshift_images,5,main;4.20;4.21;4.22;5.0,yes
modules/images-configuration-parameters.adoc,openshift_images/image-configuration.adoc,openshift_images,5,main;4.20;4.21;4.22;5.0,yes
modules/images-configuration-shortname-when-not-to-use.adoc,openshift_images/image-configuration.adoc,openshift_images,5,main;4.20;4.21;4.22;5.0,yes
modules/images-configuration-shortname.adoc,openshift_images/image-configuration.adoc,openshift_images,5,main;4.20;4.21;4.22;5.0,yes
modules/images_configuration_shortname_con.adoc,openshift_images/image-configuration.adoc,openshift_images,5,main;4.20;4.21;4.22;5.0,yes
modules/images_configuring_registry_mirror_config_params.adoc,openshift_images/image-configuration.adoc,openshift_images,5,main;4.20;4.21;4.22;5.0,yes
modules/installation-restricted-network-samples.adoc,openshift_images/samples-operator-alt-registry.adoc,openshift_images,5,main;4.20;4.21;4.22;5.0,yes
modules/olm-pod-placement.adoc,operators/admin/olm-adding-operators-to-cluster.adoc,operators,5,main;4.20;4.21;4.22;5.0,yes
modules/olm-preparing-multitenant-operators.adoc,operators/admin/olm-adding-operators-to-cluster.adoc,operators,5,main;4.20;4.21;4.22;5.0,yes
modules/olm-disabling-copied-csvs.adoc,operators/admin/olm-config.adoc,operators,5,main;4.20;4.21;4.22;5.0,yes
modules/olm-injecting-custom-ca.adoc,operators/admin/olm-configuring-proxy-support.adoc,operators,5,main;4.20;4.21;4.22;5.0,yes
modules/olm-overriding-proxy-settings.adoc,operators/admin/olm-configuring-proxy-support.adoc,operators,5,main;4.20;4.21;4.22;5.0,yes
modules/olm-policy-catalog-access.adoc,operators/admin/olm-creating-policy.adoc,operators,5,main;4.20;4.21;4.22;5.0,yes
modules/olm-policy-fine-grained-permissions.adoc,operators/admin/olm-creating-policy.adoc,operators,5,main;4.20;4.21;4.22;5.0,yes
modules/olm-policy-scenarios.adoc,operators/admin/olm-creating-policy.adoc,operators,5,main;4.20;4.21;4.22;5.0,yes
modules/olm-policy-scoping-operator-install.adoc,operators/admin/olm-creating-policy.adoc,operators,5,main;4.20;4.21;4.22;5.0,yes
modules/olm-policy-troubleshooting.adoc,operators/admin/olm-creating-policy.adoc,operators,5,main;4.20;4.21;4.22;5.0,yes
modules/olm-policy-understanding.adoc,operators/admin/olm-creating-policy.adoc,operators,5,main;4.20;4.21;4.22;5.0,yes
modules/olm-policy-workflow.adoc,operators/admin/olm-creating-policy.adoc,operators,5,main;4.20;4.21;4.22;5.0,yes
modules/disabling-catalogsource-objects.adoc,operators/admin/olm-cs-podsched.adoc,operators,5,main;4.20;4.21;4.22;5.0,yes
modules/olm-node-selector.adoc,operators/admin/olm-cs-podsched.adoc,operators,5,main;4.20;4.21;4.22;5.0,yes
modules/olm-priority-class-name.adoc,operators/admin/olm-cs-podsched.adoc,operators,5,main;4.20;4.21;4.22;5.0,yes
modules/olm-tolerations.adoc,operators/admin/olm-cs-podsched.adoc,operators,5,main;4.20;4.21;4.22;5.0,yes
modules/olm-deleting-operators-from-a-cluster-using-cli.adoc,operators/admin/olm-deleting-operators-from-cluster.adoc,operators,5,main;4.20;4.21;4.22;5.0,yes
modules/olm-deleting-operators-from-a-cluster-using-web-console.adoc,operators/admin/olm-deleting-operators-from-cluster.adoc,operators,5,main;4.20;4.21;4.22;5.0,yes
modules/olm-refresh-subs.adoc,operators/admin/olm-deleting-operators-from-cluster.adoc,operators,5,main;4.20;4.21;4.22;5.0,yes
modules/olm-accessing-images-private-registries.adoc,operators/admin/olm-managing-custom-catalogs.adoc,operators,5,main;4.20;4.21;4.22;5.0,yes
modules/olm-catalog-source-and-psa.adoc,operators/admin/olm-managing-custom-catalogs.adoc,operators,5,main;4.20;4.21;4.22;5.0,yes
modules/olm-creating-fb-catalog-image.adoc,operators/admin/olm-managing-custom-catalogs.adoc,operators,5,main;4.20;4.21;4.22;5.0,yes
modules/olm-creating-index-image.adoc,operators/admin/olm-managing-custom-catalogs.adoc,operators,5,main;4.20;4.21;4.22;5.0,yes
modules/olm-filtering-fbc.adoc,operators/admin/olm-managing-custom-catalogs.adoc,operators,5,main;4.20;4.21;4.22;5.0,yes
modules/olm-managing-custom-catalogs-sqlite.adoc,operators/admin/olm-managing-custom-catalogs.adoc,operators,5,main;4.20;4.21;4.22;5.0,yes
modules/olm-migrating-sqlite-catalog-to-fbc.adoc,operators/admin/olm-managing-custom-catalogs.adoc,operators,5,main;4.20;4.21;4.22;5.0,yes
modules/olm-pruning-index-image.adoc,operators/admin/olm-managing-custom-catalogs.adoc,operators,5,main;4.20;4.21;4.22;5.0,yes
modules/olm-removing-catalogs.adoc,operators/admin/olm-managing-custom-catalogs.adoc,operators,5,main;4.20;4.21;4.22;5.0,yes
modules/olm-sqlite-catalog-configuring-elevated-permissions.adoc,operators/admin/olm-managing-custom-catalogs.adoc,operators,5,main;4.20;4.21;4.22;5.0,yes
modules/olm-updating-index-image.adoc,operators/admin/olm-managing-custom-catalogs.adoc,operators,5,main;4.20;4.21;4.22;5.0,yes
modules/olm-updating-sqlite-catalog-to-a-new-opm-version.adoc,operators/admin/olm-managing-custom-catalogs.adoc,operators,5,main;4.20;4.21;4.22;5.0,yes
modules/sd-olm-removing-catalogs.adoc,operators/admin/olm-managing-custom-catalogs.adoc,operators,5,main;4.20;4.21;4.22;5.0,yes
modules/olm-overriding-operatorconditions.adoc,operators/admin/olm-managing-operatorconditions.adoc,operators,5,main;4.20;4.21;4.22;5.0,yes
modules/olm-updating-use-operatorconditions.adoc,operators/admin/olm-managing-operatorconditions.adoc,operators,5,main;4.20;4.21;4.22;5.0,yes
modules/olm-cs-status-cli.adoc,operators/admin/olm-status.adoc,operators,5,main;4.20;4.21;4.22;5.0,yes
modules/olm-status-conditions.adoc,operators/admin/olm-status.adoc,operators,5,main;4.20;4.21;4.22;5.0,yes
modules/olm-status-viewing-cli.adoc,operators/admin/olm-status.adoc,operators,5,main;4.20;4.21;4.22;5.0,yes
modules/olm-cs-status-cli.adoc,operators/admin/olm-troubleshooting-operator-issues.adoc,operators,5,main;4.20;4.21;4.22;5.0,yes
modules/olm-refresh-subs.adoc,operators/admin/olm-troubleshooting-operator-issues.adoc,operators,5,main;4.20;4.21;4.22;5.0,yes
modules/olm-reinstall.adoc,operators/admin/olm-troubleshooting-operator-issues.adoc,operators,5,main;4.20;4.21;4.22;5.0,yes
modules/olm-status-conditions.adoc,operators/admin/olm-troubleshooting-operator-issues.adoc,operators,5,main;4.20;4.21;4.22;5.0,yes
modules/olm-status-viewing-cli.adoc,operators/admin/olm-troubleshooting-operator-issues.adoc,operators,5,main;4.20;4.21;4.22;5.0,yes
modules/querying-operator-pod-status.adoc,operators/admin/olm-troubleshooting-operator-issues.adoc,operators,5,main;4.20;4.21;4.22;5.0,yes
modules/troubleshooting-disabling-autoreboot-mco-cli.adoc,operators/admin/olm-troubleshooting-operator-issues.adoc,operators,5,main;4.20;4.21;4.22;5.0,yes
modules/troubleshooting-disabling-autoreboot-mco-console.adoc,operators/admin/olm-troubleshooting-operator-issues.adoc,operators,5,main;4.20;4.21;4.22;5.0,yes
modules/troubleshooting-disabling-autoreboot-mco.adoc,operators/admin/olm-troubleshooting-operator-issues.adoc,operators,5,main;4.20;4.21;4.22;5.0,yes
modules/olm-approving-pending-upgrade.adoc,operators/admin/olm-upgrading-operators.adoc,operators,5,main;4.20;4.21;4.22;5.0,yes
modules/olm-changing-update-channel.adoc,operators/admin/olm-upgrading-operators.adoc,operators,5,main;4.20;4.21;4.22;5.0,yes
modules/olm-preparing-upgrade.adoc,operators/admin/olm-upgrading-operators.adoc,operators,5,main;4.20;4.21;4.22;5.0,yes
modules/operators-overview-tasks.adoc,operators/index.adoc,operators,5,main;4.20;4.21;4.22;5.0,yes
modules/cloud-credential-operator.adoc,operators/operator-reference.adoc,operators,5,main;4.20;4.21;4.22;5.0,yes
modules/cluster-authentication-operator.adoc,operators/operator-reference.adoc,operators,5,main;4.20;4.21;4.22;5.0,yes
modules/cluster-autoscaler-operator.adoc,operators/operator-reference.adoc,operators,5,main;4.20;4.21;4.22;5.0,yes
modules/cluster-bare-metal-operator.adoc,operators/operator-reference.adoc,operators,5,main;4.20;4.21;4.22;5.0,yes
modules/cluster-capi-operator.adoc,operators/operator-reference.adoc,operators,5,main;4.20;4.21;4.22;5.0,yes
modules/cluster-cloud-controller-manager-operator.adoc,operators/operator-reference.adoc,operators,5,main;4.20;4.21;4.22;5.0,yes
modules/cluster-config-operator.adoc,operators/operator-reference.adoc,operators,5,main;4.20;4.21;4.22;5.0,yes
modules/cluster-csi-snapshot-controller-operator.adoc,operators/operator-reference.adoc,operators,5,main;4.20;4.21;4.22;5.0,yes
modules/cluster-dns-operator.adoc,operators/operator-reference.adoc,operators,5,main;4.20;4.21;4.22;5.0,yes
modules/cluster-image-registry-operator.adoc,operators/operator-reference.adoc,operators,5,main;4.20;4.21;4.22;5.0,yes
modules/cluster-kube-scheduler-operator.adoc,operators/operator-reference.adoc,operators,5,main;4.20;4.21;4.22;5.0,yes
modules/cluster-kube-storage-version-migrator-operator.adoc,operators/operator-reference.adoc,operators,5,main;4.20;4.21;4.22;5.0,yes
modules/cluster-machine-approver-operator.adoc,operators/operator-reference.adoc,operators,5,main;4.20;4.21;4.22;5.0,yes
modules/cluster-monitoring-operator.adoc,operators/operator-reference.adoc,operators,5,main;4.20;4.21;4.22;5.0,yes
modules/cluster-network-operator.adoc,operators/operator-reference.adoc,operators,5,main;4.20;4.21;4.22;5.0,yes
modules/cluster-openshift-controller-manager-operators.adoc,operators/operator-reference.adoc,operators,5,main;4.20;4.21;4.22;5.0,yes
modules/cluster-operators-ref-olm-intro.adoc,operators/operator-reference.adoc,operators,5,main;4.20;4.21;4.22;5.0,yes
modules/cluster-operators-ref-olm-list.adoc,operators/operator-reference.adoc,operators,5,main;4.20;4.21;4.22;5.0,yes
modules/cluster-samples-operator.adoc,operators/operator-reference.adoc,operators,5,main;4.20;4.21;4.22;5.0,yes
modules/cluster-storage-operator.adoc,operators/operator-reference.adoc,operators,5,main;4.20;4.21;4.22;5.0,yes
modules/cluster-version-operator.adoc,operators/operator-reference.adoc,operators,5,main;4.20;4.21;4.22;5.0,yes
modules/console-operator.adoc,operators/operator-reference.adoc,operators,5,main;4.20;4.21;4.22;5.0,yes
modules/control-plane-machine-set-operator.adoc,operators/operator-reference.adoc,operators,5,main;4.20;4.21;4.22;5.0,yes
modules/etcd-operator.adoc,operators/operator-reference.adoc,operators,5,main;4.20;4.21;4.22;5.0,yes
modules/ingress-operator.adoc,operators/operator-reference.adoc,operators,5,main;4.20;4.21;4.22;5.0,yes
modules/insights-operator.adoc,operators/operator-reference.adoc,operators,5,main;4.20;4.21;4.22;5.0,yes
modules/kube-apiserver-operator.adoc,operators/operator-reference.adoc,operators,5,main;4.20;4.21;4.22;5.0,yes
modules/kube-controller-manager-operator.adoc,operators/operator-reference.adoc,operators,5,main;4.20;4.21;4.22;5.0,yes
modules/machine-api-operator.adoc,operators/operator-reference.adoc,operators,5,main;4.20;4.21;4.22;5.0,yes
modules/machine-config-operator.adoc,operators/operator-reference.adoc,operators,5,main;4.20;4.21;4.22;5.0,yes
modules/olm-arch-catalog-operator.adoc,operators/operator-reference.adoc,operators,5,main;4.20;4.21;4.22;5.0,yes
modules/olm-arch-catalog-registry.adoc,operators/operator-reference.adoc,operators,5,main;4.20;4.21;4.22;5.0,yes
modules/olm-arch-olm-operator.adoc,operators/operator-reference.adoc,operators,5,main;4.20;4.21;4.22;5.0,yes
modules/olm-architecture.adoc,operators/operator-reference.adoc,operators,5,main;4.20;4.21;4.22;5.0,yes
modules/olm-overview.adoc,operators/operator-reference.adoc,operators,5,main;4.20;4.21;4.22;5.0,yes
modules/olmv1-clusteroperator.adoc,operators/operator-reference.adoc,operators,5,main;4.20;4.21;4.22;5.0,yes
modules/openshift-apiserver-operator.adoc,operators/operator-reference.adoc,operators,5,main;4.20;4.21;4.22;5.0,yes
modules/openshift-service-ca-operator.adoc,operators/operator-reference.adoc,operators,5,main;4.20;4.21;4.22;5.0,yes
modules/operator-marketplace.adoc,operators/operator-reference.adoc,operators,5,main;4.20;4.21;4.22;5.0,yes
modules/vsphere-problem-detector-operator.adoc,operators/operator-reference.adoc,operators,5,main;4.20;4.21;4.22;5.0,yes
modules/osdk-cco-aws-sts-alt.adoc,operators/operator_sdk/token_auth/osdk-cco-aws-sts.adoc,operators,5,main;4.20;4.21;4.22;5.0,yes
modules/osdk-cco-aws-sts-role.adoc,operators/operator_sdk/token_auth/osdk-cco-aws-sts.adoc,operators,5,main;4.20;4.21;4.22;5.0,yes
modules/osdk-cco-aws-sts-tshooting-auth-fail.adoc,operators/operator_sdk/token_auth/osdk-cco-aws-sts.adoc,operators,5,main;4.20;4.21;4.22;5.0,yes
modules/osdk-cco-aws-sts-tshooting-mounting.adoc,operators/operator_sdk/token_auth/osdk-cco-aws-sts.adoc,operators,5,main;4.20;4.21;4.22;5.0,yes
modules/osdk-cco-azure-enabling.adoc,operators/operator_sdk/token_auth/osdk-cco-azure.adoc,operators,5,main;4.20;4.21;4.22;5.0,yes
modules/osdk-cco-gcp-enabling.adoc,operators/operator_sdk/token_auth/osdk-cco-gcp.adoc,operators,5,main;4.20;4.21;4.22;5.0,yes
modules/crd-creating-aggregated-cluster-roles.adoc,operators/understanding/crds/crd-extending-api-with-crds.adoc,operators,5,main;4.20;4.21;4.22;5.0,yes
modules/crd-creating-crds.adoc,operators/understanding/crds/crd-extending-api-with-crds.adoc,operators,5,main;4.20;4.21;4.22;5.0,yes
modules/crd-creating-custom-resources-from-file.adoc,operators/understanding/crds/crd-extending-api-with-crds.adoc,operators,5,main;4.20;4.21;4.22;5.0,yes
modules/crd-custom-resource-definitions.adoc,operators/understanding/crds/crd-extending-api-with-crds.adoc,operators,5,main;4.20;4.21;4.22;5.0,yes
modules/crd-inspecting-custom-resources.adoc,operators/understanding/crds/crd-extending-api-with-crds.adoc,operators,5,main;4.20;4.21;4.22;5.0,yes
modules/crd-creating-custom-resources-from-file.adoc,operators/understanding/crds/crd-managing-resources-from-crds.adoc,operators,5,main;4.20;4.21;4.22;5.0,yes
modules/crd-custom-resource-definitions.adoc,operators/understanding/crds/crd-managing-resources-from-crds.adoc,operators,5,main;4.20;4.21;4.22;5.0,yes
modules/crd-inspecting-custom-resources.adoc,operators/understanding/crds/crd-managing-resources-from-crds.adoc,operators,5,main;4.20;4.21;4.22;5.0,yes
modules/olm-default-install-behavior.adoc,operators/understanding/olm-multitenancy.adoc,operators,5,main;4.20;4.21;4.22;5.0,yes
modules/olm-multitenancy-colocation.adoc,operators/understanding/olm-multitenancy.adoc,operators,5,main;4.20;4.21;4.22;5.0,yes
modules/olm-multitenancy-solution.adoc,operators/understanding/olm-multitenancy.adoc,operators,5,main;4.20;4.21;4.22;5.0,yes
modules/olm-about-opm.adoc,operators/understanding/olm-packaging-format.adoc,operators,5,main;4.20;4.21;4.22;5.0,yes
modules/olm-bundle-format-annotations.adoc,operators/understanding/olm-packaging-format.adoc,operators,5,main;4.20;4.21;4.22;5.0,yes
modules/olm-bundle-format-manifests-optional.adoc,operators/understanding/olm-packaging-format.adoc,operators,5,main;4.20;4.21;4.22;5.0,yes
modules/olm-bundle-format-manifests.adoc,operators/understanding/olm-packaging-format.adoc,operators,5,main;4.20;4.21;4.22;5.0,yes
modules/olm-bundle-format.adoc,operators/understanding/olm-packaging-format.adoc,operators,5,main;4.20;4.21;4.22;5.0,yes
modules/olm-bundle-schema.adoc,operators/understanding/olm-packaging-format.adoc,operators,5,main;4.20;4.21;4.22;5.0,yes
modules/olm-channel-schema.adoc,operators/understanding/olm-packaging-format.adoc,operators,5,main;4.20;4.21;4.22;5.0,yes
modules/olm-dependencies.adoc,operators/understanding/olm-packaging-format.adoc,operators,5,main;4.20;4.21;4.22;5.0,yes
modules/olm-deprecations-schema.adoc,operators/understanding/olm-packaging-format.adoc,operators,5,main;4.20;4.21;4.22;5.0,yes
modules/olm-fb-catalogs-automation.adoc,operators/understanding/olm-packaging-format.adoc,operators,5,main;4.20;4.21;4.22;5.0,yes
modules/olm-fb-catalogs-example.adoc,operators/understanding/olm-packaging-format.adoc,operators,5,main;4.20;4.21;4.22;5.0,yes
modules/olm-fb-catalogs-guidelines.adoc,operators/understanding/olm-packaging-format.adoc,operators,5,main;4.20;4.21;4.22;5.0,yes
modules/olm-fb-catalogs-prop.adoc,operators/understanding/olm-packaging-format.adoc,operators,5,main;4.20;4.21;4.22;5.0,yes
modules/olm-fb-catalogs-schemas.adoc,operators/understanding/olm-packaging-format.adoc,operators,5,main;4.20;4.21;4.22;5.0,yes
modules/olm-fb-catalogs-structure.adoc,operators/understanding/olm-packaging-format.adoc,operators,5,main;4.20;4.21;4.22;5.0,yes
modules/olm-fb-catalogs.adoc,operators/understanding/olm-packaging-format.adoc,operators,5,main;4.20;4.21;4.22;5.0,yes
modules/olm-package-schema.adoc,operators/understanding/olm-packaging-format.adoc,operators,5,main;4.20;4.21;4.22;5.0,yes
modules/olm-about-catalogs.adoc,operators/understanding/olm-rh-catalogs.adoc,operators,5,main;4.20;4.21;4.22;5.0,yes
modules/olm-software-catalog-architecture.adoc,operators/understanding/olm-understanding-software-catalog.adoc,operators,5,main;4.20;4.21;4.22;5.0,yes
modules/olm-software-catalog-overview.adoc,operators/understanding/olm-understanding-software-catalog.adoc,operators,5,main;4.20;4.21;4.22;5.0,yes
modules/olm-arch-catalog-operator.adoc,operators/understanding/olm/olm-arch.adoc,operators,5,main;4.20;4.21;4.22;5.0,yes
modules/olm-arch-catalog-registry.adoc,operators/understanding/olm/olm-arch.adoc,operators,5,main;4.20;4.21;4.22;5.0,yes
modules/olm-arch-olm-operator.adoc,operators/understanding/olm/olm-arch.adoc,operators,5,main;4.20;4.21;4.22;5.0,yes
modules/olm-architecture.adoc,operators/understanding/olm/olm-arch.adoc,operators,5,main;4.20;4.21;4.22;5.0,yes
modules/olm-colocation-namespaces.adoc,operators/understanding/olm/olm-colocation.adoc,operators,5,main;4.20;4.21;4.22;5.0,yes
modules/olm-operatorconditions-about.adoc,operators/understanding/olm/olm-operatorconditions.adoc,operators,5,main;4.20;4.21;4.22;5.0,yes
modules/olm-supported-operatorconditions.adoc,operators/understanding/olm/olm-operatorconditions.adoc,operators,5,main;4.20;4.21;4.22;5.0,yes
modules/olm-dependencies-best-practices.adoc,operators/understanding/olm/olm-understanding-dependency-resolution.adoc,operators,5,main;4.20;4.21;4.22;5.0,yes
modules/olm-dependencies-caveats.adoc,operators/understanding/olm/olm-understanding-dependency-resolution.adoc,operators,5,main;4.20;4.21;4.22;5.0,yes
modules/olm-dependencies.adoc,operators/understanding/olm/olm-understanding-dependency-resolution.adoc,operators,5,main;4.20;4.21;4.22;5.0,yes
modules/olm-dependency-resolution-about.adoc,operators/understanding/olm/olm-understanding-dependency-resolution.adoc,operators,5,main;4.20;4.21;4.22;5.0,yes
modules/olm-dependency-resolution-crd-upgrades.adoc,operators/understanding/olm/olm-understanding-dependency-resolution.adoc,operators,5,main;4.20;4.21;4.22;5.0,yes
modules/olm-dependency-resolution-examples.adoc,operators/understanding/olm/olm-understanding-dependency-resolution.adoc,operators,5,main;4.20;4.21;4.22;5.0,yes
modules/olm-dependency-resolution-preferences.adoc,operators/understanding/olm/olm-understanding-dependency-resolution.adoc,operators,5,main;4.20;4.21;4.22;5.0,yes
modules/olm-generic-constraints.adoc,operators/understanding/olm/olm-understanding-dependency-resolution.adoc,operators,5,main;4.20;4.21;4.22;5.0,yes
modules/olm-properties.adoc,operators/understanding/olm/olm-understanding-dependency-resolution.adoc,operators,5,main;4.20;4.21;4.22;5.0,yes
modules/olm-metrics.adoc,operators/understanding/olm/olm-understanding-metrics.adoc,operators,5,main;4.20;4.21;4.22;5.0,yes
modules/olm-catalogsource-image-template.adoc,operators/understanding/olm/olm-understanding-olm.adoc,operators,5,main;4.20;4.21;4.22;5.0,yes
modules/olm-catalogsource.adoc,operators/understanding/olm/olm-understanding-olm.adoc,operators,5,main;4.20;4.21;4.22;5.0,yes
modules/olm-crds.adoc,operators/understanding/olm/olm-understanding-olm.adoc,operators,5,main;4.20;4.21;4.22;5.0,yes
modules/olm-cs-health.adoc,operators/understanding/olm/olm-understanding-olm.adoc,operators,5,main;4.20;4.21;4.22;5.0,yes
modules/olm-csv.adoc,operators/understanding/olm/olm-understanding-olm.adoc,operators,5,main;4.20;4.21;4.22;5.0,yes
modules/olm-installplan.adoc,operators/understanding/olm/olm-understanding-olm.adoc,operators,5,main;4.20;4.21;4.22;5.0,yes
modules/olm-operatorconditions-about.adoc,operators/understanding/olm/olm-understanding-olm.adoc,operators,5,main;4.20;4.21;4.22;5.0,yes
modules/olm-operatorgroups-about.adoc,operators/understanding/olm/olm-understanding-olm.adoc,operators,5,main;4.20;4.21;4.22;5.0,yes
modules/olm-overview.adoc,operators/understanding/olm/olm-understanding-olm.adoc,operators,5,main;4.20;4.21;4.22;5.0,yes
modules/olm-subscription.adoc,operators/understanding/olm/olm-understanding-olm.adoc,operators,5,main;4.20;4.21;4.22;5.0,yes
modules/olm-operatorgroups-about.adoc,operators/understanding/olm/olm-understanding-operatorgroups.adoc,operators,5,main;4.20;4.21;4.22;5.0,yes
modules/olm-operatorgroups-copied-csvs.adoc,operators/understanding/olm/olm-understanding-operatorgroups.adoc,operators,5,main;4.20;4.21;4.22;5.0,yes
modules/olm-operatorgroups-csv-annotations.adoc,operators/understanding/olm/olm-understanding-operatorgroups.adoc,operators,5,main;4.20;4.21;4.22;5.0,yes
modules/olm-operatorgroups-intersections.adoc,operators/understanding/olm/olm-understanding-operatorgroups.adoc,operators,5,main;4.20;4.21;4.22;5.0,yes
modules/olm-operatorgroups-limitations.adoc,operators/understanding/olm/olm-understanding-operatorgroups.adoc,operators,5,main;4.20;4.21;4.22;5.0,yes
modules/olm-operatorgroups-membership.adoc,operators/understanding/olm/olm-understanding-operatorgroups.adoc,operators,5,main;4.20;4.21;4.22;5.0,yes
modules/olm-operatorgroups-provided-apis-annotations.adoc,operators/understanding/olm/olm-understanding-operatorgroups.adoc,operators,5,main;4.20;4.21;4.22;5.0,yes
modules/olm-operatorgroups-rbac.adoc,operators/understanding/olm/olm-understanding-operatorgroups.adoc,operators,5,main;4.20;4.21;4.22;5.0,yes
modules/olm-operatorgroups-static.adoc,operators/understanding/olm/olm-understanding-operatorgroups.adoc,operators,5,main;4.20;4.21;4.22;5.0,yes
modules/olm-operatorgroups-target-namespace.adoc,operators/understanding/olm/olm-understanding-operatorgroups.adoc,operators,5,main;4.20;4.21;4.22;5.0,yes
modules/olm-operatorgroups-troubleshooting.adoc,operators/understanding/olm/olm-understanding-operatorgroups.adoc,operators,5,main;4.20;4.21;4.22;5.0,yes
modules/olm-upgrades.adoc,operators/understanding/olm/olm-workflow.adoc,operators,5,main;4.20;4.21;4.22;5.0,yes
modules/olm-creating-etcd-cluster-from-operator.adoc,operators/user/olm-creating-apps-from-installed-operators.adoc,operators,5,main;4.20;4.21;4.22;5.0,yes
modules/enabling-aws-sts-existing-cluster.adoc,post_installation_configuration/changing-cloud-credentials-configuration.adoc,post_installation_configuration,5,main;4.20;4.21;4.22;5.0,yes
modules/enabling-entra-workload-id-existing-cluster.adoc,post_installation_configuration/changing-cloud-credentials-configuration.adoc,post_installation_configuration,5,main;4.20;4.21;4.22;5.0,yes
modules/manually-removing-cloud-creds.adoc,post_installation_configuration/changing-cloud-credentials-configuration.adoc,post_installation_configuration,5,main;4.20;4.21;4.22;5.0,yes
modules/post-install-enabling-token-based-authentication.adoc,post_installation_configuration/changing-cloud-credentials-configuration.adoc,post_installation_configuration,5,main;4.20;4.21;4.22;5.0,yes
modules/post-install-removing-cloud-provider-credentials.adoc,post_installation_configuration/changing-cloud-credentials-configuration.adoc,post_installation_configuration,5,main;4.20;4.21;4.22;5.0,yes
modules/post-install-rotating-cloud-provider-credentials.adoc,post_installation_configuration/changing-cloud-credentials-configuration.adoc,post_installation_configuration,5,main;4.20;4.21;4.22;5.0,yes
modules/refreshing-service-ids-ibm-cloud.adoc,post_installation_configuration/changing-cloud-credentials-configuration.adoc,post_installation_configuration,5,main;4.20;4.21;4.22;5.0,yes
modules/rotating-bound-service-keys.adoc,post_installation_configuration/changing-cloud-credentials-configuration.adoc,post_installation_configuration,5,main;4.20;4.21;4.22;5.0,yes
modules/dr-restoring-cluster-state.adoc,post_installation_configuration/cluster-tasks.adoc,post_installation_configuration,5,main;4.20;4.21;4.22;5.0,yes
modules/dr-scenario-cluster-state-issues.adoc,post_installation_configuration/cluster-tasks.adoc,post_installation_configuration,5,main;4.20;4.21;4.22;5.0,yes
modules/etcd-defrag.adoc,post_installation_configuration/cluster-tasks.adoc,post_installation_configuration,5,main;4.20;4.21;4.22;5.0,yes
modules/post-install-adding-nodes-assisted.adoc,post_installation_configuration/cluster-tasks.adoc,post_installation_configuration,5,main;4.20;4.21;4.22;5.0,yes
modules/post-install-adding-nodes-ipi.adoc,post_installation_configuration/cluster-tasks.adoc,post_installation_configuration,5,main;4.20;4.21;4.22;5.0,yes
modules/post-install-adding-nodes-mce.adoc,post_installation_configuration/cluster-tasks.adoc,post_installation_configuration,5,main;4.20;4.21;4.22;5.0,yes
modules/post-install-adding-nodes-on-prem.adoc,post_installation_configuration/cluster-tasks.adoc,post_installation_configuration,5,main;4.20;4.21;4.22;5.0,yes
modules/post-install-adding-nodes-upi.adoc,post_installation_configuration/cluster-tasks.adoc,post_installation_configuration,5,main;4.20;4.21;4.22;5.0,yes
modules/post-install-adding-worker-nodes.adoc,post_installation_configuration/cluster-tasks.adoc,post_installation_configuration,5,main;4.20;4.21;4.22;5.0,yes
modules/post-install-additional-config-resources.adoc,post_installation_configuration/cluster-tasks.adoc,post_installation_configuration,5,main;4.20;4.21;4.22;5.0,yes
modules/post-install-adjust-worker-nodes.adoc,post_installation_configuration/cluster-tasks.adoc,post_installation_configuration,5,main;4.20;4.21;4.22;5.0,yes
modules/post-install-applying-autoscaling.adoc,post_installation_configuration/cluster-tasks.adoc,post_installation_configuration,5,main;4.20;4.21;4.22;5.0,yes
modules/post-install-cluster-config-resources.adoc,post_installation_configuration/cluster-tasks.adoc,post_installation_configuration,5,main;4.20;4.21;4.22;5.0,yes
modules/post-install-cpms-setup.adoc,post_installation_configuration/cluster-tasks.adoc,post_installation_configuration,5,main;4.20;4.21;4.22;5.0,yes
modules/post-install-enabling-feature-gates.adoc,post_installation_configuration/cluster-tasks.adoc,post_installation_configuration,5,main;4.20;4.21;4.22;5.0,yes
modules/post-install-informational-resources.adoc,post_installation_configuration/cluster-tasks.adoc,post_installation_configuration,5,main;4.20;4.21;4.22;5.0,yes
modules/post-install-operator-config-resources.adoc,post_installation_configuration/cluster-tasks.adoc,post_installation_configuration,5,main;4.20;4.21;4.22;5.0,yes
modules/post-install-pod-disruption-budgets.adoc,post_installation_configuration/cluster-tasks.adoc,post_installation_configuration,5,main;4.20;4.21;4.22;5.0,yes
modules/monitoring-sending-notifications-to-external-systems.adoc,post_installation_configuration/configuring-alert-notifications.adoc,post_installation_configuration,5,main;4.20;4.21;4.22;5.0,yes
modules/multi-architecture-modify-machine-set-aws.adoc,post_installation_configuration/configuring-multi-arch-compute-machines/creating-multi-arch-compute-nodes-aws.adoc,post_installation_configuration,5,main;4.20;4.21;4.22;5.0,yes
modules/machine-user-infra-machines-ibm-z-kvm.adoc,post_installation_configuration/configuring-multi-arch-compute-machines/creating-multi-arch-compute-nodes-ibm-z-kvm.adoc,post_installation_configuration,5,main;4.20;4.21;4.22;5.0,yes
modules/machine-user-infra-machines-ibm-z.adoc,post_installation_configuration/configuring-multi-arch-compute-machines/creating-multi-arch-compute-nodes-ibm-z-lpar.adoc,post_installation_configuration,5,main;4.20;4.21;4.22;5.0,yes
modules/machine-user-infra-machines-ibm-z.adoc,post_installation_configuration/configuring-multi-arch-compute-machines/creating-multi-arch-compute-nodes-ibm-z.adoc,post_installation_configuration,5,main;4.20;4.21;4.22;5.0,yes
modules/multi-arch-uninstalling-using-cli.adoc,post_installation_configuration/configuring-multi-arch-compute-machines/multiarch-tuning-operator.adoc,post_installation_configuration,5,main;4.20;4.21;4.22;5.0,yes
modules/multi-arch-uninstalling-using-web-console.adoc,post_installation_configuration/configuring-multi-arch-compute-machines/multiarch-tuning-operator.adoc,post_installation_configuration,5,main;4.20;4.21;4.22;5.0,yes
modules/observability-alerting.adoc,post_installation_configuration/day_2_core_cnf_clusters/observability/observability.adoc,post_installation_configuration,5,main;4.20;4.21;4.22;5.0,yes
modules/observability-key-performance-metrics.adoc,post_installation_configuration/day_2_core_cnf_clusters/observability/observability.adoc,post_installation_configuration,5,main;4.20;4.21;4.22;5.0,yes
modules/observability-monitoring-stack.adoc,post_installation_configuration/day_2_core_cnf_clusters/observability/observability.adoc,post_installation_configuration,5,main;4.20;4.21;4.22;5.0,yes
modules/observability-monitoring-the-edge.adoc,post_installation_configuration/day_2_core_cnf_clusters/observability/observability.adoc,post_installation_configuration,5,main;4.20;4.21;4.22;5.0,yes
modules/observability-workload-monitoring.adoc,post_installation_configuration/day_2_core_cnf_clusters/observability/observability.adoc,post_installation_configuration,5,main;4.20;4.21;4.22;5.0,yes
modules/security-identity-prov-config.adoc,post_installation_configuration/day_2_core_cnf_clusters/security/security-basics.adoc,post_installation_configuration,5,main;4.20;4.21;4.22;5.0,yes
modules/security-infra.adoc,post_installation_configuration/day_2_core_cnf_clusters/security/security-basics.adoc,post_installation_configuration,5,main;4.20;4.21;4.22;5.0,yes
modules/security-lifecycle-mgmnt.adoc,post_installation_configuration/day_2_core_cnf_clusters/security/security-basics.adoc,post_installation_configuration,5,main;4.20;4.21;4.22;5.0,yes
modules/security-pod-sec-in-kub-and-ocp.adoc,post_installation_configuration/day_2_core_cnf_clusters/security/security-basics.adoc,post_installation_configuration,5,main;4.20;4.21;4.22;5.0,yes
modules/security-rbac-overview.adoc,post_installation_configuration/day_2_core_cnf_clusters/security/security-basics.adoc,post_installation_configuration,5,main;4.20;4.21;4.22;5.0,yes
modules/security-replacing-kubeadmin-user.adoc,post_installation_configuration/day_2_core_cnf_clusters/security/security-basics.adoc,post_installation_configuration,5,main;4.20;4.21;4.22;5.0,yes
modules/security-sec-accounts-overview.adoc,post_installation_configuration/day_2_core_cnf_clusters/security/security-basics.adoc,post_installation_configuration,5,main;4.20;4.21;4.22;5.0,yes
modules/security-sec-considerations-telco.adoc,post_installation_configuration/day_2_core_cnf_clusters/security/security-basics.adoc,post_installation_configuration,5,main;4.20;4.21;4.22;5.0,yes
modules/troubleshooting-bmn-connect-to-node.adoc,post_installation_configuration/day_2_core_cnf_clusters/troubleshooting/troubleshooting-bmn-maintenance.adoc,post_installation_configuration,5,main;4.20;4.21;4.22;5.0,yes
modules/troubleshooting-bmn-move-apps-to-pods.adoc,post_installation_configuration/day_2_core_cnf_clusters/troubleshooting/troubleshooting-bmn-maintenance.adoc,post_installation_configuration,5,main;4.20;4.21;4.22;5.0,yes
modules/troubleshooting-bmn-replace-dimm.adoc,post_installation_configuration/day_2_core_cnf_clusters/troubleshooting/troubleshooting-bmn-maintenance.adoc,post_installation_configuration,5,main;4.20;4.21;4.22;5.0,yes
modules/troubleshooting-bmn-replace-disk.adoc,post_installation_configuration/day_2_core_cnf_clusters/troubleshooting/troubleshooting-bmn-maintenance.adoc,post_installation_configuration,5,main;4.20;4.21;4.22;5.0,yes
modules/troubleshooting-bmn-replace-nw-card.adoc,post_installation_configuration/day_2_core_cnf_clusters/troubleshooting/troubleshooting-bmn-maintenance.adoc,post_installation_configuration,5,main;4.20;4.21;4.22;5.0,yes
modules/troubleshooting-certs-auto-node.adoc,post_installation_configuration/day_2_core_cnf_clusters/troubleshooting/troubleshooting-cert-maintenance.adoc,post_installation_configuration,5,main;4.20;4.21;4.22;5.0,yes
modules/troubleshooting-certs-auto-service-ca.adoc,post_installation_configuration/day_2_core_cnf_clusters/troubleshooting/troubleshooting-cert-maintenance.adoc,post_installation_configuration,5,main;4.20;4.21;4.22;5.0,yes
modules/troubleshooting-certs-auto.adoc,post_installation_configuration/day_2_core_cnf_clusters/troubleshooting/troubleshooting-cert-maintenance.adoc,post_installation_configuration,5,main;4.20;4.21;4.22;5.0,yes
modules/troubleshooting-certs-manual-proxy.adoc,post_installation_configuration/day_2_core_cnf_clusters/troubleshooting/troubleshooting-cert-maintenance.adoc,post_installation_configuration,5,main;4.20;4.21;4.22;5.0,yes
modules/troubleshooting-certs-manual-user-provisioned.adoc,post_installation_configuration/day_2_core_cnf_clusters/troubleshooting/troubleshooting-cert-maintenance.adoc,post_installation_configuration,5,main;4.20;4.21;4.22;5.0,yes
modules/troubleshooting-certs-manual.adoc,post_installation_configuration/day_2_core_cnf_clusters/troubleshooting/troubleshooting-cert-maintenance.adoc,post_installation_configuration,5,main;4.20;4.21;4.22;5.0,yes
modules/troubleshooting-clusters-check-cluster-operators.adoc,post_installation_configuration/day_2_core_cnf_clusters/troubleshooting/troubleshooting-cluster-maintenance.adoc,post_installation_configuration,5,main;4.20;4.21;4.22;5.0,yes
modules/troubleshooting-clusters-check-for-failed-pods.adoc,post_installation_configuration/day_2_core_cnf_clusters/troubleshooting/troubleshooting-cluster-maintenance.adoc,post_installation_configuration,5,main;4.20;4.21;4.22;5.0,yes
modules/troubleshooting-general-check-logs.adoc,post_installation_configuration/day_2_core_cnf_clusters/troubleshooting/troubleshooting-general-troubleshooting.adoc,post_installation_configuration,5,main;4.20;4.21;4.22;5.0,yes
modules/troubleshooting-general-connect-to-pod.adoc,post_installation_configuration/day_2_core_cnf_clusters/troubleshooting/troubleshooting-general-troubleshooting.adoc,post_installation_configuration,5,main;4.20;4.21;4.22;5.0,yes
modules/troubleshooting-general-debug-pod.adoc,post_installation_configuration/day_2_core_cnf_clusters/troubleshooting/troubleshooting-general-troubleshooting.adoc,post_installation_configuration,5,main;4.20;4.21;4.22;5.0,yes
modules/troubleshooting-general-describe-pod.adoc,post_installation_configuration/day_2_core_cnf_clusters/troubleshooting/troubleshooting-general-troubleshooting.adoc,post_installation_configuration,5,main;4.20;4.21;4.22;5.0,yes
modules/troubleshooting-general-query-cluster.adoc,post_installation_configuration/day_2_core_cnf_clusters/troubleshooting/troubleshooting-general-troubleshooting.adoc,post_installation_configuration,5,main;4.20;4.21;4.22;5.0,yes
modules/troubleshooting-general-run-command-on-pod.adoc,post_installation_configuration/day_2_core_cnf_clusters/troubleshooting/troubleshooting-general-troubleshooting.adoc,post_installation_configuration,5,main;4.20;4.21;4.22;5.0,yes
modules/support-getting-support.adoc,post_installation_configuration/day_2_core_cnf_clusters/troubleshooting/troubleshooting-intro.adoc,post_installation_configuration,5,main;4.20;4.21;4.22;5.0,yes
modules/support-knowledgebase-about.adoc,post_installation_configuration/day_2_core_cnf_clusters/troubleshooting/troubleshooting-intro.adoc,post_installation_configuration,5,main;4.20;4.21;4.22;5.0,yes
modules/support-knowledgebase-search.adoc,post_installation_configuration/day_2_core_cnf_clusters/troubleshooting/troubleshooting-intro.adoc,post_installation_configuration,5,main;4.20;4.21;4.22;5.0,yes
modules/support-submitting-a-case.adoc,post_installation_configuration/day_2_core_cnf_clusters/troubleshooting/troubleshooting-intro.adoc,post_installation_configuration,5,main;4.20;4.21;4.22;5.0,yes
modules/troubleshooting-mco-apply-several-mcs.adoc,post_installation_configuration/day_2_core_cnf_clusters/troubleshooting/troubleshooting-mco.adoc,post_installation_configuration,5,main;4.20;4.21;4.22;5.0,yes
modules/troubleshooting-mco-purpose.adoc,post_installation_configuration/day_2_core_cnf_clusters/troubleshooting/troubleshooting-mco.adoc,post_installation_configuration,5,main;4.20;4.21;4.22;5.0,yes
modules/troubleshooting-security-authentication.adoc,post_installation_configuration/day_2_core_cnf_clusters/troubleshooting/troubleshooting-security.adoc,post_installation_configuration,5,main;4.20;4.21;4.22;5.0,yes
modules/update-api-compatibility.adoc,post_installation_configuration/day_2_core_cnf_clusters/updating/update-api.adoc,post_installation_configuration,5,main;4.20;4.21;4.22;5.0,yes
modules/update-determining-the-cluster-version-update-path.adoc,post_installation_configuration/day_2_core_cnf_clusters/updating/update-api.adoc,post_installation_configuration,5,main;4.20;4.21;4.22;5.0,yes
modules/update-selecting-the-target-release.adoc,post_installation_configuration/day_2_core_cnf_clusters/updating/update-api.adoc,post_installation_configuration,5,main;4.20;4.21;4.22;5.0,yes
modules/update-checking-the-cluster-health.adoc,post_installation_configuration/day_2_core_cnf_clusters/updating/update-before-the-update.adoc,post_installation_configuration,5,main;4.20;4.21;4.22;5.0,yes
modules/update-pause-worker-nodes-before-the-update.adoc,post_installation_configuration/day_2_core_cnf_clusters/updating/update-before-the-update.adoc,post_installation_configuration,5,main;4.20;4.21;4.22;5.0,yes
modules/update-monitoring-application-health.adoc,post_installation_configuration/day_2_core_cnf_clusters/updating/update-cnf-update-prep.adoc,post_installation_configuration,5,main;4.20;4.21;4.22;5.0,yes
modules/update-pdb.adoc,post_installation_configuration/day_2_core_cnf_clusters/updating/update-cnf-update-prep.adoc,post_installation_configuration,5,main;4.20;4.21;4.22;5.0,yes
modules/update-pod-anti-affinity.adoc,post_installation_configuration/day_2_core_cnf_clusters/updating/update-cnf-update-prep.adoc,post_installation_configuration,5,main;4.20;4.21;4.22;5.0,yes
modules/update-acknowledging-the-update.adoc,post_installation_configuration/day_2_core_cnf_clusters/updating/update-completing-the-control-plane-only-update.adoc,post_installation_configuration,5,main;4.20;4.21;4.22;5.0,yes
modules/update-acknowledging-the-y-stream-release-update.adoc,post_installation_configuration/day_2_core_cnf_clusters/updating/update-completing-the-control-plane-only-update.adoc,post_installation_configuration,5,main;4.20;4.21;4.22;5.0,yes
modules/update-monitoring-second-part-y-update.adoc,post_installation_configuration/day_2_core_cnf_clusters/updating/update-completing-the-control-plane-only-update.adoc,post_installation_configuration,5,main;4.20;4.21;4.22;5.0,yes
modules/update-monitoring-the-cluster-update.adoc,post_installation_configuration/day_2_core_cnf_clusters/updating/update-completing-the-control-plane-only-update.adoc,post_installation_configuration,5,main;4.20;4.21;4.22;5.0,yes
modules/update-performing-the-second-y-stream-update.adoc,post_installation_configuration/day_2_core_cnf_clusters/updating/update-completing-the-control-plane-only-update.adoc,post_installation_configuration,5,main;4.20;4.21;4.22;5.0,yes
modules/update-starting-the-cluster-update.adoc,post_installation_configuration/day_2_core_cnf_clusters/updating/update-completing-the-control-plane-only-update.adoc,post_installation_configuration,5,main;4.20;4.21;4.22;5.0,yes
modules/update-starting-the-y-stream-control-plane-update.adoc,post_installation_configuration/day_2_core_cnf_clusters/updating/update-completing-the-control-plane-only-update.adoc,post_installation_configuration,5,main;4.20;4.21;4.22;5.0,yes
modules/update-updating-all-the-olm-operators.adoc,post_installation_configuration/day_2_core_cnf_clusters/updating/update-completing-the-control-plane-only-update.adoc,post_installation_configuration,5,main;4.20;4.21;4.22;5.0,yes
modules/update-updating-the-olm-operators.adoc,post_installation_configuration/day_2_core_cnf_clusters/updating/update-completing-the-control-plane-only-update.adoc,post_installation_configuration,5,main;4.20;4.21;4.22;5.0,yes
modules/update-updating-the-worker-nodes.adoc,post_installation_configuration/day_2_core_cnf_clusters/updating/update-completing-the-control-plane-only-update.adoc,post_installation_configuration,5,main;4.20;4.21;4.22;5.0,yes
modules/update-verifying-the-health-of-the-newly-updated-cluster.adoc,post_installation_configuration/day_2_core_cnf_clusters/updating/update-completing-the-control-plane-only-update.adoc,post_installation_configuration,5,main;4.20;4.21;4.22;5.0,yes
modules/update-acknowledging-the-update.adoc,post_installation_configuration/day_2_core_cnf_clusters/updating/update-completing-the-y-stream-update.adoc,post_installation_configuration,5,main;4.20;4.21;4.22;5.0,yes
modules/update-monitoring-the-cluster-update.adoc,post_installation_configuration/day_2_core_cnf_clusters/updating/update-completing-the-y-stream-update.adoc,post_installation_configuration,5,main;4.20;4.21;4.22;5.0,yes
modules/update-starting-the-cluster-update.adoc,post_installation_configuration/day_2_core_cnf_clusters/updating/update-completing-the-y-stream-update.adoc,post_installation_configuration,5,main;4.20;4.21;4.22;5.0,yes
modules/update-updating-the-olm-operators.adoc,post_installation_configuration/day_2_core_cnf_clusters/updating/update-completing-the-y-stream-update.adoc,post_installation_configuration,5,main;4.20;4.21;4.22;5.0,yes
modules/update-updating-the-worker-nodes.adoc,post_installation_configuration/day_2_core_cnf_clusters/updating/update-completing-the-y-stream-update.adoc,post_installation_configuration,5,main;4.20;4.21;4.22;5.0,yes
modules/update-verifying-the-health-of-the-newly-updated-cluster.adoc,post_installation_configuration/day_2_core_cnf_clusters/updating/update-completing-the-y-stream-update.adoc,post_installation_configuration,5,main;4.20;4.21;4.22;5.0,yes
modules/update-starting-the-cluster-update.adoc,post_installation_configuration/day_2_core_cnf_clusters/updating/update-completing-the-z-stream-update.adoc,post_installation_configuration,5,main;4.20;4.21;4.22;5.0,yes
modules/update-updating-the-worker-nodes.adoc,post_installation_configuration/day_2_core_cnf_clusters/updating/update-completing-the-z-stream-update.adoc,post_installation_configuration,5,main;4.20;4.21;4.22;5.0,yes
modules/update-verifying-the-health-of-the-newly-updated-cluster.adoc,post_installation_configuration/day_2_core_cnf_clusters/updating/update-completing-the-z-stream-update.adoc,post_installation_configuration,5,main;4.20;4.21;4.22;5.0,yes
modules/update-applying-mcp-labels-to-nodes-before-the-update.adoc,post_installation_configuration/day_2_core_cnf_clusters/updating/update-ocp-update-prep.adoc,post_installation_configuration,5,main;4.20;4.21;4.22;5.0,yes
modules/update-creating-mcp-groups-for-the-cluster.adoc,post_installation_configuration/day_2_core_cnf_clusters/updating/update-ocp-update-prep.adoc,post_installation_configuration,5,main;4.20;4.21;4.22;5.0,yes
modules/update-ensuring-that-layered-products-are-compatible.adoc,post_installation_configuration/day_2_core_cnf_clusters/updating/update-ocp-update-prep.adoc,post_installation_configuration,5,main;4.20;4.21;4.22;5.0,yes
modules/update-ensuring-the-host-firmware-is-compatible.adoc,post_installation_configuration/day_2_core_cnf_clusters/updating/update-ocp-update-prep.adoc,post_installation_configuration,5,main;4.20;4.21;4.22;5.0,yes
modules/update-preparing-the-platform-for-update.adoc,post_installation_configuration/day_2_core_cnf_clusters/updating/update-ocp-update-prep.adoc,post_installation_configuration,5,main;4.20;4.21;4.22;5.0,yes
modules/update-reviewing-configured-cluster-mcp-roles.adoc,post_installation_configuration/day_2_core_cnf_clusters/updating/update-ocp-update-prep.adoc,post_installation_configuration,5,main;4.20;4.21;4.22;5.0,yes
modules/core-cluster-upgrade-eus-control-plane-only.adoc,post_installation_configuration/day_2_core_cnf_clusters/updating/update-rhacm-talm-eus.adoc,post_installation_configuration,5,main;4.20;4.21;4.22;5.0,yes
modules/core-cluster-upgrade-health-check.adoc,post_installation_configuration/day_2_core_cnf_clusters/updating/update-rhacm-talm-health-checks.adoc,post_installation_configuration,5,main;4.20;4.21;4.22;5.0,yes
modules/core-cluster-upgrade-operator-coordination.adoc,post_installation_configuration/day_2_core_cnf_clusters/updating/update-rhacm-talm-operator-coordination.adoc,post_installation_configuration,5,main;4.20;4.21;4.22;5.0,yes
modules/core-cluster-upgrade-gitops-talm-overview.adoc,post_installation_configuration/day_2_core_cnf_clusters/updating/update-rhacm-talm-overview.adoc,post_installation_configuration,5,main;4.20;4.21;4.22;5.0,yes
modules/core-cluster-upgrade-scenario-eus.adoc,post_installation_configuration/day_2_core_cnf_clusters/updating/update-rhacm-talm-overview.adoc,post_installation_configuration,5,main;4.20;4.21;4.22;5.0,yes
modules/core-cluster-upgrade-scenario-policy-changes.adoc,post_installation_configuration/day_2_core_cnf_clusters/updating/update-rhacm-talm-overview.adoc,post_installation_configuration,5,main;4.20;4.21;4.22;5.0,yes
modules/core-cluster-upgrade-scenario-selection.adoc,post_installation_configuration/day_2_core_cnf_clusters/updating/update-rhacm-talm-overview.adoc,post_installation_configuration,5,main;4.20;4.21;4.22;5.0,yes
modules/core-cluster-upgrade-scenario-y-stream.adoc,post_installation_configuration/day_2_core_cnf_clusters/updating/update-rhacm-talm-overview.adoc,post_installation_configuration,5,main;4.20;4.21;4.22;5.0,yes
modules/core-cluster-upgrade-scenario-z-stream.adoc,post_installation_configuration/day_2_core_cnf_clusters/updating/update-rhacm-talm-overview.adoc,post_installation_configuration,5,main;4.20;4.21;4.22;5.0,yes
modules/core-cluster-upgrade-scenarios.adoc,post_installation_configuration/day_2_core_cnf_clusters/updating/update-rhacm-talm-overview.adoc,post_installation_configuration,5,main;4.20;4.21;4.22;5.0,yes
modules/core-cluster-upgrade-talm-benefits.adoc,post_installation_configuration/day_2_core_cnf_clusters/updating/update-rhacm-talm-overview.adoc,post_installation_configuration,5,main;4.20;4.21;4.22;5.0,yes
modules/core-cluster-upgrade-cgu-configuration.adoc,post_installation_configuration/day_2_core_cnf_clusters/updating/update-rhacm-talm-preparing-policies.adoc,post_installation_configuration,5,main;4.20;4.21;4.22;5.0,yes
modules/core-cluster-upgrade-talm-setup.adoc,post_installation_configuration/day_2_core_cnf_clusters/updating/update-rhacm-talm-preparing-policies.adoc,post_installation_configuration,5,main;4.20;4.21;4.22;5.0,yes
modules/core-cluster-upgrade-ts-cgu-failed.adoc,post_installation_configuration/day_2_core_cnf_clusters/updating/update-rhacm-talm-troubleshooting.adoc,post_installation_configuration,5,main;4.20;4.21;4.22;5.0,yes
modules/core-cluster-upgrade-ts-cgu-preparing.adoc,post_installation_configuration/day_2_core_cnf_clusters/updating/update-rhacm-talm-troubleshooting.adoc,post_installation_configuration,5,main;4.20;4.21;4.22;5.0,yes
modules/core-cluster-upgrade-ts-collect-diagnostics.adoc,post_installation_configuration/day_2_core_cnf_clusters/updating/update-rhacm-talm-troubleshooting.adoc,post_installation_configuration,5,main;4.20;4.21;4.22;5.0,yes
modules/core-cluster-upgrade-ts-etcd.adoc,post_installation_configuration/day_2_core_cnf_clusters/updating/update-rhacm-talm-troubleshooting.adoc,post_installation_configuration,5,main;4.20;4.21;4.22;5.0,yes
modules/core-cluster-upgrade-ts-image-pull.adoc,post_installation_configuration/day_2_core_cnf_clusters/updating/update-rhacm-talm-troubleshooting.adoc,post_installation_configuration,5,main;4.20;4.21;4.22;5.0,yes
modules/core-cluster-upgrade-ts-nodes-notready.adoc,post_installation_configuration/day_2_core_cnf_clusters/updating/update-rhacm-talm-troubleshooting.adoc,post_installation_configuration,5,main;4.20;4.21;4.22;5.0,yes
modules/core-cluster-upgrade-ts-noncompliant-policy.adoc,post_installation_configuration/day_2_core_cnf_clusters/updating/update-rhacm-talm-troubleshooting.adoc,post_installation_configuration,5,main;4.20;4.21;4.22;5.0,yes
modules/core-cluster-upgrade-ts-operator-degraded.adoc,post_installation_configuration/day_2_core_cnf_clusters/updating/update-rhacm-talm-troubleshooting.adoc,post_installation_configuration,5,main;4.20;4.21;4.22;5.0,yes
modules/core-cluster-upgrade-ts-timeout.adoc,post_installation_configuration/day_2_core_cnf_clusters/updating/update-rhacm-talm-troubleshooting.adoc,post_installation_configuration,5,main;4.20;4.21;4.22;5.0,yes
modules/core-cluster-upgrade-ts-update-stuck.adoc,post_installation_configuration/day_2_core_cnf_clusters/updating/update-rhacm-talm-troubleshooting.adoc,post_installation_configuration,5,main;4.20;4.21;4.22;5.0,yes
modules/core-cluster-upgrade-ts-worker-update-stuck.adoc,post_installation_configuration/day_2_core_cnf_clusters/updating/update-rhacm-talm-troubleshooting.adoc,post_installation_configuration,5,main;4.20;4.21;4.22;5.0,yes
modules/core-cluster-upgrade-worker-batching-mcp.adoc,post_installation_configuration/day_2_core_cnf_clusters/updating/update-rhacm-talm-worker-batching.adoc,post_installation_configuration,5,main;4.20;4.21;4.22;5.0,yes
modules/core-cluster-upgrade-worker-batching-pdb.adoc,post_installation_configuration/day_2_core_cnf_clusters/updating/update-rhacm-talm-worker-batching.adoc,post_installation_configuration,5,main;4.20;4.21;4.22;5.0,yes
modules/core-cluster-upgrade-worker-node-management-manual.adoc,post_installation_configuration/day_2_core_cnf_clusters/updating/update-rhacm-talm-worker-management.adoc,post_installation_configuration,5,main;4.20;4.21;4.22;5.0,yes
modules/core-cluster-upgrade-worker-node-management.adoc,post_installation_configuration/day_2_core_cnf_clusters/updating/update-rhacm-talm-worker-management.adoc,post_installation_configuration,5,main;4.20;4.21;4.22;5.0,yes
modules/core-cluster-upgrade-y-stream-sequential.adoc,post_installation_configuration/day_2_core_cnf_clusters/updating/update-rhacm-talm-y-stream.adoc,post_installation_configuration,5,main;4.20;4.21;4.22;5.0,yes
modules/core-cluster-upgrade-y-stream.adoc,post_installation_configuration/day_2_core_cnf_clusters/updating/update-rhacm-talm-y-stream.adoc,post_installation_configuration,5,main;4.20;4.21;4.22;5.0,yes
modules/core-cluster-upgrade-z-stream.adoc,post_installation_configuration/day_2_core_cnf_clusters/updating/update-rhacm-talm-z-stream.adoc,post_installation_configuration,5,main;4.20;4.21;4.22;5.0,yes
modules/update-introduction.adoc,post_installation_configuration/day_2_core_cnf_clusters/updating/update-welcome.adoc,post_installation_configuration,5,main;4.20;4.21;4.22;5.0,yes
modules/post-install-configuration-tasks-reference.adoc,post_installation_configuration/index.adoc,post_installation_configuration,5,main;4.20;4.21;4.22;5.0,yes
modules/nodes-vsphere-machine-set-concept-static-ip.adoc,post_installation_configuration/node-tasks.adoc,post_installation_configuration,5,main;4.20;4.21;4.22;5.0,yes
modules/nodes-vsphere-machine-set-scaling-static-ip.adoc,post_installation_configuration/node-tasks.adoc,post_installation_configuration,5,main;4.20;4.21;4.22;5.0,yes
modules/nodes-vsphere-scaling-machines-static-ip.adoc,post_installation_configuration/node-tasks.adoc,post_installation_configuration,5,main;4.20;4.21;4.22;5.0,yes
modules/post-install-deploying-machine-health-checks.adoc,post_installation_configuration/node-tasks.adoc,post_installation_configuration,5,main;4.20;4.21;4.22;5.0,yes
modules/post-install-machine-scaling-static-ip.adoc,post_installation_configuration/node-tasks.adoc,post_installation_configuration,5,main;4.20;4.21;4.22;5.0,yes
modules/post-install-taints-tolerations.adoc,post_installation_configuration/node-tasks.adoc,post_installation_configuration,5,main;4.20;4.21;4.22;5.0,yes
modules/recommended-node-host-practices.adoc,post_installation_configuration/node-tasks.adoc,post_installation_configuration,5,main;4.20;4.21;4.22;5.0,yes
modules/images-cluster-sample-imagestream-import.adoc,post_installation_configuration/post-install-image-config.adoc,post_installation_configuration,5,main;4.20;4.21;4.22;5.0,yes
modules/installation-preparing-restricted-cluster-to-gather-support-data.adoc,post_installation_configuration/post-install-image-config.adoc,post_installation_configuration,5,main;4.20;4.21;4.22;5.0,yes
modules/installation-restricted-network-samples.adoc,post_installation_configuration/post-install-image-config.adoc,post_installation_configuration,5,main;4.20;4.21;4.22;5.0,yes
modules/deploy-red-hat-openshift-container-storage.adoc,post_installation_configuration/post-install-storage-configuration.adoc,post_installation_configuration,5,main;4.20;4.21;4.22;5.0,yes
modules/post-install-deploy-openshift-data-foundation.adoc,post_installation_configuration/post-install-storage-configuration.adoc,post_installation_configuration,5,main;4.20;4.21;4.22;5.0,yes
modules/post-install-dynamic-provisioning.adoc,post_installation_configuration/post-install-storage-configuration.adoc,post_installation_configuration,5,main;4.20;4.21;4.22;5.0,yes
modules/olm-mirroring-catalog-icsp.adoc,post_installation_configuration/preparing-for-users.adoc,post_installation_configuration,5,main;4.20;4.21;4.22;5.0,yes
modules/post-install-mirrored-catalogs.adoc,post_installation_configuration/preparing-for-users.adoc,post_installation_configuration,5,main;4.20;4.21;4.22;5.0,yes
modules/gathering-kubelet-logs.adoc,rest_api/overview/editing-kubelet-log-level-verbosity.adoc,rest_api,5,main;4.20;4.21;4.22;5.0,yes
modules/log-verbosity-descriptions.adoc,rest_api/overview/editing-kubelet-log-level-verbosity.adoc,rest_api,5,main;4.20;4.21;4.22;5.0,yes
modules/modifying-kubelet-as-one-time-scenario.adoc,rest_api/overview/editing-kubelet-log-level-verbosity.adoc,rest_api,5,main;4.20;4.21;4.22;5.0,yes
modules/persistent-kubelet-log-level-configuration.adoc,rest_api/overview/editing-kubelet-log-level-verbosity.adoc,rest_api,5,main;4.20;4.21;4.22;5.0,yes
modules/api-support-deprecation-policy.adoc,rest_api/overview/understanding-api-support-tiers.adoc,rest_api,5,main;4.20;4.21;4.22;5.0,yes
modules/api-support-tiers-mapping.adoc,rest_api/overview/understanding-api-support-tiers.adoc,rest_api,5,main;4.20;4.21;4.22;5.0,yes
modules/api-support-tiers.adoc,rest_api/overview/understanding-api-support-tiers.adoc,rest_api,5,main;4.20;4.21;4.22;5.0,yes
modules/api-compatibility-exceptions.adoc,rest_api/overview/understanding-compatibility-guidelines.adoc,rest_api,5,main;4.20;4.21;4.22;5.0,yes
modules/api-compatibility-guidelines.adoc,rest_api/overview/understanding-compatibility-guidelines.adoc,rest_api,5,main;4.20;4.21;4.22;5.0,yes
modules/cluster-compare-manual-match.adoc,scalability_and_performance/cluster-compare/advanced-ref-config-customization.adoc,scalability_and_performance,5,main;4.20;4.21;4.22;5.0,yes
modules/cluster-compare-patching.adoc,scalability_and_performance/cluster-compare/advanced-ref-config-customization.adoc,scalability_and_performance,5,main;4.20;4.21;4.22;5.0,yes
modules/cluster-compare-configure-inline-diff.adoc,scalability_and_performance/cluster-compare/creating-a-reference-configuration.adoc,scalability_and_performance,5,main;4.20;4.21;4.22;5.0,yes
modules/cluster-compare-exclude-metadata.adoc,scalability_and_performance/cluster-compare/creating-a-reference-configuration.adoc,scalability_and_performance,5,main;4.20;4.21;4.22;5.0,yes
modules/cluster-compare-metadata-structure.adoc,scalability_and_performance/cluster-compare/creating-a-reference-configuration.adoc,scalability_and_performance,5,main;4.20;4.21;4.22;5.0,yes
modules/cluster-compare-template-groupings.adoc,scalability_and_performance/cluster-compare/creating-a-reference-configuration.adoc,scalability_and_performance,5,main;4.20;4.21;4.22;5.0,yes
modules/cluster-compare-templating-reference.adoc,scalability_and_performance/cluster-compare/creating-a-reference-configuration.adoc,scalability_and_performance,5,main;4.20;4.21;4.22;5.0,yes
modules/cluster-compare-templating.adoc,scalability_and_performance/cluster-compare/creating-a-reference-configuration.adoc,scalability_and_performance,5,main;4.20;4.21;4.22;5.0,yes
modules/troubleshooting-cc-false-positives.adoc,scalability_and_performance/cluster-compare/troubleshooting-cluster-comparisons.adoc,scalability_and_performance,5,main;4.20;4.21;4.22;5.0,yes
modules/troubleshooting-cc-multiple-matches.adoc,scalability_and_performance/cluster-compare/troubleshooting-cluster-comparisons.adoc,scalability_and_performance,5,main;4.20;4.21;4.22;5.0,yes
modules/understanding-a-reference-config.adoc,scalability_and_performance/cluster-compare/understanding-the-cluster-compare-plugin.adoc,scalability_and_performance,5,main;4.20;4.21;4.22;5.0,yes
modules/cnf-performing-end-to-end-tests-image-parameters.adoc,scalability_and_performance/cnf-performing-platform-verification-latency-tests.adoc,scalability_and_performance,5,main;4.20;4.21;4.22;5.0,yes
modules/cnf-performing-end-to-end-tests-mirroring-images-to-custom-registry.adoc,scalability_and_performance/cnf-performing-platform-verification-latency-tests.adoc,scalability_and_performance,5,main;4.20;4.21;4.22;5.0,yes
modules/cnf-performing-end-to-end-tests-mirroring-to-cluster-internal-registry.adoc,scalability_and_performance/cnf-performing-platform-verification-latency-tests.adoc,scalability_and_performance,5,main;4.20;4.21;4.22;5.0,yes
modules/mirroring-different-set-of-images.adoc,scalability_and_performance/cnf-performing-platform-verification-latency-tests.adoc,scalability_and_performance,5,main;4.20;4.21;4.22;5.0,yes
modules/admin-limit-operations.adoc,scalability_and_performance/compute-resource-quotas.adoc,scalability_and_performance,5,main;4.20;4.21;4.22;5.0,yes
modules/admin-quota-limits.adoc,scalability_and_performance/compute-resource-quotas.adoc,scalability_and_performance,5,main;4.20;4.21;4.22;5.0,yes
modules/admin-quota-overview.adoc,scalability_and_performance/compute-resource-quotas.adoc,scalability_and_performance,5,main;4.20;4.21;4.22;5.0,yes
modules/admin-quota-usage.adoc,scalability_and_performance/compute-resource-quotas.adoc,scalability_and_performance,5,main;4.20;4.21;4.22;5.0,yes
modules/configuring-quota-synchronization-period.adoc,scalability_and_performance/compute-resource-quotas.adoc,scalability_and_performance,5,main;4.20;4.21;4.22;5.0,yes
modules/container-limits.adoc,scalability_and_performance/compute-resource-quotas.adoc,scalability_and_performance,5,main;4.20;4.21;4.22;5.0,yes
modules/creating-a-quota.adoc,scalability_and_performance/compute-resource-quotas.adoc,scalability_and_performance,5,main;4.20;4.21;4.22;5.0,yes
modules/creating-object-count-quotas.adoc,scalability_and_performance/compute-resource-quotas.adoc,scalability_and_performance,5,main;4.20;4.21;4.22;5.0,yes
modules/image-limits.adoc,scalability_and_performance/compute-resource-quotas.adoc,scalability_and_performance,5,main;4.20;4.21;4.22;5.0,yes
modules/image-stream-limits.adoc,scalability_and_performance/compute-resource-quotas.adoc,scalability_and_performance,5,main;4.20;4.21;4.22;5.0,yes
modules/persistent-volume-claim-limits.adoc,scalability_and_performance/compute-resource-quotas.adoc,scalability_and_performance,5,main;4.20;4.21;4.22;5.0,yes
modules/pod-limits.adoc,scalability_and_performance/compute-resource-quotas.adoc,scalability_and_performance,5,main;4.20;4.21;4.22;5.0,yes
modules/quota-scopes.adoc,scalability_and_performance/compute-resource-quotas.adoc,scalability_and_performance,5,main;4.20;4.21;4.22;5.0,yes
modules/sample-resource-quota-definitions.adoc,scalability_and_performance/compute-resource-quotas.adoc,scalability_and_performance,5,main;4.20;4.21;4.22;5.0,yes
modules/setting-quota-to-consume-resource.adoc,scalability_and_performance/compute-resource-quotas.adoc,scalability_and_performance,5,main;4.20;4.21;4.22;5.0,yes
modules/setting-resource-quota-extended-resources.adoc,scalability_and_performance/compute-resource-quotas.adoc,scalability_and_performance,5,main;4.20;4.21;4.22;5.0,yes
modules/viewing-a-quota.adoc,scalability_and_performance/compute-resource-quotas.adoc,scalability_and_performance,5,main;4.20;4.21;4.22;5.0,yes
modules/scalability-and-performance-telco-reference-designs.adoc,scalability_and_performance/index.adoc,scalability_and_performance,5,main;4.20;4.21;4.22;5.0,yes
modules/about-bare-metal-hosts-and-nodes.adoc,scalability_and_performance/managing-bare-metal-hosts.adoc,scalability_and_performance,5,main;4.20;4.21;4.22;5.0,yes
modules/adding-bare-metal-host-to-cluster-using-web-console.adoc,scalability_and_performance/managing-bare-metal-hosts.adoc,scalability_and_performance,5,main;4.20;4.21;4.22;5.0,yes
modules/adding-bare-metal-host-to-cluster-using-yaml.adoc,scalability_and_performance/managing-bare-metal-hosts.adoc,scalability_and_performance,5,main;4.20;4.21;4.22;5.0,yes
modules/automatically-scaling-machines-to-available-bare-metal-hosts.adoc,scalability_and_performance/managing-bare-metal-hosts.adoc,scalability_and_performance,5,main;4.20;4.21;4.22;5.0,yes
modules/maintaining-bare-metal-hosts.adoc,scalability_and_performance/managing-bare-metal-hosts.adoc,scalability_and_performance,5,main;4.20;4.21;4.22;5.0,yes
modules/powering-off-bare-metal-hosts-cli.adoc,scalability_and_performance/managing-bare-metal-hosts.adoc,scalability_and_performance,5,main;4.20;4.21;4.22;5.0,yes
modules/powering-off-bare-metal-hosts-web-console.adoc,scalability_and_performance/managing-bare-metal-hosts.adoc,scalability_and_performance,5,main;4.20;4.21;4.22;5.0,yes
modules/removing-bare-metal-hosts-from-provisioner.adoc,scalability_and_performance/managing-bare-metal-hosts.adoc,scalability_and_performance,5,main;4.20;4.21;4.22;5.0,yes
modules/node-observability-create-custom-resource.adoc,scalability_and_performance/node-observability-operator.adoc,scalability_and_performance,5,main;4.20;4.21;4.22;5.0,yes
modules/node-observability-high-level-workflow.adoc,scalability_and_performance/node-observability-operator.adoc,scalability_and_performance,5,main;4.20;4.21;4.22;5.0,yes
modules/node-observability-install-cli.adoc,scalability_and_performance/node-observability-operator.adoc,scalability_and_performance,5,main;4.20;4.21;4.22;5.0,yes
modules/node-observability-install-web-console.adoc,scalability_and_performance/node-observability-operator.adoc,scalability_and_performance,5,main;4.20;4.21;4.22;5.0,yes
modules/node-observability-installation.adoc,scalability_and_performance/node-observability-operator.adoc,scalability_and_performance,5,main;4.20;4.21;4.22;5.0,yes
modules/node-observability-operator-scripting.adoc,scalability_and_performance/node-observability-operator.adoc,scalability_and_performance,5,main;4.20;4.21;4.22;5.0,yes
modules/node-observability-requesting-crio-kubelet-profiling.adoc,scalability_and_performance/node-observability-operator.adoc,scalability_and_performance,5,main;4.20;4.21;4.22;5.0,yes
modules/node-observability-run-profiling-query.adoc,scalability_and_performance/node-observability-operator.adoc,scalability_and_performance,5,main;4.20;4.21;4.22;5.0,yes
modules/node-observability-scripting-cr.adoc,scalability_and_performance/node-observability-operator.adoc,scalability_and_performance,5,main;4.20;4.21;4.22;5.0,yes
modules/node-observability-scripting.adoc,scalability_and_performance/node-observability-operator.adoc,scalability_and_performance,5,main;4.20;4.21;4.22;5.0,yes
modules/configuring-cluster-monitoring.adoc,scalability_and_performance/recommended-performance-scale-practices/recommended-infrastructure-practices.adoc,scalability_and_performance,5,main;4.20;4.21;4.22;5.0,yes
modules/prometheus-database-storage-requirements.adoc,scalability_and_performance/recommended-performance-scale-practices/recommended-infrastructure-practices.adoc,scalability_and_performance,5,main;4.20;4.21;4.22;5.0,yes
modules/telco-core-additional-storage-solutions.adoc,scalability_and_performance/telco-core-rds.adoc,scalability_and_performance,5,main;4.20;4.21;4.22;5.0,yes
modules/telco-core-agent-based-installer.adoc,scalability_and_performance/telco-core-rds.adoc,scalability_and_performance,5,main;4.20;4.21;4.22;5.0,yes
modules/telco-core-cluster-network-operator.adoc,scalability_and_performance/telco-core-rds.adoc,scalability_and_performance,5,main;4.20;4.21;4.22;5.0,yes
modules/telco-core-cpu-partitioning-and-performance-tuning.adoc,scalability_and_performance/telco-core-rds.adoc,scalability_and_performance,5,main;4.20;4.21;4.22;5.0,yes
modules/telco-core-disconnected-environment.adoc,scalability_and_performance/telco-core-rds.adoc,scalability_and_performance,5,main;4.20;4.21;4.22;5.0,yes
modules/telco-core-gitops-operator-and-ztp-plugins.adoc,scalability_and_performance/telco-core-rds.adoc,scalability_and_performance,5,main;4.20;4.21;4.22;5.0,yes
modules/telco-core-host-firmware-and-boot-loader-configuration.adoc,scalability_and_performance/telco-core-rds.adoc,scalability_and_performance,5,main;4.20;4.21;4.22;5.0,yes
modules/telco-core-kubelet-settings.adoc,scalability_and_performance/telco-core-rds.adoc,scalability_and_performance,5,main;4.20;4.21;4.22;5.0,yes
modules/telco-core-load-balancer.adoc,scalability_and_performance/telco-core-rds.adoc,scalability_and_performance,5,main;4.20;4.21;4.22;5.0,yes
modules/telco-core-logging.adoc,scalability_and_performance/telco-core-rds.adoc,scalability_and_performance,5,main;4.20;4.21;4.22;5.0,yes
modules/telco-core-monitoring.adoc,scalability_and_performance/telco-core-rds.adoc,scalability_and_performance,5,main;4.20;4.21;4.22;5.0,yes
modules/telco-core-networking.adoc,scalability_and_performance/telco-core-rds.adoc,scalability_and_performance,5,main;4.20;4.21;4.22;5.0,yes
modules/telco-core-nmstate-operator.adoc,scalability_and_performance/telco-core-rds.adoc,scalability_and_performance,5,main;4.20;4.21;4.22;5.0,yes
modules/telco-core-node-configuration.adoc,scalability_and_performance/telco-core-rds.adoc,scalability_and_performance,5,main;4.20;4.21;4.22;5.0,yes
modules/telco-core-openshift-data-foundation.adoc,scalability_and_performance/telco-core-rds.adoc,scalability_and_performance,5,main;4.20;4.21;4.22;5.0,yes
modules/telco-core-power-management.adoc,scalability_and_performance/telco-core-rds.adoc,scalability_and_performance,5,main;4.20;4.21;4.22;5.0,yes
modules/telco-core-red-hat-advanced-cluster-management.adoc,scalability_and_performance/telco-core-rds.adoc,scalability_and_performance,5,main;4.20;4.21;4.22;5.0,yes
modules/telco-core-scheduling.adoc,scalability_and_performance/telco-core-rds.adoc,scalability_and_performance,5,main;4.20;4.21;4.22;5.0,yes
modules/telco-core-security.adoc,scalability_and_performance/telco-core-rds.adoc,scalability_and_performance,5,main;4.20;4.21;4.22;5.0,yes
modules/telco-core-service-mesh.adoc,scalability_and_performance/telco-core-rds.adoc,scalability_and_performance,5,main;4.20;4.21;4.22;5.0,yes
modules/telco-core-sr-iov.adoc,scalability_and_performance/telco-core-rds.adoc,scalability_and_performance,5,main;4.20;4.21;4.22;5.0,yes
modules/telco-core-storage.adoc,scalability_and_performance/telco-core-rds.adoc,scalability_and_performance,5,main;4.20;4.21;4.22;5.0,yes
modules/telco-core-topology-aware-lifecycle-manager.adoc,scalability_and_performance/telco-core-rds.adoc,scalability_and_performance,5,main;4.20;4.21;4.22;5.0,yes
modules/telco-core-workloads-on-schedulable-control-planes.adoc,scalability_and_performance/telco-core-rds.adoc,scalability_and_performance,5,main;4.20;4.21;4.22;5.0,yes
modules/hub-cluster-ref-config-crs.adoc,scalability_and_performance/telco-hub-rds.adoc,scalability_and_performance,5,main;4.20;4.21;4.22;5.0,yes
modules/telco-hub-acm-observability.adoc,scalability_and_performance/telco-hub-rds.adoc,scalability_and_performance,5,main;4.20;4.21;4.22;5.0,yes
modules/telco-hub-assisted-service.adoc,scalability_and_performance/telco-hub-rds.adoc,scalability_and_performance,5,main;4.20;4.21;4.22;5.0,yes
modules/telco-hub-crs-advanced-cluster-management.adoc,scalability_and_performance/telco-hub-rds.adoc,scalability_and_performance,5,main;4.20;4.21;4.22;5.0,yes
modules/telco-hub-crs-container-registry.adoc,scalability_and_performance/telco-hub-rds.adoc,scalability_and_performance,5,main;4.20;4.21;4.22;5.0,yes
modules/telco-hub-crs-gitops-ztp.adoc,scalability_and_performance/telco-hub-rds.adoc,scalability_and_performance,5,main;4.20;4.21;4.22;5.0,yes
modules/telco-hub-crs-image-mirroring.adoc,scalability_and_performance/telco-hub-rds.adoc,scalability_and_performance,5,main;4.20;4.21;4.22;5.0,yes
modules/telco-hub-crs-installation.adoc,scalability_and_performance/telco-hub-rds.adoc,scalability_and_performance,5,main;4.20;4.21;4.22;5.0,yes
modules/telco-hub-crs-logging.adoc,scalability_and_performance/telco-hub-rds.adoc,scalability_and_performance,5,main;4.20;4.21;4.22;5.0,yes
modules/telco-hub-crs-storage.adoc,scalability_and_performance/telco-hub-rds.adoc,scalability_and_performance,5,main;4.20;4.21;4.22;5.0,yes
modules/telco-hub-git-repository.adoc,scalability_and_performance/telco-hub-rds.adoc,scalability_and_performance,5,main;4.20;4.21;4.22;5.0,yes
modules/telco-hub-gitops-operator-and-ztp-plugins.adoc,scalability_and_performance/telco-hub-rds.adoc,scalability_and_performance,5,main;4.20;4.21;4.22;5.0,yes
modules/telco-hub-hub-cluster-day-2-operators.adoc,scalability_and_performance/telco-hub-rds.adoc,scalability_and_performance,5,main;4.20;4.21;4.22;5.0,yes
modules/telco-hub-hub-cluster-openshift-deployment.adoc,scalability_and_performance/telco-hub-rds.adoc,scalability_and_performance,5,main;4.20;4.21;4.22;5.0,yes
modules/telco-hub-hub-components.adoc,scalability_and_performance/telco-hub-rds.adoc,scalability_and_performance,5,main;4.20;4.21;4.22;5.0,yes
modules/telco-hub-hub-disaster-recovery.adoc,scalability_and_performance/telco-hub-rds.adoc,scalability_and_performance,5,main;4.20;4.21;4.22;5.0,yes
modules/telco-hub-local-storage-operator.adoc,scalability_and_performance/telco-hub-rds.adoc,scalability_and_performance,5,main;4.20;4.21;4.22;5.0,yes
modules/telco-hub-logging.adoc,scalability_and_performance/telco-hub-rds.adoc,scalability_and_performance,5,main;4.20;4.21;4.22;5.0,yes
modules/telco-hub-managed-cluster-deployment.adoc,scalability_and_performance/telco-hub-rds.adoc,scalability_and_performance,5,main;4.20;4.21;4.22;5.0,yes
modules/telco-hub-managed-cluster-updates-and-upgrades.adoc,scalability_and_performance/telco-hub-rds.adoc,scalability_and_performance,5,main;4.20;4.21;4.22;5.0,yes
modules/telco-hub-managed-clusters-lifecycle-management.adoc,scalability_and_performance/telco-hub-rds.adoc,scalability_and_performance,5,main;4.20;4.21;4.22;5.0,yes
modules/telco-hub-networking.adoc,scalability_and_performance/telco-hub-rds.adoc,scalability_and_performance,5,main;4.20;4.21;4.22;5.0,yes
modules/telco-hub-oadp-operator.adoc,scalability_and_performance/telco-hub-rds.adoc,scalability_and_performance,5,main;4.20;4.21;4.22;5.0,yes
modules/telco-hub-observability.adoc,scalability_and_performance/telco-hub-rds.adoc,scalability_and_performance,5,main;4.20;4.21;4.22;5.0,yes
modules/telco-hub-openshift-data-foundation.adoc,scalability_and_performance/telco-hub-rds.adoc,scalability_and_performance,5,main;4.20;4.21;4.22;5.0,yes
modules/telco-hub-rds-container.adoc,scalability_and_performance/telco-hub-rds.adoc,scalability_and_performance,5,main;4.20;4.21;4.22;5.0,yes
modules/telco-hub-red-hat-advanced-cluster-management-rhacm.adoc,scalability_and_performance/telco-hub-rds.adoc,scalability_and_performance,5,main;4.20;4.21;4.22;5.0,yes
modules/telco-hub-storage-considerations.adoc,scalability_and_performance/telco-hub-rds.adoc,scalability_and_performance,5,main;4.20;4.21;4.22;5.0,yes
modules/telco-hub-topology-aware-lifecycle-manager-talm.adoc,scalability_and_performance/telco-hub-rds.adoc,scalability_and_performance,5,main;4.20;4.21;4.22;5.0,yes
modules/telco-ran-agent-based-installer-abi.adoc,scalability_and_performance/telco-ran-du-rds.adoc,scalability_and_performance,5,main;4.20;4.21;4.22;5.0,yes
modules/telco-ran-crs-cluster-tuning.adoc,scalability_and_performance/telco-ran-du-rds.adoc,scalability_and_performance,5,main;4.20;4.21;4.22;5.0,yes
modules/telco-ran-crs-day-2-operators.adoc,scalability_and_performance/telco-ran-du-rds.adoc,scalability_and_performance,5,main;4.20;4.21;4.22;5.0,yes
modules/telco-ran-crs-machine-configuration.adoc,scalability_and_performance/telco-ran-du-rds.adoc,scalability_and_performance,5,main;4.20;4.21;4.22;5.0,yes
modules/telco-ran-gitops-operator-and-ztp-plugins.adoc,scalability_and_performance/telco-ran-du-rds.adoc,scalability_and_performance,5,main;4.20;4.21;4.22;5.0,yes
modules/telco-ran-red-hat-advanced-cluster-management-rhacm.adoc,scalability_and_performance/telco-ran-du-rds.adoc,scalability_and_performance,5,main;4.20;4.21;4.22;5.0,yes
modules/telco-ran-siteconfig-operator.adoc,scalability_and_performance/telco-ran-du-rds.adoc,scalability_and_performance,5,main;4.20;4.21;4.22;5.0,yes
modules/telco-ran-topology-aware-lifecycle-manager-talm.adoc,scalability_and_performance/telco-ran-du-rds.adoc,scalability_and_performance,5,main;4.20;4.21;4.22;5.0,yes
modules/using-cluster-compare-telco-ran.adoc,scalability_and_performance/telco-ran-du-rds.adoc,scalability_and_performance,5,main;4.20;4.21;4.22;5.0,yes
modules/cert-manager-enable-operand-log-level.adoc,security/cert_manager_operator/cert-manager-log-levels.adoc,security,5,main;4.20;4.21;4.22;5.0,yes
modules/cert-manager-enable-operator-log-level.adoc,security/cert_manager_operator/cert-manager-log-levels.adoc,security,5,main;4.20;4.21;4.22;5.0,yes
modules/cert-manager-nw-policy-examples.adoc,security/cert_manager_operator/cert-manager-nw-policy.adoc,security,5,main;4.20;4.21;4.22;5.0,yes
modules/cert-manager-nw-policy-params.adoc,security/cert_manager_operator/cert-manager-nw-policy.adoc,security,5,main;4.20;4.21;4.22;5.0,yes
modules/cert-manager-nw-policy-rules.adoc,security/cert_manager_operator/cert-manager-nw-policy.adoc,security,5,main;4.20;4.21;4.22;5.0,yes
modules/cert-manager-nw-policy-verify.adoc,security/cert_manager_operator/cert-manager-nw-policy.adoc,security,5,main;4.20;4.21;4.22;5.0,yes
modules/cert-manager-istio-creating-issuer.adoc,security/cert_manager_operator/cert-manager-operator-integrating-istio.adoc,security,5,main;4.20;4.21;4.22;5.0,yes
modules/cert-manager-istio-csr-config-ca-cert.adoc,security/cert_manager_operator/cert-manager-operator-integrating-istio.adoc,security,5,main;4.20;4.21;4.22;5.0,yes
modules/cert-manager-istio-csr-config-namespace-sel.adoc,security/cert_manager_operator/cert-manager-operator-integrating-istio.adoc,security,5,main;4.20;4.21;4.22;5.0,yes
modules/cert-manager-istio-csr-installing.adoc,security/cert_manager_operator/cert-manager-operator-integrating-istio.adoc,security,5,main;4.20;4.21;4.22;5.0,yes
modules/cert-manager-istio-csr-setting-log-level.adoc,security/cert_manager_operator/cert-manager-operator-integrating-istio.adoc,security,5,main;4.20;4.21;4.22;5.0,yes
modules/cert-manager-istio-csr-uninstalling.adoc,security/cert_manager_operator/cert-manager-operator-integrating-istio.adoc,security,5,main;4.20;4.21;4.22;5.0,yes
modules/cert-manager-proxy-support.adoc,security/cert_manager_operator/cert-manager-operator-proxy.adoc,security,5,main;4.20;4.21;4.22;5.0,yes
modules/cert-manager-operator-release-notes-1-19-0.adoc,security/cert_manager_operator/cert-manager-operator-release-notes.adoc,security,5,main;4.20;4.21;4.22;5.0,yes
modules/cert-manager-operator-release-notes-1-20-0.adoc,security/cert_manager_operator/cert-manager-operator-release-notes.adoc,security,5,main;4.20;4.21;4.22;5.0,yes
modules/compliance-crd-advanced-compliance-scan.adoc,security/compliance_operator/co-concepts/compliance-operator-crd.adoc,security,5,main;4.20;4.21;4.22;5.0,yes
modules/compliance-crd-compliance-check-result.adoc,security/compliance_operator/co-concepts/compliance-operator-crd.adoc,security,5,main;4.20;4.21;4.22;5.0,yes
modules/compliance-crd-compliance-remediation.adoc,security/compliance_operator/co-concepts/compliance-operator-crd.adoc,security,5,main;4.20;4.21;4.22;5.0,yes
modules/compliance-crd-compliance-suite.adoc,security/compliance_operator/co-concepts/compliance-operator-crd.adoc,security,5,main;4.20;4.21;4.22;5.0,yes
modules/compliance-crd-profile-bundle.adoc,security/compliance_operator/co-concepts/compliance-operator-crd.adoc,security,5,main;4.20;4.21;4.22;5.0,yes
modules/compliance-crd-profile.adoc,security/compliance_operator/co-concepts/compliance-operator-crd.adoc,security,5,main;4.20;4.21;4.22;5.0,yes
modules/compliance-crd-rule.adoc,security/compliance_operator/co-concepts/compliance-operator-crd.adoc,security,5,main;4.20;4.21;4.22;5.0,yes
modules/compliance-crd-scan-setting-binding.adoc,security/compliance_operator/co-concepts/compliance-operator-crd.adoc,security,5,main;4.20;4.21;4.22;5.0,yes
modules/compliance-crd-scan-setting.adoc,security/compliance_operator/co-concepts/compliance-operator-crd.adoc,security,5,main;4.20;4.21;4.22;5.0,yes
modules/compliance-crd-tailored-profile.adoc,security/compliance_operator/co-concepts/compliance-operator-crd.adoc,security,5,main;4.20;4.21;4.22;5.0,yes
modules/compliance-crd-workflow.adoc,security/compliance_operator/co-concepts/compliance-operator-crd.adoc,security,5,main;4.20;4.21;4.22;5.0,yes
modules/compliance-profilebundle.adoc,security/compliance_operator/co-management/compliance-operator-manage.adoc,security,5,main;4.20;4.21;4.22;5.0,yes
modules/compliance-update.adoc,security/compliance_operator/co-management/compliance-operator-manage.adoc,security,5,main;4.20;4.21;4.22;5.0,yes
modules/compliance-operator-cli-uninstall.adoc,security/compliance_operator/co-management/compliance-operator-uninstallation.adoc,security,5,main;4.20;4.21;4.22;5.0,yes
modules/compliance-operator-uninstall.adoc,security/compliance_operator/co-management/compliance-operator-uninstallation.adoc,security,5,main;4.20;4.21;4.22;5.0,yes
modules/olm-approving-pending-upgrade.adoc,security/compliance_operator/co-management/compliance-operator-updating.adoc,security,5,main;4.20;4.21;4.22;5.0,yes
modules/olm-changing-update-channel.adoc,security/compliance_operator/co-management/compliance-operator-updating.adoc,security,5,main;4.20;4.21;4.22;5.0,yes
modules/olm-preparing-upgrade.adoc,security/compliance_operator/co-management/compliance-operator-updating.adoc,security,5,main;4.20;4.21;4.22;5.0,yes
modules/compliance-apply-remediations-from-scans.adoc,security/compliance_operator/co-scans/compliance-operator-advanced.adoc,security,5,main;4.20;4.21;4.22;5.0,yes
modules/compliance-auto-update-remediations.adoc,security/compliance_operator/co-scans/compliance-operator-advanced.adoc,security,5,main;4.20;4.21;4.22;5.0,yes
modules/compliance-custom-scc.adoc,security/compliance_operator/co-scans/compliance-operator-advanced.adoc,security,5,main;4.20;4.21;4.22;5.0,yes
modules/compliance-objects.adoc,security/compliance_operator/co-scans/compliance-operator-advanced.adoc,security,5,main;4.20;4.21;4.22;5.0,yes
modules/compliance-priorityclass.adoc,security/compliance_operator/co-scans/compliance-operator-advanced.adoc,security,5,main;4.20;4.21;4.22;5.0,yes
modules/compliance-raw-tailored.adoc,security/compliance_operator/co-scans/compliance-operator-advanced.adoc,security,5,main;4.20;4.21;4.22;5.0,yes
modules/compliance-rescan.adoc,security/compliance_operator/co-scans/compliance-operator-advanced.adoc,security,5,main;4.20;4.21;4.22;5.0,yes
modules/compliance-operator-checkresult-custom-metadata-configure-customrules.adoc,security/compliance_operator/co-scans/compliance-operator-checkresult-custom-metadata.adoc,security,5,main;4.20;4.21;4.22;5.0,yes
modules/compliance-operator-checkresult-custom-metadata-configure-rules.adoc,security/compliance_operator/co-scans/compliance-operator-checkresult-custom-metadata.adoc,security,5,main;4.20;4.21;4.22;5.0,yes
modules/compliance-operator-checkresult-custom-metadata-overview.adoc,security/compliance_operator/co-scans/compliance-operator-checkresult-custom-metadata.adoc,security,5,main;4.20;4.21;4.22;5.0,yes
modules/co-scansetting-resources.adoc,security/compliance_operator/co-scans/compliance-operator-troubleshooting.adoc,security,5,main;4.20;4.21;4.22;5.0,yes
modules/compliance-anatomy.adoc,security/compliance_operator/co-scans/compliance-operator-troubleshooting.adoc,security,5,main;4.20;4.21;4.22;5.0,yes
modules/compliance-increasing-operator-limits.adoc,security/compliance_operator/co-scans/compliance-operator-troubleshooting.adoc,security,5,main;4.20;4.21;4.22;5.0,yes
modules/compliance-timeout.adoc,security/compliance_operator/co-scans/compliance-operator-troubleshooting.adoc,security,5,main;4.20;4.21;4.22;5.0,yes
modules/operator-resource-constraints.adoc,security/compliance_operator/co-scans/compliance-operator-troubleshooting.adoc,security,5,main;4.20;4.21;4.22;5.0,yes
modules/support.adoc,security/compliance_operator/co-scans/compliance-operator-troubleshooting.adoc,security,5,main;4.20;4.21;4.22;5.0,yes
modules/compliance-must-gather.adoc,security/compliance_operator/co-support.adoc,security,5,main;4.20;4.21;4.22;5.0,yes
modules/support.adoc,security/compliance_operator/co-support.adoc,security,5,main;4.20;4.21;4.22;5.0,yes
modules/compliance-rn-0-1-39.adoc,security/compliance_operator/compliance-operator-release-notes.adoc,security,5,main;4.20;4.21;4.22;5.0,yes
modules/compliance-rn-0-1-44.adoc,security/compliance_operator/compliance-operator-release-notes.adoc,security,5,main;4.20;4.21;4.22;5.0,yes
modules/compliance-rn-0-1-47.adoc,security/compliance_operator/compliance-operator-release-notes.adoc,security,5,main;4.20;4.21;4.22;5.0,yes
modules/compliance-rn-0-1-48.adoc,security/compliance_operator/compliance-operator-release-notes.adoc,security,5,main;4.20;4.21;4.22;5.0,yes
modules/compliance-rn-0-1-49.adoc,security/compliance_operator/compliance-operator-release-notes.adoc,security,5,main;4.20;4.21;4.22;5.0,yes
modules/compliance-rn-0-1-52.adoc,security/compliance_operator/compliance-operator-release-notes.adoc,security,5,main;4.20;4.21;4.22;5.0,yes
modules/compliance-rn-0-1-53.adoc,security/compliance_operator/compliance-operator-release-notes.adoc,security,5,main;4.20;4.21;4.22;5.0,yes
modules/compliance-rn-0-1-57.adoc,security/compliance_operator/compliance-operator-release-notes.adoc,security,5,main;4.20;4.21;4.22;5.0,yes
modules/compliance-rn-0-1-59.adoc,security/compliance_operator/compliance-operator-release-notes.adoc,security,5,main;4.20;4.21;4.22;5.0,yes
modules/compliance-rn-0-1-61.adoc,security/compliance_operator/compliance-operator-release-notes.adoc,security,5,main;4.20;4.21;4.22;5.0,yes
modules/compliance-rn-1-0-0.adoc,security/compliance_operator/compliance-operator-release-notes.adoc,security,5,main;4.20;4.21;4.22;5.0,yes
modules/compliance-rn-1-1-0.adoc,security/compliance_operator/compliance-operator-release-notes.adoc,security,5,main;4.20;4.21;4.22;5.0,yes
modules/compliance-rn-1-10-0.adoc,security/compliance_operator/compliance-operator-release-notes.adoc,security,5,main;4.20;4.21;4.22;5.0,yes
modules/compliance-rn-1-2-0.adoc,security/compliance_operator/compliance-operator-release-notes.adoc,security,5,main;4.20;4.21;4.22;5.0,yes
modules/compliance-rn-1-3-0.adoc,security/compliance_operator/compliance-operator-release-notes.adoc,security,5,main;4.20;4.21;4.22;5.0,yes
modules/compliance-rn-1-3-1.adoc,security/compliance_operator/compliance-operator-release-notes.adoc,security,5,main;4.20;4.21;4.22;5.0,yes
modules/compliance-rn-1-4-0.adoc,security/compliance_operator/compliance-operator-release-notes.adoc,security,5,main;4.20;4.21;4.22;5.0,yes
modules/compliance-rn-1-4-1.adoc,security/compliance_operator/compliance-operator-release-notes.adoc,security,5,main;4.20;4.21;4.22;5.0,yes
modules/compliance-rn-1-5-0.adoc,security/compliance_operator/compliance-operator-release-notes.adoc,security,5,main;4.20;4.21;4.22;5.0,yes
modules/compliance-rn-1-5-1.adoc,security/compliance_operator/compliance-operator-release-notes.adoc,security,5,main;4.20;4.21;4.22;5.0,yes
modules/compliance-rn-1-6-0.adoc,security/compliance_operator/compliance-operator-release-notes.adoc,security,5,main;4.20;4.21;4.22;5.0,yes
modules/compliance-rn-1-6-1.adoc,security/compliance_operator/compliance-operator-release-notes.adoc,security,5,main;4.20;4.21;4.22;5.0,yes
modules/compliance-rn-1-6-2.adoc,security/compliance_operator/compliance-operator-release-notes.adoc,security,5,main;4.20;4.21;4.22;5.0,yes
modules/compliance-rn-1-7-0.adoc,security/compliance_operator/compliance-operator-release-notes.adoc,security,5,main;4.20;4.21;4.22;5.0,yes
modules/compliance-rn-1-7-1.adoc,security/compliance_operator/compliance-operator-release-notes.adoc,security,5,main;4.20;4.21;4.22;5.0,yes
modules/compliance-rn-1-8-0.adoc,security/compliance_operator/compliance-operator-release-notes.adoc,security,5,main;4.20;4.21;4.22;5.0,yes
modules/compliance-rn-1-8-1.adoc,security/compliance_operator/compliance-operator-release-notes.adoc,security,5,main;4.20;4.21;4.22;5.0,yes
modules/compliance-rn-1-8-2.adoc,security/compliance_operator/compliance-operator-release-notes.adoc,security,5,main;4.20;4.21;4.22;5.0,yes
modules/compliance-rn-1-9-0.adoc,security/compliance_operator/compliance-operator-release-notes.adoc,security,5,main;4.20;4.21;4.22;5.0,yes
modules/compliance-rn-1-9-1.adoc,security/compliance_operator/compliance-operator-release-notes.adoc,security,5,main;4.20;4.21;4.22;5.0,yes
modules/compliance-rn-1-9-2.adoc,security/compliance_operator/compliance-operator-release-notes.adoc,security,5,main;4.20;4.21;4.22;5.0,yes
modules/eso-bitwarden-secret.adoc,security/external_secrets_operator/external-secrets-operator-api.adoc,security,5,main;4.20;4.21;4.22;5.0,yes
modules/eso-cert-manager-config.adoc,security/external_secrets_operator/external-secrets-operator-api.adoc,security,5,main;4.20;4.21;4.22;5.0,yes
modules/eso-cert-providers-config.adoc,security/external_secrets_operator/external-secrets-operator-api.adoc,security,5,main;4.20;4.21;4.22;5.0,yes
modules/eso-common-configs.adoc,security/external_secrets_operator/external-secrets-operator-api.adoc,security,5,main;4.20;4.21;4.22;5.0,yes
modules/eso-component-config.adoc,security/external_secrets_operator/external-secrets-operator-api.adoc,security,5,main;4.20;4.21;4.22;5.0,yes
modules/eso-component-name.adoc,security/external_secrets_operator/external-secrets-operator-api.adoc,security,5,main;4.20;4.21;4.22;5.0,yes
modules/eso-condition.adoc,security/external_secrets_operator/external-secrets-operator-api.adoc,security,5,main;4.20;4.21;4.22;5.0,yes
modules/eso-conditional-status.adoc,security/external_secrets_operator/external-secrets-operator-api.adoc,security,5,main;4.20;4.21;4.22;5.0,yes
modules/eso-configmap-key-reference.adoc,security/external_secrets_operator/external-secrets-operator-api.adoc,security,5,main;4.20;4.21;4.22;5.0,yes
modules/eso-controller-config.adoc,security/external_secrets_operator/external-secrets-operator-api.adoc,security,5,main;4.20;4.21;4.22;5.0,yes
modules/eso-controller-status.adoc,security/external_secrets_operator/external-secrets-operator-api.adoc,security,5,main;4.20;4.21;4.22;5.0,yes
modules/eso-deployment-config.adoc,security/external_secrets_operator/external-secrets-operator-api.adoc,security,5,main;4.20;4.21;4.22;5.0,yes
modules/eso-external-secrets-config.adoc,security/external_secrets_operator/external-secrets-operator-api.adoc,security,5,main;4.20;4.21;4.22;5.0,yes
modules/eso-external-secrets-list.adoc,security/external_secrets_operator/external-secrets-operator-api.adoc,security,5,main;4.20;4.21;4.22;5.0,yes
modules/eso-external-secrets-manager-list.adoc,security/external_secrets_operator/external-secrets-operator-api.adoc,security,5,main;4.20;4.21;4.22;5.0,yes
modules/eso-external-secrets-manager-spec.adoc,security/external_secrets_operator/external-secrets-operator-api.adoc,security,5,main;4.20;4.21;4.22;5.0,yes
modules/eso-external-secrets-manager-status.adoc,security/external_secrets_operator/external-secrets-operator-api.adoc,security,5,main;4.20;4.21;4.22;5.0,yes
modules/eso-external-secrets-manager.adoc,security/external_secrets_operator/external-secrets-operator-api.adoc,security,5,main;4.20;4.21;4.22;5.0,yes
modules/eso-external-secrets-spec.adoc,security/external_secrets_operator/external-secrets-operator-api.adoc,security,5,main;4.20;4.21;4.22;5.0,yes
modules/eso-external-secrets-status.adoc,security/external_secrets_operator/external-secrets-operator-api.adoc,security,5,main;4.20;4.21;4.22;5.0,yes
modules/eso-external-secrets.adoc,security/external_secrets_operator/external-secrets-operator-api.adoc,security,5,main;4.20;4.21;4.22;5.0,yes
modules/eso-feature-name.adoc,security/external_secrets_operator/external-secrets-operator-api.adoc,security,5,main;4.20;4.21;4.22;5.0,yes
modules/eso-feature.adoc,security/external_secrets_operator/external-secrets-operator-api.adoc,security,5,main;4.20;4.21;4.22;5.0,yes
modules/eso-global-config.adoc,security/external_secrets_operator/external-secrets-operator-api.adoc,security,5,main;4.20;4.21;4.22;5.0,yes
modules/eso-management-state.adoc,security/external_secrets_operator/external-secrets-operator-api.adoc,security,5,main;4.20;4.21;4.22;5.0,yes
modules/eso-mode.adoc,security/external_secrets_operator/external-secrets-operator-api.adoc,security,5,main;4.20;4.21;4.22;5.0,yes
modules/eso-network-policy.adoc,security/external_secrets_operator/external-secrets-operator-api.adoc,security,5,main;4.20;4.21;4.22;5.0,yes
modules/eso-object-reference.adoc,security/external_secrets_operator/external-secrets-operator-api.adoc,security,5,main;4.20;4.21;4.22;5.0,yes
modules/eso-plugins-config.adoc,security/external_secrets_operator/external-secrets-operator-api.adoc,security,5,main;4.20;4.21;4.22;5.0,yes
modules/eso-proxy-config.adoc,security/external_secrets_operator/external-secrets-operator-api.adoc,security,5,main;4.20;4.21;4.22;5.0,yes
modules/eso-secret-reference.adoc,security/external_secrets_operator/external-secrets-operator-api.adoc,security,5,main;4.20;4.21;4.22;5.0,yes
modules/eso-web-hook-config.adoc,security/external_secrets_operator/external-secrets-operator-api.adoc,security,5,main;4.20;4.21;4.22;5.0,yes
modules/external-secrets-operator-create-externalsecretsconfig.adoc,security/external_secrets_operator/external-secrets-operator-migrate-downstream-upstream.adoc,security,5,main;4.20;4.21;4.22;5.0,yes
modules/external-secrets-operator-delete-upstream-operatorconfig.adoc,security/external_secrets_operator/external-secrets-operator-migrate-downstream-upstream.adoc,security,5,main;4.20;4.21;4.22;5.0,yes
modules/external-secrets-operator-eso-install.adoc,security/external_secrets_operator/external-secrets-operator-migrate-downstream-upstream.adoc,security,5,main;4.20;4.21;4.22;5.0,yes
modules/external-secrets-operator-uninstall-helm.adoc,security/external_secrets_operator/external-secrets-operator-migrate-downstream-upstream.adoc,security,5,main;4.20;4.21;4.22;5.0,yes
modules/external-secrets-operator-uninstall-olm.adoc,security/external_secrets_operator/external-secrets-operator-migrate-downstream-upstream.adoc,security,5,main;4.20;4.21;4.22;5.0,yes
modules/external-secrets-operator-uninstall-raw-manifests.adoc,security/external_secrets_operator/external-secrets-operator-migrate-downstream-upstream.adoc,security,5,main;4.20;4.21;4.22;5.0,yes
modules/external-secrets-operator-uninstall-upstream-eso.adoc,security/external_secrets_operator/external-secrets-operator-migrate-downstream-upstream.adoc,security,5,main;4.20;4.21;4.22;5.0,yes
modules/external-secrets-operator-configure-proxy.adoc,security/external_secrets_operator/external-secrets-operator-proxy.adoc,security,5,main;4.20;4.21;4.22;5.0,yes
modules/external-secrets-operator-rn-0-1.adoc,security/external_secrets_operator/external-secrets-operator-release-notes.adoc,security,5,main;4.20;4.21;4.22;5.0,yes
modules/external-secrets-operator-rn-1-0-1.adoc,security/external_secrets_operator/external-secrets-operator-release-notes.adoc,security,5,main;4.20;4.21;4.22;5.0,yes
modules/external-secrets-operator-rn-1-0.adoc,security/external_secrets_operator/external-secrets-operator-release-notes.adoc,security,5,main;4.20;4.21;4.22;5.0,yes
modules/external-secrets-operator-rn-1-1-1.adoc,security/external_secrets_operator/external-secrets-operator-release-notes.adoc,security,5,main;4.20;4.21;4.22;5.0,yes
modules/external-secrets-operator-rn-1-1.adoc,security/external_secrets_operator/external-secrets-operator-release-notes.adoc,security,5,main;4.20;4.21;4.22;5.0,yes
modules/external-secrets-operator-rn-1-2-1.adoc,security/external_secrets_operator/external-secrets-operator-release-notes.adoc,security,5,main;4.20;4.21;4.22;5.0,yes
modules/external-secrets-operator-rn-1-2.adoc,security/external_secrets_operator/external-secrets-operator-release-notes.adoc,security,5,main;4.20;4.21;4.22;5.0,yes
modules/fio-rn-0-1-21.adoc,security/file_integrity_operator/file-integrity-operator-release-notes.adoc,security,5,main;4.20;4.21;4.22;5.0,yes
modules/fio-rn-0-1-22.adoc,security/file_integrity_operator/file-integrity-operator-release-notes.adoc,security,5,main;4.20;4.21;4.22;5.0,yes
modules/fio-rn-0-1-24.adoc,security/file_integrity_operator/file-integrity-operator-release-notes.adoc,security,5,main;4.20;4.21;4.22;5.0,yes
modules/fio-rn-0-1-30.adoc,security/file_integrity_operator/file-integrity-operator-release-notes.adoc,security,5,main;4.20;4.21;4.22;5.0,yes
modules/fio-rn-0-1-32.adoc,security/file_integrity_operator/file-integrity-operator-release-notes.adoc,security,5,main;4.20;4.21;4.22;5.0,yes
modules/fio-rn-1-0-0.adoc,security/file_integrity_operator/file-integrity-operator-release-notes.adoc,security,5,main;4.20;4.21;4.22;5.0,yes
modules/fio-rn-1-2-0.adoc,security/file_integrity_operator/file-integrity-operator-release-notes.adoc,security,5,main;4.20;4.21;4.22;5.0,yes
modules/fio-rn-1-2-1.adoc,security/file_integrity_operator/file-integrity-operator-release-notes.adoc,security,5,main;4.20;4.21;4.22;5.0,yes
modules/fio-rn-1-3-1.adoc,security/file_integrity_operator/file-integrity-operator-release-notes.adoc,security,5,main;4.20;4.21;4.22;5.0,yes
modules/fio-rn-1-3-2.adoc,security/file_integrity_operator/file-integrity-operator-release-notes.adoc,security,5,main;4.20;4.21;4.22;5.0,yes
modules/fio-rn-1-3-3.adoc,security/file_integrity_operator/file-integrity-operator-release-notes.adoc,security,5,main;4.20;4.21;4.22;5.0,yes
modules/fio-rn-1-3-4.adoc,security/file_integrity_operator/file-integrity-operator-release-notes.adoc,security,5,main;4.20;4.21;4.22;5.0,yes
modules/fio-rn-1-3-5.adoc,security/file_integrity_operator/file-integrity-operator-release-notes.adoc,security,5,main;4.20;4.21;4.22;5.0,yes
modules/fio-rn-1-3-6.adoc,security/file_integrity_operator/file-integrity-operator-release-notes.adoc,security,5,main;4.20;4.21;4.22;5.0,yes
modules/fio-rn-1-3-7.adoc,security/file_integrity_operator/file-integrity-operator-release-notes.adoc,security,5,main;4.20;4.21;4.22;5.0,yes
modules/fio-rn-1-3-8.adoc,security/file_integrity_operator/file-integrity-operator-release-notes.adoc,security,5,main;4.20;4.21;4.22;5.0,yes
modules/fio-rn-1-4-0.adoc,security/file_integrity_operator/file-integrity-operator-release-notes.adoc,security,5,main;4.20;4.21;4.22;5.0,yes
modules/fio-rn-1-4-1.adoc,security/file_integrity_operator/file-integrity-operator-release-notes.adoc,security,5,main;4.20;4.21;4.22;5.0,yes
modules/olm-approving-pending-upgrade.adoc,security/file_integrity_operator/file-integrity-operator-updating.adoc,security,5,main;4.20;4.21;4.22;5.0,yes
modules/olm-changing-update-channel.adoc,security/file_integrity_operator/file-integrity-operator-updating.adoc,security,5,main;4.20;4.21;4.22;5.0,yes
modules/olm-preparing-upgrade.adoc,security/file_integrity_operator/file-integrity-operator-updating.adoc,security,5,main;4.20;4.21;4.22;5.0,yes
modules/support.adoc,security/file_integrity_operator/fio-support.adoc,security,5,main;4.20;4.21;4.22;5.0,yes
modules/fio-uninstall-console.adoc,security/file_integrity_operator/fio-uninstalling.adoc,security,5,main;4.20;4.21;4.22;5.0,yes
modules/spo-rn-0-10-0.adoc,security/security_profiles_operator/spo-release-notes.adoc,security,5,main;4.20;4.21;4.22;5.0,yes
modules/spo-rn-0-5-0.adoc,security/security_profiles_operator/spo-release-notes.adoc,security,5,main;4.20;4.21;4.22;5.0,yes
modules/spo-rn-0-5-2.adoc,security/security_profiles_operator/spo-release-notes.adoc,security,5,main;4.20;4.21;4.22;5.0,yes
modules/spo-rn-0-7-1.adoc,security/security_profiles_operator/spo-release-notes.adoc,security,5,main;4.20;4.21;4.22;5.0,yes
modules/spo-rn-0-8-0.adoc,security/security_profiles_operator/spo-release-notes.adoc,security,5,main;4.20;4.21;4.22;5.0,yes
modules/spo-rn-0-8-2.adoc,security/security_profiles_operator/spo-release-notes.adoc,security,5,main;4.20;4.21;4.22;5.0,yes
modules/spo-rn-0-8-4.adoc,security/security_profiles_operator/spo-release-notes.adoc,security,5,main;4.20;4.21;4.22;5.0,yes
modules/spo-rn-0-8-5.adoc,security/security_profiles_operator/spo-release-notes.adoc,security,5,main;4.20;4.21;4.22;5.0,yes
modules/spo-rn-0-8-6.adoc,security/security_profiles_operator/spo-release-notes.adoc,security,5,main;4.20;4.21;4.22;5.0,yes
modules/spo-rn-0-9-0.adoc,security/security_profiles_operator/spo-release-notes.adoc,security,5,main;4.20;4.21;4.22;5.0,yes
modules/support.adoc,security/security_profiles_operator/spo-support.adoc,security,5,main;4.20;4.21;4.22;5.0,yes
modules/spo-inspecting-seccomp-profiles.adoc,security/security_profiles_operator/spo-troubleshooting.adoc,security,5,main;4.20;4.21;4.22;5.0,yes
modules/spo-uninstall-console.adoc,security/security_profiles_operator/spo-uninstalling.adoc,security,5,main;4.20;4.21;4.22;5.0,yes
modules/zero-trust-manager-configure-spire-mesh-multi-cluster.adoc,security/zero_trust_workload_identity_manager/zero-trust-manager-mesh-integration-multi-cluster.adoc,security,5,main;4.20;4.21;4.22;5.0,yes
modules/zero-trust-manager-deploy-east-west.adoc,security/zero_trust_workload_identity_manager/zero-trust-manager-mesh-integration-multi-cluster.adoc,security,5,main;4.20;4.21;4.22;5.0,yes
modules/zero-trust-manager-deploy-istio-cr.adoc,security/zero_trust_workload_identity_manager/zero-trust-manager-mesh-integration-multi-cluster.adoc,security,5,main;4.20;4.21;4.22;5.0,yes
modules/zero-trust-manager-deploy-istiocni.adoc,security/zero_trust_workload_identity_manager/zero-trust-manager-mesh-integration-multi-cluster.adoc,security,5,main;4.20;4.21;4.22;5.0,yes
modules/zero-trust-manager-deploy-spire-federation-multi-cluster.adoc,security/zero_trust_workload_identity_manager/zero-trust-manager-mesh-integration-multi-cluster.adoc,security,5,main;4.20;4.21;4.22;5.0,yes
modules/zero-trust-manager-exchange-remote-secrets.adoc,security/zero_trust_workload_identity_manager/zero-trust-manager-mesh-integration-multi-cluster.adoc,security,5,main;4.20;4.21;4.22;5.0,yes
modules/zero-trust-manager-multi-cluster-spire-mesh-about.adoc,security/zero_trust_workload_identity_manager/zero-trust-manager-mesh-integration-multi-cluster.adoc,security,5,main;4.20;4.21;4.22;5.0,yes
modules/zero-trust-manager-multi-mesh-verification.adoc,security/zero_trust_workload_identity_manager/zero-trust-manager-mesh-integration-multi-cluster.adoc,security,5,main;4.20;4.21;4.22;5.0,yes
modules/zero-trust-manager-mutual-tls-verification.adoc,security/zero_trust_workload_identity_manager/zero-trust-manager-mesh-integration-multi-cluster.adoc,security,5,main;4.20;4.21;4.22;5.0,yes
modules/zero-trust-manager-prepare-spire-multi-cluster.adoc,security/zero_trust_workload_identity_manager/zero-trust-manager-mesh-integration-multi-cluster.adoc,security,5,main;4.20;4.21;4.22;5.0,yes
modules/zero-trust-manager-verify-spire-istio-multi-cluster.adoc,security/zero_trust_workload_identity_manager/zero-trust-manager-mesh-integration-multi-cluster.adoc,security,5,main;4.20;4.21;4.22;5.0,yes
modules/zero-trust-manager-about-spire-integration.adoc,security/zero_trust_workload_identity_manager/zero-trust-manager-mesh-integration.adoc,security,5,main;4.20;4.21;4.22;5.0,yes
modules/zero-trust-manager-deploy-istio.adoc,security/zero_trust_workload_identity_manager/zero-trust-manager-mesh-integration.adoc,security,5,main;4.20;4.21;4.22;5.0,yes
modules/zero-trust-manager-deploy-spire.adoc,security/zero_trust_workload_identity_manager/zero-trust-manager-mesh-integration.adoc,security,5,main;4.20;4.21;4.22;5.0,yes
modules/zero-trust-manager-mesh-architecture.adoc,security/zero_trust_workload_identity_manager/zero-trust-manager-mesh-integration.adoc,security,5,main;4.20;4.21;4.22;5.0,yes
modules/zero-trust-manager-about-vault-plugin.adoc,security/zero_trust_workload_identity_manager/zero-trust-manager-plugins.adoc,security,5,main;4.20;4.21;4.22;5.0,yes
modules/zero-trust-manager-cert-manager-plugin-ref.adoc,security/zero_trust_workload_identity_manager/zero-trust-manager-plugins.adoc,security,5,main;4.20;4.21;4.22;5.0,yes
modules/zero-trust-manager-cert-troubleshooting.adoc,security/zero_trust_workload_identity_manager/zero-trust-manager-plugins.adoc,security,5,main;4.20;4.21;4.22;5.0,yes
modules/zero-trust-manager-config-cert-manager.adoc,security/zero_trust_workload_identity_manager/zero-trust-manager-plugins.adoc,security,5,main;4.20;4.21;4.22;5.0,yes
modules/zero-trust-manager-plugins-cert-manager-about.adoc,security/zero_trust_workload_identity_manager/zero-trust-manager-plugins.adoc,security,5,main;4.20;4.21;4.22;5.0,yes
modules/zero-trust-manager-preparing-plugin-use.adoc,security/zero_trust_workload_identity_manager/zero-trust-manager-plugins.adoc,security,5,main;4.20;4.21;4.22;5.0,yes
modules/zero-trust-manager-spire-vault-config.adoc,security/zero_trust_workload_identity_manager/zero-trust-manager-plugins.adoc,security,5,main;4.20;4.21;4.22;5.0,yes
modules/zero-trust-manager-spire-vault-plugin-ref.adoc,security/zero_trust_workload_identity_manager/zero-trust-manager-plugins.adoc,security,5,main;4.20;4.21;4.22;5.0,yes
modules/zero-trust-manager-spire-vault-troubleshooting.adoc,security/zero_trust_workload_identity_manager/zero-trust-manager-plugins.adoc,security,5,main;4.20;4.21;4.22;5.0,yes
modules/zero-trust-manager-proxy-support.adoc,security/zero_trust_workload_identity_manager/zero-trust-manager-proxy.adoc,security,5,main;4.20;4.21;4.22;5.0,yes
modules/zero-trust-manager-pause-reconciliation.adoc,security/zero_trust_workload_identity_manager/zero-trust-manager-reconciliation.adoc,security,5,main;4.20;4.21;4.22;5.0,yes
modules/zero-trust-manager-restart-reconciliation.adoc,security/zero_trust_workload_identity_manager/zero-trust-manager-reconciliation.adoc,security,5,main;4.20;4.21;4.22;5.0,yes
modules/zero-trust-manager-release-notes-0-1-0.adoc,security/zero_trust_workload_identity_manager/zero-trust-manager-release-notes.adoc,security,5,main;4.20;4.21;4.22;5.0,yes
modules/zero-trust-manager-release-notes-0-2-0.adoc,security/zero_trust_workload_identity_manager/zero-trust-manager-release-notes.adoc,security,5,main;4.20;4.21;4.22;5.0,yes
modules/zero-trust-manager-release-notes-1-0-0.adoc,security/zero_trust_workload_identity_manager/zero-trust-manager-release-notes.adoc,security,5,main;4.20;4.21;4.22;5.0,yes
modules/zero-trust-manager-release-notes-1-0-1.adoc,security/zero_trust_workload_identity_manager/zero-trust-manager-release-notes.adoc,security,5,main;4.20;4.21;4.22;5.0,yes
modules/zero-trust-manager-release-notes-1-1-0.adoc,security/zero_trust_workload_identity_manager/zero-trust-manager-release-notes.adoc,security,5,main;4.20;4.21;4.22;5.0,yes
modules/zero-trust-manager-release-notes-1-1-1.adoc,security/zero_trust_workload_identity_manager/zero-trust-manager-release-notes.adoc,security,5,main;4.20;4.21;4.22;5.0,yes
modules/zero-trust-manager-deploy-spiffe-helper.adoc,security/zero_trust_workload_identity_manager/zero-trust-manager-spiffe-helper.adoc,security,5,main;4.20;4.21;4.22;5.0,yes
modules/zero-trust-manager-spiffe-helper-about.adoc,security/zero_trust_workload_identity_manager/zero-trust-manager-spiffe-helper.adoc,security,5,main;4.20;4.21;4.22;5.0,yes
modules/zero-trust-manager-spiffe-helper-credential-types.adoc,security/zero_trust_workload_identity_manager/zero-trust-manager-spiffe-helper.adoc,security,5,main;4.20;4.21;4.22;5.0,yes
modules/zero-trust-manager-spiffe-helper-modes.adoc,security/zero_trust_workload_identity_manager/zero-trust-manager-spiffe-helper.adoc,security,5,main;4.20;4.21;4.22;5.0,yes
modules/zero-trust-manager-spiffe-helper-reference.adoc,security/zero_trust_workload_identity_manager/zero-trust-manager-spiffe-helper.adoc,security,5,main;4.20;4.21;4.22;5.0,yes
modules/zero-trust-manager-spiffe-helper-troubleshooting.adoc,security/zero_trust_workload_identity_manager/zero-trust-manager-spiffe-helper.adoc,security,5,main;4.20;4.21;4.22;5.0,yes
modules/ossm-config-operator-infrastructure-node.adoc,service_mesh/v2x/installing-ossm.adoc,service_mesh,5,main;4.20;4.21;4.22;5.0,yes
modules/ossm-confirm-operator-infrastructure-node.adoc,service_mesh/v2x/installing-ossm.adoc,service_mesh,5,main;4.20;4.21;4.22;5.0,yes
modules/ossm-install-ossm-operator.adoc,service_mesh/v2x/installing-ossm.adoc,service_mesh,5,main;4.20;4.21;4.22;5.0,yes
modules/ossm-installation-activities.adoc,service_mesh/v2x/installing-ossm.adoc,service_mesh,5,main;4.20;4.21;4.22;5.0,yes
modules/ossm-core-features.adoc,service_mesh/v2x/ossm-about.adoc,service_mesh,5,main;4.20;4.21;4.22;5.0,yes
modules/ossm-servicemesh-overview.adoc,service_mesh/v2x/ossm-about.adoc,service_mesh,5,main;4.20;4.21;4.22;5.0,yes
modules/distr-tracing-tempo-architecture.adoc,service_mesh/v2x/ossm-architecture.adoc,service_mesh,5,main;4.20;4.21;4.22;5.0,yes
modules/distr-tracing-tempo-features.adoc,service_mesh/v2x/ossm-architecture.adoc,service_mesh,5,main;4.20;4.21;4.22;5.0,yes
modules/distr-tracing-tempo-key-concepts-in-distributed-tracing.adoc,service_mesh/v2x/ossm-architecture.adoc,service_mesh,5,main;4.20;4.21;4.22;5.0,yes
modules/ossm-architecture.adoc,service_mesh/v2x/ossm-architecture.adoc,service_mesh,5,main;4.20;4.21;4.22;5.0,yes
modules/ossm-kiali-architecture.adoc,service_mesh/v2x/ossm-architecture.adoc,service_mesh,5,main;4.20;4.21;4.22;5.0,yes
modules/ossm-kiali-features.adoc,service_mesh/v2x/ossm-architecture.adoc,service_mesh,5,main;4.20;4.21;4.22;5.0,yes
modules/ossm-kiali-overview.adoc,service_mesh/v2x/ossm-architecture.adoc,service_mesh,5,main;4.20;4.21;4.22;5.0,yes
modules/ossm-understanding-service-mesh.adoc,service_mesh/v2x/ossm-architecture.adoc,service_mesh,5,main;4.20;4.21;4.22;5.0,yes
modules/ossm-about-adding-namespace.adoc,service_mesh/v2x/ossm-create-mesh.adoc,service_mesh,5,main;4.20;4.21;4.22;5.0,yes
modules/ossm-about-adding-projects-using-label-selectors.adoc,service_mesh/v2x/ossm-create-mesh.adoc,service_mesh,5,main;4.20;4.21;4.22;5.0,yes
modules/ossm-about-adding-projects-using-smm.adoc,service_mesh/v2x/ossm-create-mesh.adoc,service_mesh,5,main;4.20;4.21;4.22;5.0,yes
modules/ossm-about-adding-projects-using-smmr.adoc,service_mesh/v2x/ossm-create-mesh.adoc,service_mesh,5,main;4.20;4.21;4.22;5.0,yes
modules/ossm-add-project-member-roll-resource-cli.adoc,service_mesh/v2x/ossm-create-mesh.adoc,service_mesh,5,main;4.20;4.21;4.22;5.0,yes
modules/ossm-add-project-member-roll-resource-console.adoc,service_mesh/v2x/ossm-create-mesh.adoc,service_mesh,5,main;4.20;4.21;4.22;5.0,yes
modules/ossm-add-project-using-label-selectors-cli.adoc,service_mesh/v2x/ossm-create-mesh.adoc,service_mesh,5,main;4.20;4.21;4.22;5.0,yes
modules/ossm-add-project-using-label-selectors-console.adoc,service_mesh/v2x/ossm-create-mesh.adoc,service_mesh,5,main;4.20;4.21;4.22;5.0,yes
modules/ossm-adding-project-using-smm-resource-cli.adoc,service_mesh/v2x/ossm-create-mesh.adoc,service_mesh,5,main;4.20;4.21;4.22;5.0,yes
modules/ossm-adding-project-using-smm-resource-console.adoc,service_mesh/v2x/ossm-create-mesh.adoc,service_mesh,5,main;4.20;4.21;4.22;5.0,yes
modules/ossm-member-roll-create.adoc,service_mesh/v2x/ossm-create-mesh.adoc,service_mesh,5,main;4.20;4.21;4.22;5.0,yes
modules/ossm-tutorial-bookinfo-adding-destination-rules.adoc,service_mesh/v2x/ossm-create-mesh.adoc,service_mesh,5,main;4.20;4.21;4.22;5.0,yes
modules/ossm-tutorial-bookinfo-install.adoc,service_mesh/v2x/ossm-create-mesh.adoc,service_mesh,5,main;4.20;4.21;4.22;5.0,yes
modules/ossm-tutorial-bookinfo-overview.adoc,service_mesh/v2x/ossm-create-mesh.adoc,service_mesh,5,main;4.20;4.21;4.22;5.0,yes
modules/ossm-tutorial-bookinfo-removing.adoc,service_mesh/v2x/ossm-create-mesh.adoc,service_mesh,5,main;4.20;4.21;4.22;5.0,yes
modules/ossm-tutorial-bookinfo-verify-install.adoc,service_mesh/v2x/ossm-create-mesh.adoc,service_mesh,5,main;4.20;4.21;4.22;5.0,yes
modules/ossm-about-control-plane-and-cluster-wide-deployment.adoc,service_mesh/v2x/ossm-create-smcp.adoc,service_mesh,5,main;4.20;4.21;4.22;5.0,yes
modules/ossm-about-control-plane-components-and-infrastructure-nodes.adoc,service_mesh/v2x/ossm-create-smcp.adoc,service_mesh,5,main;4.20;4.21;4.22;5.0,yes
modules/ossm-about-smcp.adoc,service_mesh/v2x/ossm-create-smcp.adoc,service_mesh,5,main;4.20;4.21;4.22;5.0,yes
modules/ossm-config-control-plane-infrastructure-node-cli.adoc,service_mesh/v2x/ossm-create-smcp.adoc,service_mesh,5,main;4.20;4.21;4.22;5.0,yes
modules/ossm-config-control-plane-infrastructure-node-console.adoc,service_mesh/v2x/ossm-create-smcp.adoc,service_mesh,5,main;4.20;4.21;4.22;5.0,yes
modules/ossm-config-individual-control-plane-infrastructure-node-cli.adoc,service_mesh/v2x/ossm-create-smcp.adoc,service_mesh,5,main;4.20;4.21;4.22;5.0,yes
modules/ossm-config-individual-control-plane-infrastructure-node-console.adoc,service_mesh/v2x/ossm-create-smcp.adoc,service_mesh,5,main;4.20;4.21;4.22;5.0,yes
modules/ossm-confirm-smcp-infrastructure-node.adoc,service_mesh/v2x/ossm-create-smcp.adoc,service_mesh,5,main;4.20;4.21;4.22;5.0,yes
modules/ossm-control-plane-cli.adoc,service_mesh/v2x/ossm-create-smcp.adoc,service_mesh,5,main;4.20;4.21;4.22;5.0,yes
modules/ossm-control-plane-web.adoc,service_mesh/v2x/ossm-create-smcp.adoc,service_mesh,5,main;4.20;4.21;4.22;5.0,yes
modules/ossm-customize-smmr-cluster-wide.adoc,service_mesh/v2x/ossm-create-smcp.adoc,service_mesh,5,main;4.20;4.21;4.22;5.0,yes
modules/ossm-deploy-cluster-wide-control-plane-cli.adoc,service_mesh/v2x/ossm-create-smcp.adoc,service_mesh,5,main;4.20;4.21;4.22;5.0,yes
modules/ossm-deploy-cluster-wide-control-plane-console.adoc,service_mesh/v2x/ossm-create-smcp.adoc,service_mesh,5,main;4.20;4.21;4.22;5.0,yes
modules/ossm-validate-smcp-cli.adoc,service_mesh/v2x/ossm-create-smcp.adoc,service_mesh,5,main;4.20;4.21;4.22;5.0,yes
modules/ossm-validate-smcp-kiali.adoc,service_mesh/v2x/ossm-create-smcp.adoc,service_mesh,5,main;4.20;4.21;4.22;5.0,yes
modules/ossm-smcp-prod.adoc,service_mesh/v2x/ossm-deploy-production.adoc,service_mesh,5,main;4.20;4.21;4.22;5.0,yes
modules/ossm-about-migrating-to-cluster-wide.adoc,service_mesh/v2x/ossm-deployment-models.adoc,service_mesh,5,main;4.20;4.21;4.22;5.0,yes
modules/ossm-defining-namespace-receive-sidecar-injection-cluster-wide-mesh-cli.adoc,service_mesh/v2x/ossm-deployment-models.adoc,service_mesh,5,main;4.20;4.21;4.22;5.0,yes
modules/ossm-defining-namespace-receive-sidecar-injection-cluster-wide-mesh-console.adoc,service_mesh/v2x/ossm-deployment-models.adoc,service_mesh,5,main;4.20;4.21;4.22;5.0,yes
modules/ossm-deploy-cluster-wide-mesh.adoc,service_mesh/v2x/ossm-deployment-models.adoc,service_mesh,5,main;4.20;4.21;4.22;5.0,yes
modules/ossm-deploy-multi-mesh.adoc,service_mesh/v2x/ossm-deployment-models.adoc,service_mesh,5,main;4.20;4.21;4.22;5.0,yes
modules/ossm-deploy-multitenant.adoc,service_mesh/v2x/ossm-deployment-models.adoc,service_mesh,5,main;4.20;4.21;4.22;5.0,yes
modules/ossm-excluding-individual-pods-from-cluster-wide-mesh-cli.adoc,service_mesh/v2x/ossm-deployment-models.adoc,service_mesh,5,main;4.20;4.21;4.22;5.0,yes
modules/ossm-excluding-individual-pods-from-cluster-wide-mesh-console.adoc,service_mesh/v2x/ossm-deployment-models.adoc,service_mesh,5,main;4.20;4.21;4.22;5.0,yes
modules/ossm-excluding-namespaces-from-cluster-wide-mesh-cli.adoc,service_mesh/v2x/ossm-deployment-models.adoc,service_mesh,5,main;4.20;4.21;4.22;5.0,yes
modules/ossm-excluding-namespaces-from-cluster-wide-mesh-console.adoc,service_mesh/v2x/ossm-deployment-models.adoc,service_mesh,5,main;4.20;4.21;4.22;5.0,yes
modules/ossm-extensions-migrating-to-wasmplugin.adoc,service_mesh/v2x/ossm-extensions.adoc,service_mesh,5,main;4.20;4.21;4.22;5.0,yes
modules/ossm-extensions-migration-overview.adoc,service_mesh/v2x/ossm-extensions.adoc,service_mesh,5,main;4.20;4.21;4.22;5.0,yes
modules/ossm-extensions-overview.adoc,service_mesh/v2x/ossm-extensions.adoc,service_mesh,5,main;4.20;4.21;4.22;5.0,yes
modules/ossm-extensions-ref-smextension.adoc,service_mesh/v2x/ossm-extensions.adoc,service_mesh,5,main;4.20;4.21;4.22;5.0,yes
modules/ossm-extensions-ref-wasmplugin.adoc,service_mesh/v2x/ossm-extensions.adoc,service_mesh,5,main;4.20;4.21;4.22;5.0,yes
modules/ossm-extensions-smextension-deploy.adoc,service_mesh/v2x/ossm-extensions.adoc,service_mesh,5,main;4.20;4.21;4.22;5.0,yes
modules/ossm-extensions-smextension-format.adoc,service_mesh/v2x/ossm-extensions.adoc,service_mesh,5,main;4.20;4.21;4.22;5.0,yes
modules/ossm-extensions-wasmplugin-deploy.adoc,service_mesh/v2x/ossm-extensions.adoc,service_mesh,5,main;4.20;4.21;4.22;5.0,yes
modules/ossm-extensions-wasmplugin-format.adoc,service_mesh/v2x/ossm-extensions.adoc,service_mesh,5,main;4.20;4.21;4.22;5.0,yes
modules/ossm-federation-across-cluster.adoc,service_mesh/v2x/ossm-federation.adoc,service_mesh,5,main;4.20;4.21;4.22;5.0,yes
modules/ossm-federation-checklist.adoc,service_mesh/v2x/ossm-federation.adoc,service_mesh,5,main;4.20;4.21;4.22;5.0,yes
modules/ossm-federation-config-destinationrule-failover.adoc,service_mesh/v2x/ossm-federation.adoc,service_mesh,5,main;4.20;4.21;4.22;5.0,yes
modules/ossm-federation-config-export.adoc,service_mesh/v2x/ossm-federation.adoc,service_mesh,5,main;4.20;4.21;4.22;5.0,yes
modules/ossm-federation-config-failover-overview.adoc,service_mesh/v2x/ossm-federation.adoc,service_mesh,5,main;4.20;4.21;4.22;5.0,yes
modules/ossm-federation-config-import.adoc,service_mesh/v2x/ossm-federation.adoc,service_mesh,5,main;4.20;4.21;4.22;5.0,yes
modules/ossm-federation-config-importedserviceset-failover.adoc,service_mesh/v2x/ossm-federation.adoc,service_mesh,5,main;4.20;4.21;4.22;5.0,yes
modules/ossm-federation-config-meshPeer.adoc,service_mesh/v2x/ossm-federation.adoc,service_mesh,5,main;4.20;4.21;4.22;5.0,yes
modules/ossm-federation-config-smcp.adoc,service_mesh/v2x/ossm-federation.adoc,service_mesh,5,main;4.20;4.21;4.22;5.0,yes
modules/ossm-federation-create-export.adoc,service_mesh/v2x/ossm-federation.adoc,service_mesh,5,main;4.20;4.21;4.22;5.0,yes
modules/ossm-federation-create-import.adoc,service_mesh/v2x/ossm-federation.adoc,service_mesh,5,main;4.20;4.21;4.22;5.0,yes
modules/ossm-federation-create-meshPeer.adoc,service_mesh/v2x/ossm-federation.adoc,service_mesh,5,main;4.20;4.21;4.22;5.0,yes
modules/ossm-federation-features.adoc,service_mesh/v2x/ossm-federation.adoc,service_mesh,5,main;4.20;4.21;4.22;5.0,yes
modules/ossm-federation-limitations.adoc,service_mesh/v2x/ossm-federation.adoc,service_mesh,5,main;4.20;4.21;4.22;5.0,yes
modules/ossm-federation-overview.adoc,service_mesh/v2x/ossm-federation.adoc,service_mesh,5,main;4.20;4.21;4.22;5.0,yes
modules/ossm-federation-planning.adoc,service_mesh/v2x/ossm-federation.adoc,service_mesh,5,main;4.20;4.21;4.22;5.0,yes
modules/ossm-federation-prerequisites.adoc,service_mesh/v2x/ossm-federation.adoc,service_mesh,5,main;4.20;4.21;4.22;5.0,yes
modules/ossm-federation-remove-mesh.adoc,service_mesh/v2x/ossm-federation.adoc,service_mesh,5,main;4.20;4.21;4.22;5.0,yes
modules/ossm-federation-remove-service.adoc,service_mesh/v2x/ossm-federation.adoc,service_mesh,5,main;4.20;4.21;4.22;5.0,yes
modules/ossm-federation-security.adoc,service_mesh/v2x/ossm-federation.adoc,service_mesh,5,main;4.20;4.21;4.22;5.0,yes
modules/ossm-about-gateway-migration.adoc,service_mesh/v2x/ossm-gateway-migration.adoc,service_mesh,5,main;4.20;4.21;4.22;5.0,yes
modules/ossm-migrating-from-smcp-defined-gateways-to-gateway-injection.adoc,service_mesh/v2x/ossm-gateway-migration.adoc,service_mesh,5,main;4.20;4.21;4.22;5.0,yes
modules/ossm-kiali-ossmc-plugin-install-cli.adoc,service_mesh/v2x/ossm-kiali-ossmc-plugin.adoc,service_mesh,5,main;4.20;4.21;4.22;5.0,yes
modules/ossm-kiali-ossmc-plugin-install-web-console.adoc,service_mesh/v2x/ossm-kiali-ossmc-plugin.adoc,service_mesh,5,main;4.20;4.21;4.22;5.0,yes
modules/ossm-kiali-ossmc-plugin-uninstall-cli.adoc,service_mesh/v2x/ossm-kiali-ossmc-plugin.adoc,service_mesh,5,main;4.20;4.21;4.22;5.0,yes
modules/ossm-kiali-ossmc-plugin-uninstall-web-console.adoc,service_mesh/v2x/ossm-kiali-ossmc-plugin.adoc,service_mesh,5,main;4.20;4.21;4.22;5.0,yes
modules/ossm-kiali-ossmc-plugin-user-guide.adoc,service_mesh/v2x/ossm-kiali-ossmc-plugin.adoc,service_mesh,5,main;4.20;4.21;4.22;5.0,yes
modules/ossm-access-grafana.adoc,service_mesh/v2x/ossm-observability.adoc,service_mesh,5,main;4.20;4.21;4.22;5.0,yes
modules/ossm-access-prometheus.adoc,service_mesh/v2x/ossm-observability.adoc,service_mesh,5,main;4.20;4.21;4.22;5.0,yes
modules/ossm-config-external-jaeger.adoc,service_mesh/v2x/ossm-observability.adoc,service_mesh,5,main;4.20;4.21;4.22;5.0,yes
modules/ossm-config-sampling.adoc,service_mesh/v2x/ossm-observability.adoc,service_mesh,5,main;4.20;4.21;4.22;5.0,yes
modules/ossm-configuring-distr-tracing-tempo.adoc,service_mesh/v2x/ossm-observability.adoc,service_mesh,5,main;4.20;4.21;4.22;5.0,yes
modules/ossm-distr-tracing.adoc,service_mesh/v2x/ossm-observability.adoc,service_mesh,5,main;4.20;4.21;4.22;5.0,yes
modules/ossm-integrating-with-user-workload-monitoring.adoc,service_mesh/v2x/ossm-observability.adoc,service_mesh,5,main;4.20;4.21;4.22;5.0,yes
modules/ossm-jaeger-accessing-console.adoc,service_mesh/v2x/ossm-observability.adoc,service_mesh,5,main;4.20;4.21;4.22;5.0,yes
modules/ossm-kiali-accessing-console.adoc,service_mesh/v2x/ossm-observability.adoc,service_mesh,5,main;4.20;4.21;4.22;5.0,yes
modules/ossm-kiali-viewing-logs.adoc,service_mesh/v2x/ossm-observability.adoc,service_mesh,5,main;4.20;4.21;4.22;5.0,yes
modules/ossm-kiali-viewing-metrics.adoc,service_mesh/v2x/ossm-observability.adoc,service_mesh,5,main;4.20;4.21;4.22;5.0,yes
modules/ossm-observability-addresses.adoc,service_mesh/v2x/ossm-observability.adoc,service_mesh,5,main;4.20;4.21;4.22;5.0,yes
modules/ossm-observability-visual.adoc,service_mesh/v2x/ossm-observability.adoc,service_mesh,5,main;4.20;4.21;4.22;5.0,yes
modules/ossm-load-test-results.adoc,service_mesh/v2x/ossm-performance-scalability.adoc,service_mesh,5,main;4.20;4.21;4.22;5.0,yes
modules/ossm-recommended-resources.adoc,service_mesh/v2x/ossm-performance-scalability.adoc,service_mesh,5,main;4.20;4.21;4.22;5.0,yes
modules/ossm-config-network-policy.adoc,service_mesh/v2x/ossm-profiles-users.adoc,service_mesh,5,main;4.20;4.21;4.22;5.0,yes
modules/ossm-control-plane-profiles.adoc,service_mesh/v2x/ossm-profiles-users.adoc,service_mesh,5,main;4.20;4.21;4.22;5.0,yes
modules/ossm-members.adoc,service_mesh/v2x/ossm-profiles-users.adoc,service_mesh,5,main;4.20;4.21;4.22;5.0,yes
modules/ossm-config-smcp-kiali.adoc,service_mesh/v2x/ossm-reference-kiali.adoc,service_mesh,5,main;4.20;4.21;4.22;5.0,yes
modules/ossm-configuring-external-kiali.adoc,service_mesh/v2x/ossm-reference-kiali.adoc,service_mesh,5,main;4.20;4.21;4.22;5.0,yes
modules/ossm-cr-example.adoc,service_mesh/v2x/ossm-reference-smcp.adoc,service_mesh,5,main;4.20;4.21;4.22;5.0,yes
modules/ossm-cr-general.adoc,service_mesh/v2x/ossm-reference-smcp.adoc,service_mesh,5,main;4.20;4.21;4.22;5.0,yes
modules/ossm-cr-profiles.adoc,service_mesh/v2x/ossm-reference-smcp.adoc,service_mesh,5,main;4.20;4.21;4.22;5.0,yes
modules/ossm-cr-status.adoc,service_mesh/v2x/ossm-reference-smcp.adoc,service_mesh,5,main;4.20;4.21;4.22;5.0,yes
modules/ossm-cr-techPreview.adoc,service_mesh/v2x/ossm-reference-smcp.adoc,service_mesh,5,main;4.20;4.21;4.22;5.0,yes
modules/ossm-cr-threescale.adoc,service_mesh/v2x/ossm-reference-smcp.adoc,service_mesh,5,main;4.20;4.21;4.22;5.0,yes
modules/ossm-cr-tracing.adoc,service_mesh/v2x/ossm-reference-smcp.adoc,service_mesh,5,main;4.20;4.21;4.22;5.0,yes
modules/ossm-cr-version.adoc,service_mesh/v2x/ossm-reference-smcp.adoc,service_mesh,5,main;4.20;4.21;4.22;5.0,yes
modules/ossm-migrating-from-ior-to-explicitly-managed-routes.adoc,service_mesh/v2x/ossm-route-migration.adoc,service_mesh,5,main;4.20;4.21;4.22;5.0,yes
modules/ossm-cert-cleanup.adoc,service_mesh/v2x/ossm-security.adoc,service_mesh,5,main;4.20;4.21;4.22;5.0,yes
modules/ossm-cert-manage-add-cert-key.adoc,service_mesh/v2x/ossm-security.adoc,service_mesh,5,main;4.20;4.21;4.22;5.0,yes
modules/ossm-cert-manage-verify-cert.adoc,service_mesh/v2x/ossm-security.adoc,service_mesh,5,main;4.20;4.21;4.22;5.0,yes
modules/ossm-cert-manager-installation.adoc,service_mesh/v2x/ossm-security.adoc,service_mesh,5,main;4.20;4.21;4.22;5.0,yes
modules/ossm-cert-manager-integration-istio.adoc,service_mesh/v2x/ossm-security.adoc,service_mesh,5,main;4.20;4.21;4.22;5.0,yes
modules/ossm-config-mtls-min-max.adoc,service_mesh/v2x/ossm-security.adoc,service_mesh,5,main;4.20;4.21;4.22;5.0,yes
modules/ossm-config-sec-mtls-mesh.adoc,service_mesh/v2x/ossm-security.adoc,service_mesh,5,main;4.20;4.21;4.22;5.0,yes
modules/ossm-config-sidecar-mtls.adoc,service_mesh/v2x/ossm-security.adoc,service_mesh,5,main;4.20;4.21;4.22;5.0,yes
modules/ossm-config-sidecar-out-mtls.adoc,service_mesh/v2x/ossm-security.adoc,service_mesh,5,main;4.20;4.21;4.22;5.0,yes
modules/ossm-configuring-jwks-resolver-ca.adoc,service_mesh/v2x/ossm-security.adoc,service_mesh,5,main;4.20;4.21;4.22;5.0,yes
modules/ossm-security-auth-policy.adoc,service_mesh/v2x/ossm-security.adoc,service_mesh,5,main;4.20;4.21;4.22;5.0,yes
modules/ossm-security-cert-manage.adoc,service_mesh/v2x/ossm-security.adoc,service_mesh,5,main;4.20;4.21;4.22;5.0,yes
modules/ossm-security-cipher.adoc,service_mesh/v2x/ossm-security.adoc,service_mesh,5,main;4.20;4.21;4.22;5.0,yes
modules/ossm-security-mtls.adoc,service_mesh/v2x/ossm-security.adoc,service_mesh,5,main;4.20;4.21;4.22;5.0,yes
modules/ossm-validate-encryption-kiali.adoc,service_mesh/v2x/ossm-security.adoc,service_mesh,5,main;4.20;4.21;4.22;5.0,yes
modules/ossm-configuring-the-threescale-wasm-auth-module.adoc,service_mesh/v2x/ossm-threescale-webassembly-module.adoc,service_mesh,5,main;4.20;4.21;4.22;5.0,yes
modules/ossm-threescale-applying-external-service-entry-objects.adoc,service_mesh/v2x/ossm-threescale-webassembly-module.adoc,service_mesh,5,main;4.20;4.21;4.22;5.0,yes
modules/ossm-threescale-configuring-the-threescale-webassembly-module.adoc,service_mesh/v2x/ossm-threescale-webassembly-module.adoc,service_mesh,5,main;4.20;4.21;4.22;5.0,yes
modules/ossm-threescale-webassembly-module-api-object.adoc,service_mesh/v2x/ossm-threescale-webassembly-module.adoc,service_mesh,5,main;4.20;4.21;4.22;5.0,yes
modules/ossm-threescale-webassembly-module-backend-object.adoc,service_mesh/v2x/ossm-threescale-webassembly-module.adoc,service_mesh,5,main;4.20;4.21;4.22;5.0,yes
modules/ossm-threescale-webassembly-module-configuration.adoc,service_mesh/v2x/ossm-threescale-webassembly-module.adoc,service_mesh,5,main;4.20;4.21;4.22;5.0,yes
modules/ossm-threescale-webassembly-module-credentials-object.adoc,service_mesh/v2x/ossm-threescale-webassembly-module.adoc,service_mesh,5,main;4.20;4.21;4.22;5.0,yes
modules/ossm-threescale-webassembly-module-examples-for-credentials-use-cases.adoc,service_mesh/v2x/ossm-threescale-webassembly-module.adoc,service_mesh,5,main;4.20;4.21;4.22;5.0,yes
modules/ossm-threescale-webassembly-module-lookup-queries.adoc,service_mesh/v2x/ossm-threescale-webassembly-module.adoc,service_mesh,5,main;4.20;4.21;4.22;5.0,yes
modules/ossm-threescale-webassembly-module-mapping-rule-object.adoc,service_mesh/v2x/ossm-threescale-webassembly-module.adoc,service_mesh,5,main;4.20;4.21;4.22;5.0,yes
modules/ossm-threescale-webassembly-module-mapping-rules-object.adoc,service_mesh/v2x/ossm-threescale-webassembly-module.adoc,service_mesh,5,main;4.20;4.21;4.22;5.0,yes
modules/ossm-threescale-webassembly-module-minimal-working-configuration.adoc,service_mesh/v2x/ossm-threescale-webassembly-module.adoc,service_mesh,5,main;4.20;4.21;4.22;5.0,yes
modules/ossm-threescale-webassembly-module-operations-object.adoc,service_mesh/v2x/ossm-threescale-webassembly-module.adoc,service_mesh,5,main;4.20;4.21;4.22;5.0,yes
modules/ossm-threescale-webassembly-module-services-object.adoc,service_mesh/v2x/ossm-threescale-webassembly-module.adoc,service_mesh,5,main;4.20;4.21;4.22;5.0,yes
modules/ossm-threescale-webassembly-module-source-object.adoc,service_mesh/v2x/ossm-threescale-webassembly-module.adoc,service_mesh,5,main;4.20;4.21;4.22;5.0,yes
modules/ossm-threescale-webassembly-module-system-object.adoc,service_mesh/v2x/ossm-threescale-webassembly-module.adoc,service_mesh,5,main;4.20;4.21;4.22;5.0,yes
modules/ossm-threescale-webassembly-module-upstream-object.adoc,service_mesh/v2x/ossm-threescale-webassembly-module.adoc,service_mesh,5,main;4.20;4.21;4.22;5.0,yes
modules/deprecated-feature.adoc,service_mesh/v2x/ossm-traffic-manage.adoc,service_mesh,5,main;4.20;4.21;4.22;5.0,yes
modules/ossm-auto-route-annotations.adoc,service_mesh/v2x/ossm-traffic-manage.adoc,service_mesh,5,main;4.20;4.21;4.22;5.0,yes
modules/ossm-auto-route-enable.adoc,service_mesh/v2x/ossm-traffic-manage.adoc,service_mesh,5,main;4.20;4.21;4.22;5.0,yes
modules/ossm-auto-route.adoc,service_mesh/v2x/ossm-traffic-manage.adoc,service_mesh,5,main;4.20;4.21;4.22;5.0,yes
modules/ossm-automatic-gateway-injection.adoc,service_mesh/v2x/ossm-traffic-manage.adoc,service_mesh,5,main;4.20;4.21;4.22;5.0,yes
modules/ossm-config-disable-networkpolicy.adoc,service_mesh/v2x/ossm-traffic-manage.adoc,service_mesh,5,main;4.20;4.21;4.22;5.0,yes
modules/ossm-deploying-automatic-gateway-injection.adoc,service_mesh/v2x/ossm-traffic-manage.adoc,service_mesh,5,main;4.20;4.21;4.22;5.0,yes
modules/ossm-gateways.adoc,service_mesh/v2x/ossm-traffic-manage.adoc,service_mesh,5,main;4.20;4.21;4.22;5.0,yes
modules/ossm-networkpolicy-overview.adoc,service_mesh/v2x/ossm-traffic-manage.adoc,service_mesh,5,main;4.20;4.21;4.22;5.0,yes
modules/ossm-routing-bookinfo-applying.adoc,service_mesh/v2x/ossm-traffic-manage.adoc,service_mesh,5,main;4.20;4.21;4.22;5.0,yes
modules/ossm-routing-bookinfo-example.adoc,service_mesh/v2x/ossm-traffic-manage.adoc,service_mesh,5,main;4.20;4.21;4.22;5.0,yes
modules/ossm-routing-bookinfo-route.adoc,service_mesh/v2x/ossm-traffic-manage.adoc,service_mesh,5,main;4.20;4.21;4.22;5.0,yes
modules/ossm-routing-bookinfo-test.adoc,service_mesh/v2x/ossm-traffic-manage.adoc,service_mesh,5,main;4.20;4.21;4.22;5.0,yes
modules/ossm-routing-destination-rules.adoc,service_mesh/v2x/ossm-traffic-manage.adoc,service_mesh,5,main;4.20;4.21;4.22;5.0,yes
modules/ossm-routing-gateways.adoc,service_mesh/v2x/ossm-traffic-manage.adoc,service_mesh,5,main;4.20;4.21;4.22;5.0,yes
modules/ossm-routing-ingress.adoc,service_mesh/v2x/ossm-traffic-manage.adoc,service_mesh,5,main;4.20;4.21;4.22;5.0,yes
modules/ossm-routing-service-entries.adoc,service_mesh/v2x/ossm-traffic-manage.adoc,service_mesh,5,main;4.20;4.21;4.22;5.0,yes
modules/ossm-routing-sidecar.adoc,service_mesh/v2x/ossm-traffic-manage.adoc,service_mesh,5,main;4.20;4.21;4.22;5.0,yes
modules/ossm-routing-virtual-service.adoc,service_mesh/v2x/ossm-traffic-manage.adoc,service_mesh,5,main;4.20;4.21;4.22;5.0,yes
modules/ossm-about-collecting-ossm-data.adoc,service_mesh/v2x/ossm-troubleshooting-istio.adoc,service_mesh,5,main;4.20;4.21;4.22;5.0,yes
modules/ossm-jaeger-accessing-console.adoc,service_mesh/v2x/ossm-troubleshooting-istio.adoc,service_mesh,5,main;4.20;4.21;4.22;5.0,yes
modules/ossm-kiali-accessing-console.adoc,service_mesh/v2x/ossm-troubleshooting-istio.adoc,service_mesh,5,main;4.20;4.21;4.22;5.0,yes
modules/ossm-troubleshooting-injection.adoc,service_mesh/v2x/ossm-troubleshooting-istio.adoc,service_mesh,5,main;4.20;4.21;4.22;5.0,yes
modules/ossm-troubleshooting-operators.adoc,service_mesh/v2x/ossm-troubleshooting-istio.adoc,service_mesh,5,main;4.20;4.21;4.22;5.0,yes
modules/ossm-troubleshooting-proxy.adoc,service_mesh/v2x/ossm-troubleshooting-istio.adoc,service_mesh,5,main;4.20;4.21;4.22;5.0,yes
modules/ossm-troubleshooting-smcp.adoc,service_mesh/v2x/ossm-troubleshooting-istio.adoc,service_mesh,5,main;4.20;4.21;4.22;5.0,yes
modules/ossm-understanding-versions.adoc,service_mesh/v2x/ossm-troubleshooting-istio.adoc,service_mesh,5,main;4.20;4.21;4.22;5.0,yes
modules/ossm-validating-operators.adoc,service_mesh/v2x/ossm-troubleshooting-istio.adoc,service_mesh,5,main;4.20;4.21;4.22;5.0,yes
modules/ossm-validating-smcp.adoc,service_mesh/v2x/ossm-troubleshooting-istio.adoc,service_mesh,5,main;4.20;4.21;4.22;5.0,yes
modules/support-knowledgebase-about.adoc,service_mesh/v2x/ossm-troubleshooting-istio.adoc,service_mesh,5,main;4.20;4.21;4.22;5.0,yes
modules/support-knowledgebase-search.adoc,service_mesh/v2x/ossm-troubleshooting-istio.adoc,service_mesh,5,main;4.20;4.21;4.22;5.0,yes
modules/support-submitting-a-case.adoc,service_mesh/v2x/ossm-troubleshooting-istio.adoc,service_mesh,5,main;4.20;4.21;4.22;5.0,yes
modules/support.adoc,service_mesh/v2x/ossm-troubleshooting-istio.adoc,service_mesh,5,main;4.20;4.21;4.22;5.0,yes
modules/ossm-jaeger-service-mesh.adoc,service_mesh/v2x/ossm-vs-community.adoc,service_mesh,5,main;4.20;4.21;4.22;5.0,yes
modules/ossm-kiali-service-mesh.adoc,service_mesh/v2x/ossm-vs-community.adoc,service_mesh,5,main;4.20;4.21;4.22;5.0,yes
modules/ossm-multitenant.adoc,service_mesh/v2x/ossm-vs-community.adoc,service_mesh,5,main;4.20;4.21;4.22;5.0,yes
modules/ossm-vs-istio.adoc,service_mesh/v2x/ossm-vs-community.adoc,service_mesh,5,main;4.20;4.21;4.22;5.0,yes
modules/ossm-automatic-sidecar-injection.adoc,service_mesh/v2x/prepare-to-deploy-applications-ossm.adoc,service_mesh,5,main;4.20;4.21;4.22;5.0,yes
modules/ossm-sidecar-injection-env-var.adoc,service_mesh/v2x/prepare-to-deploy-applications-ossm.adoc,service_mesh,5,main;4.20;4.21;4.22;5.0,yes
modules/ossm-sidecar-validate-kiali.adoc,service_mesh/v2x/prepare-to-deploy-applications-ossm.adoc,service_mesh,5,main;4.20;4.21;4.22;5.0,yes
modules/ossm-update-app-sidecar.adoc,service_mesh/v2x/prepare-to-deploy-applications-ossm.adoc,service_mesh,5,main;4.20;4.21;4.22;5.0,yes
modules/ossm-supported-configurations.adoc,service_mesh/v2x/preparing-ossm-installation.adoc,service_mesh,5,main;4.20;4.21;4.22;5.0,yes
modules/ossm-control-plane-remove.adoc,service_mesh/v2x/removing-ossm.adoc,service_mesh,5,main;4.20;4.21;4.22;5.0,yes
modules/ossm-remove-cleanup.adoc,service_mesh/v2x/removing-ossm.adoc,service_mesh,5,main;4.20;4.21;4.22;5.0,yes
modules/ossm-remove-operators.adoc,service_mesh/v2x/removing-ossm.adoc,service_mesh,5,main;4.20;4.21;4.22;5.0,yes
modules/ossm-release-2-3-12.adoc,service_mesh/v2x/servicemesh-release-notes.adoc,service_mesh,5,main;4.20;4.21;4.22;5.0,yes
modules/ossm-release-2-4-10.adoc,service_mesh/v2x/servicemesh-release-notes.adoc,service_mesh,5,main;4.20;4.21;4.22;5.0,yes
modules/ossm-release-2-4-11.adoc,service_mesh/v2x/servicemesh-release-notes.adoc,service_mesh,5,main;4.20;4.21;4.22;5.0,yes
modules/ossm-release-2-4-12.adoc,service_mesh/v2x/servicemesh-release-notes.adoc,service_mesh,5,main;4.20;4.21;4.22;5.0,yes
modules/ossm-release-2-4-13.adoc,service_mesh/v2x/servicemesh-release-notes.adoc,service_mesh,5,main;4.20;4.21;4.22;5.0,yes
modules/ossm-release-2-4-14.adoc,service_mesh/v2x/servicemesh-release-notes.adoc,service_mesh,5,main;4.20;4.21;4.22;5.0,yes
modules/ossm-release-2-4-15.adoc,service_mesh/v2x/servicemesh-release-notes.adoc,service_mesh,5,main;4.20;4.21;4.22;5.0,yes
modules/ossm-release-2-4-8.adoc,service_mesh/v2x/servicemesh-release-notes.adoc,service_mesh,5,main;4.20;4.21;4.22;5.0,yes
modules/ossm-release-2-4-9.adoc,service_mesh/v2x/servicemesh-release-notes.adoc,service_mesh,5,main;4.20;4.21;4.22;5.0,yes
modules/ossm-release-2-5-10.adoc,service_mesh/v2x/servicemesh-release-notes.adoc,service_mesh,5,main;4.20;4.21;4.22;5.0,yes
modules/ossm-release-2-5-11.adoc,service_mesh/v2x/servicemesh-release-notes.adoc,service_mesh,5,main;4.20;4.21;4.22;5.0,yes
modules/ossm-release-2-5-12.adoc,service_mesh/v2x/servicemesh-release-notes.adoc,service_mesh,5,main;4.20;4.21;4.22;5.0,yes
modules/ossm-release-2-5-2.adoc,service_mesh/v2x/servicemesh-release-notes.adoc,service_mesh,5,main;4.20;4.21;4.22;5.0,yes
modules/ossm-release-2-5-3.adoc,service_mesh/v2x/servicemesh-release-notes.adoc,service_mesh,5,main;4.20;4.21;4.22;5.0,yes
modules/ossm-release-2-5-4.adoc,service_mesh/v2x/servicemesh-release-notes.adoc,service_mesh,5,main;4.20;4.21;4.22;5.0,yes
modules/ossm-release-2-5-5.adoc,service_mesh/v2x/servicemesh-release-notes.adoc,service_mesh,5,main;4.20;4.21;4.22;5.0,yes
modules/ossm-release-2-5-6.adoc,service_mesh/v2x/servicemesh-release-notes.adoc,service_mesh,5,main;4.20;4.21;4.22;5.0,yes
modules/ossm-release-2-5-7.adoc,service_mesh/v2x/servicemesh-release-notes.adoc,service_mesh,5,main;4.20;4.21;4.22;5.0,yes
modules/ossm-release-2-5-8.adoc,service_mesh/v2x/servicemesh-release-notes.adoc,service_mesh,5,main;4.20;4.21;4.22;5.0,yes
modules/ossm-release-2-5-9.adoc,service_mesh/v2x/servicemesh-release-notes.adoc,service_mesh,5,main;4.20;4.21;4.22;5.0,yes
modules/ossm-release-2-6-0.adoc,service_mesh/v2x/servicemesh-release-notes.adoc,service_mesh,5,main;4.20;4.21;4.22;5.0,yes
modules/ossm-release-2-6-1.adoc,service_mesh/v2x/servicemesh-release-notes.adoc,service_mesh,5,main;4.20;4.21;4.22;5.0,yes
modules/ossm-release-2-6-10.adoc,service_mesh/v2x/servicemesh-release-notes.adoc,service_mesh,5,main;4.20;4.21;4.22;5.0,yes
modules/ossm-release-2-6-11.adoc,service_mesh/v2x/servicemesh-release-notes.adoc,service_mesh,5,main;4.20;4.21;4.22;5.0,yes
modules/ossm-release-2-6-2.adoc,service_mesh/v2x/servicemesh-release-notes.adoc,service_mesh,5,main;4.20;4.21;4.22;5.0,yes
modules/ossm-release-2-6-3.adoc,service_mesh/v2x/servicemesh-release-notes.adoc,service_mesh,5,main;4.20;4.21;4.22;5.0,yes
modules/ossm-release-2-6-4.adoc,service_mesh/v2x/servicemesh-release-notes.adoc,service_mesh,5,main;4.20;4.21;4.22;5.0,yes
modules/ossm-release-2-6-5.adoc,service_mesh/v2x/servicemesh-release-notes.adoc,service_mesh,5,main;4.20;4.21;4.22;5.0,yes
modules/ossm-release-2-6-6.adoc,service_mesh/v2x/servicemesh-release-notes.adoc,service_mesh,5,main;4.20;4.21;4.22;5.0,yes
modules/ossm-release-2-6-7.adoc,service_mesh/v2x/servicemesh-release-notes.adoc,service_mesh,5,main;4.20;4.21;4.22;5.0,yes
modules/ossm-release-2-6-8.adoc,service_mesh/v2x/servicemesh-release-notes.adoc,service_mesh,5,main;4.20;4.21;4.22;5.0,yes
modules/ossm-release-2-6-9.adoc,service_mesh/v2x/servicemesh-release-notes.adoc,service_mesh,5,main;4.20;4.21;4.22;5.0,yes
modules/ossm-rn-deprecated-features.adoc,service_mesh/v2x/servicemesh-release-notes.adoc,service_mesh,5,main;4.20;4.21;4.22;5.0,yes
modules/ossm-rn-fixed-issues.adoc,service_mesh/v2x/servicemesh-release-notes.adoc,service_mesh,5,main;4.20;4.21;4.22;5.0,yes
modules/ossm-rn-known-issues.adoc,service_mesh/v2x/servicemesh-release-notes.adoc,service_mesh,5,main;4.20;4.21;4.22;5.0,yes
modules/ossm-rn-new-features.adoc,service_mesh/v2x/servicemesh-release-notes.adoc,service_mesh,5,main;4.20;4.21;4.22;5.0,yes
modules/ossm-rn-technology-preview.adoc,service_mesh/v2x/servicemesh-release-notes.adoc,service_mesh,5,main;4.20;4.21;4.22;5.0,yes
modules/ossm-threescale-authentication.adoc,service_mesh/v2x/threescale-adapter.adoc,service_mesh,5,main;4.20;4.21;4.22;5.0,yes
modules/ossm-threescale-caching.adoc,service_mesh/v2x/threescale-adapter.adoc,service_mesh,5,main;4.20;4.21;4.22;5.0,yes
modules/ossm-threescale-cr.adoc,service_mesh/v2x/threescale-adapter.adoc,service_mesh,5,main;4.20;4.21;4.22;5.0,yes
modules/ossm-threescale-integrate.adoc,service_mesh/v2x/threescale-adapter.adoc,service_mesh,5,main;4.20;4.21;4.22;5.0,yes
modules/ossm-threescale-integration-settings.adoc,service_mesh/v2x/threescale-adapter.adoc,service_mesh,5,main;4.20;4.21;4.22;5.0,yes
modules/ossm-threescale-istio-adapter-troubleshooting-checklist.adoc,service_mesh/v2x/threescale-adapter.adoc,service_mesh,5,main;4.20;4.21;4.22;5.0,yes
modules/ossm-threescale-istio-adapter-verification.adoc,service_mesh/v2x/threescale-adapter.adoc,service_mesh,5,main;4.20;4.21;4.22;5.0,yes
modules/ossm-threescale-manifests.adoc,service_mesh/v2x/threescale-adapter.adoc,service_mesh,5,main;4.20;4.21;4.22;5.0,yes
modules/ossm-threescale-metrics.adoc,service_mesh/v2x/threescale-adapter.adoc,service_mesh,5,main;4.20;4.21;4.22;5.0,yes
modules/ossm-threescale-routing.adoc,service_mesh/v2x/threescale-adapter.adoc,service_mesh,5,main;4.20;4.21;4.22;5.0,yes
modules/ossm-threescale-templates.adoc,service_mesh/v2x/threescale-adapter.adoc,service_mesh,5,main;4.20;4.21;4.22;5.0,yes
modules/threescale-backend-cache.adoc,service_mesh/v2x/threescale-adapter.adoc,service_mesh,5,main;4.20;4.21;4.22;5.0,yes
modules/threescale-istio-adapter-apicast.adoc,service_mesh/v2x/threescale-adapter.adoc,service_mesh,5,main;4.20;4.21;4.22;5.0,yes
modules/ossm-migrating-to-20.adoc,service_mesh/v2x/upgrading-ossm.adoc,service_mesh,5,main;4.20;4.21;4.22;5.0,yes
modules/ossm-understanding-versioning.adoc,service_mesh/v2x/upgrading-ossm.adoc,service_mesh,5,main;4.20;4.21;4.22;5.0,yes
modules/ossm-understanding-versions.adoc,service_mesh/v2x/upgrading-ossm.adoc,service_mesh,5,main;4.20;4.21;4.22;5.0,yes
modules/ossm-upgrade-20-21-changes.adoc,service_mesh/v2x/upgrading-ossm.adoc,service_mesh,5,main;4.20;4.21;4.22;5.0,yes
modules/ossm-upgrade-21-22-changes.adoc,service_mesh/v2x/upgrading-ossm.adoc,service_mesh,5,main;4.20;4.21;4.22;5.0,yes
modules/ossm-upgrade-22-23-changes.adoc,service_mesh/v2x/upgrading-ossm.adoc,service_mesh,5,main;4.20;4.21;4.22;5.0,yes
modules/ossm-upgrade-23-24-changes.adoc,service_mesh/v2x/upgrading-ossm.adoc,service_mesh,5,main;4.20;4.21;4.22;5.0,yes
modules/ossm-upgrade-24-25-changes.adoc,service_mesh/v2x/upgrading-ossm.adoc,service_mesh,5,main;4.20;4.21;4.22;5.0,yes
modules/ossm-upgrade-25-26-changes.adoc,service_mesh/v2x/upgrading-ossm.adoc,service_mesh,5,main;4.20;4.21;4.22;5.0,yes
modules/ossm-upgrade-apps-workloads.adoc,service_mesh/v2x/upgrading-ossm.adoc,service_mesh,5,main;4.20;4.21;4.22;5.0,yes
modules/ossm-upgrade-considerations.adoc,service_mesh/v2x/upgrading-ossm.adoc,service_mesh,5,main;4.20;4.21;4.22;5.0,yes
modules/ossm-upgrade-known-issues.adoc,service_mesh/v2x/upgrading-ossm.adoc,service_mesh,5,main;4.20;4.21;4.22;5.0,yes
modules/ossm-upgrading-operator.adoc,service_mesh/v2x/upgrading-ossm.adoc,service_mesh,5,main;4.20;4.21;4.22;5.0,yes
modules/ossm-upgrading-smcp.adoc,service_mesh/v2x/upgrading-ossm.adoc,service_mesh,5,main;4.20;4.21;4.22;5.0,yes
modules/sd-persistent-storage-csi-efs-sts.adoc,storage/container_storage_interface/persistent-storage-csi-aws-efs.adoc,storage,5,main;4.20;4.21;4.22;5.0,yes
modules/persistent-storage-csi-google-cloud-file-overview.adoc,storage/container_storage_interface/persistent-storage-csi-google-cloud-file.adoc,storage,5,main;4.20;4.21;4.22;5.0,yes
modules/persistent-storage-csi-ibm-vpc-block-overview.adoc,storage/container_storage_interface/persistent-storage-csi-ibm-cloud-vpc-block.adoc,storage,5,main;4.20;4.21;4.22;5.0,yes
modules/persistent-storage-csi-migration-overview.adoc,storage/container_storage_interface/persistent-storage-csi-migration.adoc,storage,5,main;4.20;4.21;4.22;5.0,yes
modules/persistent-storage-csi-sc-overview.adoc,storage/container_storage_interface/persistent-storage-csi-sc-manage.adoc,storage,5,main;4.20;4.21;4.22;5.0,yes
modules/persistent-storage-csi-architecture.adoc,storage/container_storage_interface/persistent-storage-csi.adoc,storage,5,main;4.20;4.21;4.22;5.0,yes
modules/persistent-storage-csi-driver-daemonset.adoc,storage/container_storage_interface/persistent-storage-csi.adoc,storage,5,main;4.20;4.21;4.22;5.0,yes
modules/persistent-storage-csi-drivers-supported.adoc,storage/container_storage_interface/persistent-storage-csi.adoc,storage,5,main;4.20;4.21;4.22;5.0,yes
modules/persistent-storage-csi-dynamic-provisioning.adoc,storage/container_storage_interface/persistent-storage-csi.adoc,storage,5,main;4.20;4.21;4.22;5.0,yes
modules/persistent-storage-csi-external-controllers.adoc,storage/container_storage_interface/persistent-storage-csi.adoc,storage,5,main;4.20;4.21;4.22;5.0,yes
modules/persistent-storage-csi-mysql-example.adoc,storage/container_storage_interface/persistent-storage-csi.adoc,storage,5,main;4.20;4.21;4.22;5.0,yes
modules/dynamic-provisioning-about.adoc,storage/dynamic-provisioning.adoc,storage,5,main;4.20;4.21;4.22;5.0,yes
modules/dynamic-provisioning-available-plugins.adoc,storage/dynamic-provisioning.adoc,storage,5,main;4.20;4.21;4.22;5.0,yes
modules/dynamic-provisioning-gce-definition.adoc,storage/dynamic-provisioning.adoc,storage,5,main;4.20;4.21;4.22;5.0,yes
modules/csi.adoc,storage/index.adoc,storage,5,main;4.20;4.21;4.22;5.0,yes
modules/dynamic-provisioning.adoc,storage/index.adoc,storage,5,main;4.20;4.21;4.22;5.0,yes
modules/storage-types.adoc,storage/index.adoc,storage,5,main;4.20;4.21;4.22;5.0,yes
modules/persistent-storage-local-discovery.adoc,storage/persistent_storage_local/persistent-storage-local.adoc,storage,5,main;4.20;4.21;4.22;5.0,yes
modules/persistent-storage-local-pod.adoc,storage/persistent_storage_local/persistent-storage-local.adoc,storage,5,main;4.20;4.21;4.22;5.0,yes
modules/about-must-gather.adoc,support/gathering-cluster-data.adoc,support,5,main;4.20;4.21;4.22;5.0,yes
modules/about-sosreport.adoc,support/gathering-cluster-data.adoc,support,5,main;4.20;4.21;4.22;5.0,yes
modules/about-toolbox.adoc,support/gathering-cluster-data.adoc,support,5,main;4.20;4.21;4.22;5.0,yes
modules/gathering-data-network-logs.adoc,support/gathering-cluster-data.adoc,support,5,main;4.20;4.21;4.22;5.0,yes
modules/gathering-data-specific-features.adoc,support/gathering-cluster-data.adoc,support,5,main;4.20;4.21;4.22;5.0,yes
modules/must-gather-flags.adoc,support/gathering-cluster-data.adoc,support,5,main;4.20;4.21;4.22;5.0,yes
modules/must-gather-storage-limit.adoc,support/gathering-cluster-data.adoc,support,5,main;4.20;4.21;4.22;5.0,yes
modules/querying-bootstrap-node-journal-logs.adoc,support/gathering-cluster-data.adoc,support,5,main;4.20;4.21;4.22;5.0,yes
modules/querying-cluster-node-journal-logs.adoc,support/gathering-cluster-data.adoc,support,5,main;4.20;4.21;4.22;5.0,yes
modules/support-collecting-host-network-trace.adoc,support/gathering-cluster-data.adoc,support,5,main;4.20;4.21;4.22;5.0,yes
modules/support-collecting-network-trace.adoc,support/gathering-cluster-data.adoc,support,5,main;4.20;4.21;4.22;5.0,yes
modules/support-gather-data.adoc,support/gathering-cluster-data.adoc,support,5,main;4.20;4.21;4.22;5.0,yes
modules/support-generating-a-sosreport-archive.adoc,support/gathering-cluster-data.adoc,support,5,main;4.20;4.21;4.22;5.0,yes
modules/support-get-cluster-id.adoc,support/gathering-cluster-data.adoc,support,5,main;4.20;4.21;4.22;5.0,yes
modules/support-installing-packages-to-a-toolbox-container.adoc,support/gathering-cluster-data.adoc,support,5,main;4.20;4.21;4.22;5.0,yes
modules/support-log-gather-config-params.adoc,support/gathering-cluster-data.adoc,support,5,main;4.20;4.21;4.22;5.0,yes
modules/support-log-gather-configure-cli.adoc,support/gathering-cluster-data.adoc,support,5,main;4.20;4.21;4.22;5.0,yes
modules/support-log-gather-install-cli.adoc,support/gathering-cluster-data.adoc,support,5,main;4.20;4.21;4.22;5.0,yes
modules/support-log-gather-install-console.adoc,support/gathering-cluster-data.adoc,support,5,main;4.20;4.21;4.22;5.0,yes
modules/support-log-gather-overview.adoc,support/gathering-cluster-data.adoc,support,5,main;4.20;4.21;4.22;5.0,yes
modules/support-log-gather-remove-resources-console.adoc,support/gathering-cluster-data.adoc,support,5,main;4.20;4.21;4.22;5.0,yes
modules/support-log-gather-uninstall-console.adoc,support/gathering-cluster-data.adoc,support,5,main;4.20;4.21;4.22;5.0,yes
modules/support-must-gather-targeted-collection-gathering-data.adoc,support/gathering-cluster-data.adoc,support,5,main;4.20;4.21;4.22;5.0,yes
modules/support-must-gather-targeted-collection.adoc,support/gathering-cluster-data.adoc,support,5,main;4.20;4.21;4.22;5.0,yes
modules/support-network-trace-methods.adoc,support/gathering-cluster-data.adoc,support,5,main;4.20;4.21;4.22;5.0,yes
modules/support-providing-diagnostic-data-to-red-hat.adoc,support/gathering-cluster-data.adoc,support,5,main;4.20;4.21;4.22;5.0,yes
modules/support-starting-an-alternative-image-with-toolbox.adoc,support/gathering-cluster-data.adoc,support,5,main;4.20;4.21;4.22;5.0,yes
modules/support-knowledgebase-about.adoc,support/getting-support.adoc,support,5,main;4.20;4.21;4.22;5.0,yes
modules/support-knowledgebase-search.adoc,support/getting-support.adoc,support,5,main;4.20;4.21;4.22;5.0,yes
modules/support-submitting-a-case.adoc,support/getting-support.adoc,support,5,main;4.20;4.21;4.22;5.0,yes
modules/support.adoc,support/getting-support.adoc,support,5,main;4.20;4.21;4.22;5.0,yes
modules/support-gather-data-cluster.adoc,support/index.adoc,support,5,main;4.20;4.21;4.22;5.0,yes
modules/support-get-support.adoc,support/index.adoc,support,5,main;4.20;4.21;4.22;5.0,yes
modules/support-remote-health-monitoring.adoc,support/index.adoc,support,5,main;4.20;4.21;4.22;5.0,yes
modules/support-troubleshooting-issues.adoc,support/index.adoc,support,5,main;4.20;4.21;4.22;5.0,yes
modules/cluster-resources.adoc,support/managing-cluster-resources.adoc,support,5,main;4.20;4.21;4.22;5.0,yes
modules/additional-details-about-how-remote-health-monitoring-data-is-used.adoc,support/remote_health_monitoring/about-remote-health-monitoring.adoc,support,5,main;4.20;4.21;4.22;5.0,yes
modules/insights-operator-about.adoc,support/remote_health_monitoring/about-remote-health-monitoring.adoc,support,5,main;4.20;4.21;4.22;5.0,yes
modules/insights-operator-what-information-is-collected.adoc,support/remote_health_monitoring/about-remote-health-monitoring.adoc,support,5,main;4.20;4.21;4.22;5.0,yes
modules/telemetry-about-telemetry.adoc,support/remote_health_monitoring/about-remote-health-monitoring.adoc,support,5,main;4.20;4.21;4.22;5.0,yes
modules/telemetry-insights-operator-benefits.adoc,support/remote_health_monitoring/about-remote-health-monitoring.adoc,support,5,main;4.20;4.21;4.22;5.0,yes
modules/telemetry-user-telemetry.adoc,support/remote_health_monitoring/about-remote-health-monitoring.adoc,support,5,main;4.20;4.21;4.22;5.0,yes
modules/telemetry-what-information-is-collected.adoc,support/remote_health_monitoring/about-remote-health-monitoring.adoc,support,5,main;4.20;4.21;4.22;5.0,yes
modules/understanding-telemetry-and-insights-operator-data-flow.adoc,support/remote_health_monitoring/about-remote-health-monitoring.adoc,support,5,main;4.20;4.21;4.22;5.0,yes
modules/insights-operator-configuring-sca.adoc,support/remote_health_monitoring/insights-operator-simple-access.adoc,support,5,main;4.20;4.21;4.22;5.0,yes
modules/insights-operator-disabling-sca.adoc,support/remote_health_monitoring/insights-operator-simple-access.adoc,support,5,main;4.20;4.21;4.22;5.0,yes
modules/insights-operator-enabling-sca.adoc,support/remote_health_monitoring/insights-operator-simple-access.adoc,support,5,main;4.20;4.21;4.22;5.0,yes
modules/insights-operator-sca-architecture-based-entitlement-secrets.adoc,support/remote_health_monitoring/insights-operator-simple-access.adoc,support,5,main;4.20;4.21;4.22;5.0,yes
modules/insights-operator-sca-entitlement-synchronization.adoc,support/remote_health_monitoring/insights-operator-simple-access.adoc,support,5,main;4.20;4.21;4.22;5.0,yes
modules/insights-operator-sca-verify-entitlement-secrets.adoc,support/remote_health_monitoring/insights-operator-simple-access.adoc,support,5,main;4.20;4.21;4.22;5.0,yes
modules/insights-operator-enable-obfuscation.adoc,support/remote_health_monitoring/remote-health-reporting-from-restricted-network.adoc,support,5,main;4.20;4.21;4.22;5.0,yes
modules/insights-operator-manual-upload.adoc,support/remote_health_monitoring/remote-health-reporting-from-restricted-network.adoc,support,5,main;4.20;4.21;4.22;5.0,yes
modules/insights-operator-one-time-gather.adoc,support/remote_health_monitoring/remote-health-reporting-from-restricted-network.adoc,support,5,main;4.20;4.21;4.22;5.0,yes
modules/enabling-remote-health-reporting.adoc,support/remote_health_monitoring/remote-health-reporting.adoc,support,5,main;4.20;4.21;4.22;5.0,yes
modules/insights-operator-new-pull-secret-disabled.adoc,support/remote_health_monitoring/remote-health-reporting.adoc,support,5,main;4.20;4.21;4.22;5.0,yes
modules/insights-operator-new-pull-secret-enable.adoc,support/remote_health_monitoring/remote-health-reporting.adoc,support,5,main;4.20;4.21;4.22;5.0,yes
modules/insights-operator-register-disconnected-cluster.adoc,support/remote_health_monitoring/remote-health-reporting.adoc,support,5,main;4.20;4.21;4.22;5.0,yes
modules/telemetry-consequences-of-disabling-telemetry.adoc,support/remote_health_monitoring/remote-health-reporting.adoc,support,5,main;4.20;4.21;4.22;5.0,yes
modules/insights-operator-showing-data-collected-from-the-cluster.adoc,support/remote_health_monitoring/showing-data-collected-by-remote-health-monitoring.adoc,support,5,main;4.20;4.21;4.22;5.0,yes
modules/telemetry-showing-data-collected-from-the-cluster.adoc,support/remote_health_monitoring/showing-data-collected-by-remote-health-monitoring.adoc,support,5,main;4.20;4.21;4.22;5.0,yes
modules/disabling-insights-operator-alerts.adoc,support/remote_health_monitoring/using-insights-operator.adoc,support,5,main;4.20;4.21;4.22;5.0,yes
modules/disabling-insights-operator-gather.adoc,support/remote_health_monitoring/using-insights-operator.adoc,support,5,main;4.20;4.21;4.22;5.0,yes
modules/enabling-insights-operator-alerts.adoc,support/remote_health_monitoring/using-insights-operator.adoc,support,5,main;4.20;4.21;4.22;5.0,yes
modules/enabling-insights-operator-gather.adoc,support/remote_health_monitoring/using-insights-operator.adoc,support,5,main;4.20;4.21;4.22;5.0,yes
modules/insights-operator-configuring-configmap.adoc,support/remote_health_monitoring/using-insights-operator.adoc,support,5,main;4.20;4.21;4.22;5.0,yes
modules/insights-operator-configuring.adoc,support/remote_health_monitoring/using-insights-operator.adoc,support,5,main;4.20;4.21;4.22;5.0,yes
modules/insights-operator-downloading-archive.adoc,support/remote_health_monitoring/using-insights-operator.adoc,support,5,main;4.20;4.21;4.22;5.0,yes
modules/insights-operator-gather-duration.adoc,support/remote_health_monitoring/using-insights-operator.adoc,support,5,main;4.20;4.21;4.22;5.0,yes
modules/insights-operator-insights-config.adoc,support/remote_health_monitoring/using-insights-operator.adoc,support,5,main;4.20;4.21;4.22;5.0,yes
modules/obfuscating-dvo-data.adoc,support/remote_health_monitoring/using-insights-operator.adoc,support,5,main;4.20;4.21;4.22;5.0,yes
modules/running-insights-operator-gather-cli.adoc,support/remote_health_monitoring/using-insights-operator.adoc,support,5,main;4.20;4.21;4.22;5.0,yes
modules/running-insights-operator-gather-web-console.adoc,support/remote_health_monitoring/using-insights-operator.adoc,support,5,main;4.20;4.21;4.22;5.0,yes
modules/running-insights-operator-gather.adoc,support/remote_health_monitoring/using-insights-operator.adoc,support,5,main;4.20;4.21;4.22;5.0,yes
modules/understanding-insights-operator-alerts.adoc,support/remote_health_monitoring/using-insights-operator.adoc,support,5,main;4.20;4.21;4.22;5.0,yes
modules/about-insights-advisor-workload-recommendations.adoc,support/remote_health_monitoring/using-insights-to-identify-issues-with-your-cluster.adoc,support,5,main;4.20;4.21;4.22;5.0,yes
modules/disabling-insights-advisor-recommendations.adoc,support/remote_health_monitoring/using-insights-to-identify-issues-with-your-cluster.adoc,support,5,main;4.20;4.21;4.22;5.0,yes
modules/displaying-all-insights-advisor-recommendations.adoc,support/remote_health_monitoring/using-insights-to-identify-issues-with-your-cluster.adoc,support,5,main;4.20;4.21;4.22;5.0,yes
modules/displaying-potential-issues-with-your-cluster.adoc,support/remote_health_monitoring/using-insights-to-identify-issues-with-your-cluster.adoc,support,5,main;4.20;4.21;4.22;5.0,yes
modules/displaying-the-insights-status-in-the-web-console.adoc,support/remote_health_monitoring/using-insights-to-identify-issues-with-your-cluster.adoc,support,5,main;4.20;4.21;4.22;5.0,yes
modules/enabling-insights-advisor-recommendations.adoc,support/remote_health_monitoring/using-insights-to-identify-issues-with-your-cluster.adoc,support,5,main;4.20;4.21;4.22;5.0,yes
modules/filtering-insights-advisor-recommendations.adoc,support/remote_health_monitoring/using-insights-to-identify-issues-with-your-cluster.adoc,support,5,main;4.20;4.21;4.22;5.0,yes
modules/insights-advisor-recommendations-filters.adoc,support/remote_health_monitoring/using-insights-to-identify-issues-with-your-cluster.adoc,support,5,main;4.20;4.21;4.22;5.0,yes
modules/insights-operator-advisor-overview.adoc,support/remote_health_monitoring/using-insights-to-identify-issues-with-your-cluster.adoc,support,5,main;4.20;4.21;4.22;5.0,yes
modules/insights-operator-advisor-recommendations.adoc,support/remote_health_monitoring/using-insights-to-identify-issues-with-your-cluster.adoc,support,5,main;4.20;4.21;4.22;5.0,yes
modules/removing-filters-from-insights-advisor-recommendations.adoc,support/remote_health_monitoring/using-insights-to-identify-issues-with-your-cluster.adoc,support,5,main;4.20;4.21;4.22;5.0,yes
modules/summarizing-cluster-specifications-through-clusterversion.adoc,support/summarizing-cluster-specifications.adoc,support,5,main;4.20;4.21;4.22;5.0,yes
modules/monitoring-determining-why-prometheus-is-consuming-disk-space.adoc,support/troubleshooting/investigating-monitoring-issues.adoc,support,5,main;4.20;4.21;4.22;5.0,yes
modules/monitoring-investigating-why-user-defined-metrics-are-unavailable.adoc,support/troubleshooting/investigating-monitoring-issues.adoc,support,5,main;4.20;4.21;4.22;5.0,yes
modules/monitoring-resolving-the-kubepersistentvolumefillingup-alert-firing-for-prometheus.adoc,support/troubleshooting/investigating-monitoring-issues.adoc,support,5,main;4.20;4.21;4.22;5.0,yes
modules/accessing-running-pods.adoc,support/troubleshooting/investigating-pod-issues.adoc,support,5,main;4.20;4.21;4.22;5.0,yes
modules/reviewing-pod-status.adoc,support/troubleshooting/investigating-pod-issues.adoc,support,5,main;4.20;4.21;4.22;5.0,yes
modules/starting-debug-pods-with-root-access.adoc,support/troubleshooting/investigating-pod-issues.adoc,support,5,main;4.20;4.21;4.22;5.0,yes
modules/understanding-pod-error-states.adoc,support/troubleshooting/investigating-pod-issues.adoc,support,5,main;4.20;4.21;4.22;5.0,yes
modules/about-crio.adoc,support/troubleshooting/troubleshooting-crio-issues.adoc,support,5,main;4.20;4.21;4.22;5.0,yes
modules/cleaning-crio-storage.adoc,support/troubleshooting/troubleshooting-crio-issues.adoc,support,5,main;4.20;4.21;4.22;5.0,yes
modules/gathering-crio-logs.adoc,support/troubleshooting/troubleshooting-crio-issues.adoc,support,5,main;4.20;4.21;4.22;5.0,yes
modules/verifying-crio-status.adoc,support/troubleshooting/troubleshooting-crio-issues.adoc,support,5,main;4.20;4.21;4.22;5.0,yes
modules/checking-load-balancer-configuration.adoc,support/troubleshooting/troubleshooting-installations.adoc,support,5,main;4.20;4.21;4.22;5.0,yes
modules/determining-where-installation-issues-occur.adoc,support/troubleshooting/troubleshooting-installations.adoc,support,5,main;4.20;4.21;4.22;5.0,yes
modules/investigating-etcd-installation-issues.adoc,support/troubleshooting/troubleshooting-installations.adoc,support,5,main;4.20;4.21;4.22;5.0,yes
modules/investigating-kubelet-api-installation-issues.adoc,support/troubleshooting/troubleshooting-installations.adoc,support,5,main;4.20;4.21;4.22;5.0,yes
modules/monitoring-installation-progress.adoc,support/troubleshooting/troubleshooting-installations.adoc,support,5,main;4.20;4.21;4.22;5.0,yes
modules/specifying-openshift-installer-log-levels.adoc,support/troubleshooting/troubleshooting-installations.adoc,support,5,main;4.20;4.21;4.22;5.0,yes
modules/troubleshooting-openshift-install-command-issues.adoc,support/troubleshooting/troubleshooting-installations.adoc,support,5,main;4.20;4.21;4.22;5.0,yes
modules/upi-installation-considerations.adoc,support/troubleshooting/troubleshooting-installations.adoc,support,5,main;4.20;4.21;4.22;5.0,yes
modules/configuring-ovnk-use-second-ovs-bridge.adoc,support/troubleshooting/troubleshooting-network-issues.adoc,support,5,main;4.20;4.21;4.22;5.0,yes
modules/configuring-ovs-log-level-permanently.adoc,support/troubleshooting/troubleshooting-network-issues.adoc,support,5,main;4.20;4.21;4.22;5.0,yes
modules/configuring-ovs-log-level-temp.adoc,support/troubleshooting/troubleshooting-network-issues.adoc,support,5,main;4.20;4.21;4.22;5.0,yes
modules/displaying-ovs-logs.adoc,support/troubleshooting/troubleshooting-network-issues.adoc,support,5,main;4.20;4.21;4.22;5.0,yes
modules/nw-how-nw-iface-selected.adoc,support/troubleshooting/troubleshooting-network-issues.adoc,support,5,main;4.20;4.21;4.22;5.0,yes
modules/nw-troubleshoot-ovs.adoc,support/troubleshooting/troubleshooting-network-issues.adoc,support,5,main;4.20;4.21;4.22;5.0,yes
modules/overriding-default-node-ip-selection-logic.adoc,support/troubleshooting/troubleshooting-network-issues.adoc,support,5,main;4.20;4.21;4.22;5.0,yes
modules/investigating-kernel-crashes.adoc,support/troubleshooting/troubleshooting-operating-system-issues.adoc,support,5,main;4.20;4.21;4.22;5.0,yes
modules/troubleshooting-debugging-ignition.adoc,support/troubleshooting/troubleshooting-operating-system-issues.adoc,support,5,main;4.20;4.21;4.22;5.0,yes
modules/troubleshooting-enabling-kdump-day-one.adoc,support/troubleshooting/troubleshooting-operating-system-issues.adoc,support,5,main;4.20;4.21;4.22;5.0,yes
modules/troubleshooting-enabling-kdump.adoc,support/troubleshooting/troubleshooting-operating-system-issues.adoc,support,5,main;4.20;4.21;4.22;5.0,yes
modules/troubleshooting-kdump-testing-analyzing.adoc,support/troubleshooting/troubleshooting-operating-system-issues.adoc,support,5,main;4.20;4.21;4.22;5.0,yes
modules/olm-cs-status-cli.adoc,support/troubleshooting/troubleshooting-operator-issues.adoc,support,5,main;4.20;4.21;4.22;5.0,yes
modules/olm-refresh-subs.adoc,support/troubleshooting/troubleshooting-operator-issues.adoc,support,5,main;4.20;4.21;4.22;5.0,yes
modules/olm-reinstall.adoc,support/troubleshooting/troubleshooting-operator-issues.adoc,support,5,main;4.20;4.21;4.22;5.0,yes
modules/olm-status-conditions.adoc,support/troubleshooting/troubleshooting-operator-issues.adoc,support,5,main;4.20;4.21;4.22;5.0,yes
modules/olm-status-viewing-cli.adoc,support/troubleshooting/troubleshooting-operator-issues.adoc,support,5,main;4.20;4.21;4.22;5.0,yes
modules/querying-operator-pod-status.adoc,support/troubleshooting/troubleshooting-operator-issues.adoc,support,5,main;4.20;4.21;4.22;5.0,yes
modules/troubleshooting-disabling-autoreboot-mco-cli.adoc,support/troubleshooting/troubleshooting-operator-issues.adoc,support,5,main;4.20;4.21;4.22;5.0,yes
modules/troubleshooting-disabling-autoreboot-mco-console.adoc,support/troubleshooting/troubleshooting-operator-issues.adoc,support,5,main;4.20;4.21;4.22;5.0,yes
modules/troubleshooting-disabling-autoreboot-mco.adoc,support/troubleshooting/troubleshooting-operator-issues.adoc,support,5,main;4.20;4.21;4.22;5.0,yes
modules/strategies-for-s2i-troubleshooting.adoc,support/troubleshooting/troubleshooting-s2i.adoc,support,5,main;4.20;4.21;4.22;5.0,yes
modules/storage-multi-attach-error.adoc,support/troubleshooting/troubleshooting-storage-issues.adoc,support,5,main;4.20;4.21;4.22;5.0,yes
modules/accessing-windows-node-using-rdp.adoc,support/troubleshooting/troubleshooting-windows-container-workload-issues.adoc,support,5,main;4.20;4.21;4.22;5.0,yes
modules/accessing-windows-node.adoc,support/troubleshooting/troubleshooting-windows-container-workload-issues.adoc,support,5,main;4.20;4.21;4.22;5.0,yes
modules/wmco-does-not-install.adoc,support/troubleshooting/troubleshooting-windows-container-workload-issues.adoc,support,5,main;4.20;4.21;4.22;5.0,yes
modules/querying-cluster-node-journal-logs.adoc,support/troubleshooting/verifying-node-health.adoc,support,5,main;4.20;4.21;4.22;5.0,yes
modules/querying-kubelet-status-on-a-node.adoc,support/troubleshooting/verifying-node-health.adoc,support,5,main;4.20;4.21;4.22;5.0,yes
modules/reviewing-node-status-usage-and-configuration.adoc,support/troubleshooting/verifying-node-health.adoc,support,5,main;4.20;4.21;4.22;5.0,yes
modules/tutorial-cheat-sheets.adoc,tutorials/additional-tutorials.adoc,tutorials,5,main;4.20;4.21;4.22;5.0,yes
modules/tutorial-developer-paths.adoc,tutorials/additional-tutorials.adoc,tutorials,5,main;4.20;4.21;4.22;5.0,yes
modules/tutorial-training-courses.adoc,tutorials/additional-tutorials.adoc,tutorials,5,main;4.20;4.21;4.22;5.0,yes
modules/getting-started-cli-connecting-a-database.adoc,tutorials/dev-app-cli.adoc,tutorials,5,main;4.20;4.21;4.22;5.0,yes
modules/getting-started-cli-creating-new-project.adoc,tutorials/dev-app-cli.adoc,tutorials,5,main;4.20;4.21;4.22;5.0,yes
modules/getting-started-cli-creating-route-backend.adoc,tutorials/dev-app-cli.adoc,tutorials,5,main;4.20;4.21;4.22;5.0,yes
modules/getting-started-cli-creating-route.adoc,tutorials/dev-app-cli.adoc,tutorials,5,main;4.20;4.21;4.22;5.0,yes
modules/getting-started-cli-creating-secret.adoc,tutorials/dev-app-cli.adoc,tutorials,5,main;4.20;4.21;4.22;5.0,yes
modules/getting-started-cli-deploying-first-image.adoc,tutorials/dev-app-cli.adoc,tutorials,5,main;4.20;4.21;4.22;5.0,yes
modules/getting-started-cli-deploying-python-app.adoc,tutorials/dev-app-cli.adoc,tutorials,5,main;4.20;4.21;4.22;5.0,yes
modules/getting-started-cli-examining-pod.adoc,tutorials/dev-app-cli.adoc,tutorials,5,main;4.20;4.21;4.22;5.0,yes
modules/getting-started-cli-granting-permissions.adoc,tutorials/dev-app-cli.adoc,tutorials,5,main;4.20;4.21;4.22;5.0,yes
modules/getting-started-cli-load-data-output.adoc,tutorials/dev-app-cli.adoc,tutorials,5,main;4.20;4.21;4.22;5.0,yes
modules/getting-started-cli-scaling-app.adoc,tutorials/dev-app-cli.adoc,tutorials,5,main;4.20;4.21;4.22;5.0,yes
modules/getting-started-cli-view.adoc,tutorials/dev-app-cli.adoc,tutorials,5,main;4.20;4.21;4.22;5.0,yes
modules/getting-started-web-console-connecting-a-database.adoc,tutorials/dev-app-web-console.adoc,tutorials,5,main;4.20;4.21;4.22;5.0,yes
modules/getting-started-web-console-creating-new-project.adoc,tutorials/dev-app-web-console.adoc,tutorials,5,main;4.20;4.21;4.22;5.0,yes
modules/getting-started-web-console-creating-secret.adoc,tutorials/dev-app-web-console.adoc,tutorials,5,main;4.20;4.21;4.22;5.0,yes
modules/getting-started-web-console-deploying-first-image.adoc,tutorials/dev-app-web-console.adoc,tutorials,5,main;4.20;4.21;4.22;5.0,yes
modules/getting-started-web-console-deploying-python-app.adoc,tutorials/dev-app-web-console.adoc,tutorials,5,main;4.20;4.21;4.22;5.0,yes
modules/getting-started-web-console-examining-pod.adoc,tutorials/dev-app-web-console.adoc,tutorials,5,main;4.20;4.21;4.22;5.0,yes
modules/getting-started-web-console-granting-permissions.adoc,tutorials/dev-app-web-console.adoc,tutorials,5,main;4.20;4.21;4.22;5.0,yes
modules/getting-started-web-console-load-data-output.adoc,tutorials/dev-app-web-console.adoc,tutorials,5,main;4.20;4.21;4.22;5.0,yes
modules/getting-started-web-console-scaling-app.adoc,tutorials/dev-app-web-console.adoc,tutorials,5,main;4.20;4.21;4.22;5.0,yes
modules/getting-started-web-console-view.adoc,tutorials/dev-app-web-console.adoc,tutorials,5,main;4.20;4.21;4.22;5.0,yes
modules/tutorial-additional-learning.adoc,tutorials/index.adoc,tutorials,5,main;4.20;4.21;4.22;5.0,yes
modules/tutorial-dev-tutorials.adoc,tutorials/index.adoc,tutorials,5,main;4.20;4.21;4.22;5.0,yes
modules/kmm-example-cr.adoc,updating/preparing_for_updates/kmm-preflight-validation.adoc,updating,5,main;4.20;4.21;4.22;5.0,yes
modules/kmm-image-validation-stage.adoc,updating/preparing_for_updates/kmm-preflight-validation.adoc,updating,5,main;4.20;4.21;4.22;5.0,yes
modules/kmm-validation-kickoff.adoc,updating/preparing_for_updates/kmm-preflight-validation.adoc,updating,5,main;4.20;4.21;4.22;5.0,yes
modules/kmm-validation-lifecycle.adoc,updating/preparing_for_updates/kmm-preflight-validation.adoc,updating,5,main;4.20;4.21;4.22;5.0,yes
modules/kmm-validation-status.adoc,updating/preparing_for_updates/kmm-preflight-validation.adoc,updating,5,main;4.20;4.21;4.22;5.0,yes
modules/changing-cvo-log-level.adoc,updating/troubleshooting_updates/gathering-data-cluster-update.adoc,updating,5,main;4.20;4.21;4.22;5.0,yes
modules/gathering-clusterversion-history-cli.adoc,updating/troubleshooting_updates/gathering-data-cluster-update.adoc,updating,5,main;4.20;4.21;4.22;5.0,yes
modules/gathering-clusterversion-history-console.adoc,updating/troubleshooting_updates/gathering-data-cluster-update.adoc,updating,5,main;4.20;4.21;4.22;5.0,yes
modules/gathering-clusterversion-history.adoc,updating/troubleshooting_updates/gathering-data-cluster-update.adoc,updating,5,main;4.20;4.21;4.22;5.0,yes
modules/updating-bootloader-auto.adoc,updating/updating_a_cluster/updating-bootloader-rhcos.adoc,updating,5,main;4.20;4.21;4.22;5.0,yes
modules/updating-bootloader-manual.adoc,updating/updating_a_cluster/updating-bootloader-rhcos.adoc,updating,5,main;4.20;4.21;4.22;5.0,yes
modules/scheduling-virtual-hardware-update-on-vsphere.adoc,updating/updating_a_cluster/updating-hardware-on-nodes-running-on-vsphere.adoc,updating,5,main;4.20;4.21;4.22;5.0,yes
modules/update-vsphere-virtual-hardware-on-compute-nodes.adoc,updating/updating_a_cluster/updating-hardware-on-nodes-running-on-vsphere.adoc,updating,5,main;4.20;4.21;4.22;5.0,yes
modules/update-vsphere-virtual-hardware-on-control-plane-nodes.adoc,updating/updating_a_cluster/updating-hardware-on-nodes-running-on-vsphere.adoc,updating,5,main;4.20;4.21;4.22;5.0,yes
modules/update-vsphere-virtual-hardware-on-template.adoc,updating/updating_a_cluster/updating-hardware-on-nodes-running-on-vsphere.adoc,updating,5,main;4.20;4.21;4.22;5.0,yes
modules/virt-about-storage-volumes-for-vm-disks.adoc,virt/about_virt/about-virt.adoc,virt,5,main;4.20;4.21;4.22;5.0,yes
modules/virt-sno-differences.adoc,virt/about_virt/about-virt.adoc,virt,5,main;4.20;4.21;4.22;5.0,yes
modules/virt-supported-cluster-version-osd.adoc,virt/about_virt/about-virt.adoc,virt,5,main;4.20;4.21;4.22;5.0,yes
modules/virt-supported-cluster-version.adoc,virt/about_virt/about-virt.adoc,virt,5,main;4.20;4.21;4.22;5.0,yes
modules/virt-vmware-comparison.adoc,virt/about_virt/about-virt.adoc,virt,5,main;4.20;4.21;4.22;5.0,yes
modules/virt-what-you-can-do-with-virt.adoc,virt/about_virt/about-virt.adoc,virt,5,main;4.20;4.21;4.22;5.0,yes
modules/virt-about-cdi-operator.adoc,virt/about_virt/virt-architecture.adoc,virt,5,main;4.20;4.21;4.22;5.0,yes
modules/virt-about-cluster-network-addons-operator.adoc,virt/about_virt/virt-architecture.adoc,virt,5,main;4.20;4.21;4.22;5.0,yes
modules/virt-about-hco-operator.adoc,virt/about_virt/virt-architecture.adoc,virt,5,main;4.20;4.21;4.22;5.0,yes
modules/virt-about-hpp-operator.adoc,virt/about_virt/virt-architecture.adoc,virt,5,main;4.20;4.21;4.22;5.0,yes
modules/virt-about-ssp-operator.adoc,virt/about_virt/virt-architecture.adoc,virt,5,main;4.20;4.21;4.22;5.0,yes
modules/virt-about-virt-operator.adoc,virt/about_virt/virt-architecture.adoc,virt,5,main;4.20;4.21;4.22;5.0,yes
modules/virt-about-workload-security.adoc,virt/about_virt/virt-security-policies.adoc,virt,5,main;4.20;4.21;4.22;5.0,yes
modules/virt-additional-scc-for-kubevirt-controller.adoc,virt/about_virt/virt-security-policies.adoc,virt,5,main;4.20;4.21;4.22;5.0,yes
modules/virt-automatic-certificates-renewal.adoc,virt/about_virt/virt-security-policies.adoc,virt,5,main;4.20;4.21;4.22;5.0,yes
modules/virt-default-cluster-roles.adoc,virt/about_virt/virt-security-policies.adoc,virt,5,main;4.20;4.21;4.22;5.0,yes
modules/virt-security-policies-auth.adoc,virt/about_virt/virt-security-policies.adoc,virt,5,main;4.20;4.21;4.22;5.0,yes
modules/virt-storage-rbac-roles.adoc,virt/about_virt/virt-security-policies.adoc,virt,5,main;4.20;4.21;4.22;5.0,yes
modules/virt-tested-maximums.adoc,virt/about_virt/virt-supported-limits.adoc,virt,5,main;4.20;4.21;4.22;5.0,yes
modules/install-and-configure-oadp-kubevirt.adoc,virt/backup_restore/virt-backup-restore-overview.adoc,virt,5,main;4.20;4.21;4.22;5.0,yes
modules/oadp-installing-dpa-1-3.adoc,virt/backup_restore/virt-backup-restore-overview.adoc,virt,5,main;4.20;4.21;4.22;5.0,yes
modules/virt-about-application-consistent-backups.adoc,virt/backup_restore/virt-backup-restore-snapshots.adoc,virt,5,main;4.20;4.21;4.22;5.0,yes
modules/virt-about-vm-snapshots.adoc,virt/backup_restore/virt-backup-restore-snapshots.adoc,virt,5,main;4.20;4.21;4.22;5.0,yes
modules/virt-creating-vm-snapshot-cli.adoc,virt/backup_restore/virt-backup-restore-snapshots.adoc,virt,5,main;4.20;4.21;4.22;5.0,yes
modules/virt-creating-vm-snapshot-web.adoc,virt/backup_restore/virt-backup-restore-snapshots.adoc,virt,5,main;4.20;4.21;4.22;5.0,yes
modules/virt-deleting-vm-snapshot-cli.adoc,virt/backup_restore/virt-backup-restore-snapshots.adoc,virt,5,main;4.20;4.21;4.22;5.0,yes
modules/virt-deleting-vm-snapshot-web.adoc,virt/backup_restore/virt-backup-restore-snapshots.adoc,virt,5,main;4.20;4.21;4.22;5.0,yes
modules/virt-restoring-vm-from-snapshot-cli.adoc,virt/backup_restore/virt-backup-restore-snapshots.adoc,virt,5,main;4.20;4.21;4.22;5.0,yes
modules/virt-restoring-vm-from-snapshot-web.adoc,virt/backup_restore/virt-backup-restore-snapshots.adoc,virt,5,main;4.20;4.21;4.22;5.0,yes
modules/virt-verifying-online-snapshot-creation-with-snapshot-indications.adoc,virt/backup_restore/virt-backup-restore-snapshots.adoc,virt,5,main;4.20;4.21;4.22;5.0,yes
modules/virt-about-dr-methods.adoc,virt/backup_restore/virt-disaster-recovery.adoc,virt,5,main;4.20;4.21;4.22;5.0,yes
modules/virt-disaster-recovery-defining-apps.adoc,virt/backup_restore/virt-disaster-recovery.adoc,virt,5,main;4.20;4.21;4.22;5.0,yes
modules/virt-dr-solutions-rh-managed-clusters.adoc,virt/backup_restore/virt-disaster-recovery.adoc,virt,5,main;4.20;4.21;4.22;5.0,yes
modules/virt-vm-behavior-dr.adoc,virt/backup_restore/virt-disaster-recovery.adoc,virt,5,main;4.20;4.21;4.22;5.0,yes
modules/virt-enabling-vms-ibm-secure-execution-ibm-z.adoc,virt/creating_vm/virt-configuring-ibm-secure-execution-vms-ibm-z.adoc,virt,5,main;4.20;4.21;4.22;5.0,yes
modules/virt-launching-ibm-secure-execution-vm-ibm-z.adoc,virt/creating_vm/virt-configuring-ibm-secure-execution-vms-ibm-z.adoc,virt,5,main;4.20;4.21;4.22;5.0,yes
modules/virt-create-aws-li-windows-vm-web-console.adoc,virt/creating_vm/virt-creating-vms-aws-li-windows.adoc,virt,5,main;4.20;4.21;4.22;5.0,yes
modules/virt-about-cloning.adoc,virt/creating_vm/virt-creating-vms-from-cli.adoc,virt,5,main;4.20;4.21;4.22;5.0,yes
modules/virt-cloning-pvc-to-dv-cli.adoc,virt/creating_vm/virt-creating-vms-from-cli.adoc,virt,5,main;4.20;4.21;4.22;5.0,yes
modules/virt-creating-vm-by-cloning-pvcs-cli.adoc,virt/creating_vm/virt-creating-vms-from-cli.adoc,virt,5,main;4.20;4.21;4.22;5.0,yes
modules/virt-creating-vm-cli.adoc,virt/creating_vm/virt-creating-vms-from-cli.adoc,virt,5,main;4.20;4.21;4.22;5.0,yes
modules/virt-creating-vm-cloned-pvc-data-volume-template.adoc,virt/creating_vm/virt-creating-vms-from-cli.adoc,virt,5,main;4.20;4.21;4.22;5.0,yes
modules/virt-creating-vm-container-disk-cli.adoc,virt/creating_vm/virt-creating-vms-from-cli.adoc,virt,5,main;4.20;4.21;4.22;5.0,yes
modules/virt-creating-vm-web-page-cli.adoc,virt/creating_vm/virt-creating-vms-from-cli.adoc,virt,5,main;4.20;4.21;4.22;5.0,yes
modules/virt-creating-windows-vm.adoc,virt/creating_vm/virt-creating-vms-from-cli.adoc,virt,5,main;4.20;4.21;4.22;5.0,yes
modules/virt-disabling-tls-for-registry.adoc,virt/creating_vm/virt-creating-vms-from-cli.adoc,virt,5,main;4.20;4.21;4.22;5.0,yes
modules/virt-generalizing-linux-vm-image.adoc,virt/creating_vm/virt-creating-vms-from-cli.adoc,virt,5,main;4.20;4.21;4.22;5.0,yes
modules/virt-generalizing-windows-sysprep.adoc,virt/creating_vm/virt-creating-vms-from-cli.adoc,virt,5,main;4.20;4.21;4.22;5.0,yes
modules/virt-optimizing-clone-performance-at-scale-in-openshift-data-foundation.adoc,virt/creating_vm/virt-creating-vms-from-cli.adoc,virt,5,main;4.20;4.21;4.22;5.0,yes
modules/virt-preparing-container-disk-for-vms.adoc,virt/creating_vm/virt-creating-vms-from-cli.adoc,virt,5,main;4.20;4.21;4.22;5.0,yes
modules/virt-specializing-windows-sysprep.adoc,virt/creating_vm/virt-creating-vms-from-cli.adoc,virt,5,main;4.20;4.21;4.22;5.0,yes
modules/virt-uploading-image-virtctl.adoc,virt/creating_vm/virt-creating-vms-from-cli.adoc,virt,5,main;4.20;4.21;4.22;5.0,yes
modules/virt-about-instance-types.adoc,virt/creating_vm/virt-creating-vms-from-instance-types.adoc,virt,5,main;4.20;4.21;4.22;5.0,yes
modules/virt-change-vm-instance-type-cli.adoc,virt/creating_vm/virt-creating-vms-from-instance-types.adoc,virt,5,main;4.20;4.21;4.22;5.0,yes
modules/virt-change-vm-instance-type.adoc,virt/creating_vm/virt-creating-vms-from-instance-types.adoc,virt,5,main;4.20;4.21;4.22;5.0,yes
modules/virt-infer-instancetype-preference.adoc,virt/creating_vm/virt-creating-vms-from-instance-types.adoc,virt,5,main;4.20;4.21;4.22;5.0,yes
modules/virt-inferfromvolume-labels.adoc,virt/creating_vm/virt-creating-vms-from-instance-types.adoc,virt,5,main;4.20;4.21;4.22;5.0,yes
modules/virt-instance-types-changing-types.adoc,virt/creating_vm/virt-creating-vms-from-instance-types.adoc,virt,5,main;4.20;4.21;4.22;5.0,yes
modules/virt-using-flags-specify.adoc,virt/creating_vm/virt-creating-vms-from-instance-types.adoc,virt,5,main;4.20;4.21;4.22;5.0,yes
modules/virt-about-vms-and-boot-sources.adoc,virt/creating_vm/virt-creating-vms-from-rh-images-overview.adoc,virt,5,main;4.20;4.21;4.22;5.0,yes
modules/virt-golden-images.adoc,virt/creating_vm/virt-creating-vms-from-rh-images-overview.adoc,virt,5,main;4.20;4.21;4.22;5.0,yes
modules/virt-creating-template.adoc,virt/creating_vm/virt-creating-vms-from-templates.adoc,virt,5,main;4.20;4.21;4.22;5.0,yes
modules/virt-customizing-vm-template-web.adoc,virt/creating_vm/virt-creating-vms-from-templates.adoc,virt,5,main;4.20;4.21;4.22;5.0,yes
modules/virt-dedicated-resources-vm-template.adoc,virt/creating_vm/virt-creating-vms-from-templates.adoc,virt,5,main;4.20;4.21;4.22;5.0,yes
modules/virt-about-cloning.adoc,virt/creating_vms_advanced/virt-creating-vms-by-cloning-pvcs.adoc,virt,5,main;4.20;4.21;4.22;5.0,yes
modules/virt-cloning-pvc-to-dv-cli.adoc,virt/creating_vms_advanced/virt-creating-vms-by-cloning-pvcs.adoc,virt,5,main;4.20;4.21;4.22;5.0,yes
modules/virt-creating-vm-by-cloning-pvcs-cli.adoc,virt/creating_vms_advanced/virt-creating-vms-by-cloning-pvcs.adoc,virt,5,main;4.20;4.21;4.22;5.0,yes
modules/virt-creating-vm-cloned-pvc-data-volume-template.adoc,virt/creating_vms_advanced/virt-creating-vms-by-cloning-pvcs.adoc,virt,5,main;4.20;4.21;4.22;5.0,yes
modules/virt-optimizing-clone-performance-at-scale-in-openshift-data-foundation.adoc,virt/creating_vms_advanced/virt-creating-vms-by-cloning-pvcs.adoc,virt,5,main;4.20;4.21;4.22;5.0,yes
modules/virt-creating-vm-cli.adoc,virt/creating_vms_advanced/virt-creating-vms-from-cli.adoc,virt,5,main;4.20;4.21;4.22;5.0,yes
modules/virt-uploading-image-virtctl.adoc,virt/creating_vms_advanced/virt-creating-vms-from-cli.adoc,virt,5,main;4.20;4.21;4.22;5.0,yes
modules/virt-creating-vm-container-disk-cli.adoc,virt/creating_vms_advanced/virt-creating-vms-from-container-disks.adoc,virt,5,main;4.20;4.21;4.22;5.0,yes
modules/virt-disabling-tls-for-registry.adoc,virt/creating_vms_advanced/virt-creating-vms-from-container-disks.adoc,virt,5,main;4.20;4.21;4.22;5.0,yes
modules/virt-preparing-container-disk-for-vms.adoc,virt/creating_vms_advanced/virt-creating-vms-from-container-disks.adoc,virt,5,main;4.20;4.21;4.22;5.0,yes
modules/virt-about-vms-and-boot-sources.adoc,virt/creating_vms_advanced/virt-creating-vms-from-rh-images-overview.adoc,virt,5,main;4.20;4.21;4.22;5.0,yes
modules/virt-golden-images.adoc,virt/creating_vms_advanced/virt-creating-vms-from-rh-images-overview.adoc,virt,5,main;4.20;4.21;4.22;5.0,yes
modules/virt-creating-vm-web-page-cli.adoc,virt/creating_vms_advanced/virt-creating-vms-from-web-images.adoc,virt,5,main;4.20;4.21;4.22;5.0,yes
modules/virt-creating-windows-vm.adoc,virt/creating_vms_advanced/virt-creating-vms-uploading-images.adoc,virt,5,main;4.20;4.21;4.22;5.0,yes
modules/virt-generalizing-linux-vm-image.adoc,virt/creating_vms_advanced/virt-creating-vms-uploading-images.adoc,virt,5,main;4.20;4.21;4.22;5.0,yes
modules/virt-generalizing-windows-sysprep.adoc,virt/creating_vms_advanced/virt-creating-vms-uploading-images.adoc,virt,5,main;4.20;4.21;4.22;5.0,yes
modules/virt-specializing-windows-sysprep.adoc,virt/creating_vms_advanced/virt-creating-vms-uploading-images.adoc,virt,5,main;4.20;4.21;4.22;5.0,yes
modules/virt-uploading-image-virtctl.adoc,virt/creating_vms_advanced/virt-creating-vms-uploading-images.adoc,virt,5,main;4.20;4.21;4.22;5.0,yes
modules/virt-enabling-heterogeneous-clusters.adoc,virt/creating_vms_advanced/virt-golden-image-heterogeneous-clusters.adoc,virt,5,main;4.20;4.21;4.22;5.0,yes
modules/virt-modify-workload-node-heterogeneous-cluster.adoc,virt/creating_vms_advanced/virt-golden-image-heterogeneous-clusters.adoc,virt,5,main;4.20;4.21;4.22;5.0,yes
modules/virt-getting-started-tour.adoc,virt/getting_started/virt-getting-started.adoc,virt,5,main;4.20;4.21;4.22;5.0,yes
modules/virt-quick-starts.adoc,virt/getting_started/virt-getting-started.adoc,virt,5,main;4.20;4.21;4.22;5.0,yes
modules/virt-about-libguestfs-tools-virtctl-guestfs.adoc,virt/getting_started/virt-using-the-cli-tools.adoc,virt,5,main;4.20;4.21;4.22;5.0,yes
modules/virt-deploying-libguestfs-with-virtctl.adoc,virt/getting_started/virt-using-the-cli-tools.adoc,virt,5,main;4.20;4.21;4.22;5.0,yes
modules/virt-hot-plug-and-hot-unplug-commands.adoc,virt/getting_started/virt-using-the-cli-tools.adoc,virt,5,main;4.20;4.21;4.22;5.0,yes
modules/virt-image-upload-commands.adoc,virt/getting_started/virt-using-the-cli-tools.adoc,virt,5,main;4.20;4.21;4.22;5.0,yes
modules/virt-installing-virtctl-binary.adoc,virt/getting_started/virt-using-the-cli-tools.adoc,virt,5,main;4.20;4.21;4.22;5.0,yes
modules/virt-virtctl-information-commands.adoc,virt/getting_started/virt-using-the-cli-tools.adoc,virt,5,main;4.20;4.21;4.22;5.0,yes
modules/virt-vm-connection-commands.adoc,virt/getting_started/virt-using-the-cli-tools.adoc,virt,5,main;4.20;4.21;4.22;5.0,yes
modules/virt-vm-export-commands.adoc,virt/getting_started/virt-using-the-cli-tools.adoc,virt,5,main;4.20;4.21;4.22;5.0,yes
modules/virt-vm-information-commands.adoc,virt/getting_started/virt-using-the-cli-tools.adoc,virt,5,main;4.20;4.21;4.22;5.0,yes
modules/virt-vm-management-commands.adoc,virt/getting_started/virt-using-the-cli-tools.adoc,virt,5,main;4.20;4.21;4.22;5.0,yes
modules/virt-vm-manifest-creation-commands.adoc,virt/getting_started/virt-using-the-cli-tools.adoc,virt,5,main;4.20;4.21;4.22;5.0,yes
modules/virt-about-installation-methods.adoc,virt/install/installing-virt.adoc,virt,5,main;4.20;4.21;4.22;5.0,yes
modules/virt-deploying-operator-cli.adoc,virt/install/installing-virt.adoc,virt,5,main;4.20;4.21;4.22;5.0,yes
modules/virt-installing-virt-operator.adoc,virt/install/installing-virt.adoc,virt,5,main;4.20;4.21;4.22;5.0,yes
modules/virt-subscribing-cli.adoc,virt/install/installing-virt.adoc,virt,5,main;4.20;4.21;4.22;5.0,yes
modules/virt-arm-compatibility.adoc,virt/install/preparing-cluster-for-virt.adoc,virt,5,main;4.20;4.21;4.22;5.0,yes
modules/virt-aws-bm.adoc,virt/install/preparing-cluster-for-virt.adoc,virt,5,main;4.20;4.21;4.22;5.0,yes
modules/virt-cloud-platforms.adoc,virt/install/preparing-cluster-for-virt.adoc,virt,5,main;4.20;4.21;4.22;5.0,yes
modules/virt-compatible-platforms.adoc,virt/install/preparing-cluster-for-virt.adoc,virt,5,main;4.20;4.21;4.22;5.0,yes
modules/virt-ibm-z-compatibility.adoc,virt/install/preparing-cluster-for-virt.adoc,virt,5,main;4.20;4.21;4.22;5.0,yes
modules/virt-important-considerations.adoc,virt/install/preparing-cluster-for-virt.adoc,virt,5,main;4.20;4.21;4.22;5.0,yes
modules/virt-object-maximums.adoc,virt/install/preparing-cluster-for-virt.adoc,virt,5,main;4.20;4.21;4.22;5.0,yes
modules/deleting-a-namespace-using-the-web-console.adoc,virt/install/uninstalling-virt.adoc,virt,5,main;4.20;4.21;4.22;5.0,yes
modules/olm-deleting-operators-from-a-cluster-using-web-console.adoc,virt/install/uninstalling-virt.adoc,virt,5,main;4.20;4.21;4.22;5.0,yes
modules/virt-deleting-deployment-custom-resource.adoc,virt/install/uninstalling-virt.adoc,virt,5,main;4.20;4.21;4.22;5.0,yes
modules/virt-deleting-virt-cli.adoc,virt/install/uninstalling-virt.adoc,virt,5,main;4.20;4.21;4.22;5.0,yes
modules/virt-deleting-virt-crds-web.adoc,virt/install/uninstalling-virt.adoc,virt,5,main;4.20;4.21;4.22;5.0,yes
modules/virt-about-storage-volumes-for-vm-disks.adoc,virt/install/virt-requirements.adoc,virt,5,main;4.20;4.21;4.22;5.0,yes
modules/virt-cluster-ha-options.adoc,virt/install/virt-requirements.adoc,virt,5,main;4.20;4.21;4.22;5.0,yes
modules/virt-cluster-resource-requirements.adoc,virt/install/virt-requirements.adoc,virt,5,main;4.20;4.21;4.22;5.0,yes
modules/virt-cpu-requirements.adoc,virt/install/virt-requirements.adoc,virt,5,main;4.20;4.21;4.22;5.0,yes
modules/virt-live-migration-requirements.adoc,virt/install/virt-requirements.adoc,virt,5,main;4.20;4.21;4.22;5.0,yes
modules/virt-object-maximums.adoc,virt/install/virt-requirements.adoc,virt,5,main;4.20;4.21;4.22;5.0,yes
modules/virt-os-requirements.adoc,virt/install/virt-requirements.adoc,virt,5,main;4.20;4.21;4.22;5.0,yes
modules/virt-sno-differences.adoc,virt/install/virt-requirements.adoc,virt,5,main;4.20;4.21;4.22;5.0,yes
modules/virt-storage-requirements.adoc,virt/install/virt-requirements.adoc,virt,5,main;4.20;4.21;4.22;5.0,yes
modules/virt-about-live-migration-permissions.adoc,virt/live_migration/virt-about-live-migration.adoc,virt,5,main;4.20;4.21;4.22;5.0,yes
modules/virt-granting-live-migration-permissions.adoc,virt/live_migration/virt-about-live-migration.adoc,virt,5,main;4.20;4.21;4.22;5.0,yes
modules/virt-live-migration-requirements.adoc,virt/live_migration/virt-about-live-migration.adoc,virt,5,main;4.20;4.21;4.22;5.0,yes
modules/virt-preserving-lm-perms.adoc,virt/live_migration/virt-about-live-migration.adoc,virt,5,main;4.20;4.21;4.22;5.0,yes
modules/virt-vm-migration-tuning.adoc,virt/live_migration/virt-about-live-migration.adoc,virt,5,main;4.20;4.21;4.22;5.0,yes
modules/virt-configuring-root-ca-for-providers.adoc,virt/live_migration/virt-about-mtv-providers.adoc,virt,5,main;4.20;4.21;4.22;5.0,yes
modules/virt-creating-long-lived-account-and-token.adoc,virt/live_migration/virt-about-mtv-providers.adoc,virt,5,main;4.20;4.21;4.22;5.0,yes
modules/virt-configuring-secondary-network-vm-live-migration.adoc,virt/live_migration/virt-configuring-cross-cluster-live-migration-network.adoc,virt,5,main;4.20;4.21;4.22;5.0,yes
modules/virt-configuring-a-live-migration-policy.adoc,virt/live_migration/virt-configuring-live-migration.adoc,virt,5,main;4.20;4.21;4.22;5.0,yes
modules/virt-configuring-live-migration-heavy.adoc,virt/live_migration/virt-configuring-live-migration.adoc,virt,5,main;4.20;4.21;4.22;5.0,yes
modules/virt-configuring-live-migration-limits.adoc,virt/live_migration/virt-configuring-live-migration.adoc,virt,5,main;4.20;4.21;4.22;5.0,yes
modules/virt-live-migration-policies.adoc,virt/live_migration/virt-configuring-live-migration.adoc,virt,5,main;4.20;4.21;4.22;5.0,yes
modules/virt-canceling-vm-migration-cli.adoc,virt/live_migration/virt-initiating-live-migration.adoc,virt,5,main;4.20;4.21;4.22;5.0,yes
modules/virt-canceling-vm-migration-web.adoc,virt/live_migration/virt-initiating-live-migration.adoc,virt,5,main;4.20;4.21;4.22;5.0,yes
modules/virt-initiating-vm-migration-cli.adoc,virt/live_migration/virt-initiating-live-migration.adoc,virt,5,main;4.20;4.21;4.22;5.0,yes
modules/virt-initiating-vm-migration-web.adoc,virt/live_migration/virt-initiating-live-migration.adoc,virt,5,main;4.20;4.21;4.22;5.0,yes
modules/virt-NUMA-limitations.adoc,virt/managing_vms/advanced_vm_management/virt-NUMA-topology.adoc,virt,5,main;4.20;4.21;4.22;5.0,yes
modules/virt-NUMA-live-migration.adoc,virt/managing_vms/advanced_vm_management/virt-NUMA-topology.adoc,virt,5,main;4.20;4.21;4.22;5.0,yes
modules/virt-NUMA-prereqs.adoc,virt/managing_vms/advanced_vm_management/virt-NUMA-topology.adoc,virt,5,main;4.20;4.21;4.22;5.0,yes
modules/virt-NUMA-topology-disabling-hotplugs.adoc,virt/managing_vms/advanced_vm_management/virt-NUMA-topology.adoc,virt,5,main;4.20;4.21;4.22;5.0,yes
modules/virt-disable-CPU-VM-hotplug-instancetype.adoc,virt/managing_vms/advanced_vm_management/virt-NUMA-topology.adoc,virt,5,main;4.20;4.21;4.22;5.0,yes
modules/virt-disable-CPU-VM-hotplug.adoc,virt/managing_vms/advanced_vm_management/virt-NUMA-topology.adoc,virt,5,main;4.20;4.21;4.22;5.0,yes
modules/virt-disable-kubervirt-hotplug-ratio.adoc,virt/managing_vms/advanced_vm_management/virt-NUMA-topology.adoc,virt,5,main;4.20;4.21;4.22;5.0,yes
modules/virt-numa-check-config.adoc,virt/managing_vms/advanced_vm_management/virt-NUMA-topology.adoc,virt,5,main;4.20;4.21;4.22;5.0,yes
modules/virt-using-NUMA.adoc,virt/managing_vms/advanced_vm_management/virt-NUMA-topology.adoc,virt,5,main;4.20;4.21;4.22;5.0,yes
modules/virt-enabling-multi-queue.adoc,virt/managing_vms/advanced_vm_management/virt-about-multi-queue.adoc,virt,5,main;4.20;4.21;4.22;5.0,yes
modules/virt-setting-cpu-allocation-ratio.adoc,virt/managing_vms/advanced_vm_management/virt-assigning-compute-resources.adoc,virt,5,main;4.20;4.21;4.22;5.0,yes
modules/virt-configuring-default-cpu-model.adoc,virt/managing_vms/advanced_vm_management/virt-configuring-default-cpu-model.adoc,virt,5,main;4.20;4.21;4.22;5.0,yes
modules/virt-about-pci-passthrough.adoc,virt/managing_vms/advanced_vm_management/virt-configuring-pci-passthrough.adoc,virt,5,main;4.20;4.21;4.22;5.0,yes
modules/virt-adding-kernel-arguments-enable-iommu.adoc,virt/managing_vms/advanced_vm_management/virt-configuring-pci-passthrough.adoc,virt,5,main;4.20;4.21;4.22;5.0,yes
modules/virt-assigning-pci-device-virtual-machine.adoc,virt/managing_vms/advanced_vm_management/virt-configuring-pci-passthrough.adoc,virt,5,main;4.20;4.21;4.22;5.0,yes
modules/virt-binding-devices-vfio-driver.adoc,virt/managing_vms/advanced_vm_management/virt-configuring-pci-passthrough.adoc,virt,5,main;4.20;4.21;4.22;5.0,yes
modules/virt-exposing-pci-device-in-cluster-cli.adoc,virt/managing_vms/advanced_vm_management/virt-configuring-pci-passthrough.adoc,virt,5,main;4.20;4.21;4.22;5.0,yes
modules/virt-preventing-nvidia-gpu-operands-from-deploying-on-nodes.adoc,virt/managing_vms/advanced_vm_management/virt-configuring-pci-passthrough.adoc,virt,5,main;4.20;4.21;4.22;5.0,yes
modules/virt-removing-pci-device-from-cluster-cli.adoc,virt/managing_vms/advanced_vm_management/virt-configuring-pci-passthrough.adoc,virt,5,main;4.20;4.21;4.22;5.0,yes
modules/virt-pxe-booting-with-mac-address.adoc,virt/managing_vms/advanced_vm_management/virt-configuring-pxe-booting.adoc,virt,5,main;4.20;4.21;4.22;5.0,yes
modules/virt-configuring-vm-use-usb-device.adoc,virt/managing_vms/advanced_vm_management/virt-configuring-usb-host-passthrough.adoc,virt,5,main;4.20;4.21;4.22;5.0,yes
modules/virt-enabling-usb-host-passthrough.adoc,virt/managing_vms/advanced_vm_management/virt-configuring-usb-host-passthrough.adoc,virt,5,main;4.20;4.21;4.22;5.0,yes
modules/about-using-gpu-operator.adoc,virt/managing_vms/advanced_vm_management/virt-configuring-virtual-gpus.adoc,virt,5,main;4.20;4.21;4.22;5.0,yes
modules/virt-about-using-virtual-gpus.adoc,virt/managing_vms/advanced_vm_management/virt-configuring-virtual-gpus.adoc,virt,5,main;4.20;4.21;4.22;5.0,yes
modules/virt-adding-kernel-arguments-enable-iommu.adoc,virt/managing_vms/advanced_vm_management/virt-configuring-virtual-gpus.adoc,virt,5,main;4.20;4.21;4.22;5.0,yes
modules/virt-assigning-vgpu-vm-cli.adoc,virt/managing_vms/advanced_vm_management/virt-configuring-virtual-gpus.adoc,virt,5,main;4.20;4.21;4.22;5.0,yes
modules/virt-assigning-vgpu-vm-web.adoc,virt/managing_vms/advanced_vm_management/virt-configuring-virtual-gpus.adoc,virt,5,main;4.20;4.21;4.22;5.0,yes
modules/virt-creating-and-exposing-mediated-devices.adoc,virt/managing_vms/advanced_vm_management/virt-configuring-virtual-gpus.adoc,virt,5,main;4.20;4.21;4.22;5.0,yes
modules/virt-removing-mediated-device-from-cluster-cli.adoc,virt/managing_vms/advanced_vm_management/virt-configuring-virtual-gpus.adoc,virt,5,main;4.20;4.21;4.22;5.0,yes
modules/virt-about-dedicated-resources.adoc,virt/managing_vms/advanced_vm_management/virt-dedicated-resources-vm.adoc,virt,5,main;4.20;4.21;4.22;5.0,yes
modules/virt-enabling-dedicated-resources.adoc,virt/managing_vms/advanced_vm_management/virt-dedicated-resources-vm.adoc,virt,5,main;4.20;4.21;4.22;5.0,yes
modules/virt-configuring-descheduler-evictions.adoc,virt/managing_vms/advanced_vm_management/virt-enabling-descheduler-evictions.adoc,virt,5,main;4.20;4.21;4.22;5.0,yes
modules/virt-policy-attributes.adoc,virt/managing_vms/advanced_vm_management/virt-schedule-vms.adoc,virt,5,main;4.20;4.21;4.22;5.0,yes
modules/virt-schedule-cpu-host-model-vms.adoc,virt/managing_vms/advanced_vm_management/virt-schedule-vms.adoc,virt,5,main;4.20;4.21;4.22;5.0,yes
modules/virt-schedule-supported-cpu-model-vms.adoc,virt/managing_vms/advanced_vm_management/virt-schedule-vms.adoc,virt,5,main;4.20;4.21;4.22;5.0,yes
modules/virt-setting-policy-attributes.adoc,virt/managing_vms/advanced_vm_management/virt-schedule-vms.adoc,virt,5,main;4.20;4.21;4.22;5.0,yes
modules/virt-vm-custom-scheduler.adoc,virt/managing_vms/advanced_vm_management/virt-schedule-vms.adoc,virt,5,main;4.20;4.21;4.22;5.0,yes
modules/virt-about-node-placement-vms.adoc,virt/managing_vms/advanced_vm_management/virt-specifying-nodes-for-vms.adoc,virt,5,main;4.20;4.21;4.22;5.0,yes
modules/virt-example-vm-node-placement-node-affinity.adoc,virt/managing_vms/advanced_vm_management/virt-specifying-nodes-for-vms.adoc,virt,5,main;4.20;4.21;4.22;5.0,yes
modules/virt-example-vm-node-placement-node-selector.adoc,virt/managing_vms/advanced_vm_management/virt-specifying-nodes-for-vms.adoc,virt,5,main;4.20;4.21;4.22;5.0,yes
modules/virt-example-vm-node-placement-pod-affinity.adoc,virt/managing_vms/advanced_vm_management/virt-specifying-nodes-for-vms.adoc,virt,5,main;4.20;4.21;4.22;5.0,yes
modules/virt-example-vm-node-placement-tolerations.adoc,virt/managing_vms/advanced_vm_management/virt-specifying-nodes-for-vms.adoc,virt,5,main;4.20;4.21;4.22;5.0,yes
modules/virt-about-uefi-mode-for-vms.adoc,virt/managing_vms/advanced_vm_management/virt-uefi-mode-for-vms.adoc,virt,5,main;4.20;4.21;4.22;5.0,yes
modules/virt-booting-vms-uefi-mode.adoc,virt/managing_vms/advanced_vm_management/virt-uefi-mode-for-vms.adoc,virt,5,main;4.20;4.21;4.22;5.0,yes
modules/virt-configuring-vm-with-persistent-efi.adoc,virt/managing_vms/advanced_vm_management/virt-uefi-mode-for-vms.adoc,virt,5,main;4.20;4.21;4.22;5.0,yes
modules/virt-about-aaq-operator.adoc,virt/managing_vms/advanced_vm_management/virt-understanding-aaq-operator.adoc,virt,5,main;4.20;4.21;4.22;5.0,yes
modules/virt-configuring-aaq-operator.adoc,virt/managing_vms/advanced_vm_management/virt-understanding-aaq-operator.adoc,virt,5,main;4.20;4.21;4.22;5.0,yes
modules/virt-enabling-aaq-operator.adoc,virt/managing_vms/advanced_vm_management/virt-understanding-aaq-operator.adoc,virt,5,main;4.20;4.21;4.22;5.0,yes
modules/virt-configuring-huge-pages-for-vms.adoc,virt/managing_vms/advanced_vm_management/virt-using-huge-pages-with-vms.adoc,virt,5,main;4.20;4.21;4.22;5.0,yes
modules/virt-enabling-aaq-operator.adoc,virt/managing_vms/advanced_vm_management/virt-working-with-resource-quotas-for-vms.adoc,virt,5,main;4.20;4.21;4.22;5.0,yes
modules/virt-setting-resource-quota-limits-for-vms.adoc,virt/managing_vms/advanced_vm_management/virt-working-with-resource-quotas-for-vms.adoc,virt,5,main;4.20;4.21;4.22;5.0,yes
modules/virt-configuring-default-cpu-model.adoc,virt/managing_vms/cpu_models/virt-configuring-default-cpu-model.adoc,virt,5,main;4.20;4.21;4.22;5.0,yes
modules/virt-policy-attributes.adoc,virt/managing_vms/cpu_models/virt-schedule-vms.adoc,virt,5,main;4.20;4.21;4.22;5.0,yes
modules/virt-schedule-cpu-host-model-vms.adoc,virt/managing_vms/cpu_models/virt-schedule-vms.adoc,virt,5,main;4.20;4.21;4.22;5.0,yes
modules/virt-schedule-supported-cpu-model-vms.adoc,virt/managing_vms/cpu_models/virt-schedule-vms.adoc,virt,5,main;4.20;4.21;4.22;5.0,yes
modules/virt-setting-policy-attributes.adoc,virt/managing_vms/cpu_models/virt-schedule-vms.adoc,virt,5,main;4.20;4.21;4.22;5.0,yes
modules/virt-vm-custom-scheduler.adoc,virt/managing_vms/cpu_models/virt-schedule-vms.adoc,virt,5,main;4.20;4.21;4.22;5.0,yes
modules/virt-access-configuration-considerations.adoc,virt/managing_vms/ssh/virt-accessing-vm-ssh.adoc,virt,5,main;4.20;4.21;4.22;5.0,yes
modules/virt-connecting-secondary-network-ssh.adoc,virt/managing_vms/ssh/virt-using-secondary-networks-ssh.adoc,virt,5,main;4.20;4.21;4.22;5.0,yes
modules/virt-vm-creating-nic-web.adoc,virt/managing_vms/ssh/virt-using-secondary-networks-ssh.adoc,virt,5,main;4.20;4.21;4.22;5.0,yes
modules/virt-about-services.adoc,virt/managing_vms/ssh/virt-using-services.adoc,virt,5,main;4.20;4.21;4.22;5.0,yes
modules/virt-connecting-service-ssh.adoc,virt/managing_vms/ssh/virt-using-services.adoc,virt,5,main;4.20;4.21;4.22;5.0,yes
modules/virt-creating-service-cli.adoc,virt/managing_vms/ssh/virt-using-services.adoc,virt,5,main;4.20;4.21;4.22;5.0,yes
modules/virt-creating-service-virtctl.adoc,virt/managing_vms/ssh/virt-using-services.adoc,virt,5,main;4.20;4.21;4.22;5.0,yes
modules/virt-creating-service-web.adoc,virt/managing_vms/ssh/virt-using-services.adoc,virt,5,main;4.20;4.21;4.22;5.0,yes
modules/virt-enabling-load-balancer-service-web.adoc,virt/managing_vms/ssh/virt-using-services.adoc,virt,5,main;4.20;4.21;4.22;5.0,yes
modules/virt-about-static-and-dynamic-ssh-keys.adoc,virt/managing_vms/ssh/virt-using-virtctl-ssh.adoc,virt,5,main;4.20;4.21;4.22;5.0,yes
modules/virt-adding-dynamic-key-vm.adoc,virt/managing_vms/ssh/virt-using-virtctl-ssh.adoc,virt,5,main;4.20;4.21;4.22;5.0,yes
modules/virt-adding-public-key-vm-cli.adoc,virt/managing_vms/ssh/virt-using-virtctl-ssh.adoc,virt,5,main;4.20;4.21;4.22;5.0,yes
modules/virt-editing-vm-dynamic-key-injection.adoc,virt/managing_vms/ssh/virt-using-virtctl-ssh.adoc,virt,5,main;4.20;4.21;4.22;5.0,yes
modules/virt-enabling-dynamic-key-injection-cli.adoc,virt/managing_vms/ssh/virt-using-virtctl-ssh.adoc,virt,5,main;4.20;4.21;4.22;5.0,yes
modules/virt-static-key-management-vm.adoc,virt/managing_vms/ssh/virt-using-virtctl-ssh.adoc,virt,5,main;4.20;4.21;4.22;5.0,yes
modules/virt-using-virtctl-port-forward-command.adoc,virt/managing_vms/ssh/virt-using-virtctl-ssh.adoc,virt,5,main;4.20;4.21;4.22;5.0,yes
modules/virt-using-virtctl-ssh-command.adoc,virt/managing_vms/ssh/virt-using-virtctl-ssh.adoc,virt,5,main;4.20;4.21;4.22;5.0,yes
modules/virt-connecting-desktop-viewer-web.adoc,virt/managing_vms/virt-accessing-vm-consoles.adoc,virt,5,main;4.20;4.21;4.22;5.0,yes
modules/virt-connecting-serial-console-virtctl.adoc,virt/managing_vms/virt-accessing-vm-consoles.adoc,virt,5,main;4.20;4.21;4.22;5.0,yes
modules/virt-connecting-serial-console-web.adoc,virt/managing_vms/virt-accessing-vm-consoles.adoc,virt,5,main;4.20;4.21;4.22;5.0,yes
modules/virt-connecting-vnc-console-virtctl.adoc,virt/managing_vms/virt-accessing-vm-consoles.adoc,virt,5,main;4.20;4.21;4.22;5.0,yes
modules/virt-connecting-vnc-console-web.adoc,virt/managing_vms/virt-accessing-vm-consoles.adoc,virt,5,main;4.20;4.21;4.22;5.0,yes
modules/virt-generate-temporary-token-VNC.adoc,virt/managing_vms/virt-accessing-vm-consoles.adoc,virt,5,main;4.20;4.21;4.22;5.0,yes
modules/virt-grant-token-generation-permission-VNC.adoc,virt/managing_vms/virt-accessing-vm-consoles.adoc,virt,5,main;4.20;4.21;4.22;5.0,yes
modules/virt-serial-console-considerations.adoc,virt/managing_vms/virt-accessing-vm-consoles.adoc,virt,5,main;4.20;4.21;4.22;5.0,yes
modules/virt-vnc-console-considerations.adoc,virt/managing_vms/virt-accessing-vm-consoles.adoc,virt,5,main;4.20;4.21;4.22;5.0,yes
modules/virt-configure-rbac-console-subresources-api.adoc,virt/managing_vms/virt-controlling-vm-states.adoc,virt,5,main;4.20;4.21;4.22;5.0,yes
modules/virt-controlling-multiple-vms.adoc,virt/managing_vms/virt-controlling-vm-states.adoc,virt,5,main;4.20;4.21;4.22;5.0,yes
modules/virt-enable-vm-action-confirmation-web.adoc,virt/managing_vms/virt-controlling-vm-states.adoc,virt,5,main;4.20;4.21;4.22;5.0,yes
modules/virt-pausing-vm-web.adoc,virt/managing_vms/virt-controlling-vm-states.adoc,virt,5,main;4.20;4.21;4.22;5.0,yes
modules/virt-restarting-vm-web.adoc,virt/managing_vms/virt-controlling-vm-states.adoc,virt,5,main;4.20;4.21;4.22;5.0,yes
modules/virt-starting-vm-web.adoc,virt/managing_vms/virt-controlling-vm-states.adoc,virt,5,main;4.20;4.21;4.22;5.0,yes
modules/virt-stopping-vm-web.adoc,virt/managing_vms/virt-controlling-vm-states.adoc,virt,5,main;4.20;4.21;4.22;5.0,yes
modules/virt-unpausing-vm-web.adoc,virt/managing_vms/virt-controlling-vm-states.adoc,virt,5,main;4.20;4.21;4.22;5.0,yes
modules/virt-delete-vm-web.adoc,virt/managing_vms/virt-delete-vms.adoc,virt,5,main;4.20;4.21;4.22;5.0,yes
modules/virt-deleting-vms.adoc,virt/managing_vms/virt-delete-vms.adoc,virt,5,main;4.20;4.21;4.22;5.0,yes
modules/virt-add-boot-order-web.adoc,virt/managing_vms/virt-edit-boot-order.adoc,virt,5,main;4.20;4.21;4.22;5.0,yes
modules/virt-edit-boot-order-web.adoc,virt/managing_vms/virt-edit-boot-order.adoc,virt,5,main;4.20;4.21;4.22;5.0,yes
modules/virt-edit-boot-order-yaml-web.adoc,virt/managing_vms/virt-edit-boot-order.adoc,virt,5,main;4.20;4.21;4.22;5.0,yes
modules/virt-remove-boot-order-item-web.adoc,virt/managing_vms/virt-edit-boot-order.adoc,virt,5,main;4.20;4.21;4.22;5.0,yes
modules/virt-add-disk-to-vm.adoc,virt/managing_vms/virt-edit-vms.adoc,virt,5,main;4.20;4.21;4.22;5.0,yes
modules/virt-adding-secret-configmap-service-account-to-vm.adoc,virt/managing_vms/virt-edit-vms.adoc,virt,5,main;4.20;4.21;4.22;5.0,yes
modules/virt-change-vm-instance-type.adoc,virt/managing_vms/virt-edit-vms.adoc,virt,5,main;4.20;4.21;4.22;5.0,yes
modules/virt-configure-multiple-iothreads.adoc,virt/managing_vms/virt-edit-vms.adoc,virt,5,main;4.20;4.21;4.22;5.0,yes
modules/virt-editing-vm-cli.adoc,virt/managing_vms/virt-edit-vms.adoc,virt,5,main;4.20;4.21;4.22;5.0,yes
modules/virt-hot-plugging-cpu.adoc,virt/managing_vms/virt-edit-vms.adoc,virt,5,main;4.20;4.21;4.22;5.0,yes
modules/virt-hot-plugging-memory.adoc,virt/managing_vms/virt-edit-vms.adoc,virt,5,main;4.20;4.21;4.22;5.0,yes
modules/virt-mounting-windows-driver-disk-on-vm.adoc,virt/managing_vms/virt-edit-vms.adoc,virt,5,main;4.20;4.21;4.22;5.0,yes
modules/virt-performing-actions-on-multiple-virtual-machines.adoc,virt/managing_vms/virt-edit-vms.adoc,virt,5,main;4.20;4.21;4.22;5.0,yes
modules/virt-storage-wizard-fields-web.adoc,virt/managing_vms/virt-edit-vms.adoc,virt,5,main;4.20;4.21;4.22;5.0,yes
modules/virt-updating-multiple-vms.adoc,virt/managing_vms/virt-edit-vms.adoc,virt,5,main;4.20;4.21;4.22;5.0,yes
modules/virt-enabling-disabling-vm-delete-protection-cli.adoc,virt/managing_vms/virt-enabling-disabling-vm-delete-protection.adoc,virt,5,main;4.20;4.21;4.22;5.0,yes
modules/virt-enabling-disabling-vm-delete-protection-web.adoc,virt/managing_vms/virt-enabling-disabling-vm-delete-protection.adoc,virt,5,main;4.20;4.21;4.22;5.0,yes
modules/virt-removing-vm-delete-protection.adoc,virt/managing_vms/virt-enabling-disabling-vm-delete-protection.adoc,virt,5,main;4.20;4.21;4.22;5.0,yes
modules/virt-accessing-exported-vm-manifests.adoc,virt/managing_vms/virt-exporting-vms.adoc,virt,5,main;4.20;4.21;4.22;5.0,yes
modules/virt-creating-virtualmachineexport.adoc,virt/managing_vms/virt-exporting-vms.adoc,virt,5,main;4.20;4.21;4.22;5.0,yes
modules/virt-adding-container-disk-as-cd.adoc,virt/managing_vms/virt-install-virtio-drivers-on-windows-vms.adoc,virt,5,main;4.20;4.21;4.22;5.0,yes
modules/virt-attaching-virtio-disk-to-windows-existing.adoc,virt/managing_vms/virt-install-virtio-drivers-on-windows-vms.adoc,virt,5,main;4.20;4.21;4.22;5.0,yes
modules/virt-attaching-virtio-disk-to-windows.adoc,virt/managing_vms/virt-install-virtio-drivers-on-windows-vms.adoc,virt,5,main;4.20;4.21;4.22;5.0,yes
modules/virt-installing-virtio-drivers-existing-windows.adoc,virt/managing_vms/virt-install-virtio-drivers-on-windows-vms.adoc,virt,5,main;4.20;4.21;4.22;5.0,yes
modules/virt-installing-virtio-drivers-installing-windows.adoc,virt/managing_vms/virt-install-virtio-drivers-on-windows-vms.adoc,virt,5,main;4.20;4.21;4.22;5.0,yes
modules/virt-installing-qemu-guest-agent-on-linux-vm.adoc,virt/managing_vms/virt-installing-qemu-guest-agent.adoc,virt,5,main;4.20;4.21;4.22;5.0,yes
modules/virt-installing-qemu-guest-agent-on-windows-vm.adoc,virt/managing_vms/virt-installing-qemu-guest-agent.adoc,virt,5,main;4.20;4.21;4.22;5.0,yes
modules/virt-listing-vms-cli.adoc,virt/managing_vms/virt-list-vms.adoc,virt,5,main;4.20;4.21;4.22;5.0,yes
modules/virt-listing-vms-web.adoc,virt/managing_vms/virt-list-vms.adoc,virt,5,main;4.20;4.21;4.22;5.0,yes
modules/virt-organize-vms-web.adoc,virt/managing_vms/virt-list-vms.adoc,virt,5,main;4.20;4.21;4.22;5.0,yes
modules/virt-about-vmis.adoc,virt/managing_vms/virt-manage-vmis.adoc,virt,5,main;4.20;4.21;4.22;5.0,yes
modules/virt-deleting-vmis-cli.adoc,virt/managing_vms/virt-manage-vmis.adoc,virt,5,main;4.20;4.21;4.22;5.0,yes
modules/virt-deleting-vmis-web.adoc,virt/managing_vms/virt-manage-vmis.adoc,virt,5,main;4.20;4.21;4.22;5.0,yes
modules/virt-editing-vmis-web.adoc,virt/managing_vms/virt-manage-vmis.adoc,virt,5,main;4.20;4.21;4.22;5.0,yes
modules/virt-listing-vmis-cli.adoc,virt/managing_vms/virt-manage-vmis.adoc,virt,5,main;4.20;4.21;4.22;5.0,yes
modules/virt-listing-vmis-web.adoc,virt/managing_vms/virt-manage-vmis.adoc,virt,5,main;4.20;4.21;4.22;5.0,yes
modules/virt-deprecated-tasks-web.adoc,virt/managing_vms/virt-managing-vms-openshift-pipelines.adoc,virt,5,main;4.20;4.21;4.22;5.0,yes
modules/virt-running-ssp-pipeline-cli.adoc,virt/managing_vms/virt-managing-vms-openshift-pipelines.adoc,virt,5,main;4.20;4.21;4.22;5.0,yes
modules/virt-running-ssp-pipeline-web.adoc,virt/managing_vms/virt-managing-vms-openshift-pipelines.adoc,virt,5,main;4.20;4.21;4.22;5.0,yes
modules/virt-supported-ssp-tasks.adoc,virt/managing_vms/virt-managing-vms-openshift-pipelines.adoc,virt,5,main;4.20;4.21;4.22;5.0,yes
modules/virt-windows-efi-installer-pipeline.adoc,virt/managing_vms/virt-managing-vms-openshift-pipelines.adoc,virt,5,main;4.20;4.21;4.22;5.0,yes
modules/virt-migrating-bulk-vms-different-storage-class-web.adoc,virt/managing_vms/virt-migrating-vm-storage.adoc,virt,5,main;4.20;4.21;4.22;5.0,yes
modules/virt-migrating-storage-class-ui.adoc,virt/managing_vms/virt-migrating-vm-storage.adoc,virt,5,main;4.20;4.21;4.22;5.0,yes
modules/virt-migrating-bulk-vms-different-storage-class-web.adoc,virt/managing_vms/virt-migrating-vms-in-single-cluster-to-different-storage-class.adoc,virt,5,main;4.20;4.21;4.22;5.0,yes
modules/virt-updating-red-hat-virtio-drivers-windows.adoc,virt/managing_vms/virt-update-virtio-drivers.adoc,virt,5,main;4.20;4.21;4.22;5.0,yes
modules/virt-updating-virtio-drivers-windows.adoc,virt/managing_vms/virt-update-virtio-drivers.adoc,virt,5,main;4.20;4.21;4.22;5.0,yes
modules/virt-about-vtpm-devices.adoc,virt/managing_vms/virt-using-vtpm-devices.adoc,virt,5,main;4.20;4.21;4.22;5.0,yes
modules/virt-adding-vtpm-to-vm.adoc,virt/managing_vms/virt-using-vtpm-devices.adoc,virt,5,main;4.20;4.21;4.22;5.0,yes
modules/virt-configuring-disk-sharing-lun-cli.adoc,virt/managing_vms/virtual_disks/virt-configuring-shared-volumes-for-vms.adoc,virt,5,main;4.20;4.21;4.22;5.0,yes
modules/virt-configuring-disk-sharing-lun-web.adoc,virt/managing_vms/virtual_disks/virt-configuring-shared-volumes-for-vms.adoc,virt,5,main;4.20;4.21;4.22;5.0,yes
modules/virt-configuring-disk-sharing-lun.adoc,virt/managing_vms/virtual_disks/virt-configuring-shared-volumes-for-vms.adoc,virt,5,main;4.20;4.21;4.22;5.0,yes
modules/virt-configuring-vm-disk-sharing.adoc,virt/managing_vms/virtual_disks/virt-configuring-shared-volumes-for-vms.adoc,virt,5,main;4.20;4.21;4.22;5.0,yes
modules/virt-expanding-storage-with-data-volumes.adoc,virt/managing_vms/virtual_disks/virt-expanding-vm-disks.adoc,virt,5,main;4.20;4.21;4.22;5.0,yes
modules/virt-expanding-vm-disk-pvc-cli.adoc,virt/managing_vms/virtual_disks/virt-expanding-vm-disks.adoc,virt,5,main;4.20;4.21;4.22;5.0,yes
modules/virt-expanding-vm-disk-pvc-web-console.adoc,virt/managing_vms/virtual_disks/virt-expanding-vm-disks.adoc,virt,5,main;4.20;4.21;4.22;5.0,yes
modules/virt-hot-plugging-disk-cli.adoc,virt/managing_vms/virtual_disks/virt-hot-plugging-virtual-disks.adoc,virt,5,main;4.20;4.21;4.22;5.0,yes
modules/virt-hot-plugging-disks-ui.adoc,virt/managing_vms/virtual_disks/virt-hot-plugging-virtual-disks.adoc,virt,5,main;4.20;4.21;4.22;5.0,yes
modules/virt-inserting-a-cd-rom-in-a-vm-by-using-the-command-line.adoc,virt/managing_vms/virtual_disks/virt-inserting-cd-roms-in-virtual-machines.adoc,virt,5,main;4.20;4.21;4.22;5.0,yes
modules/virt-inserting-a-cd-rom-in-a-vm-by-using-the-web-console.adoc,virt/managing_vms/virtual_disks/virt-inserting-cd-roms-in-virtual-machines.adoc,virt,5,main;4.20;4.21;4.22;5.0,yes
modules/virt-about-storage-class-migration.adoc,virt/managing_vms/virtual_disks/virt-migrating-storage-class.adoc,virt,5,main;4.20;4.21;4.22;5.0,yes
modules/virt-migrating-storage-class-ui.adoc,virt/managing_vms/virtual_disks/virt-migrating-storage-class.adoc,virt,5,main;4.20;4.21;4.22;5.0,yes
modules/virt-accessing-node-exporter-outside-cluster.adoc,virt/monitoring/virt-exposing-custom-metrics-for-vms.adoc,virt,5,main;4.20;4.21;4.22;5.0,yes
modules/virt-configuring-node-exporter-service.adoc,virt/monitoring/virt-exposing-custom-metrics-for-vms.adoc,virt,5,main;4.20;4.21;4.22;5.0,yes
modules/virt-configuring-vm-with-node-exporter-service.adoc,virt/monitoring/virt-exposing-custom-metrics-for-vms.adoc,virt,5,main;4.20;4.21;4.22;5.0,yes
modules/virt-creating-custom-monitoring-label-for-vms.adoc,virt/monitoring/virt-exposing-custom-metrics-for-vms.adoc,virt,5,main;4.20;4.21;4.22;5.0,yes
modules/virt-creating-servicemonitor-resource-for-node-exporter.adoc,virt/monitoring/virt-exposing-custom-metrics-for-vms.adoc,virt,5,main;4.20;4.21;4.22;5.0,yes
modules/virt-querying-the-node-exporter-service-for-metrics.adoc,virt/monitoring/virt-exposing-custom-metrics-for-vms.adoc,virt,5,main;4.20;4.21;4.22;5.0,yes
modules/virt-configuring-downward-metrics.adoc,virt/monitoring/virt-exposing-downward-metrics.adoc,virt,5,main;4.20;4.21;4.22;5.0,yes
modules/virt-enabling-disabling-downward-metrics-feature-gate-cli.adoc,virt/monitoring/virt-exposing-downward-metrics.adoc,virt,5,main;4.20;4.21;4.22;5.0,yes
modules/virt-enabling-disabling-downward-metrics-feature-gate-yaml.adoc,virt/monitoring/virt-exposing-downward-metrics.adoc,virt,5,main;4.20;4.21;4.22;5.0,yes
modules/virt-viewing-downward-metrics-cli.adoc,virt/monitoring/virt-exposing-downward-metrics.adoc,virt,5,main;4.20;4.21;4.22;5.0,yes
modules/virt-about-readiness-liveness-probes.adoc,virt/monitoring/virt-monitoring-vm-health.adoc,virt,5,main;4.20;4.21;4.22;5.0,yes
modules/virt-define-guest-agent-ping-probe.adoc,virt/monitoring/virt-monitoring-vm-health.adoc,virt,5,main;4.20;4.21;4.22;5.0,yes
modules/virt-define-http-liveness-probe.adoc,virt/monitoring/virt-monitoring-vm-health.adoc,virt,5,main;4.20;4.21;4.22;5.0,yes
modules/virt-define-http-readiness-probe.adoc,virt/monitoring/virt-monitoring-vm-health.adoc,virt,5,main;4.20;4.21;4.22;5.0,yes
modules/virt-define-tcp-readiness-probe.adoc,virt/monitoring/virt-monitoring-vm-health.adoc,virt,5,main;4.20;4.21;4.22;5.0,yes
modules/virt-defining-watchdog-device-vm.adoc,virt/monitoring/virt-monitoring-vm-health.adoc,virt,5,main;4.20;4.21;4.22;5.0,yes
modules/virt-defining-watchdogs.adoc,virt/monitoring/virt-monitoring-vm-health.adoc,virt,5,main;4.20;4.21;4.22;5.0,yes
modules/virt-installing-watchdog-agent.adoc,virt/monitoring/virt-monitoring-vm-health.adoc,virt,5,main;4.20;4.21;4.22;5.0,yes
modules/monitoring-querying-metrics-for-all-projects-with-mon-dashboard.adoc,virt/monitoring/virt-prometheus-queries.adoc,virt,5,main;4.20;4.21;4.22;5.0,yes
modules/monitoring-querying-metrics-for-user-defined-projects-with-mon-dashboard.adoc,virt/monitoring/virt-prometheus-queries.adoc,virt,5,main;4.20;4.21;4.22;5.0,yes
modules/virt-live-migration-metrics.adoc,virt/monitoring/virt-prometheus-queries.adoc,virt,5,main;4.20;4.21;4.22;5.0,yes
modules/virt-querying-metrics.adoc,virt/monitoring/virt-prometheus-queries.adoc,virt,5,main;4.20;4.21;4.22;5.0,yes
modules/virt-checking-storage-configuration.adoc,virt/monitoring/virt-running-cluster-checkups.adoc,virt,5,main;4.20;4.21;4.22;5.0,yes
modules/virt-retain-storage-checkup-resources.adoc,virt/monitoring/virt-running-cluster-checkups.adoc,virt,5,main;4.20;4.21;4.22;5.0,yes
modules/virt-storage-checkup-web-console.adoc,virt/monitoring/virt-running-cluster-checkups.adoc,virt,5,main;4.20;4.21;4.22;5.0,yes
modules/virt-troubleshoot-storage-checkup-error-codes.adoc,virt/monitoring/virt-running-cluster-checkups.adoc,virt,5,main;4.20;4.21;4.22;5.0,yes
modules/virt-troubleshoot-storage-checkup.adoc,virt/monitoring/virt-running-cluster-checkups.adoc,virt,5,main;4.20;4.21;4.22;5.0,yes
modules/virt-checking-storage-configuration.adoc,virt/monitoring/virt-storage-checkups.adoc,virt,5,main;4.20;4.21;4.22;5.0,yes
modules/virt-retain-storage-checkup-resources.adoc,virt/monitoring/virt-storage-checkups.adoc,virt,5,main;4.20;4.21;4.22;5.0,yes
modules/virt-storage-checkup-web-console.adoc,virt/monitoring/virt-storage-checkups.adoc,virt,5,main;4.20;4.21;4.22;5.0,yes
modules/virt-troubleshoot-storage-checkup-error-codes.adoc,virt/monitoring/virt-storage-checkups.adoc,virt,5,main;4.20;4.21;4.22;5.0,yes
modules/virt-troubleshoot-storage-checkup.adoc,virt/monitoring/virt-storage-checkups.adoc,virt,5,main;4.20;4.21;4.22;5.0,yes
modules/virt-about-ksm.adoc,virt/nodes/virt-activating-ksm.adoc,virt,5,main;4.20;4.21;4.22;5.0,yes
modules/virt-configure-ksm-cli.adoc,virt/nodes/virt-activating-ksm.adoc,virt,5,main;4.20;4.21;4.22;5.0,yes
modules/virt-configure-ksm-web.adoc,virt/nodes/virt-activating-ksm.adoc,virt,5,main;4.20;4.21;4.22;5.0,yes
modules/virt-configuring-cluster-eviction-strategy-cli.adoc,virt/nodes/virt-eviction-strategies.adoc,virt,5,main;4.20;4.21;4.22;5.0,yes
modules/virt-configuring-runstrategy-vm.adoc,virt/nodes/virt-eviction-strategies.adoc,virt,5,main;4.20;4.21;4.22;5.0,yes
modules/virt-configuring-vm-eviction-strategy-cli.adoc,virt/nodes/virt-eviction-strategies.adoc,virt,5,main;4.20;4.21;4.22;5.0,yes
modules/virt-delete-failed-node-vm-failover.adoc,virt/nodes/virt-eviction-strategies.adoc,virt,5,main;4.20;4.21;4.22;5.0,yes
modules/virt-runstrategies-vms.adoc,virt/nodes/virt-eviction-strategies.adoc,virt,5,main;4.20;4.21;4.22;5.0,yes
modules/virt-about-node-labeling-obsolete-cpu-models.adoc,virt/nodes/virt-managing-node-labeling-obsolete-cpu-models.adoc,virt,5,main;4.20;4.21;4.22;5.0,yes
modules/virt-configuring-obsolete-cpu-models.adoc,virt/nodes/virt-managing-node-labeling-obsolete-cpu-models.adoc,virt,5,main;4.20;4.21;4.22;5.0,yes
modules/virt-about-node-maintenance-operator.adoc,virt/nodes/virt-node-maintenance.adoc,virt,5,main;4.20;4.21;4.22;5.0,yes
modules/virt-maintaining-bare-metal-nodes.adoc,virt/nodes/virt-node-maintenance.adoc,virt,5,main;4.20;4.21;4.22;5.0,yes
modules/virt-using-skip-node.adoc,virt/nodes/virt-preventing-node-reconciliation.adoc,virt,5,main;4.20;4.21;4.22;5.0,yes
modules/virt-configuring-certificate-rotation.adoc,virt/post_installation_configuration/virt-configuring-certificate-rotation.adoc,virt,5,main;4.20;4.21;4.22;5.0,yes
modules/virt-troubleshooting-cert-rotation-parameters.adoc,virt/post_installation_configuration/virt-configuring-certificate-rotation.adoc,virt,5,main;4.20;4.21;4.22;5.0,yes
modules/virt-about-node-placement-virt-components.adoc,virt/post_installation_configuration/virt-node-placement-virt-components.adoc,virt,5,main;4.20;4.21;4.22;5.0,yes
modules/virt-applying-node-placement-rules.adoc,virt/post_installation_configuration/virt-node-placement-virt-components.adoc,virt,5,main;4.20;4.21;4.22;5.0,yes
modules/virt-node-placement-rule-examples.adoc,virt/post_installation_configuration/virt-node-placement-virt-components.adoc,virt,5,main;4.20;4.21;4.22;5.0,yes
modules/virt-CPU-manager-policy.adoc,virt/post_installation_configuration/virt-physical-cores-allocation-vms.adoc,virt,5,main;4.20;4.21;4.22;5.0,yes
modules/virt-configuring-cdiuploadproxy-routes.adoc,virt/post_installation_configuration/virt-post-install-network-config.adoc,virt,5,main;4.20;4.21;4.22;5.0,yes
modules/virt-configuring-secondary-network-vm-live-migration.adoc,virt/post_installation_configuration/virt-post-install-network-config.adoc,virt,5,main;4.20;4.21;4.22;5.0,yes
modules/virt-creating-linux-bridge-nad-web.adoc,virt/post_installation_configuration/virt-post-install-network-config.adoc,virt,5,main;4.20;4.21;4.22;5.0,yes
modules/virt-creating-linux-bridge-nncp.adoc,virt/post_installation_configuration/virt-post-install-network-config.adoc,virt,5,main;4.20;4.21;4.22;5.0,yes
modules/virt-enabling-load-balancer-service-web.adoc,virt/post_installation_configuration/virt-post-install-network-config.adoc,virt,5,main;4.20;4.21;4.22;5.0,yes
modules/virt-selecting-migration-network-ui.adoc,virt/post_installation_configuration/virt-post-install-network-config.adoc,virt,5,main;4.20;4.21;4.22;5.0,yes
modules/virt-creating-storage-class-csi-driver.adoc,virt/post_installation_configuration/virt-post-install-storage-config.adoc,virt,5,main;4.20;4.21;4.22;5.0,yes
modules/virt-configuring-runstrategy-vm.adoc,virt/post_installation_configuration/virt-vm-recovery-from-node-failures.adoc,virt,5,main;4.20;4.21;4.22;5.0,yes
modules/virt-supported-cluster-version.adoc,virt/release_notes/virt-4-20-release-notes.adoc,virt,5,main;4.20;4.21;4.22;5.0,yes
modules/virt-autoupdate-custom-bootsource.adoc,virt/storage/virt-automatic-bootsource-updates.adoc,virt,5,main;4.20;4.21;4.22;5.0,yes
modules/virt-configuring-default-and-virt-default-storage-class.adoc,virt/storage/virt-automatic-bootsource-updates.adoc,virt,5,main;4.20;4.21;4.22;5.0,yes
modules/virt-configuring-storage-class-bootsource-update.adoc,virt/storage/virt-automatic-bootsource-updates.adoc,virt,5,main;4.20;4.21;4.22;5.0,yes
modules/virt-disable-auto-updates-single-boot-source.adoc,virt/storage/virt-automatic-bootsource-updates.adoc,virt,5,main;4.20;4.21;4.22;5.0,yes
modules/virt-enabling-volume-snapshot-boot-source.adoc,virt/storage/virt-automatic-bootsource-updates.adoc,virt,5,main;4.20;4.21;4.22;5.0,yes
modules/virt-managing-auto-update-all-system-boot-sources.adoc,virt/storage/virt-automatic-bootsource-updates.adoc,virt,5,main;4.20;4.21;4.22;5.0,yes
modules/virt-verify-status-bootsource-update.adoc,virt/storage/virt-automatic-bootsource-updates.adoc,virt,5,main;4.20;4.21;4.22;5.0,yes
modules/virt-enabling-heterogeneous-clusters.adoc,virt/storage/virt-boot-source-image-heterogeneous-clusters.adoc,virt,5,main;4.20;4.21;4.22;5.0,yes
modules/virt-modify-workload-node-heterogeneous-cluster.adoc,virt/storage/virt-boot-source-image-heterogeneous-clusters.adoc,virt,5,main;4.20;4.21;4.22;5.0,yes
modules/virt-about-cpu-and-memory-quota-namespace.adoc,virt/storage/virt-configuring-cdi-for-namespace-resourcequota.adoc,virt,5,main;4.20;4.21;4.22;5.0,yes
modules/virt-overriding-cpu-and-memory-defaults.adoc,virt/storage/virt-configuring-cdi-for-namespace-resourcequota.adoc,virt,5,main;4.20;4.21;4.22;5.0,yes
modules/virt-about-creating-storage-classes.adoc,virt/storage/virt-configuring-local-storage-with-hpp.adoc,virt,5,main;4.20;4.21;4.22;5.0,yes
modules/virt-about-storage-pools-pvc-templates.adoc,virt/storage/virt-configuring-local-storage-with-hpp.adoc,virt,5,main;4.20;4.21;4.22;5.0,yes
modules/virt-creating-hpp-basic-storage-pool.adoc,virt/storage/virt-configuring-local-storage-with-hpp.adoc,virt,5,main;4.20;4.21;4.22;5.0,yes
modules/virt-creating-storage-class-csi-driver.adoc,virt/storage/virt-configuring-local-storage-with-hpp.adoc,virt,5,main;4.20;4.21;4.22;5.0,yes
modules/virt-creating-storage-pool-pvc-template.adoc,virt/storage/virt-configuring-local-storage-with-hpp.adoc,virt,5,main;4.20;4.21;4.22;5.0,yes
modules/virt-customizing-storage-profile-default-cloning-strategy.adoc,virt/storage/virt-configuring-storage-profile.adoc,virt,5,main;4.20;4.21;4.22;5.0,yes
modules/virt-customizing-storage-profile-snapshot-class-cli.adoc,virt/storage/virt-configuring-storage-profile.adoc,virt,5,main;4.20;4.21;4.22;5.0,yes
modules/virt-customizing-storage-profile-snapshot-class-web.adoc,virt/storage/virt-configuring-storage-profile.adoc,virt,5,main;4.20;4.21;4.22;5.0,yes
modules/virt-customizing-storage-profile.adoc,virt/storage/virt-configuring-storage-profile.adoc,virt,5,main;4.20;4.21;4.22;5.0,yes
modules/virt-viewing-automatically-created-storage-profiles.adoc,virt/storage/virt-configuring-storage-profile.adoc,virt,5,main;4.20;4.21;4.22;5.0,yes
modules/virt-creating-rbac-cloning-dvs.adoc,virt/storage/virt-enabling-user-permissions-to-clone-datavolumes.adoc,virt,5,main;4.20;4.21;4.22;5.0,yes
modules/virt-dv-annotations.adoc,virt/storage/virt-managing-data-volume-annotations.adoc,virt,5,main;4.20;4.21;4.22;5.0,yes
modules/virt-about-scratch-space.adoc,virt/storage/virt-preparing-cdi-scratch-space.adoc,virt,5,main;4.20;4.21;4.22;5.0,yes
modules/virt-cdi-supported-operations-matrix.adoc,virt/storage/virt-preparing-cdi-scratch-space.adoc,virt,5,main;4.20;4.21;4.22;5.0,yes
modules/virt-defining-storageclass.adoc,virt/storage/virt-preparing-cdi-scratch-space.adoc,virt,5,main;4.20;4.21;4.22;5.0,yes
modules/virt-operations-requiring-scratch-space.adoc,virt/storage/virt-preparing-cdi-scratch-space.adoc,virt,5,main;4.20;4.21;4.22;5.0,yes
modules/virt-overriding-default-fs-overhead-value.adoc,virt/storage/virt-reserving-pvc-space-fs-overhead.adoc,virt,5,main;4.20;4.21;4.22;5.0,yes
modules/virt-storage-pv-csi-overview.adoc,virt/storage/virt-storage-with-csi-paradigm.adoc,virt,5,main;4.20;4.21;4.22;5.0,yes
modules/virt-about-preallocation.adoc,virt/storage/virt-using-preallocation-for-datavolumes.adoc,virt,5,main;4.20;4.21;4.22;5.0,yes
modules/virt-enabling-preallocation-for-dv.adoc,virt/storage/virt-using-preallocation-for-datavolumes.adoc,virt,5,main;4.20;4.21;4.22;5.0,yes
modules/virt-collecting-data-about-vms.adoc,virt/support/virt-collecting-virt-data.adoc,virt,5,main;4.20;4.21;4.22;5.0,yes
modules/virt-collecting-data-about-your-environment.adoc,virt/support/virt-collecting-virt-data.adoc,virt,5,main;4.20;4.21;4.22;5.0,yes
modules/virt-generating-a-vm-memory-dump.adoc,virt/support/virt-collecting-virt-data.adoc,virt,5,main;4.20;4.21;4.22;5.0,yes
modules/virt-must-gather-options.adoc,virt/support/virt-collecting-virt-data.adoc,virt,5,main;4.20;4.21;4.22;5.0,yes
modules/virt-using-virt-must-gather.adoc,virt/support/virt-collecting-virt-data.adoc,virt,5,main;4.20;4.21;4.22;5.0,yes
modules/virt-feedback-on-openshift-virtualization.adoc,virt/support/virt-support-overview.adoc,virt,5,main;4.20;4.21;4.22;5.0,yes
modules/virt-support-collect-data.adoc,virt/support/virt-support-overview.adoc,virt,5,main;4.20;4.21;4.22;5.0,yes
modules/virt-support-create-jira-issue.adoc,virt/support/virt-support-overview.adoc,virt,5,main;4.20;4.21;4.22;5.0,yes
modules/virt-support-opening-case.adoc,virt/support/virt-support-overview.adoc,virt,5,main;4.20;4.21;4.22;5.0,yes
modules/virt-support-submit-support-case.adoc,virt/support/virt-support-overview.adoc,virt,5,main;4.20;4.21;4.22;5.0,yes
modules/virt-support-web-console-monitoring.adoc,virt/support/virt-support-overview.adoc,virt,5,main;4.20;4.21;4.22;5.0,yes
modules/virt-about-dv-conditions-and-events.adoc,virt/support/virt-troubleshooting.adoc,virt,5,main;4.20;4.21;4.22;5.0,yes
modules/virt-analyzing-datavolume-conditions-and-events.adoc,virt/support/virt-troubleshooting.adoc,virt,5,main;4.20;4.21;4.22;5.0,yes
modules/virt-common-error-messages.adoc,virt/support/virt-troubleshooting.adoc,virt,5,main;4.20;4.21;4.22;5.0,yes
modules/virt-configuring-pod-log-verbosity.adoc,virt/support/virt-troubleshooting.adoc,virt,5,main;4.20;4.21;4.22;5.0,yes
modules/virt-enable-guest-log-default-cli.adoc,virt/support/virt-troubleshooting.adoc,virt,5,main;4.20;4.21;4.22;5.0,yes
modules/virt-enable-guest-log-default-web.adoc,virt/support/virt-troubleshooting.adoc,virt,5,main;4.20;4.21;4.22;5.0,yes
modules/virt-loki-log-queries.adoc,virt/support/virt-troubleshooting.adoc,virt,5,main;4.20;4.21;4.22;5.0,yes
modules/virt-set-guest-log-single-vm-cli.adoc,virt/support/virt-troubleshooting.adoc,virt,5,main;4.20;4.21;4.22;5.0,yes
modules/virt-set-guest-log-single-vm-web.adoc,virt/support/virt-troubleshooting.adoc,virt,5,main;4.20;4.21;4.22;5.0,yes
modules/virt-troubleshooting-data-volumes.adoc,virt/support/virt-troubleshooting.adoc,virt,5,main;4.20;4.21;4.22;5.0,yes
modules/virt-troubleshooting-events.adoc,virt/support/virt-troubleshooting.adoc,virt,5,main;4.20;4.21;4.22;5.0,yes
modules/virt-troubleshooting-guest-system-logs.adoc,virt/support/virt-troubleshooting.adoc,virt,5,main;4.20;4.21;4.22;5.0,yes
modules/virt-troubleshooting-log-aggregation.adoc,virt/support/virt-troubleshooting.adoc,virt,5,main;4.20;4.21;4.22;5.0,yes
modules/virt-troubleshooting-pod-logs.adoc,virt/support/virt-troubleshooting.adoc,virt,5,main;4.20;4.21;4.22;5.0,yes
modules/virt-view-guest-system-logs-cli.adoc,virt/support/virt-troubleshooting.adoc,virt,5,main;4.20;4.21;4.22;5.0,yes
modules/virt-view-guest-system-logs-web.adoc,virt/support/virt-troubleshooting.adoc,virt,5,main;4.20;4.21;4.22;5.0,yes
modules/virt-viewing-logs-cli.adoc,virt/support/virt-troubleshooting.adoc,virt,5,main;4.20;4.21;4.22;5.0,yes
modules/virt-viewing-logs-loki.adoc,virt/support/virt-troubleshooting.adoc,virt,5,main;4.20;4.21;4.22;5.0,yes
modules/virt-viewing-virt-launcher-pod-logs-web.adoc,virt/support/virt-troubleshooting.adoc,virt,5,main;4.20;4.21;4.22;5.0,yes
modules/olm-approving-pending-upgrade.adoc,virt/updating/upgrading-virt.adoc,virt,5,main;4.20;4.21;4.22;5.0,yes
modules/virt-about-control-plane-only-updates.adoc,virt/updating/upgrading-virt.adoc,virt,5,main;4.20;4.21;4.22;5.0,yes
modules/virt-about-upgrading-virt.adoc,virt/updating/upgrading-virt.adoc,virt,5,main;4.20;4.21;4.22;5.0,yes
modules/virt-about-workload-updates.adoc,virt/updating/upgrading-virt.adoc,virt,5,main;4.20;4.21;4.22;5.0,yes
modules/virt-changing-update-settings.adoc,virt/updating/upgrading-virt.adoc,virt,5,main;4.20;4.21;4.22;5.0,yes
modules/virt-configuring-workload-update-methods.adoc,virt/updating/upgrading-virt.adoc,virt,5,main;4.20;4.21;4.22;5.0,yes
modules/virt-early-access-releases.adoc,virt/updating/upgrading-virt.adoc,virt,5,main;4.20;4.21;4.22;5.0,yes
modules/virt-manual-approval-strategy.adoc,virt/updating/upgrading-virt.adoc,virt,5,main;4.20;4.21;4.22;5.0,yes
modules/virt-monitoring-upgrade-status.adoc,virt/updating/upgrading-virt.adoc,virt,5,main;4.20;4.21;4.22;5.0,yes
modules/virt-preventing-workload-updates-during-control-plane-only-update.adoc,virt/updating/upgrading-virt.adoc,virt,5,main;4.20;4.21;4.22;5.0,yes
modules/virt-rhel-9.adoc,virt/updating/upgrading-virt.adoc,virt,5,main;4.20;4.21;4.22;5.0,yes
modules/virt-viewing-outdated-workloads.adoc,virt/updating/upgrading-virt.adoc,virt,5,main;4.20;4.21;4.22;5.0,yes
modules/virt-connecting-vm-internal-fqdn.adoc,virt/vm_networking/virt-accessing-vm-internal-fqdn.adoc,virt,5,main;4.20;4.21;4.22;5.0,yes
modules/virt-creating-headless-services.adoc,virt/vm_networking/virt-accessing-vm-internal-fqdn.adoc,virt,5,main;4.20;4.21;4.22;5.0,yes
modules/virt-discovering-vm-internal-fqdn.adoc,virt/vm_networking/virt-accessing-vm-internal-fqdn.adoc,virt,5,main;4.20;4.21;4.22;5.0,yes
modules/virt-configuring-secondary-dns-server.adoc,virt/vm_networking/virt-accessing-vm-secondary-network-fqdn.adoc,virt,5,main;4.20;4.21;4.22;5.0,yes
modules/virt-connecting-vm-secondarynw-using-fqdn.adoc,virt/vm_networking/virt-accessing-vm-secondary-network-fqdn.adoc,virt,5,main;4.20;4.21;4.22;5.0,yes
modules/virt-configuring-ip-vm-cli.adoc,virt/vm_networking/virt-configuring-viewing-ips-for-vms.adoc,virt,5,main;4.20;4.21;4.22;5.0,yes
modules/virt-configuring-ip-vm-web.adoc,virt/vm_networking/virt-configuring-viewing-ips-for-vms.adoc,virt,5,main;4.20;4.21;4.22;5.0,yes
modules/virt-viewing-vmi-ip-cli.adoc,virt/vm_networking/virt-configuring-viewing-ips-for-vms.adoc,virt,5,main;4.20;4.21;4.22;5.0,yes
modules/virt-viewing-vmi-ip-web.adoc,virt/vm_networking/virt-configuring-viewing-ips-for-vms.adoc,virt,5,main;4.20;4.21;4.22;5.0,yes
modules/virt-configuring-masquerade-mode-cli.adoc,virt/vm_networking/virt-connecting-vm-to-default-pod-network.adoc,virt,5,main;4.20;4.21;4.22;5.0,yes
modules/virt-configuring-masquerade-mode-dual-stack.adoc,virt/vm_networking/virt-connecting-vm-to-default-pod-network.adoc,virt,5,main;4.20;4.21;4.22;5.0,yes
modules/virt-jumbo-frames-vm-pod-nw.adoc,virt/vm_networking/virt-connecting-vm-to-default-pod-network.adoc,virt,5,main;4.20;4.21;4.22;5.0,yes
modules/virt-attaching-vm-secondary-network-cli.adoc,virt/vm_networking/virt-connecting-vm-to-linux-bridge.adoc,virt,5,main;4.20;4.21;4.22;5.0,yes
modules/virt-creating-linux-bridge-nad-cli.adoc,virt/vm_networking/virt-connecting-vm-to-linux-bridge.adoc,virt,5,main;4.20;4.21;4.22;5.0,yes
modules/virt-creating-linux-bridge-nad-web.adoc,virt/vm_networking/virt-connecting-vm-to-linux-bridge.adoc,virt,5,main;4.20;4.21;4.22;5.0,yes
modules/virt-creating-linux-bridge-nncp.adoc,virt/vm_networking/virt-connecting-vm-to-linux-bridge.adoc,virt,5,main;4.20;4.21;4.22;5.0,yes
modules/virt-linux-bridge-nad-port-isolation.adoc,virt/vm_networking/virt-connecting-vm-to-linux-bridge.adoc,virt,5,main;4.20;4.21;4.22;5.0,yes
modules/virt-networking-wizard-fields-web.adoc,virt/vm_networking/virt-connecting-vm-to-linux-bridge.adoc,virt,5,main;4.20;4.21;4.22;5.0,yes
modules/virt-vm-creating-nic-web.adoc,virt/vm_networking/virt-connecting-vm-to-linux-bridge.adoc,virt,5,main;4.20;4.21;4.22;5.0,yes
modules/virt-attaching-vm-to-ovn-secondary-nw-cli.adoc,virt/vm_networking/virt-connecting-vm-to-ovn-secondary-network.adoc,virt,5,main;4.20;4.21;4.22;5.0,yes
modules/virt-creating-layer2-nad-cli.adoc,virt/vm_networking/virt-connecting-vm-to-ovn-secondary-network.adoc,virt,5,main;4.20;4.21;4.22;5.0,yes
modules/virt-creating-nad-l2-overlay-console.adoc,virt/vm_networking/virt-connecting-vm-to-ovn-secondary-network.adoc,virt,5,main;4.20;4.21;4.22;5.0,yes
modules/virt-attaching-vm-to-primary-udn-intro.adoc,virt/vm_networking/virt-connecting-vm-to-primary-udn.adoc,virt,5,main;4.20;4.21;4.22;5.0,yes
modules/virt-attaching-vm-to-primary-udn.adoc,virt/vm_networking/virt-connecting-vm-to-primary-udn.adoc,virt,5,main;4.20;4.21;4.22;5.0,yes
modules/virt-creating-a-primary-cluster-udn.adoc,virt/vm_networking/virt-connecting-vm-to-primary-udn.adoc,virt,5,main;4.20;4.21;4.22;5.0,yes
modules/virt-creating-a-primary-udn.adoc,virt/vm_networking/virt-connecting-vm-to-primary-udn.adoc,virt,5,main;4.20;4.21;4.22;5.0,yes
modules/virt-creating-primary-cluster-udn-web.adoc,virt/vm_networking/virt-connecting-vm-to-primary-udn.adoc,virt,5,main;4.20;4.21;4.22;5.0,yes
modules/virt-creating-primary-udn-cli-intro.adoc,virt/vm_networking/virt-connecting-vm-to-primary-udn.adoc,virt,5,main;4.20;4.21;4.22;5.0,yes
modules/virt-creating-primary-udn-web-intro.adoc,virt/vm_networking/virt-connecting-vm-to-primary-udn.adoc,virt,5,main;4.20;4.21;4.22;5.0,yes
modules/virt-creating-primary-udn-web.adoc,virt/vm_networking/virt-connecting-vm-to-primary-udn.adoc,virt,5,main;4.20;4.21;4.22;5.0,yes
modules/virt-creating-udn-namespace-cli.adoc,virt/vm_networking/virt-connecting-vm-to-primary-udn.adoc,virt,5,main;4.20;4.21;4.22;5.0,yes
modules/virt-creating-udn-namespace-web.adoc,virt/vm_networking/virt-connecting-vm-to-primary-udn.adoc,virt,5,main;4.20;4.21;4.22;5.0,yes
modules/virt-creating-vm-in-primary-udn-web.adoc,virt/vm_networking/virt-connecting-vm-to-primary-udn.adoc,virt,5,main;4.20;4.21;4.22;5.0,yes
modules/virt-attaching-vm-to-secondary-udn.adoc,virt/vm_networking/virt-connecting-vm-to-secondary-udn.adoc,virt,5,main;4.20;4.21;4.22;5.0,yes
modules/virt-creating-secondary-localnet-udn.adoc,virt/vm_networking/virt-connecting-vm-to-secondary-udn.adoc,virt,5,main;4.20;4.21;4.22;5.0,yes
modules/virt-creating-secondary-udn-namespace.adoc,virt/vm_networking/virt-connecting-vm-to-secondary-udn.adoc,virt,5,main;4.20;4.21;4.22;5.0,yes
modules/virt-adding-vm-to-service-mesh.adoc,virt/vm_networking/virt-connecting-vm-to-service-mesh.adoc,virt,5,main;4.20;4.21;4.22;5.0,yes
modules/nw-sriov-additional-network.adoc,virt/vm_networking/virt-connecting-vm-to-sriov.adoc,virt,5,main;4.20;4.21;4.22;5.0,yes
modules/virt-attaching-vm-to-sriov-network-web-console.adoc,virt/vm_networking/virt-connecting-vm-to-sriov.adoc,virt,5,main;4.20;4.21;4.22;5.0,yes
modules/virt-attaching-vm-to-sriov-network.adoc,virt/vm_networking/virt-connecting-vm-to-sriov.adoc,virt,5,main;4.20;4.21;4.22;5.0,yes
modules/virt-configuring-secondary-network-vm-live-migration.adoc,virt/vm_networking/virt-dedicated-network-live-migration.adoc,virt,5,main;4.20;4.21;4.22;5.0,yes
modules/virt-selecting-migration-network-ui.adoc,virt/vm_networking/virt-dedicated-network-live-migration.adoc,virt,5,main;4.20;4.21;4.22;5.0,yes
modules/virt-about-services.adoc,virt/vm_networking/virt-exposing-vm-with-service.adoc,virt,5,main;4.20;4.21;4.22;5.0,yes
modules/virt-creating-service-cli.adoc,virt/vm_networking/virt-exposing-vm-with-service.adoc,virt,5,main;4.20;4.21;4.22;5.0,yes
modules/virt-dual-stack-support-services.adoc,virt/vm_networking/virt-exposing-vm-with-service.adoc,virt,5,main;4.20;4.21;4.22;5.0,yes
modules/virt-hot-plugging-bridge-network-interface-cli.adoc,virt/vm_networking/virt-hot-plugging-network-interfaces.adoc,virt,5,main;4.20;4.21;4.22;5.0,yes
modules/virt-hot-unplugging-bridge-network-interface-cli.adoc,virt/vm_networking/virt-hot-plugging-network-interfaces.adoc,virt,5,main;4.20;4.21;4.22;5.0,yes
modules/virt-virtio-limitations.adoc,virt/vm_networking/virt-hot-plugging-network-interfaces.adoc,virt,5,main;4.20;4.21;4.22;5.0,yes
modules/virt-nw-overview-comparing-localnet-linuxbridge.adoc,virt/vm_networking/virt-networking-overview.adoc,virt,5,main;4.20;4.21;4.22;5.0,yes
modules/virt-nw-overview-connect-vm-to-physical-nw.adoc,virt/vm_networking/virt-networking-overview.adoc,virt,5,main;4.20;4.21;4.22;5.0,yes
modules/virt-nw-overview-manage-overlay-nw.adoc,virt/vm_networking/virt-networking-overview.adoc,virt,5,main;4.20;4.21;4.22;5.0,yes
modules/virt-nw-overview-manage-vm-nw-config.adoc,virt/vm_networking/virt-networking-overview.adoc,virt,5,main;4.20;4.21;4.22;5.0,yes
modules/virt-nw-overview-vm-ssh-config.adoc,virt/vm_networking/virt-networking-overview.adoc,virt,5,main;4.20;4.21;4.22;5.0,yes
modules/virt-configuring-interface-link-state-web.adoc,virt/vm_networking/virt-setting-interface-link-state.adoc,virt,5,main;4.20;4.21;4.22;5.0,yes
modules/virt-configuring-interface-link-state.adoc,virt/vm_networking/virt-setting-interface-link-state.adoc,virt,5,main;4.20;4.21;4.22;5.0,yes
modules/virt-configuring-cluster-dpdk.adoc,virt/vm_networking/virt-using-dpdk-with-sriov.adoc,virt,5,main;4.20;4.21;4.22;5.0,yes
modules/virt-configuring-vm-dpdk.adoc,virt/vm_networking/virt-using-dpdk-with-sriov.adoc,virt,5,main;4.20;4.21;4.22;5.0,yes
modules/virt-configuring-vm-project-dpdk.adoc,virt/vm_networking/virt-using-dpdk-with-sriov.adoc,virt,5,main;4.20;4.21;4.22;5.0,yes
modules/virt-removing-custom-mcp.adoc,virt/vm_networking/virt-using-dpdk-with-sriov.adoc,virt,5,main;4.20;4.21;4.22;5.0,yes
modules/virt-managing-kubemacpool-cli.adoc,virt/vm_networking/virt-using-mac-address-pool-for-vms.adoc,virt,5,main;4.20;4.21;4.22;5.0,yes
modules/byoh-configuring.adoc,windows_containers/byoh-windows-instance.adoc,windows_containers,5,main;4.20;4.21;4.22;5.0,yes
modules/byoh-removal.adoc,windows_containers/byoh-windows-instance.adoc,windows_containers,5,main;4.20;4.21;4.22;5.0,yes
modules/windows-machineset-aws.adoc,windows_containers/creating_windows_machinesets/creating-windows-machineset-aws.adoc,windows_containers,5,main;4.20;4.21;4.22;5.0,yes
modules/windows-machineset-azure.adoc,windows_containers/creating_windows_machinesets/creating-windows-machineset-azure.adoc,windows_containers,5,main;4.20;4.21;4.22;5.0,yes
modules/windows-machineset-gcp.adoc,windows_containers/creating_windows_machinesets/creating-windows-machineset-gcp.adoc,windows_containers,5,main;4.20;4.21;4.22;5.0,yes
modules/windows-machineset-nutanix.adoc,windows_containers/creating_windows_machinesets/creating-windows-machineset-nutanix.adoc,windows_containers,5,main;4.20;4.21;4.22;5.0,yes
modules/creating-the-vsphere-windows-vm-golden-image.adoc,windows_containers/creating_windows_machinesets/creating-windows-machineset-vsphere.adoc,windows_containers,5,main;4.20;4.21;4.22;5.0,yes
modules/enabling-internal-api-server-vsphere.adoc,windows_containers/creating_windows_machinesets/creating-windows-machineset-vsphere.adoc,windows_containers,5,main;4.20;4.21;4.22;5.0,yes
modules/windows-machineset-vsphere.adoc,windows_containers/creating_windows_machinesets/creating-windows-machineset-vsphere.adoc,windows_containers,5,main;4.20;4.21;4.22;5.0,yes
modules/deleting-wmco-namespace.adoc,windows_containers/disabling-windows-container-workloads.adoc,windows_containers,5,main;4.20;4.21;4.22;5.0,yes
modules/uninstalling-wmco.adoc,windows_containers/disabling-windows-container-workloads.adoc,windows_containers,5,main;4.20;4.21;4.22;5.0,yes
modules/configuring-secret-for-wmco.adoc,windows_containers/enabling-windows-container-workloads.adoc,windows_containers,5,main;4.20;4.21;4.22;5.0,yes
modules/installing-wmco-using-cli.adoc,windows_containers/enabling-windows-container-workloads.adoc,windows_containers,5,main;4.20;4.21;4.22;5.0,yes
modules/installing-wmco-using-web-console.adoc,windows_containers/enabling-windows-container-workloads.adoc,windows_containers,5,main;4.20;4.21;4.22;5.0,yes
modules/nodes-nodes-rebooting-gracefully.adoc,windows_containers/enabling-windows-container-workloads.adoc,windows_containers,5,main;4.20;4.21;4.22;5.0,yes
modules/wmco-cluster-wide-proxy.adoc,windows_containers/enabling-windows-container-workloads.adoc,windows_containers,5,main;4.20;4.21;4.22;5.0,yes
modules/wmco-configure-debug-logging.adoc,windows_containers/enabling-windows-container-workloads.adoc,windows_containers,5,main;4.20;4.21;4.22;5.0,yes
modules/wmco-disconnected-cluster.adoc,windows_containers/enabling-windows-container-workloads.adoc,windows_containers,5,main;4.20;4.21;4.22;5.0,yes
modules/managing-windows-container-workloads.adoc,windows_containers/index.adoc,windows_containers,5,main;4.20;4.21;4.22;5.0,yes
modules/machine-delete.adoc,windows_containers/removing-windows-nodes.adoc,windows_containers,5,main;4.20;4.21;4.22;5.0,yes
modules/creating-runtimeclass.adoc,windows_containers/scheduling-windows-workloads.adoc,windows_containers,5,main;4.20;4.21;4.22;5.0,yes
modules/sample-windows-workload-deployment.adoc,windows_containers/scheduling-windows-workloads.adoc,windows_containers,5,main;4.20;4.21;4.22;5.0,yes
modules/windows-pod-placement.adoc,windows_containers/scheduling-windows-workloads.adoc,windows_containers,5,main;4.20;4.21;4.22;5.0,yes
modules/wmco-supported-csi-drivers.adoc,windows_containers/scheduling-windows-workloads.adoc,windows_containers,5,main;4.20;4.21;4.22;5.0,yes
modules/windows-node-services.adoc,windows_containers/understanding-windows-container-workloads.adoc,windows_containers,5,main;4.20;4.21;4.22;5.0,yes
modules/windows-workload-management.adoc,windows_containers/understanding-windows-container-workloads.adoc,windows_containers,5,main;4.20;4.21;4.22;5.0,yes
modules/accessing-windows-node-using-rdp.adoc,windows_containers/windows-containers-troubleshooting.adoc,windows_containers,5,main;4.20;4.21;4.22;5.0,yes
modules/accessing-windows-node.adoc,windows_containers/windows-containers-troubleshooting.adoc,windows_containers,5,main;4.20;4.21;4.22;5.0,yes
modules/wmco-does-not-install.adoc,windows_containers/windows-containers-troubleshooting.adoc,windows_containers,5,main;4.20;4.21;4.22;5.0,yes
modules/windows-upgrades-eus.adoc,windows_containers/windows-node-upgrades.adoc,windows_containers,5,main;4.20;4.21;4.22;5.0,yes
modules/wmco-upgrades-eus-using-cli.adoc,windows_containers/windows-node-upgrades.adoc,windows_containers,5,main;4.20;4.21;4.22;5.0,yes
modules/wmco-upgrades-eus-using-web-console.adoc,windows_containers/windows-node-upgrades.adoc,windows_containers,5,main;4.20;4.21;4.22;5.0,yes
modules/wmco-upgrades.adoc,windows_containers/windows-node-upgrades.adoc,windows_containers,5,main;4.20;4.21;4.22;5.0,yes
modules/kueue-dra-extended-resources.adoc,ai_workloads/kueue/kueue-dra-integrating-dynamic-resource-allocation.adoc,ai_workloads,4,main;4.21;4.22;5.0,no
modules/kueue-dra-partitionable-devices.adoc,ai_workloads/kueue/kueue-dra-integrating-dynamic-resource-allocation.adoc,ai_workloads,4,main;4.21;4.22;5.0,no
modules/kueue-dra-quota-management.adoc,ai_workloads/kueue/kueue-dra-integrating-dynamic-resource-allocation.adoc,ai_workloads,4,main;4.21;4.22;5.0,no
modules/kueue-dra-resourceclaimtemplates.adoc,ai_workloads/kueue/kueue-dra-integrating-dynamic-resource-allocation.adoc,ai_workloads,4,main;4.21;4.22;5.0,no
modules/ztp-migrating-sno-clusterinstance.adoc,edge_computing/ztp-migrate-clusterinstance.adoc,edge_computing,4,main;4.21;4.22;5.0,no
modules/ztp-sno-du-recommended-cluster-install-manifests.adoc,edge_computing/ztp-reference-cluster-configuration-for-vdu.adoc,edge_computing,4,main;4.21;4.22;5.0,no
modules/ztp-sno-du-recommended-postinstallation-cluster-configurations.adoc,edge_computing/ztp-reference-cluster-configuration-for-vdu.adoc,edge_computing,4,main;4.21;4.22;5.0,no
modules/olmv1-clusterextension-watchnamespace-validation-errors.adoc,extensions/ce/olmv1-configuring-extensions.adoc,extensions,4,main;4.21;4.22;5.0,no
modules/olmv1-config-api-watch-namespace-examples.adoc,extensions/ce/olmv1-configuring-extensions.adoc,extensions,4,main;4.21;4.22;5.0,no
modules/olmv1-config-api-watch-namespace-requirements.adoc,extensions/ce/olmv1-configuring-extensions.adoc,extensions,4,main;4.21;4.22;5.0,no
modules/olmv1-config-api.adoc,extensions/ce/olmv1-configuring-extensions.adoc,extensions,4,main;4.21;4.22;5.0,no
modules/olmv1-discovering-bundle-install-modes.adoc,extensions/ce/olmv1-configuring-extensions.adoc,extensions,4,main;4.21;4.22;5.0,no
modules/olmv1-about-supported-bundle-formats.adoc,extensions/ce/olmv1-supported-extensions.adoc,extensions,4,main;4.21;4.22;5.0,no
modules/olmv1-webhook-support.adoc,extensions/ce/olmv1-supported-extensions.adoc,extensions,4,main;4.21;4.22;5.0,no
modules/kmm-defining-full-paths.adoc,hardware_enablement/kmm-kernel-module-management.adoc,hardware_enablement,4,main;4.21;4.22;5.0,no
modules/kmm-specifying-files-to-sign.adoc,hardware_enablement/kmm-kernel-module-management.adoc,hardware_enablement,4,main;4.21;4.22;5.0,no
modules/kmm-using-wildcard-and-glob-patterns.adoc,hardware_enablement/kmm-kernel-module-management.adoc,hardware_enablement,4,main;4.21;4.22;5.0,no
modules/hcp-destroy-aws-cli.adoc,hosted_control_planes/hcp-destroy/hcp-destroy-aws.adoc,hosted_control_planes,4,main;4.20;4.21;4.22,no
modules/destroy-hc-bm-cli.adoc,hosted_control_planes/hcp-destroy/hcp-destroy-bm.adoc,hosted_control_planes,4,main;4.20;4.21;4.22,no
modules/destroy-hc-bm-console.adoc,hosted_control_planes/hcp-destroy/hcp-destroy-bm.adoc,hosted_control_planes,4,main;4.20;4.21;4.22,no
modules/destroy-hc-ibm-power-cli.adoc,hosted_control_planes/hcp-destroy/hcp-destroy-ibm-power.adoc,hosted_control_planes,4,main;4.20;4.21;4.22,no
modules/destroy-hc-ibm-z-cli.adoc,hosted_control_planes/hcp-destroy/hcp-destroy-ibmz.adoc,hosted_control_planes,4,main;4.20;4.21;4.22,no
modules/destroy-hc-non-bm-cli.adoc,hosted_control_planes/hcp-destroy/hcp-destroy-non-bm.adoc,hosted_control_planes,4,main;4.20;4.21;4.22,no
modules/destroy-hc-non-bm-console.adoc,hosted_control_planes/hcp-destroy/hcp-destroy-non-bm.adoc,hosted_control_planes,4,main;4.20;4.21;4.22,no
modules/hosted-clusters-openstack-destroy.adoc,hosted_control_planes/hcp-destroy/hcp-destroy-openstack.adoc,hosted_control_planes,4,main;4.20;4.21;4.22,no
modules/destroy-hc-virt-cli.adoc,hosted_control_planes/hcp-destroy/hcp-destroy-virt.adoc,hosted_control_planes,4,main;4.20;4.21;4.22,no
modules/hcp-dc-addon.adoc,hosted_control_planes/hcp-disconnected/hcp-dc-monitor.adoc,hosted_control_planes,4,main;4.20;4.21;4.22,no
modules/hcp-dc-usr-wkld.adoc,hosted_control_planes/hcp-disconnected/hcp-dc-monitor.adoc,hosted_control_planes,4,main;4.20;4.21;4.22,no
modules/hcp-dc-verify.adoc,hosted_control_planes/hcp-disconnected/hcp-dc-monitor.adoc,hosted_control_planes,4,main;4.20;4.21;4.22,no
modules/hcp-import-disable.adoc,hosted_control_planes/hcp-import.adoc,hosted_control_planes,4,main;4.20;4.21;4.22,no
modules/hcp-import-limitations.adoc,hosted_control_planes/hcp-import.adoc,hosted_control_planes,4,main;4.20;4.21;4.22,no
modules/hcp-aws-tags.adoc,hosted_control_planes/hcp-manage/hcp-manage-aws.adoc,hosted_control_planes,4,main;4.20;4.21;4.22,no
modules/hcp-k8s-managed-aws-infra-hc.adoc,hosted_control_planes/hcp-manage/hcp-manage-aws.adoc,hosted_control_planes,4,main;4.20;4.21;4.22,no
modules/hcp-manage-aws-infra-ho-req.adoc,hosted_control_planes/hcp-manage/hcp-manage-aws.adoc,hosted_control_planes,4,main;4.20;4.21;4.22,no
modules/hcp-manage-aws-infra-req.adoc,hosted_control_planes/hcp-manage/hcp-manage-aws.adoc,hosted_control_planes,4,main;4.20;4.21;4.22,no
modules/hcp-manage-aws-prereq.adoc,hosted_control_planes/hcp-manage/hcp-manage-aws.adoc,hosted_control_planes,4,main;4.20;4.21;4.22,no
modules/hcp-managed-aws-hc-separate.adoc,hosted_control_planes/hcp-manage/hcp-manage-aws.adoc,hosted_control_planes,4,main;4.20;4.21;4.22,no
modules/hcp-managed-aws-iam.adoc,hosted_control_planes/hcp-manage/hcp-manage-aws.adoc,hosted_control_planes,4,main;4.20;4.21;4.22,no
modules/hcp-managed-aws-infra-hc.adoc,hosted_control_planes/hcp-manage/hcp-manage-aws.adoc,hosted_control_planes,4,main;4.20;4.21;4.22,no
modules/hcp-managed-aws-infra-iam-separate.adoc,hosted_control_planes/hcp-manage/hcp-manage-aws.adoc,hosted_control_planes,4,main;4.20;4.21;4.22,no
modules/hcp-managed-aws-infra-mgmt.adoc,hosted_control_planes/hcp-manage/hcp-manage-aws.adoc,hosted_control_planes,4,main;4.20;4.21;4.22,no
modules/hcp-managed-aws-infra-separate.adoc,hosted_control_planes/hcp-manage/hcp-manage-aws.adoc,hosted_control_planes,4,main;4.20;4.21;4.22,no
modules/hcp-migrate-aws-multiarch-nodepools.adoc,hosted_control_planes/hcp-manage/hcp-manage-aws.adoc,hosted_control_planes,4,main;4.20;4.21;4.22,no
modules/hcp-migrate-aws-single-to-multiarch.adoc,hosted_control_planes/hcp-manage/hcp-manage-aws.adoc,hosted_control_planes,4,main;4.20;4.21;4.22,no
modules/hcp-np-capacity-blocks-destroy.adoc,hosted_control_planes/hcp-manage/hcp-manage-aws.adoc,hosted_control_planes,4,main;4.20;4.21;4.22,no
modules/hcp-np-capacity-blocks.adoc,hosted_control_planes/hcp-manage/hcp-manage-aws.adoc,hosted_control_planes,4,main;4.20;4.21;4.22,no
modules/hcp-unmanaged-aws-hc-prereq.adoc,hosted_control_planes/hcp-manage/hcp-manage-aws.adoc,hosted_control_planes,4,main;4.20;4.21;4.22,no
modules/hcp-bm-access.adoc,hosted_control_planes/hcp-manage/hcp-manage-bm.adoc,hosted_control_planes,4,main;4.20;4.21;4.22,no
modules/hcp-bm-add-np.adoc,hosted_control_planes/hcp-manage/hcp-manage-bm.adoc,hosted_control_planes,4,main;4.20;4.21;4.22,no
modules/hcp-bm-autoscale-disable.adoc,hosted_control_planes/hcp-manage/hcp-manage-bm.adoc,hosted_control_planes,4,main;4.20;4.21;4.22,no
modules/hcp-bm-autoscale.adoc,hosted_control_planes/hcp-manage/hcp-manage-bm.adoc,hosted_control_planes,4,main;4.20;4.21;4.22,no
modules/hcp-bm-machine-health-disable.adoc,hosted_control_planes/hcp-manage/hcp-manage-bm.adoc,hosted_control_planes,4,main;4.20;4.21;4.22,no
modules/hcp-bm-scale-np.adoc,hosted_control_planes/hcp-manage/hcp-manage-bm.adoc,hosted_control_planes,4,main;4.20;4.21;4.22,no
modules/hcp-ibm-power-add-agents.adoc,hosted_control_planes/hcp-manage/hcp-manage-ibm-power.adoc,hosted_control_planes,4,main;4.20;4.21;4.22,no
modules/hcp-ibm-power-infraenv.adoc,hosted_control_planes/hcp-manage/hcp-manage-ibm-power.adoc,hosted_control_planes,4,main;4.20;4.21;4.22,no
modules/hcp-ibm-power-scale-np.adoc,hosted_control_planes/hcp-manage/hcp-manage-ibm-power.adoc,hosted_control_planes,4,main;4.20;4.21;4.22,no
modules/hcp-bm-access.adoc,hosted_control_planes/hcp-manage/hcp-manage-non-bm.adoc,hosted_control_planes,4,main;4.20;4.21;4.22,no
modules/hcp-bm-add-np.adoc,hosted_control_planes/hcp-manage/hcp-manage-non-bm.adoc,hosted_control_planes,4,main;4.20;4.21;4.22,no
modules/hcp-bm-autoscale-disable.adoc,hosted_control_planes/hcp-manage/hcp-manage-non-bm.adoc,hosted_control_planes,4,main;4.20;4.21;4.22,no
modules/hcp-bm-autoscale.adoc,hosted_control_planes/hcp-manage/hcp-manage-non-bm.adoc,hosted_control_planes,4,main;4.20;4.21;4.22,no
modules/hcp-bm-machine-health-disable.adoc,hosted_control_planes/hcp-manage/hcp-manage-non-bm.adoc,hosted_control_planes,4,main;4.20;4.21;4.22,no
modules/hcp-bm-scale-np.adoc,hosted_control_planes/hcp-manage/hcp-manage-non-bm.adoc,hosted_control_planes,4,main;4.20;4.21;4.22,no
modules/hcp-manage-openstack-az.adoc,hosted_control_planes/hcp-manage/hcp-manage-openstack.adoc,hosted_control_planes,4,main;4.20;4.21;4.22,no
modules/hcp-openstack-accessing.adoc,hosted_control_planes/hcp-manage/hcp-manage-openstack.adoc,hosted_control_planes,4,main;4.20;4.21;4.22,no
modules/hcp-openstack-autoscale.adoc,hosted_control_planes/hcp-manage/hcp-manage-openstack.adoc,hosted_control_planes,4,main;4.20;4.21;4.22,no
modules/hosted-clusters-openstack-addl-ports-cases.adoc,hosted_control_planes/hcp-manage/hcp-manage-openstack.adoc,hosted_control_planes,4,main;4.20;4.21;4.22,no
modules/hosted-clusters-openstack-addl-ports-creating.adoc,hosted_control_planes/hcp-manage/hcp-manage-openstack.adoc,hosted_control_planes,4,main;4.20;4.21;4.22,no
modules/hosted-clusters-openstack-addl-ports-options.adoc,hosted_control_planes/hcp-manage/hcp-manage-openstack.adoc,hosted_control_planes,4,main;4.20;4.21;4.22,no
modules/hcp-bm-autoscale.adoc,hosted_control_planes/hcp-manage/hcp-manage-virt.adoc,hosted_control_planes,4,main;4.20;4.21;4.22,no
modules/hcp-topology-spread-constraint.adoc,hosted_control_planes/hcp-manage/hcp-manage-virt.adoc,hosted_control_planes,4,main;4.20;4.21;4.22,no
modules/hcp-virt-access.adoc,hosted_control_planes/hcp-manage/hcp-manage-virt.adoc,hosted_control_planes,4,main;4.20;4.21;4.22,no
modules/hcp-virt-attach-nvidia-gpus-np-api.adoc,hosted_control_planes/hcp-manage/hcp-manage-virt.adoc,hosted_control_planes,4,main;4.20;4.21;4.22,no
modules/hcp-virt-attach-nvidia-gpus.adoc,hosted_control_planes/hcp-manage/hcp-manage-virt.adoc,hosted_control_planes,4,main;4.20;4.21;4.22,no
modules/hcp-virt-csi-snapshot.adoc,hosted_control_planes/hcp-manage/hcp-manage-virt.adoc,hosted_control_planes,4,main;4.20;4.21;4.22,no
modules/hcp-virt-evict-vms.adoc,hosted_control_planes/hcp-manage/hcp-manage-virt.adoc,hosted_control_planes,4,main;4.20;4.21;4.22,no
modules/hcp-virt-image-caching.adoc,hosted_control_planes/hcp-manage/hcp-manage-virt.adoc,hosted_control_planes,4,main;4.20;4.21;4.22,no
modules/hcp-virt-map-storage.adoc,hosted_control_planes/hcp-manage/hcp-manage-virt.adoc,hosted_control_planes,4,main;4.20;4.21;4.22,no
modules/hcp-virt-multiple-snapshots.adoc,hosted_control_planes/hcp-manage/hcp-manage-virt.adoc,hosted_control_planes,4,main;4.20;4.21;4.22,no
modules/hcp-virt-root-volume.adoc,hosted_control_planes/hcp-manage/hcp-manage-virt.adoc,hosted_control_planes,4,main;4.20;4.21;4.22,no
modules/hcp-virt-storage-security-isolation.adoc,hosted_control_planes/hcp-manage/hcp-manage-virt.adoc,hosted_control_planes,4,main;4.20;4.21;4.22,no
modules/hcp-virt-storage.adoc,hosted_control_planes/hcp-manage/hcp-manage-virt.adoc,hosted_control_planes,4,main;4.20;4.21;4.22,no
modules/hcp-disable-feature.adoc,hosted_control_planes/hcp-prepare/hcp-enable-disable.adoc,hosted_control_planes,4,main;4.20;4.21;4.22,no
modules/hcp-enable-manual-addon.adoc,hosted_control_planes/hcp-prepare/hcp-enable-disable.adoc,hosted_control_planes,4,main;4.20;4.21;4.22,no
modules/hcp-enable-manual.adoc,hosted_control_planes/hcp-prepare/hcp-enable-disable.adoc,hosted_control_planes,4,main;4.20;4.21;4.22,no
modules/hcp-uninstall-operator.adoc,hosted_control_planes/hcp-prepare/hcp-enable-disable.adoc,hosted_control_planes,4,main;4.20;4.21;4.22,no
modules/hcp-disable-metrics.adoc,hosted_control_planes/hcp-prepare/hcp-override-resource-util.adoc,hosted_control_planes,4,main;4.20;4.21;4.22,no
modules/hcp-override.adoc,hosted_control_planes/hcp-prepare/hcp-override-resource-util.adoc,hosted_control_planes,4,main;4.20;4.21;4.22,no
modules/hcp-release-notes-fixed-issues.adoc,hosted_control_planes/hcp-release-notes.adoc,hosted_control_planes,4,main;4.20;4.21;4.22,no
modules/hcp-release-notes-known-issues.adoc,hosted_control_planes/hcp-release-notes.adoc,hosted_control_planes,4,main;4.20;4.21;4.22,no
modules/hcp-release-notes-new-features.adoc,hosted_control_planes/hcp-release-notes.adoc,hosted_control_planes,4,main;4.20;4.21;4.22,no
modules/hcp-release-notes-technology-preview-tables.adoc,hosted_control_planes/hcp-release-notes.adoc,hosted_control_planes,4,main;4.20;4.21;4.22,no
modules/agent-service-failure.adoc,hosted_control_planes/hcp-troubleshooting.adoc,hosted_control_planes,4,main;4.20;4.21;4.22,no
modules/hcp-must-gather-cli.adoc,hosted_control_planes/hcp-troubleshooting.adoc,hosted_control_planes,4,main;4.20;4.21;4.22,no
modules/hcp-must-gather-console.adoc,hosted_control_planes/hcp-troubleshooting.adoc,hosted_control_planes,4,main;4.20;4.21;4.22,no
modules/hcp-must-gather-dc.adoc,hosted_control_planes/hcp-troubleshooting.adoc,hosted_control_planes,4,main;4.20;4.21;4.22,no
modules/hcp-ts-bm-nodes-not-added.adoc,hosted_control_planes/hcp-troubleshooting.adoc,hosted_control_planes,4,main;4.20;4.21;4.22,no
modules/hcp-ts-cidr-overlap.adoc,hosted_control_planes/hcp-troubleshooting.adoc,hosted_control_planes,4,main;4.20;4.21;4.22,no
modules/hcp-ts-hc-stuck.adoc,hosted_control_planes/hcp-troubleshooting.adoc,hosted_control_planes,4,main;4.20;4.21;4.22,no
modules/hcp-ts-identical-subnet-fields.adoc,hosted_control_planes/hcp-troubleshooting.adoc,hosted_control_planes,4,main;4.20;4.21;4.22,no
modules/hcp-ts-ingress-not-online.adoc,hosted_control_planes/hcp-troubleshooting.adoc,hosted_control_planes,4,main;4.20;4.21;4.22,no
modules/hcp-ts-internal-subnets.adoc,hosted_control_planes/hcp-troubleshooting.adoc,hosted_control_planes,4,main;4.20;4.21;4.22,no
modules/hcp-ts-load-balancer-svcs.adoc,hosted_control_planes/hcp-troubleshooting.adoc,hosted_control_planes,4,main;4.20;4.21;4.22,no
modules/hcp-ts-no-nodes-reg.adoc,hosted_control_planes/hcp-troubleshooting.adoc,hosted_control_planes,4,main;4.20;4.21;4.22,no
modules/hcp-ts-nodes-not-ready.adoc,hosted_control_planes/hcp-troubleshooting.adoc,hosted_control_planes,4,main;4.20;4.21;4.22,no
modules/hcp-ts-nodes-stuck.adoc,hosted_control_planes/hcp-troubleshooting.adoc,hosted_control_planes,4,main;4.20;4.21;4.22,no
modules/hcp-ts-non-bm.adoc,hosted_control_planes/hcp-troubleshooting.adoc,hosted_control_planes,4,main;4.20;4.21;4.22,no
modules/hcp-ts-ovnkubernetes.adoc,hosted_control_planes/hcp-troubleshooting.adoc,hosted_control_planes,4,main;4.20;4.21;4.22,no
modules/hcp-ts-pvcs-not-avail.adoc,hosted_control_planes/hcp-troubleshooting.adoc,hosted_control_planes,4,main;4.20;4.21;4.22,no
modules/hcp-ts-rhcos.adoc,hosted_control_planes/hcp-troubleshooting.adoc,hosted_control_planes,4,main;4.20;4.21;4.22,no
modules/hcp-ts-subnet-cidr-format.adoc,hosted_control_planes/hcp-troubleshooting.adoc,hosted_control_planes,4,main;4.20;4.21;4.22,no
modules/hcp-ts-vm-nodes.adoc,hosted_control_planes/hcp-troubleshooting.adoc,hosted_control_planes,4,main;4.20;4.21;4.22,no
modules/hosted-control-planes-pause-reconciliation.adoc,hosted_control_planes/hcp-troubleshooting.adoc,hosted_control_planes,4,main;4.20;4.21;4.22,no
modules/hosted-control-planes-troubleshooting.adoc,hosted_control_planes/hcp-troubleshooting.adoc,hosted_control_planes,4,main;4.20;4.21;4.22,no
modules/hosted-restart-hcp-components.adoc,hosted_control_planes/hcp-troubleshooting.adoc,hosted_control_planes,4,main;4.20;4.21;4.22,no
modules/hcp-mgmt-component-loss-impact.adoc,hosted_control_planes/hcp_high_availability/about-hcp-ha.adoc,hosted_control_planes,4,main;4.20;4.21;4.22,no
modules/backup-etcd-hosted-cluster.adoc,hosted_control_planes/hcp_high_availability/hcp-backup-restore-aws.adoc,hosted_control_planes,4,main;4.20;4.21;4.22,no
modules/hosted-cluster-etcd-restore-on-premise.adoc,hosted_control_planes/hcp_high_availability/hcp-backup-restore-on-premise.adoc,hosted_control_planes,4,main;4.20;4.21;4.22,no
modules/backup-hosted-cluster-virt.adoc,hosted_control_planes/hcp_high_availability/hcp-backup-restore-virt.adoc,hosted_control_planes,4,main;4.20;4.21;4.22,no
modules/restore-hosted-cluster-virt.adoc,hosted_control_planes/hcp_high_availability/hcp-backup-restore-virt.adoc,hosted_control_planes,4,main;4.20;4.21;4.22,no
modules/dr-backup-restore-aws-overview.adoc,hosted_control_planes/hcp_high_availability/hcp-disaster-recovery-aws.adoc,hosted_control_planes,4,main;4.20;4.21;4.22,no
modules/dr-hosted-cluster-within-aws-region-backup.adoc,hosted_control_planes/hcp_high_availability/hcp-disaster-recovery-aws.adoc,hosted_control_planes,4,main;4.20;4.21;4.22,no
modules/dr-hosted-cluster-within-aws-region-delete.adoc,hosted_control_planes/hcp_high_availability/hcp-disaster-recovery-aws.adoc,hosted_control_planes,4,main;4.20;4.21;4.22,no
modules/dr-hosted-cluster-within-aws-region-restore.adoc,hosted_control_planes/hcp_high_availability/hcp-disaster-recovery-aws.adoc,hosted_control_planes,4,main;4.20;4.21;4.22,no
modules/hcp-dp-backup-oadp-auto.adoc,hosted_control_planes/hcp_high_availability/hcp-disaster-recovery-oadp-auto.adoc,hosted_control_planes,4,main;4.20;4.21;4.22,no
modules/hcp-dr-oadp-auto-prereqs.adoc,hosted_control_planes/hcp_high_availability/hcp-disaster-recovery-oadp-auto.adoc,hosted_control_planes,4,main;4.20;4.21;4.22,no
modules/hcp-dr-oadp-backup-cp-workload-auto.adoc,hosted_control_planes/hcp_high_availability/hcp-disaster-recovery-oadp-auto.adoc,hosted_control_planes,4,main;4.20;4.21;4.22,no
modules/hcp-dr-oadp-dpa-aws.adoc,hosted_control_planes/hcp_high_availability/hcp-disaster-recovery-oadp-auto.adoc,hosted_control_planes,4,main;4.20;4.21;4.22,no
modules/hcp-dr-oadp-dpa-bm.adoc,hosted_control_planes/hcp_high_availability/hcp-disaster-recovery-oadp-auto.adoc,hosted_control_planes,4,main;4.20;4.21;4.22,no
modules/hcp-dr-oadp-dpa.adoc,hosted_control_planes/hcp_high_availability/hcp-disaster-recovery-oadp-auto.adoc,hosted_control_planes,4,main;4.20;4.21;4.22,no
modules/hcp-dr-oadp-observe-velero.adoc,hosted_control_planes/hcp_high_availability/hcp-disaster-recovery-oadp-auto.adoc,hosted_control_planes,4,main;4.20;4.21;4.22,no
modules/hcp-dr-oadp-observe.adoc,hosted_control_planes/hcp_high_availability/hcp-disaster-recovery-oadp-auto.adoc,hosted_control_planes,4,main;4.20;4.21;4.22,no
modules/hcp-dr-oadp-restore-auto.adoc,hosted_control_planes/hcp_high_availability/hcp-disaster-recovery-oadp-auto.adoc,hosted_control_planes,4,main;4.20;4.21;4.22,no
modules/hcp-dr-prep-oadp-auto.adoc,hosted_control_planes/hcp_high_availability/hcp-disaster-recovery-oadp-auto.adoc,hosted_control_planes,4,main;4.20;4.21;4.22,no
modules/hcp-backup-cp-oadp.adoc,hosted_control_planes/hcp_high_availability/hcp-disaster-recovery-oadp.adoc,hosted_control_planes,4,main;4.20;4.21;4.22,no
modules/hcp-backup-dp-oadp.adoc,hosted_control_planes/hcp_high_availability/hcp-disaster-recovery-oadp.adoc,hosted_control_planes,4,main;4.20;4.21;4.22,no
modules/hcp-dr-oadp-backup-cp-workload-aws.adoc,hosted_control_planes/hcp_high_availability/hcp-disaster-recovery-oadp.adoc,hosted_control_planes,4,main;4.20;4.21;4.22,no
modules/hcp-dr-oadp-backup-cp-workload-bm.adoc,hosted_control_planes/hcp_high_availability/hcp-disaster-recovery-oadp.adoc,hosted_control_planes,4,main;4.20;4.21;4.22,no
modules/hcp-dr-oadp-observe-velero.adoc,hosted_control_planes/hcp_high_availability/hcp-disaster-recovery-oadp.adoc,hosted_control_planes,4,main;4.20;4.21;4.22,no
modules/hcp-dr-oadp-observe.adoc,hosted_control_planes/hcp_high_availability/hcp-disaster-recovery-oadp.adoc,hosted_control_planes,4,main;4.20;4.21;4.22,no
modules/hcp-dr-oadp-restore-new-mgmt.adoc,hosted_control_planes/hcp_high_availability/hcp-disaster-recovery-oadp.adoc,hosted_control_planes,4,main;4.20;4.21;4.22,no
modules/hcp-dr-oadp-restore.adoc,hosted_control_planes/hcp_high_availability/hcp-disaster-recovery-oadp.adoc,hosted_control_planes,4,main;4.20;4.21;4.22,no
modules/hcp-prepare-aws-oadp.adoc,hosted_control_planes/hcp_high_availability/hcp-disaster-recovery-oadp.adoc,hosted_control_planes,4,main;4.20;4.21;4.22,no
modules/hcp-prepare-bm-oadp.adoc,hosted_control_planes/hcp_high_availability/hcp-disaster-recovery-oadp.adoc,hosted_control_planes,4,main;4.20;4.21;4.22,no
modules/hcp-restoring-oadp.adoc,hosted_control_planes/hcp_high_availability/hcp-disaster-recovery-oadp.adoc,hosted_control_planes,4,main;4.20;4.21;4.22,no
modules/hcp-recover-failing-etcd-pods.adoc,hosted_control_planes/hcp_high_availability/hcp-recovering-etcd-cluster.adoc,hosted_control_planes,4,main;4.20;4.21;4.22,no
modules/hosted-cluster-etcd-status.adoc,hosted_control_planes/hcp_high_availability/hcp-recovering-etcd-cluster.adoc,hosted_control_planes,4,main;4.20;4.21;4.22,no
modules/ts-capi-resource-migration.adoc,machine_management/cluster_api_machine_management/cluster-api-troubleshooting.adoc,machine_management,4,main;4.21;4.22;5.0,no
modules/machine-feature-aws-throughput-capi.adoc,machine_management/cluster_api_machine_management/cluster_api_provider_configurations/cluster-api-config-options-aws.adoc,machine_management,4,main;4.21;4.22;5.0,no
modules/machineset-creating-gp3-throughput.adoc,machine_management/control_plane_machine_management/cpmso_provider_configurations/cpmso-supported-features-aws.adoc,machine_management,4,main;4.21;4.22;5.0,no
modules/machineset-creating-gp3-throughput.adoc,machine_management/creating_machinesets/creating-machineset-aws.adoc,machine_management,4,main;4.21;4.22;5.0,no
modules/osd-cluster-create-application-ingress-selector-day1-ui.adoc,networking/networking_operators/ingress-operator.adoc,networking,4,main;4.21;4.22;5.0,no
modules/osd-cluster-create-application-ingress-selector-day2-ui.adoc,networking/networking_operators/ingress-operator.adoc,networking,4,main;4.21;4.22;5.0,no
modules/osd-cluster-create-application-ingress-settings.adoc,networking/networking_operators/ingress-operator.adoc,networking,4,main;4.21;4.22;5.0,no
modules/osd-create-cluster-exclude-namespace-selector-day1-cli.adoc,networking/networking_operators/ingress-operator.adoc,networking,4,main;4.21;4.22;5.0,no
modules/osd-create-cluster-exclude-namespace-selector-day2-cli.adoc,networking/networking_operators/ingress-operator.adoc,networking,4,main;4.21;4.22;5.0,no
modules/osd-ingress-excluded-namespaces-ocm-cli.adoc,networking/networking_operators/ingress-operator.adoc,networking,4,main;4.21;4.22;5.0,no
modules/nodes-nodes-psi-enable.adoc,nodes/nodes/nodes-nodes-managing.adoc,nodes,4,main;4.21;4.22;5.0,no
modules/nodes-pods-allocate-dra-admin-access.adoc,nodes/pods/nodes-pods-allocate-dra.adoc,nodes,4,main;4.21;4.22;5.0,no
modules/multi-arch-tuning-operator-release-notes-1-0-0.adoc,post_installation_configuration/configuring-multi-arch-compute-machines/multi-arch-tuning-operator-release-notes.adoc,post_installation_configuration,4,main;4.21;4.22;5.0,no
modules/multi-arch-tuning-operator-release-notes-1-1-0.adoc,post_installation_configuration/configuring-multi-arch-compute-machines/multi-arch-tuning-operator-release-notes.adoc,post_installation_configuration,4,main;4.21;4.22;5.0,no
modules/multi-arch-tuning-operator-release-notes-1-1-1.adoc,post_installation_configuration/configuring-multi-arch-compute-machines/multi-arch-tuning-operator-release-notes.adoc,post_installation_configuration,4,main;4.21;4.22;5.0,no
modules/multi-arch-tuning-operator-release-notes-1-2-0.adoc,post_installation_configuration/configuring-multi-arch-compute-machines/multi-arch-tuning-operator-release-notes.adoc,post_installation_configuration,4,main;4.21;4.22;5.0,no
modules/multi-arch-tuning-operator-release-notes-1-2-1.adoc,post_installation_configuration/configuring-multi-arch-compute-machines/multi-arch-tuning-operator-release-notes.adoc,post_installation_configuration,4,main;4.21;4.22;5.0,no
modules/multi-arch-tuning-operator-release-notes-1-2-2.adoc,post_installation_configuration/configuring-multi-arch-compute-machines/multi-arch-tuning-operator-release-notes.adoc,post_installation_configuration,4,main;4.21;4.22;5.0,no
modules/multi-arch-tuning-operator-release-notes-1-3-0.adoc,post_installation_configuration/configuring-multi-arch-compute-machines/multi-arch-tuning-operator-release-notes.adoc,post_installation_configuration,4,main;4.21;4.22;5.0,no
modules/rn-ocp-release-notes-fixed-issues.adoc,release_notes/ocp-4-20-release-notes.adoc,release_notes,4,4.20;4.21;4.22;5.0,no
modules/rn-ocp-release-notes-known-issues.adoc,release_notes/ocp-4-20-release-notes.adoc,release_notes,4,4.20;4.21;4.22;5.0,no
modules/rn-ocp-release-notes-fixed-issues.adoc,release_notes/ocp-4-21-release-notes.adoc,release_notes,4,4.20;4.21;4.22;5.0,no
modules/rn-ocp-release-notes-known-issues.adoc,release_notes/ocp-4-21-release-notes.adoc,release_notes,4,4.20;4.21;4.22;5.0,no
modules/rn-ocp-release-notes-fixed-issues.adoc,release_notes/ocp-4-22-release-notes.adoc,release_notes,4,4.20;4.21;4.22;5.0,no
modules/rn-ocp-release-notes-known-issues.adoc,release_notes/ocp-4-22-release-notes.adoc,release_notes,4,4.20;4.21;4.22;5.0,no
modules/rn-ocp-release-notes-fixed-issues.adoc,release_notes/ocp-5-0-release-notes.adoc,release_notes,4,4.20;4.21;4.22;5.0,no
modules/rn-ocp-release-notes-known-issues.adoc,release_notes/ocp-5-0-release-notes.adoc,release_notes,4,4.20;4.21;4.22;5.0,no
modules/telco-core-cert-manager-operator.adoc,scalability_and_performance/telco-core-rds.adoc,scalability_and_performance,4,main;4.21;4.22;5.0,no
modules/telco-hub-cert-manager-operator.adoc,scalability_and_performance/telco-hub-rds.adoc,scalability_and_performance,4,main;4.21;4.22;5.0,no
modules/telco-hub-crs-backup-recovery.adoc,scalability_and_performance/telco-hub-rds.adoc,scalability_and_performance,4,main;4.21;4.22;5.0,no
modules/telco-hub-crs-security.adoc,scalability_and_performance/telco-hub-rds.adoc,scalability_and_performance,4,main;4.21;4.22;5.0,no
modules/using-cluster-compare-telco-hub.adoc,scalability_and_performance/telco-hub-rds.adoc,scalability_and_performance,4,main;4.21;4.22;5.0,no
modules/spo-log-adv-pod.adoc,security/security_profiles_operator/spo-logging.adoc,security,4,main;4.21;4.22;5.0,no
modules/spo-log-corr-key.adoc,security/security_profiles_operator/spo-logging.adoc,security,4,main;4.21;4.22;5.0,no
modules/spo-log-corr-log.adoc,security/security_profiles_operator/spo-logging.adoc,security,4,main;4.21;4.22;5.0,no
modules/spo-log-correlate.adoc,security/security_profiles_operator/spo-logging.adoc,security,4,main;4.21;4.22;5.0,no
modules/spo-log-debug.adoc,security/security_profiles_operator/spo-logging.adoc,security,4,main;4.21;4.22;5.0,no
modules/spo-log-disable.adoc,security/security_profiles_operator/spo-logging.adoc,security,4,main;4.21;4.22;5.0,no
modules/spo-log-enabling.adoc,security/security_profiles_operator/spo-logging.adoc,security,4,main;4.21;4.22;5.0,no
modules/spo-log-enrich-out.adoc,security/security_profiles_operator/spo-logging.adoc,security,4,main;4.21;4.22;5.0,no
modules/spo-log-enrich.adoc,security/security_profiles_operator/spo-logging.adoc,security,4,main;4.21;4.22;5.0,no
modules/spo-log-json-enrich.adoc,security/security_profiles_operator/spo-logging.adoc,security,4,main;4.21;4.22;5.0,no
modules/spo-log-kube-api-compare.adoc,security/security_profiles_operator/spo-logging.adoc,security,4,main;4.21;4.22;5.0,no
modules/spo-log-kube-api-out.adoc,security/security_profiles_operator/spo-logging.adoc,security,4,main;4.21;4.22;5.0,no
modules/spo-log-mon-audit.adoc,security/security_profiles_operator/spo-logging.adoc,security,4,main;4.21;4.22;5.0,no
modules/spo-log-tune-rot.adoc,security/security_profiles_operator/spo-logging.adoc,security,4,main;4.21;4.22;5.0,no
modules/spo-log-webhook.adoc,security/security_profiles_operator/spo-logging.adoc,security,4,main;4.21;4.22;5.0,no
modules/virt-creating-bootable-encrypted-ibm-secure-execution-vm-image-ibm-z.adoc,virt/creating_vm/virt-configuring-ibm-secure-execution-vms-ibm-z.adoc,virt,4,main;4.21;4.22;5.0,no
modules/virt-launching-ibm-secure-execution-vm-using-cli-ibm-z.adoc,virt/creating_vm/virt-configuring-ibm-secure-execution-vms-ibm-z.adoc,virt,4,main;4.21;4.22;5.0,no
modules/virt-launching-ibm-secure-execution-vm-using-common-instance-type-ibm-z.adoc,virt/creating_vm/virt-configuring-ibm-secure-execution-vms-ibm-z.adoc,virt,4,main;4.21;4.22;5.0,no
modules/virt-supported-custom-video-devices.adoc,virt/creating_vm/virt-creating-vms-from-cli.adoc,virt,4,main;4.21;4.22;5.0,no
modules/virt-supported-custom-video-devices.adoc,virt/creating_vms_advanced/virt-creating-vms-from-cli.adoc,virt,4,main;4.21;4.22;5.0,no
modules/virt-install-ibm-cloud-cluster-network-access.adoc,virt/install/virt-install-ibm-cloud-bm-nodes.adoc,virt,4,main;4.21;4.22;5.0,no
modules/virt-install-ibm-cloud-complete-cluster-config.adoc,virt/install/virt-install-ibm-cloud-bm-nodes.adoc,virt,4,main;4.21;4.22;5.0,no
modules/virt-install-ibm-cloud-config-new-cluster.adoc,virt/install/virt-install-ibm-cloud-bm-nodes.adoc,virt,4,main;4.21;4.22;5.0,no
modules/virt-install-ibm-cloud-initialize-new-cluster.adoc,virt/install/virt-install-ibm-cloud-bm-nodes.adoc,virt,4,main;4.21;4.22;5.0,no
modules/virt-label-nodes-with-mig-backed-profile.adoc,virt/managing_vms/advanced_vm_management/virt-configuring-virtual-gpus.adoc,virt,4,main;4.21;4.22;5.0,no
modules/virt-about-host-model.adoc,virt/managing_vms/cpu_models/virt-choosing-cpu-models.adoc,virt,4,main;4.21;4.22;5.0,no
modules/virt-about-named-cpu-models.adoc,virt/managing_vms/cpu_models/virt-choosing-cpu-models.adoc,virt,4,main;4.21;4.22;5.0,no
modules/virt-per-vm-cpu-model-configuration.adoc,virt/managing_vms/cpu_models/virt-configuring-default-cpu-model.adoc,virt,4,main;4.21;4.22;5.0,no
modules/virt-resetting-vm-web.adoc,virt/managing_vms/virt-controlling-vm-states.adoc,virt,4,main;4.21;4.22;5.0,no
modules/virt-create-custom-console-tabs.adoc,virt/managing_vms/virt-customize-web-console.adoc,virt,4,main;4.21;4.22;5.0,no
modules/virt-enable-bulk-operations-web-console.adoc,virt/managing_vms/virt-customize-web-console.adoc,virt,4,main;4.21;4.22;5.0,no
modules/virt-searching-vmis-web.adoc,virt/managing_vms/virt-manage-vmis.adoc,virt,4,4.20;4.21;4.22;5.0,no
modules/virt-viewing-downward-metrics-tool.adoc,virt/monitoring/virt-exposing-downward-metrics.adoc,virt,4,main;4.21;4.22;5.0,no
modules/virt-run-self-validation-checkup-web-console.adoc,virt/post_installation_configuration/virt-self-validation-checkups.adoc,virt,4,main;4.21;4.22;5.0,no
modules/virt-update-removing-unused.adoc,virt/updating/upgrading-virt.adoc,virt,4,main;4.21;4.22;5.0,no
modules/creating-a-physical-network.adoc,virt/vm_networking/virt-configuring-physical-networks.adoc,virt,4,main;4.21;4.22;5.0,no
modules/creating-a-virtual-machine-network.adoc,virt/vm_networking/virt-configuring-physical-networks.adoc,virt,4,main;4.21;4.22;5.0,no
modules/expanding-a-physical-network.adoc,virt/vm_networking/virt-configuring-physical-networks.adoc,virt,4,main;4.21;4.22;5.0,no
modules/virt-creating-a-localnet-cudn-web.adoc,virt/vm_networking/virt-connecting-vm-to-primary-udn.adoc,virt,4,main;4.21;4.22;5.0,no
modules/virt-udn-considerations-ibm-z.adoc,virt/vm_networking/virt-connecting-vm-to-secondary-udn.adoc,virt,4,main;4.21;4.22;5.0,no
modules/virt-udn-osa-hipersockets-ibm-z.adoc,virt/vm_networking/virt-connecting-vm-to-secondary-udn.adoc,virt,4,main;4.21;4.22;5.0,no
modules/virt-udn-roce-ibm-z.adoc,virt/vm_networking/virt-connecting-vm-to-secondary-udn.adoc,virt,4,main;4.21;4.22;5.0,no
modules/virt-custom-kubemacpool-range.adoc,virt/vm_networking/virt-using-mac-address-pool-for-vms.adoc,virt,4,main;4.21;4.22;5.0,no
modules/ai-app-mcp-server-ai-safety.adoc,ai_applications/mcp_server/mcp-server-overview.adoc,ai_applications,3,main;4.22;5.0,no
modules/ai-app-mcp-server-configure-gateway.adoc,ai_applications/mcp_server/mcp-server-overview.adoc,ai_applications,3,main;4.22;5.0,no
modules/ai-app-mcp-server-configure-rbac.adoc,ai_applications/mcp_server/mcp-server-overview.adoc,ai_applications,3,main;4.22;5.0,no
modules/ai-app-mcp-server-connect-client.adoc,ai_applications/mcp_server/mcp-server-overview.adoc,ai_applications,3,main;4.22;5.0,no
modules/ai-app-mcp-server-install-gateway.adoc,ai_applications/mcp_server/mcp-server-overview.adoc,ai_applications,3,main;4.22;5.0,no
modules/ai-app-mcp-server-install.adoc,ai_applications/mcp_server/mcp-server-overview.adoc,ai_applications,3,main;4.22;5.0,no
modules/ai-app-mcp-server-mcp-gateway-overview.adoc,ai_applications/mcp_server/mcp-server-overview.adoc,ai_applications,3,main;4.22;5.0,no
modules/ai-app-mcp-server-mcp-server-overview.adoc,ai_applications/mcp_server/mcp-server-overview.adoc,ai_applications,3,main;4.22;5.0,no
modules/ai-app-mcp-server-model-context-protocol-overview.adoc,ai_applications/mcp_server/mcp-server-overview.adoc,ai_applications,3,main;4.22;5.0,no
modules/ai-app-mcp-server-prompting-instructions.adoc,ai_applications/mcp_server/mcp-server-overview.adoc,ai_applications,3,main;4.22;5.0,no
modules/ai-app-mcp-server-prompting-workflow.adoc,ai_applications/mcp_server/mcp-server-overview.adoc,ai_applications,3,main;4.22;5.0,no
modules/ai-app-mcp-server-revoke-cr-access.adoc,ai_applications/mcp_server/mcp-server-overview.adoc,ai_applications,3,main;4.22;5.0,no
modules/ai-app-mcp-server-setup-authentication.adoc,ai_applications/mcp_server/mcp-server-overview.adoc,ai_applications,3,main;4.22;5.0,no
modules/ai-app-mcp-server-setup-authorization.adoc,ai_applications/mcp_server/mcp-server-overview.adoc,ai_applications,3,main;4.22;5.0,no
modules/ai-app-mcp-server-verify-deployment.adoc,ai_applications/mcp_server/mcp-server-overview.adoc,ai_applications,3,main;4.22;5.0,no
modules/proc_view-project-dashboards.adoc,applications/odc-monitoring-project-and-application-metrics-using-developer-perspective.adoc,applications,3,main;4.22;5.0,no
modules/proc-odc-creating-helm-release-from-url.adoc,applications/working_with_helm_charts/odc-working-with-helm-releases.adoc,applications,3,main;4.22;5.0,no
modules/oadp-cli-admin-backups.adoc,backup_and_restore/application_backup_and_restore/cli-tools/oadp-cli-plugin.adoc,backup_and_restore,3,main;4.22;5.0,no
modules/oadp-cli-admin-bsl.adoc,backup_and_restore/application_backup_and_restore/cli-tools/oadp-cli-plugin.adoc,backup_and_restore,3,main;4.22;5.0,no
modules/oadp-cli-admin-nabsl-requests.adoc,backup_and_restore/application_backup_and_restore/cli-tools/oadp-cli-plugin.adoc,backup_and_restore,3,main;4.22;5.0,no
modules/oadp-cli-admin-restores.adoc,backup_and_restore/application_backup_and_restore/cli-tools/oadp-cli-plugin.adoc,backup_and_restore,3,main;4.22;5.0,no
modules/oadp-cli-admin-schedules.adoc,backup_and_restore/application_backup_and_restore/cli-tools/oadp-cli-plugin.adoc,backup_and_restore,3,main;4.22;5.0,no
modules/oadp-cli-admin-vsl.adoc,backup_and_restore/application_backup_and_restore/cli-tools/oadp-cli-plugin.adoc,backup_and_restore,3,main;4.22;5.0,no
modules/oadp-cli-client-config.adoc,backup_and_restore/application_backup_and_restore/cli-tools/oadp-cli-plugin.adoc,backup_and_restore,3,main;4.22;5.0,no
modules/oadp-cli-completion.adoc,backup_and_restore/application_backup_and_restore/cli-tools/oadp-cli-plugin.adoc,backup_and_restore,3,main;4.22;5.0,no
modules/oadp-cli-installing.adoc,backup_and_restore/application_backup_and_restore/cli-tools/oadp-cli-plugin.adoc,backup_and_restore,3,main;4.22;5.0,no
modules/oadp-cli-nonadmin-about.adoc,backup_and_restore/application_backup_and_restore/cli-tools/oadp-cli-plugin.adoc,backup_and_restore,3,main;4.22;5.0,no
modules/oadp-cli-nonadmin-backups.adoc,backup_and_restore/application_backup_and_restore/cli-tools/oadp-cli-plugin.adoc,backup_and_restore,3,main;4.22;5.0,no
modules/oadp-cli-nonadmin-bsl.adoc,backup_and_restore/application_backup_and_restore/cli-tools/oadp-cli-plugin.adoc,backup_and_restore,3,main;4.22;5.0,no
modules/oadp-cli-nonadmin-restores.adoc,backup_and_restore/application_backup_and_restore/cli-tools/oadp-cli-plugin.adoc,backup_and_restore,3,main;4.22;5.0,no
modules/oadp-cli-setup.adoc,backup_and_restore/application_backup_and_restore/cli-tools/oadp-cli-plugin.adoc,backup_and_restore,3,main;4.22;5.0,no
modules/oadp-configuring-priority-class.adoc,backup_and_restore/application_backup_and_restore/installing/installing-oadp-aws.adoc,backup_and_restore,3,main;4.22;5.0,no
modules/oadp-configuring-priority-class.adoc,backup_and_restore/application_backup_and_restore/installing/installing-oadp-azure.adoc,backup_and_restore,3,main;4.22;5.0,no
modules/oadp-configuring-priority-class.adoc,backup_and_restore/application_backup_and_restore/installing/installing-oadp-gcp.adoc,backup_and_restore,3,main;4.22;5.0,no
modules/oadp-configuring-priority-class.adoc,backup_and_restore/application_backup_and_restore/installing/installing-oadp-kubevirt.adoc,backup_and_restore,3,main;4.22;5.0,no
modules/oadp-configuring-priority-class.adoc,backup_and_restore/application_backup_and_restore/installing/installing-oadp-mcg.adoc,backup_and_restore,3,main;4.22;5.0,no
modules/oadp-configuring-priority-class.adoc,backup_and_restore/application_backup_and_restore/installing/installing-oadp-ocs.adoc,backup_and_restore,3,main;4.22;5.0,no
modules/oadp-vmdp-backing-up-data.adoc,backup_and_restore/application_backup_and_restore/oadp-vmdp/oadp-using-vmdp.adoc,backup_and_restore,3,main;4.22;5.0,no
modules/oadp-vmdp-creating-bsl-filesystem.adoc,backup_and_restore/application_backup_and_restore/oadp-vmdp/oadp-using-vmdp.adoc,backup_and_restore,3,main;4.22;5.0,no
modules/oadp-vmdp-creating-bsl-s3.adoc,backup_and_restore/application_backup_and_restore/oadp-vmdp/oadp-using-vmdp.adoc,backup_and_restore,3,main;4.22;5.0,no
modules/oadp-vmdp-installing-cli.adoc,backup_and_restore/application_backup_and_restore/oadp-vmdp/oadp-using-vmdp.adoc,backup_and_restore,3,main;4.22;5.0,no
modules/oadp-vmdp-managing-bsl.adoc,backup_and_restore/application_backup_and_restore/oadp-vmdp/oadp-using-vmdp.adoc,backup_and_restore,3,main;4.22;5.0,no
modules/oadp-vmdp-restoring-data.adoc,backup_and_restore/application_backup_and_restore/oadp-vmdp/oadp-using-vmdp.adoc,backup_and_restore,3,main;4.22;5.0,no
modules/oadp-vmdp-troubleshooting.adoc,backup_and_restore/application_backup_and_restore/oadp-vmdp/oadp-using-vmdp.adoc,backup_and_restore,3,main;4.22;5.0,no
modules/oadp-vmdp-configuration.adoc,backup_and_restore/application_backup_and_restore/oadp-vmdp/oadp-vmdp.adoc,backup_and_restore,3,main;4.22;5.0,no
modules/oadp-vmdp-overview.adoc,backup_and_restore/application_backup_and_restore/oadp-vmdp/oadp-vmdp.adoc,backup_and_restore,3,main;4.22;5.0,no
modules/oadp-vmdp-storage-backends.adoc,backup_and_restore/application_backup_and_restore/oadp-vmdp/oadp-vmdp.adoc,backup_and_restore,3,main;4.22;5.0,no
modules/oadp-vmdp-supported-platforms.adoc,backup_and_restore/application_backup_and_restore/oadp-vmdp/oadp-vmdp.adoc,backup_and_restore,3,main;4.22;5.0,no
modules/oadp-vmfr-accessing-files-ssh.adoc,backup_and_restore/application_backup_and_restore/oadp-vmfr/oadp-using-vmfr.adoc,backup_and_restore,3,main;4.22;5.0,no
modules/oadp-vmfr-accessing-files-web.adoc,backup_and_restore/application_backup_and_restore/oadp-vmfr/oadp-using-vmfr.adoc,backup_and_restore,3,main;4.22;5.0,no
modules/oadp-vmfr-creating-vmbd.adoc,backup_and_restore/application_backup_and_restore/oadp-vmfr/oadp-using-vmfr.adoc,backup_and_restore,3,main;4.22;5.0,no
modules/oadp-vmfr-creating-vmfr.adoc,backup_and_restore/application_backup_and_restore/oadp-vmfr/oadp-using-vmfr.adoc,backup_and_restore,3,main;4.22;5.0,no
modules/oadp-vmfr-deleting-vmfr.adoc,backup_and_restore/application_backup_and_restore/oadp-vmfr/oadp-using-vmfr.adoc,backup_and_restore,3,main;4.22;5.0,no
modules/oadp-vmfr-enabling.adoc,backup_and_restore/application_backup_and_restore/oadp-vmfr/oadp-using-vmfr.adoc,backup_and_restore,3,main;4.22;5.0,no
modules/oadp-vmfr-access-methods.adoc,backup_and_restore/application_backup_and_restore/oadp-vmfr/oadp-vmfr.adoc,backup_and_restore,3,main;4.22;5.0,no
modules/oadp-vmfr-custom-resources.adoc,backup_and_restore/application_backup_and_restore/oadp-vmfr/oadp-vmfr.adoc,backup_and_restore,3,main;4.22;5.0,no
modules/oadp-vmfr-how-it-works.adoc,backup_and_restore/application_backup_and_restore/oadp-vmfr/oadp-vmfr.adoc,backup_and_restore,3,main;4.22;5.0,no
modules/oadp-vmfr-limitations.adoc,backup_and_restore/application_backup_and_restore/oadp-vmfr/oadp-vmfr.adoc,backup_and_restore,3,main;4.22;5.0,no
modules/oadp-vmfr-overview.adoc,backup_and_restore/application_backup_and_restore/oadp-vmfr/oadp-vmfr.adoc,backup_and_restore,3,main;4.22;5.0,no
modules/oadp-vmfr-phases.adoc,backup_and_restore/application_backup_and_restore/oadp-vmfr/oadp-vmfr.adoc,backup_and_restore,3,main;4.22;5.0,no
modules/oadp-vmfr-prerequisites.adoc,backup_and_restore/application_backup_and_restore/oadp-vmfr/oadp-vmfr.adoc,backup_and_restore,3,main;4.22;5.0,no
modules/oadp-vmfr-security.adoc,backup_and_restore/application_backup_and_restore/oadp-vmfr/oadp-vmfr.adoc,backup_and_restore,3,main;4.22;5.0,no
modules/oadp-vmfr-use-scenarios.adoc,backup_and_restore/application_backup_and_restore/oadp-vmfr/oadp-vmfr.adoc,backup_and_restore,3,main;4.22;5.0,no
modules/oadp-1-6-0-release-notes.adoc,backup_and_restore/application_backup_and_restore/release-notes/oadp-1-6-release-notes.adoc,backup_and_restore,3,main;4.22;5.0,no
modules/oadp-1-6-1-release-notes.adoc,backup_and_restore/application_backup_and_restore/release-notes/oadp-1-6-release-notes.adoc,backup_and_restore,3,main;4.22;5.0,no
modules/changes-from-oadp-1-5-to-1-6.adoc,backup_and_restore/application_backup_and_restore/release-notes/oadp-upgrade-notes-1-6.adoc,backup_and_restore,3,main;4.22;5.0,no
modules/converting-dpa-to-the-new-version-for-oadp-1-6-0.adoc,backup_and_restore/application_backup_and_restore/release-notes/oadp-upgrade-notes-1-6.adoc,backup_and_restore,3,main;4.22;5.0,no
modules/oadp-backing-up-dpa-configuration-1-6-0.adoc,backup_and_restore/application_backup_and_restore/release-notes/oadp-upgrade-notes-1-6.adoc,backup_and_restore,3,main;4.22;5.0,no
modules/oadp-upgrading-oadp-operator-1-6-0.adoc,backup_and_restore/application_backup_and_restore/release-notes/oadp-upgrade-notes-1-6.adoc,backup_and_restore,3,main;4.22;5.0,no
modules/oadp-verifying-upgrade-1-6-0.adoc,backup_and_restore/application_backup_and_restore/release-notes/oadp-upgrade-notes-1-6.adoc,backup_and_restore,3,main;4.22;5.0,no
modules/oadp-cli-installing.adoc,backup_and_restore/application_backup_and_restore/troubleshooting/oadp-cli-tool.adoc,backup_and_restore,3,main;4.22;5.0,no
modules/velero-oomkilled-large-kopia-repos.adoc,backup_and_restore/application_backup_and_restore/troubleshooting/pods-crash-or-restart-due-to-lack-of-memory-or-cpu.adoc,backup_and_restore,3,main;4.22;5.0,no
modules/installing-mirroring-disconnected-full.adoc,disconnected/installing-mirroring-disconnected.adoc,disconnected,3,4.20;4.21;4.22,no
modules/installing-mirroring-disconnected-mirroring-image-set.adoc,disconnected/installing-mirroring-disconnected.adoc,disconnected,3,4.20;4.21;4.22,no
modules/installing-mirroring-disconnected-partial.adoc,disconnected/installing-mirroring-disconnected.adoc,disconnected,3,4.20;4.21;4.22,no
modules/installing-mirroring-disconnected-preparing-hosts.adoc,disconnected/installing-mirroring-disconnected.adoc,disconnected,3,4.20;4.21;4.22,no
modules/installing-mirroring-disconnected-prerequisites.adoc,disconnected/installing-mirroring-disconnected.adoc,disconnected,3,4.20;4.21;4.22,no
modules/oc-mirror-about.adoc,disconnected/installing-mirroring-disconnected.adoc,disconnected,3,4.20;4.21;4.22,no
modules/oc-mirror-command-reference.adoc,disconnected/installing-mirroring-disconnected.adoc,disconnected,3,4.20;4.21;4.22,no
modules/oc-mirror-creating-image-set-config.adoc,disconnected/installing-mirroring-disconnected.adoc,disconnected,3,4.20;4.21;4.22,no
modules/oc-mirror-disk-to-mirror.adoc,disconnected/installing-mirroring-disconnected.adoc,disconnected,3,4.20;4.21;4.22,no
modules/oc-mirror-dry-run.adoc,disconnected/installing-mirroring-disconnected.adoc,disconnected,3,4.20;4.21;4.22,no
modules/oc-mirror-image-set-config-examples.adoc,disconnected/installing-mirroring-disconnected.adoc,disconnected,3,4.20;4.21;4.22,no
modules/oc-mirror-imageset-config-params.adoc,disconnected/installing-mirroring-disconnected.adoc,disconnected,3,4.20;4.21;4.22,no
modules/oc-mirror-mirror-to-disk.adoc,disconnected/installing-mirroring-disconnected.adoc,disconnected,3,4.20;4.21;4.22,no
modules/oc-mirror-mirror-to-mirror.adoc,disconnected/installing-mirroring-disconnected.adoc,disconnected,3,4.20;4.21;4.22,no
modules/oc-mirror-oci-format.adoc,disconnected/installing-mirroring-disconnected.adoc,disconnected,3,4.20;4.21;4.22,no
modules/oc-mirror-support.adoc,disconnected/installing-mirroring-disconnected.adoc,disconnected,3,4.20;4.21;4.22,no
modules/oc-mirror-updating-cluster-manifests.adoc,disconnected/installing-mirroring-disconnected.adoc,disconnected,3,4.20;4.21;4.22,no
modules/oc-mirror-updating-registry-about.adoc,disconnected/installing-mirroring-disconnected.adoc,disconnected,3,4.20;4.21;4.22,no
modules/oc-mirror-updating-use-cases.adoc,disconnected/installing-mirroring-disconnected.adoc,disconnected,3,4.20;4.21;4.22,no
modules/cnf-automatic-rollback-sno-ip-configuration.adoc,edge_computing/sno_ip_configuration/cnf-configuring-sno-ip-configuration.adoc,edge_computing,3,main;4.22;5.0,no
modules/cnf-changing-sno-ip-configuration.adoc,edge_computing/sno_ip_configuration/cnf-configuring-sno-ip-configuration.adoc,edge_computing,3,main;4.22;5.0,no
modules/cnf-ipconfig-cr-reference.adoc,edge_computing/sno_ip_configuration/cnf-configuring-sno-ip-configuration.adoc,edge_computing,3,main;4.22;5.0,no
modules/cnf-rollback-sno-ip-configuration.adoc,edge_computing/sno_ip_configuration/cnf-configuring-sno-ip-configuration.adoc,edge_computing,3,main;4.22;5.0,no
modules/cnf-gathering-sno-ip-configuration-diagnostics.adoc,edge_computing/sno_ip_configuration/cnf-troubleshooting-sno-ip-configuration.adoc,edge_computing,3,main;4.22;5.0,no
modules/cnf-troubleshooting-sno-ip-configuration.adoc,edge_computing/sno_ip_configuration/cnf-troubleshooting-sno-ip-configuration.adoc,edge_computing,3,main;4.22;5.0,no
modules/cnf-sno-ip-configuration-overview.adoc,edge_computing/sno_ip_configuration/cnf-understanding-sno-ip-configuration.adoc,edge_computing,3,main;4.22;5.0,no
modules/cnf-sno-ip-configuration-requirements.adoc,edge_computing/sno_ip_configuration/cnf-understanding-sno-ip-configuration.adoc,edge_computing,3,main;4.22;5.0,no
modules/cnf-sno-ip-configuration-supported-changes.adoc,edge_computing/sno_ip_configuration/cnf-understanding-sno-ip-configuration.adoc,edge_computing,3,main;4.22;5.0,no
modules/cnf-sno-ip-configuration-use-cases.adoc,edge_computing/sno_ip_configuration/cnf-understanding-sno-ip-configuration.adoc,edge_computing,3,main;4.22;5.0,no
modules/ztp-binding-bmh-to-cluster-using-annotation.adoc,edge_computing/ztp-manual-install.adoc,edge_computing,3,main;4.22;5.0,no
modules/ztp-bmh-cluster-reference-annotation-ref.adoc,edge_computing/ztp-manual-install.adoc,edge_computing,3,main;4.22;5.0,no
modules/ztp-late-binding-bare-metal-host-pools.adoc,edge_computing/ztp-manual-install.adoc,edge_computing,3,main;4.22;5.0,no
modules/olmv1-customizing-operator-deployments.adoc,extensions/ce/olmv1-configuring-extensions.adoc,extensions,3,main;4.22;5.0,no
modules/olmv1-deployment-config-api.adoc,extensions/ce/olmv1-configuring-extensions.adoc,extensions,3,main;4.22;5.0,no
modules/olmv1-deployment-config-examples.adoc,extensions/ce/olmv1-configuring-extensions.adoc,extensions,3,main;4.22;5.0,no
modules/olmv1-deployment-config-reference.adoc,extensions/ce/olmv1-configuring-extensions.adoc,extensions,3,main;4.22;5.0,no
modules/hcp-ts-bm.adoc,hosted_control_planes/hcp-troubleshooting.adoc,hosted_control_planes,3,main;4.21;4.22,no
modules/hcp-ts-connect-data-plane.adoc,hosted_control_planes/hcp-troubleshooting.adoc,hosted_control_planes,3,main;4.21;4.22,no
modules/hcp-ts-connectivity.adoc,hosted_control_planes/hcp-troubleshooting.adoc,hosted_control_planes,3,main;4.21;4.22,no
modules/hcp-ts-ocp-virt.adoc,hosted_control_planes/hcp-troubleshooting.adoc,hosted_control_planes,3,main;4.21;4.22,no
modules/command-line-options-for-fencing-validator-script.adoc,installing/installing_two_node_cluster/installing_tnf/install-post-tnf.adoc,installing,3,main;4.22;5.0,no
modules/exit-codes-for-fencing-validator-script.adoc,installing/installing_two_node_cluster/installing_tnf/install-post-tnf.adoc,installing,3,main;4.22;5.0,no
modules/fencing-validator-script-for-disruptive-checks.adoc,installing/installing_two_node_cluster/installing_tnf/install-post-tnf.adoc,installing,3,main;4.22;5.0,no
modules/fencing-validator-script-for-non-disruptive-checks.adoc,installing/installing_two_node_cluster/installing_tnf/install-post-tnf.adoc,installing,3,main;4.22;5.0,no
modules/fencing-validator-script-overview.adoc,installing/installing_two_node_cluster/installing_tnf/install-post-tnf.adoc,installing,3,main;4.22;5.0,no
modules/fencing-validator-script-prerequisites.adoc,installing/installing_two_node_cluster/installing_tnf/install-post-tnf.adoc,installing,3,main;4.22;5.0,no
modules/transport-mode-for-fencing-validator-script.adoc,installing/installing_two_node_cluster/installing_tnf/install-post-tnf.adoc,installing,3,main;4.22;5.0,no
modules/automatic-node-tainting-tnf.adoc,installing/installing_two_node_cluster/installing_tnf/operating-a-degraded-tnf.adoc,installing,3,main;4.22;5.0,no
modules/capabilities-during-degraded-tnf-operation.adoc,installing/installing_two_node_cluster/installing_tnf/operating-a-degraded-tnf.adoc,installing,3,main;4.22;5.0,no
modules/cluster-operator-stability-during-degraded-operation.adoc,installing/installing_two_node_cluster/installing_tnf/operating-a-degraded-tnf.adoc,installing,3,main;4.22;5.0,no
modules/node-failure-sequence-in-a-tnf-cluster.adoc,installing/installing_two_node_cluster/installing_tnf/operating-a-degraded-tnf.adoc,installing,3,main;4.22;5.0,no
modules/pacemaker-and-fencing-behavior-during-degraded-operation.adoc,installing/installing_two_node_cluster/installing_tnf/operating-a-degraded-tnf.adoc,installing,3,main;4.22;5.0,no
modules/prohibited-operations-during-degraded-tnf-operation.adoc,installing/installing_two_node_cluster/installing_tnf/operating-a-degraded-tnf.adoc,installing,3,main;4.22;5.0,no
modules/recovering-a-failed-tnf-node.adoc,installing/installing_two_node_cluster/installing_tnf/operating-a-degraded-tnf.adoc,installing,3,main;4.22;5.0,no
modules/resolving-a-failed-node-not-rejoining-after-power-on.adoc,installing/installing_two_node_cluster/installing_tnf/operating-a-degraded-tnf.adoc,installing,3,main;4.22;5.0,no
modules/resolving-a-fencing-failure-in-tnf.adoc,installing/installing_two_node_cluster/installing_tnf/operating-a-degraded-tnf.adoc,installing,3,main;4.22;5.0,no
modules/resolving-etcd-not-recovering-on-the-surviving-node.adoc,installing/installing_two_node_cluster/installing_tnf/operating-a-degraded-tnf.adoc,installing,3,main;4.22;5.0,no
modules/tnf-cluster-degradation-causes.adoc,installing/installing_two_node_cluster/installing_tnf/operating-a-degraded-tnf.adoc,installing,3,main;4.22;5.0,no
modules/verifying-tnf-cluster-state.adoc,installing/installing_two_node_cluster/installing_tnf/operating-a-degraded-tnf.adoc,installing,3,main;4.22;5.0,no
modules/mco-image-streams-updating.adoc,machine_configuration/mco-image-streams.adoc,machine_configuration,3,main;4.22;5.0,no
modules/mco-update-boot-images-aws.adoc,machine_configuration/mco-update-boot-images-manual.adoc,machine_configuration,3,main;4.22;5.0,no
modules/mco-update-boot-images-azure.adoc,machine_configuration/mco-update-boot-images-manual.adoc,machine_configuration,3,main;4.22;5.0,no
modules/mco-update-boot-images-gcp.adoc,machine_configuration/mco-update-boot-images-manual.adoc,machine_configuration,3,main;4.22;5.0,no
modules/mco-update-boot-images-ibm-bare-metal.adoc,machine_configuration/mco-update-boot-images-manual.adoc,machine_configuration,3,main;4.22;5.0,no
modules/mco-update-boot-images-ibm-cloud.adoc,machine_configuration/mco-update-boot-images-manual.adoc,machine_configuration,3,main;4.22;5.0,no
modules/mco-update-boot-images-nutanix.adoc,machine_configuration/mco-update-boot-images-manual.adoc,machine_configuration,3,main;4.22;5.0,no
modules/mco-update-boot-images-openstack.adoc,machine_configuration/mco-update-boot-images-manual.adoc,machine_configuration,3,main;4.22;5.0,no
modules/mco-update-boot-images-plat-none.adoc,machine_configuration/mco-update-boot-images-manual.adoc,machine_configuration,3,main;4.22;5.0,no
modules/mco-update-boot-images-vsphere.adoc,machine_configuration/mco-update-boot-images-manual.adoc,machine_configuration,3,main;4.22;5.0,no
modules/mco-update-boot-skew-mgmt-configuring.adoc,machine_configuration/mco-update-boot-skew-mgmt.adoc,machine_configuration,3,main;4.22;5.0,no
modules/mco-update-boot-skew-mgmt-updating.adoc,machine_configuration/mco-update-boot-skew-mgmt.adoc,machine_configuration,3,main;4.22;5.0,no
modules/machine-feature-aws-dedicated-hosts-byo-template.adoc,machine_management/cluster_api_machine_management/cluster_api_provider_configurations/cluster-api-config-options-aws.adoc,machine_management,3,main;4.22;5.0,no
modules/machine-feature-aws-dedicated-hosts.adoc,machine_management/cluster_api_machine_management/cluster_api_provider_configurations/cluster-api-config-options-aws.adoc,machine_management,3,main;4.22;5.0,no
modules/machineset-creating-dedicated-hosts-byo-machineset.adoc,machine_management/creating_machinesets/creating-machineset-aws.adoc,machine_management,3,main;4.22;5.0,no
modules/machineset-creating-dedicated-hosts.adoc,machine_management/creating_machinesets/creating-machineset-aws.adoc,machine_management,3,main;4.22;5.0,no
modules/machineset-dedicated-hosts.adoc,machine_management/creating_machinesets/creating-machineset-aws.adoc,machine_management,3,main;4.22;5.0,no
modules/nw-bgp-evpn-about.adoc,networking/advanced_networking/bgp_evpn_udn/about-bgp-evpn-user-defined-networks.adoc,networking,3,main;4.22;5.0,no
modules/procedure-enabling-bgp-evpn-primary-cudn.adoc,networking/advanced_networking/bgp_evpn_udn/about-bgp-evpn-user-defined-networks.adoc,networking,3,main;4.22;5.0,no
modules/nw-ptp-configuring-linuxptp-services-as-grandmaster-clock-gnrd.adoc,networking/advanced_networking/ptp/configuring-ptp.adoc,networking,3,main;4.22;5.0,no
modules/nw-ptp-gnrd-t-bc-holdover.adoc,networking/advanced_networking/ptp/configuring-ptp.adoc,networking,3,main;4.22;5.0,no
modules/nw-ptp-granite-rapids-telecom-grandmaster-clock-overview.adoc,networking/advanced_networking/ptp/configuring-ptp.adoc,networking,3,main;4.22;5.0,no
modules/applying-processing-filters-grpc-requests.adoc,networking/ingress_load_balancing/configuring_gateway_api/routing-grpc-requests-to-services.adoc,networking,3,main;4.22;5.0,no
modules/configuring-grpc-request-matching-conditions.adoc,networking/ingress_load_balancing/configuring_gateway_api/routing-grpc-requests-to-services.adoc,networking,3,main;4.22;5.0,no
modules/configuring-routing-destinations-traffic-weights-grpc.adoc,networking/ingress_load_balancing/configuring_gateway_api/routing-grpc-requests-to-services.adoc,networking,3,main;4.22;5.0,no
modules/understanding-grpcroute-implementation-details.adoc,networking/ingress_load_balancing/configuring_gateway_api/routing-grpc-requests-to-services.adoc,networking,3,main;4.22;5.0,no
modules/nw-aws-ingress-nlb-dual-stack.adoc,networking/ingress_load_balancing/configuring_ingress_cluster_traffic/configuring-ingress-cluster-traffic-aws.adoc,networking,3,main;4.22;5.0,no
modules/nw-dpf-architecture-overview.adoc,networking/networking_operators/dpf_operator/about-dpf-operator.adoc,networking,3,main;4.22;5.0,no
modules/nw-dpf-component-placement.adoc,networking/networking_operators/dpf_operator/about-dpf-operator.adoc,networking,3,main;4.22;5.0,no
modules/nw-dpf-deployment-flow-overview.adoc,networking/networking_operators/dpf_operator/about-dpf-operator.adoc,networking,3,main;4.22;5.0,no
modules/nw-dpf-hardware-requirements.adoc,networking/networking_operators/dpf_operator/about-dpf-operator.adoc,networking,3,main;4.22;5.0,no
modules/nw-dpf-network-requirements.adoc,networking/networking_operators/dpf_operator/about-dpf-operator.adoc,networking,3,main;4.22;5.0,no
modules/nw-dpf-software-requirements.adoc,networking/networking_operators/dpf_operator/about-dpf-operator.adoc,networking,3,main;4.22;5.0,no
modules/nw-dpf-configuring-required-operators.adoc,networking/networking_operators/dpf_operator/dpf-environment-setup.adoc,networking,3,main;4.22;5.0,no
modules/nw-dpf-creating-dpf-namespace.adoc,networking/networking_operators/dpf_operator/dpf-environment-setup.adoc,networking,3,main;4.22;5.0,no
modules/nw-dpf-installing-cert-manager-operator.adoc,networking/networking_operators/dpf_operator/dpf-environment-setup.adoc,networking,3,main;4.22;5.0,no
modules/nw-dpf-installing-gitops-operator.adoc,networking/networking_operators/dpf_operator/dpf-environment-setup.adoc,networking,3,main;4.22;5.0,no
modules/nw-dpf-installing-maintenance-operator.adoc,networking/networking_operators/dpf_operator/dpf-environment-setup.adoc,networking,3,main;4.22;5.0,no
modules/nw-dpf-installing-mce-operator.adoc,networking/networking_operators/dpf_operator/dpf-environment-setup.adoc,networking,3,main;4.22;5.0,no
modules/nw-dpf-installing-metallb-operator.adoc,networking/networking_operators/dpf_operator/dpf-environment-setup.adoc,networking,3,main;4.22;5.0,no
modules/nw-dpf-installing-required-operators.adoc,networking/networking_operators/dpf_operator/dpf-environment-setup.adoc,networking,3,main;4.22;5.0,no
modules/nw-dpf-management-cluster-setup.adoc,networking/networking_operators/dpf_operator/dpf-environment-setup.adoc,networking,3,main;4.22;5.0,no
modules/nw-dpf-worker-machineconfig.adoc,networking/networking_operators/dpf_operator/dpf-environment-setup.adoc,networking,3,main;4.22;5.0,no
modules/nw-dpf-creating-dpfhcpprovisioner.adoc,networking/networking_operators/dpf_operator/dpf-hosted-cluster-provisioning.adoc,networking,3,main;4.22;5.0,no
modules/nw-dpf-creating-dpucluster.adoc,networking/networking_operators/dpf_operator/dpf-hosted-cluster-provisioning.adoc,networking,3,main;4.22;5.0,no
modules/nw-dpf-creating-hcp-secrets.adoc,networking/networking_operators/dpf_operator/dpf-hosted-cluster-provisioning.adoc,networking,3,main;4.22;5.0,no
modules/nw-dpf-hcp-environment-variables.adoc,networking/networking_operators/dpf_operator/dpf-hosted-cluster-provisioning.adoc,networking,3,main;4.22;5.0,no
modules/nw-dpf-hosted-cluster-overview.adoc,networking/networking_operators/dpf_operator/dpf-hosted-cluster-provisioning.adoc,networking,3,main;4.22;5.0,no
modules/nw-dpf-installing-hcp-provisioner.adoc,networking/networking_operators/dpf_operator/dpf-hosted-cluster-provisioning.adoc,networking,3,main;4.22;5.0,no
modules/nw-dpf-verifying-dpu-services.adoc,networking/networking_operators/dpf_operator/dpf-hosted-cluster-provisioning.adoc,networking,3,main;4.22;5.0,no
modules/nw-dpf-verifying-hosted-cluster.adoc,networking/networking_operators/dpf_operator/dpf-hosted-cluster-provisioning.adoc,networking,3,main;4.22;5.0,no
modules/nw-dpf-creating-bfb.adoc,networking/networking_operators/dpf_operator/dpf-operator-installation.adoc,networking,3,main;4.22;5.0,no
modules/nw-dpf-creating-dpfoperatorconfig.adoc,networking/networking_operators/dpf_operator/dpf-operator-installation.adoc,networking,3,main;4.22;5.0,no
modules/nw-dpf-creating-dpudeployment.adoc,networking/networking_operators/dpf_operator/dpf-operator-installation.adoc,networking,3,main;4.22;5.0,no
modules/nw-dpf-creating-dpuflavor.adoc,networking/networking_operators/dpf_operator/dpf-operator-installation.adoc,networking,3,main;4.22;5.0,no
modules/nw-dpf-creating-dts-service.adoc,networking/networking_operators/dpf_operator/dpf-operator-installation.adoc,networking,3,main;4.22;5.0,no
modules/nw-dpf-creating-hbn-service.adoc,networking/networking_operators/dpf_operator/dpf-operator-installation.adoc,networking,3,main;4.22;5.0,no
modules/nw-dpf-creating-ovnk-credentials.adoc,networking/networking_operators/dpf_operator/dpf-operator-installation.adoc,networking,3,main;4.22;5.0,no
modules/nw-dpf-creating-ovnk-service.adoc,networking/networking_operators/dpf_operator/dpf-operator-installation.adoc,networking,3,main;4.22;5.0,no
modules/nw-dpf-creating-service-interfaces.adoc,networking/networking_operators/dpf_operator/dpf-operator-installation.adoc,networking,3,main;4.22;5.0,no
modules/nw-dpf-creating-service-ipam.adoc,networking/networking_operators/dpf_operator/dpf-operator-installation.adoc,networking,3,main;4.22;5.0,no
modules/nw-dpf-creating-service-nads.adoc,networking/networking_operators/dpf_operator/dpf-operator-installation.adoc,networking,3,main;4.22;5.0,no
modules/nw-dpf-creating-sriov-config.adoc,networking/networking_operators/dpf_operator/dpf-operator-installation.adoc,networking,3,main;4.22;5.0,no
modules/nw-dpf-environment-variables.adoc,networking/networking_operators/dpf_operator/dpf-operator-installation.adoc,networking,3,main;4.22;5.0,no
modules/nw-dpf-installing-dpf-operator.adoc,networking/networking_operators/dpf_operator/dpf-operator-installation.adoc,networking,3,main;4.22;5.0,no
modules/nw-dpf-release-notes.adoc,networking/networking_operators/dpf_operator/dpf-release-notes.adoc,networking,3,main;4.22;5.0,no
modules/nw-dpf-troubleshooting-diagnostics.adoc,networking/networking_operators/dpf_operator/dpf-troubleshooting.adoc,networking,3,main;4.22;5.0,no
modules/nw-dpf-troubleshooting-hosted-cluster.adoc,networking/networking_operators/dpf_operator/dpf-troubleshooting.adoc,networking,3,main;4.22;5.0,no
modules/nw-dpf-troubleshooting-networking.adoc,networking/networking_operators/dpf_operator/dpf-troubleshooting.adoc,networking,3,main;4.22;5.0,no
modules/nw-dpf-ts-bmc-certificates.adoc,networking/networking_operators/dpf_operator/dpf-troubleshooting.adoc,networking,3,main;4.22;5.0,no
modules/nw-dpf-ts-dpu-node-status.adoc,networking/networking_operators/dpf_operator/dpf-troubleshooting.adoc,networking,3,main;4.22;5.0,no
modules/nw-dpf-ts-dpu-object-state.adoc,networking/networking_operators/dpf_operator/dpf-troubleshooting.adoc,networking,3,main;4.22;5.0,no
modules/nw-dpf-ts-dpu-provisioning.adoc,networking/networking_operators/dpf_operator/dpf-troubleshooting.adoc,networking,3,main;4.22;5.0,no
modules/nw-dpf-ts-node-readiness.adoc,networking/networking_operators/dpf_operator/dpf-troubleshooting.adoc,networking,3,main;4.22;5.0,no
modules/nw-dpf-ts-worker-csr-approval.adoc,networking/networking_operators/dpf_operator/dpf-troubleshooting.adoc,networking,3,main;4.22;5.0,no
modules/nw-dpf-configuring-dts-servicemonitor.adoc,networking/networking_operators/dpf_operator/dpf-validation-telemetry.adoc,networking,3,main;4.22;5.0,no
modules/nw-dpf-deploying-traffic-test-pods.adoc,networking/networking_operators/dpf_operator/dpf-validation-telemetry.adoc,networking,3,main;4.22;5.0,no
modules/nw-dpf-dts-observability-overview.adoc,networking/networking_operators/dpf_operator/dpf-validation-telemetry.adoc,networking,3,main;4.22;5.0,no
modules/nw-dpf-enabling-user-workload-monitoring.adoc,networking/networking_operators/dpf_operator/dpf-validation-telemetry.adoc,networking,3,main;4.22;5.0,no
modules/nw-dpf-installing-dts-console-dashboard.adoc,networking/networking_operators/dpf_operator/dpf-validation-telemetry.adoc,networking,3,main;4.22;5.0,no
modules/nw-dpf-installing-grafana-for-dts.adoc,networking/networking_operators/dpf_operator/dpf-validation-telemetry.adoc,networking,3,main;4.22;5.0,no
modules/nw-dpf-running-traffic-validation.adoc,networking/networking_operators/dpf_operator/dpf-validation-telemetry.adoc,networking,3,main;4.22;5.0,no
modules/nw-dpf-viewing-dts-metrics.adoc,networking/networking_operators/dpf_operator/dpf-validation-telemetry.adoc,networking,3,main;4.22;5.0,no
modules/nw-dpf-adding-workers-baremetal-operator.adoc,networking/networking_operators/dpf_operator/dpf-worker-nodes-provisioning.adoc,networking,3,main;4.22;5.0,no
modules/nw-dpf-approving-worker-csrs.adoc,networking/networking_operators/dpf_operator/dpf-worker-nodes-provisioning.adoc,networking,3,main;4.22;5.0,no
modules/nw-dpf-configuring-hosted-cluster-auth.adoc,networking/networking_operators/dpf_operator/dpf-worker-nodes-provisioning.adoc,networking,3,main;4.22;5.0,no
modules/nw-dpf-enabling-ovnk-dpu-host-mode.adoc,networking/networking_operators/dpf_operator/dpf-worker-nodes-provisioning.adoc,networking,3,main;4.22;5.0,no
modules/nw-dpf-enabling-ovnk-resource-injector.adoc,networking/networking_operators/dpf_operator/dpf-worker-nodes-provisioning.adoc,networking,3,main;4.22;5.0,no
modules/nw-dpf-verifying-dpu-provisioning.adoc,networking/networking_operators/dpf_operator/dpf-worker-nodes-provisioning.adoc,networking,3,main;4.22;5.0,no
modules/nw-dpf-verifying-system-readiness.adoc,networking/networking_operators/dpf_operator/dpf-worker-nodes-provisioning.adoc,networking,3,main;4.22;5.0,no
modules/rosa-node-tuning-autonode.adoc,nodes/nodes/nodes-node-tuning-operator.adoc,nodes,3,main;4.22;5.0,no
modules/nodes-nodes-additional-crio-storage-about.adoc,nodes/nodes/nodes-nodes-additional-crio-storage.adoc,nodes,3,main;4.22;5.0,no
modules/nodes-nodes-additional-crio-storage-configuring.adoc,nodes/nodes/nodes-nodes-additional-crio-storage.adoc,nodes,3,main;4.22;5.0,no
modules/nodes-descheduler-rn-5-4-3.adoc,nodes/scheduling/descheduler/nodes-descheduler-release-notes.adoc,nodes,3,main;4.22;5.0,no
modules/nodes-descheduler-rn-5.4.0.adoc,nodes/scheduling/descheduler/nodes-descheduler-release-notes.adoc,nodes,3,main;4.22;5.0,no
modules/nodes-descheduler-rn-5.4.1.adoc,nodes/scheduling/descheduler/nodes-descheduler-release-notes.adoc,nodes,3,main;4.22;5.0,no
modules/nodes-descheduler-rn-5.4.2.adoc,nodes/scheduling/descheduler/nodes-descheduler-release-notes.adoc,nodes,3,main;4.22;5.0,no
modules/nodes-secondary-scheduler-rn-1.6.0.adoc,nodes/scheduling/secondary_scheduler/nodes-secondary-scheduler-release-notes.adoc,nodes,3,main;4.22;5.0,no
modules/images-configuration-registry-mirror-project-secret.adoc,openshift_images/image-configuration.adoc,openshift_images,3,main;4.22;5.0,no
modules/multi-arch-tuning-operator-release-notes-1-3-1.adoc,post_installation_configuration/configuring-multi-arch-compute-machines/multi-arch-tuning-operator-release-notes.adoc,post_installation_configuration,3,main;4.22;5.0,no
modules/multi-arch-tuning-operator-release-notes-1-3-2.adoc,post_installation_configuration/configuring-multi-arch-compute-machines/multi-arch-tuning-operator-release-notes.adoc,post_installation_configuration,3,main;4.22;5.0,no
modules/multi-arch-tuning-operator-release-notes-1-3-3.adoc,post_installation_configuration/configuring-multi-arch-compute-machines/multi-arch-tuning-operator-release-notes.adoc,post_installation_configuration,3,main;4.22;5.0,no
modules/multi-arch-tuning-operator-release-notes-1-3-4.adoc,post_installation_configuration/configuring-multi-arch-compute-machines/multi-arch-tuning-operator-release-notes.adoc,post_installation_configuration,3,main;4.22;5.0,no
modules/rn-ocp-about-this-release.adoc,release_notes/ocp-4-21-release-notes.adoc,release_notes,3,4.21;4.22;5.0,no
modules/rn-ocp-release-notes-deprecated-features.adoc,release_notes/ocp-4-21-release-notes.adoc,release_notes,3,4.21;4.22;5.0,no
modules/rn-ocp-release-notes-deprecated-removed-tables.adoc,release_notes/ocp-4-21-release-notes.adoc,release_notes,3,4.21;4.22;5.0,no
modules/rn-ocp-release-notes-new-features.adoc,release_notes/ocp-4-21-release-notes.adoc,release_notes,3,4.21;4.22;5.0,no
modules/rn-ocp-release-notes-notable-changes.adoc,release_notes/ocp-4-21-release-notes.adoc,release_notes,3,4.21;4.22;5.0,no
modules/rn-ocp-release-notes-removed-features.adoc,release_notes/ocp-4-21-release-notes.adoc,release_notes,3,4.21;4.22;5.0,no
modules/rn-ocp-release-notes-technology-preview.adoc,release_notes/ocp-4-21-release-notes.adoc,release_notes,3,4.21;4.22;5.0,no
modules/rn-ocp-about-this-release.adoc,release_notes/ocp-4-22-release-notes.adoc,release_notes,3,4.21;4.22;5.0,no
modules/rn-ocp-release-notes-deprecated-features.adoc,release_notes/ocp-4-22-release-notes.adoc,release_notes,3,4.21;4.22;5.0,no
modules/rn-ocp-release-notes-deprecated-removed-tables.adoc,release_notes/ocp-4-22-release-notes.adoc,release_notes,3,4.21;4.22;5.0,no
modules/rn-ocp-release-notes-new-features.adoc,release_notes/ocp-4-22-release-notes.adoc,release_notes,3,4.21;4.22;5.0,no
modules/rn-ocp-release-notes-notable-changes.adoc,release_notes/ocp-4-22-release-notes.adoc,release_notes,3,4.21;4.22;5.0,no
modules/rn-ocp-release-notes-removed-features.adoc,release_notes/ocp-4-22-release-notes.adoc,release_notes,3,4.21;4.22;5.0,no
modules/rn-ocp-release-notes-technology-preview.adoc,release_notes/ocp-4-22-release-notes.adoc,release_notes,3,4.21;4.22;5.0,no
modules/rn-ocp-about-this-release.adoc,release_notes/ocp-5-0-release-notes.adoc,release_notes,3,4.21;4.22;5.0,no
modules/rn-ocp-release-notes-deprecated-features.adoc,release_notes/ocp-5-0-release-notes.adoc,release_notes,3,4.21;4.22;5.0,no
modules/rn-ocp-release-notes-deprecated-removed-tables.adoc,release_notes/ocp-5-0-release-notes.adoc,release_notes,3,4.21;4.22;5.0,no
modules/rn-ocp-release-notes-new-features.adoc,release_notes/ocp-5-0-release-notes.adoc,release_notes,3,4.21;4.22;5.0,no
modules/rn-ocp-release-notes-notable-changes.adoc,release_notes/ocp-5-0-release-notes.adoc,release_notes,3,4.21;4.22;5.0,no
modules/rn-ocp-release-notes-removed-features.adoc,release_notes/ocp-5-0-release-notes.adoc,release_notes,3,4.21;4.22;5.0,no
modules/rn-ocp-release-notes-technology-preview.adoc,release_notes/ocp-5-0-release-notes.adoc,release_notes,3,4.21;4.22;5.0,no
modules/telco-core-deployment-components.adoc,scalability_and_performance/telco-core-rds.adoc,scalability_and_performance,3,main;4.22;5.0,no
modules/telco-ran-du-deployment-components.adoc,scalability_and_performance/telco-ran-du-rds.adoc,scalability_and_performance,3,main;4.22;5.0,no
modules/telco-ran-du-reference-configuration-crs.adoc,scalability_and_performance/telco-ran-du-rds.adoc,scalability_and_performance,3,main;4.22;5.0,no
modules/cert-manager-operator-release-notes-1-19-1.adoc,security/cert_manager_operator/cert-manager-operator-release-notes.adoc,security,3,4.20;4.21;4.22,no
modules/cert-manager-operator-release-notes-1-19-2.adoc,security/cert_manager_operator/cert-manager-operator-release-notes.adoc,security,3,4.20;4.21;4.22,no
modules/external-secrets-console-plugin-delete-certificates-secrets.adoc,security/external_secrets_management_console_plugin/external-secrets-console-plugin-delete.adoc,security,3,main;4.22;5.0,no
modules/external-secrets-console-plugin-install-web-console.adoc,security/external_secrets_management_console_plugin/external-secrets-console-plugin-install.adoc,security,3,main;4.22;5.0,no
modules/external-secrets-console-plugin-monitor-custom-resources.adoc,security/external_secrets_management_console_plugin/external-secrets-console-plugin-monitor.adoc,security,3,main;4.22;5.0,no
modules/external-secrets-console-plugin-release-notes-tp.adoc,security/external_secrets_management_console_plugin/external-secrets-console-plugin-release-notes.adoc,security,3,main;4.22;5.0,no
modules/external-secrets-console-plugin-uninstall-web-console.adoc,security/external_secrets_management_console_plugin/external-secrets-console-plugin-uninstall.adoc,security,3,main;4.22;5.0,no
modules/persistent-storage-csi-eusc.adoc,storage/container_storage_interface/persistent-storage-csi-ebs.adoc,storage,3,main;4.22;5.0,no
modules/support-log-gather-reduce-size.adoc,support/gathering-cluster-data.adoc,support,3,main;4.22;5.0,no
modules/proc_virt-installing-vcp-abi.adoc,vcp/vcp-installing-cluster.adoc,vcp,3,main;4.22;5.0,no
modules/proc_virt-installing-vcp-ipi.adoc,vcp/vcp-installing-cluster.adoc,vcp,3,main;4.22;5.0,no
modules/proc_virt-installing-vcp-ztp.adoc,vcp/vcp-installing-cluster.adoc,vcp,3,main;4.22;5.0,no
modules/con_virt-vcp-architecture.adoc,vcp/vcp-overview.adoc,vcp,3,main;4.22;5.0,no
modules/proc_virt-vcp-deployment-workflow.adoc,vcp/vcp-overview.adoc,vcp,3,main;4.22;5.0,no
modules/proc_virt-creating-vcp-vms.adoc,vcp/vcp-preparing-environment.adoc,vcp,3,main;4.22;5.0,no
modules/proc_virt-installing-kubevirt-redfish.adoc,vcp/vcp-preparing-environment.adoc,vcp,3,main;4.22;5.0,no
modules/con_virt-vcp-control-plane-vm-requirements.adoc,vcp/vcp-prerequisites.adoc,vcp,3,main;4.22;5.0,no
modules/con_virt-vcp-hosting-cluster-requirements.adoc,vcp/vcp-prerequisites.adoc,vcp,3,main;4.22;5.0,no
modules/con_virt-vcp-kubevirt-redfish-requirements.adoc,vcp/vcp-prerequisites.adoc,vcp,3,main;4.22;5.0,no
modules/con_virt-vcp-network-requirements.adoc,vcp/vcp-prerequisites.adoc,vcp,3,main;4.22;5.0,no
modules/con_virt-vcp-storage-requirements.adoc,vcp/vcp-prerequisites.adoc,vcp,3,main;4.22;5.0,no
modules/oadp-vmfr-access-methods.adoc,virt/backup_restore/virt-recovering-individual-files-from-vm-backups.adoc,virt,3,main;4.22;5.0,no
modules/oadp-vmfr-custom-resources.adoc,virt/backup_restore/virt-recovering-individual-files-from-vm-backups.adoc,virt,3,main;4.22;5.0,no
modules/oadp-vmfr-how-it-works.adoc,virt/backup_restore/virt-recovering-individual-files-from-vm-backups.adoc,virt,3,main;4.22;5.0,no
modules/oadp-vmfr-limitations.adoc,virt/backup_restore/virt-recovering-individual-files-from-vm-backups.adoc,virt,3,main;4.22;5.0,no
modules/oadp-vmfr-overview.adoc,virt/backup_restore/virt-recovering-individual-files-from-vm-backups.adoc,virt,3,main;4.22;5.0,no
modules/oadp-vmfr-phases.adoc,virt/backup_restore/virt-recovering-individual-files-from-vm-backups.adoc,virt,3,main;4.22;5.0,no
modules/oadp-vmfr-prerequisites.adoc,virt/backup_restore/virt-recovering-individual-files-from-vm-backups.adoc,virt,3,main;4.22;5.0,no
modules/oadp-vmfr-security.adoc,virt/backup_restore/virt-recovering-individual-files-from-vm-backups.adoc,virt,3,main;4.22;5.0,no
modules/oadp-vmfr-use-scenarios.adoc,virt/backup_restore/virt-recovering-individual-files-from-vm-backups.adoc,virt,3,main;4.22;5.0,no
modules/oadp-vmfr-accessing-files-ssh.adoc,virt/backup_restore/virt-using-vm-file-restore.adoc,virt,3,main;4.22;5.0,no
modules/oadp-vmfr-accessing-files-web.adoc,virt/backup_restore/virt-using-vm-file-restore.adoc,virt,3,main;4.22;5.0,no
modules/oadp-vmfr-creating-vmbd.adoc,virt/backup_restore/virt-using-vm-file-restore.adoc,virt,3,main;4.22;5.0,no
modules/oadp-vmfr-creating-vmfr.adoc,virt/backup_restore/virt-using-vm-file-restore.adoc,virt,3,main;4.22;5.0,no
modules/oadp-vmfr-deleting-vmfr.adoc,virt/backup_restore/virt-using-vm-file-restore.adoc,virt,3,main;4.22;5.0,no
modules/oadp-vmfr-enabling.adoc,virt/backup_restore/virt-using-vm-file-restore.adoc,virt,3,main;4.22;5.0,no
modules/virt-boot-source-images-namespace-cli.adoc,virt/creating_vm/virt-creating-vms-from-rh-images-overview.adoc,virt,3,main;4.22;5.0,no
modules/virt-boot-source-images-namespace-web.adoc,virt/creating_vm/virt-creating-vms-from-rh-images-overview.adoc,virt,3,main;4.22;5.0,no
modules/virt-about-vm-templates.adoc,virt/creating_vm/virt-creating-vms-from-templates.adoc,virt,3,main;4.22;5.0,no
modules/virt-choosing-vm-creation-method-web.adoc,virt/creating_vm/virt-creating-vms-web.adoc,virt,3,main;4.22;5.0,no
modules/virt-cloning-vm-wizard-web.adoc,virt/creating_vm/virt-creating-vms-web.adoc,virt,3,main;4.22;5.0,no
modules/virt-creating-vm-custom-configuration-web.adoc,virt/creating_vm/virt-creating-vms-web.adoc,virt,3,main;4.22;5.0,no
modules/virt-creating-vm-from-template-web.adoc,virt/creating_vm/virt-creating-vms-web.adoc,virt,3,main;4.22;5.0,no
modules/virt-vm-creation-considerations-web.adoc,virt/creating_vm/virt-creating-vms-web.adoc,virt,3,main;4.22;5.0,no
modules/con-about-specifying-cpu-architecture-datavolume-imports.adoc,virt/creating_vm/virt-import-dv-vms.adoc,virt,3,main;4.22;5.0,no
modules/con-datavolume-supported-import-sources.adoc,virt/creating_vm/virt-import-dv-vms.adoc,virt,3,main;4.22;5.0,no
modules/proc-importing-vm-image-from-container-registry.adoc,virt/creating_vm/virt-import-dv-vms.adoc,virt,3,main;4.22;5.0,no
modules/proc-importing-vm-image-from-http-source.adoc,virt/creating_vm/virt-import-dv-vms.adoc,virt,3,main;4.22;5.0,no
modules/proc-importing-vm-image-from-s3-object-storage.adoc,virt/creating_vm/virt-import-dv-vms.adoc,virt,3,main;4.22;5.0,no
modules/ref-datavolume-source-fields.adoc,virt/creating_vm/virt-import-dv-vms.adoc,virt,3,main;4.22;5.0,no
modules/ref-troubleshooting-datavolume-imports.adoc,virt/creating_vm/virt-import-dv-vms.adoc,virt,3,main;4.22;5.0,no
modules/virt-vm-migration-dual-stream.adoc,virt/live_migration/virt-about-live-migration.adoc,virt,3,main;4.22;5.0,no
modules/virt-configuring-pci-passthrough-ibm-z.adoc,virt/managing_vms/advanced_vm_management/virt-configuring-pci-passthrough.adoc,virt,3,main;4.22;5.0,no
modules/virt-configuring-pci-passthrough-ism-ibm-z.adoc,virt/managing_vms/advanced_vm_management/virt-configuring-pci-passthrough.adoc,virt,3,main;4.22;5.0,no
modules/virt-configuring-pci-passthrough-roce-ibm-z.adoc,virt/managing_vms/advanced_vm_management/virt-configuring-pci-passthrough.adoc,virt,3,main;4.22;5.0,no
modules/virt-configuring-virtual-machines-for-pci-passthrough.adoc,virt/managing_vms/advanced_vm_management/virt-configuring-pci-passthrough.adoc,virt,3,main;4.22;5.0,no
modules/virt-pci-passthrough-blocklist.adoc,virt/managing_vms/advanced_vm_management/virt-configuring-pci-passthrough.adoc,virt,3,main;4.22;5.0,no
modules/virt-preparing-nodes-for-gpu-passthrough.adoc,virt/managing_vms/advanced_vm_management/virt-configuring-pci-passthrough.adoc,virt,3,main;4.22;5.0,no
modules/virt-configuring-highburst-profile.adoc,virt/managing_vms/advanced_vm_management/virt-vm-control-plane-tuning.adoc,virt,3,4.20;4.21;4.22,no
modules/virt-creating-vm-quotas-web.adoc,virt/managing_vms/advanced_vm_management/virt-working-with-resource-quotas-for-vms.adoc,virt,3,main;4.22;5.0,no
modules/virt-managing-quota-details-web.adoc,virt/managing_vms/advanced_vm_management/virt-working-with-resource-quotas-for-vms.adoc,virt,3,main;4.22;5.0,no
modules/virt-managing-quotas-list-web.adoc,virt/managing_vms/advanced_vm_management/virt-working-with-resource-quotas-for-vms.adoc,virt,3,main;4.22;5.0,no
modules/virt-understanding-aaq-operator.adoc,virt/managing_vms/advanced_vm_management/virt-working-with-resource-quotas-for-vms.adoc,virt,3,main;4.22;5.0,no
modules/virt-adding-static-key-creating-vm-web.adoc,virt/managing_vms/ssh/virt-using-virtctl-ssh.adoc,virt,3,main;4.22;5.0,no
modules/virt-downloading-virtio-win-iso.adoc,virt/managing_vms/virt-install-virtio-drivers-on-windows-vms.adoc,virt,3,main;4.22;5.0,no
modules/virt-migrating-storage-permissions.adoc,virt/managing_vms/virt-migrating-vm-storage.adoc,virt,3,main;4.22;5.0,no
modules/virt-downloading-virtio-win-iso.adoc,virt/managing_vms/virt-update-virtio-drivers.adoc,virt,3,main;4.22;5.0,no
modules/virt-updating-virtio-drivers-guest-agent-windows.adoc,virt/managing_vms/virt-update-virtio-drivers.adoc,virt,3,main;4.22;5.0,no
modules/virt-enabling-persistentreservation-feature-gate-cli.adoc,virt/managing_vms/virtual_disks/virt-configuring-shared-volumes-for-vms.adoc,virt,3,4.20;4.21;4.22,no
modules/virt-enabling-persistentreservation-feature-gate-web.adoc,virt/managing_vms/virtual_disks/virt-configuring-shared-volumes-for-vms.adoc,virt,3,4.20;4.21;4.22,no
modules/virt-enabling-persistentreservation-feature-gate.adoc,virt/managing_vms/virtual_disks/virt-configuring-shared-volumes-for-vms.adoc,virt,3,4.20;4.21;4.22,no
modules/virt-migrating-storage-permissions.adoc,virt/managing_vms/virtual_disks/virt-migrating-storage-class.adoc,virt,3,main;4.22;5.0,no
modules/virt-node-memory-overcommit-dashboard.adoc,virt/monitoring/virt-prometheus-queries.adoc,virt,3,main;4.22;5.0,no
modules/virt-removing-wasp-agent.adoc,virt/post_installation_configuration/virt-configuring-higher-vm-workload-density.adoc,virt,3,4.20;4.21;4.22,no
modules/virt-using-wasp-agent-to-configure-higher-vm-workload-density.adoc,virt/post_installation_configuration/virt-configuring-higher-vm-workload-density.adoc,virt,3,4.20;4.21;4.22,no
modules/con_virt-about-kubevirt-redfish.adoc,virt/post_installation_configuration/virt-kubevirt-redfish.adoc,virt,3,main;4.22;5.0,no
modules/con_virt-kubevirt-redfish-architecture.adoc,virt/post_installation_configuration/virt-kubevirt-redfish.adoc,virt,3,main;4.22;5.0,no
modules/con_virt-kubevirt-redfish-vs-bmc.adoc,virt/post_installation_configuration/virt-kubevirt-redfish.adoc,virt,3,main;4.22;5.0,no
modules/proc_virt-installing-kubevirt-redfish.adoc,virt/post_installation_configuration/virt-kubevirt-redfish.adoc,virt,3,main;4.22;5.0,no
modules/ref_virt-kubevirt-redfish-api-endpoints.adoc,virt/post_installation_configuration/virt-kubevirt-redfish.adoc,virt,3,main;4.22;5.0,no
modules/virt-increasing-bootsource-disk-image-retention.adoc,virt/storage/virt-automatic-bootsource-updates.adoc,virt,3,main;4.22;5.0,no
modules/virt-about-architecture-defaults-heterogeneous-clusters.adoc,virt/storage/virt-boot-source-image-heterogeneous-clusters.adoc,virt,3,main;4.22;5.0,no
modules/virt-add-custom-boot-source-image-heterogeneous-cluster.adoc,virt/storage/virt-boot-source-image-heterogeneous-clusters.adoc,virt,3,main;4.22;5.0,no
modules/virt-architecture-field-standalone-vms.adoc,virt/storage/virt-boot-source-image-heterogeneous-clusters.adoc,virt,3,main;4.22;5.0,no
modules/virt-creating-dv-registry-heterogeneous-cluster.adoc,virt/storage/virt-boot-source-image-heterogeneous-clusters.adoc,virt,3,main;4.22;5.0,no
modules/virt-mod-boot-source-image-heterogeneous-clusters.adoc,virt/storage/virt-boot-source-image-heterogeneous-clusters.adoc,virt,3,main;4.22;5.0,no
modules/virt-live-updating-vm-nad-udn.adoc,virt/vm_networking/virt-hot-swap-vm-secondary-network.adoc,virt,3,main;4.22;5.0,no
modules/virt-vm-nw-hot-swap-limitations.adoc,virt/vm_networking/virt-hot-swap-vm-secondary-network.adoc,virt,3,main;4.22;5.0,no
modules/about-custom-component-routes-rosa-hcp.adoc,web_console/customizing-the-web-console.adoc,web_console,3,main;4.22;5.0,no
modules/configuring-custom-component-routes-rosa-hcp.adoc,web_console/customizing-the-web-console.adoc,web_console,3,main;4.22;5.0,no
modules/ai-app-mcp-server-install-deploy-server-from-mcp-catalog.adoc,ai_applications/mcp_server/mcp-server-overview.adoc,ai_applications,2,main;5.0,no
modules/ai-app-mcp-server-install-lifecycle-operator.adoc,ai_applications/mcp_server/mcp-server-overview.adoc,ai_applications,2,main;5.0,no
modules/odc-monitoring-your-project-metrics.adoc,applications/odc-monitoring-project-and-application-metrics-using-developer-perspective.adoc,applications,2,4.20;4.21,no
modules/red-hat-marketplace-features.adoc,applications/red-hat-marketplace.adoc,applications,2,4.20;4.21,no
modules/oadp-1-5-0-release-notes.adoc,backup_and_restore/application_backup_and_restore/release-notes/oadp-1-5-release-notes.adoc,backup_and_restore,2,4.20;4.21,no
modules/oadp-1-5-1-release-notes.adoc,backup_and_restore/application_backup_and_restore/release-notes/oadp-1-5-release-notes.adoc,backup_and_restore,2,4.20;4.21,no
modules/oadp-1-5-2-release-notes.adoc,backup_and_restore/application_backup_and_restore/release-notes/oadp-1-5-release-notes.adoc,backup_and_restore,2,4.20;4.21,no
modules/oadp-1-5-3-release-notes.adoc,backup_and_restore/application_backup_and_restore/release-notes/oadp-1-5-release-notes.adoc,backup_and_restore,2,4.20;4.21,no
modules/oadp-1-5-4-release-notes.adoc,backup_and_restore/application_backup_and_restore/release-notes/oadp-1-5-release-notes.adoc,backup_and_restore,2,4.20;4.21,no
modules/oadp-1-5-5-release-notes.adoc,backup_and_restore/application_backup_and_restore/release-notes/oadp-1-5-release-notes.adoc,backup_and_restore,2,4.20;4.21,no
modules/oadp-1-5-7-release-notes.adoc,backup_and_restore/application_backup_and_restore/release-notes/oadp-1-5-release-notes.adoc,backup_and_restore,2,4.20;4.21,no
modules/oadp-1-5-8-release-notes.adoc,backup_and_restore/application_backup_and_restore/release-notes/oadp-1-5-release-notes.adoc,backup_and_restore,2,4.20;4.21,no
modules/changes-from-oadp-1-4-to-1-5.adoc,backup_and_restore/application_backup_and_restore/release-notes/oadp-upgrade-notes-1-5.adoc,backup_and_restore,2,4.20;4.21,no
modules/converting-dpa-to-the-new-version-for-oadp-1-5-0.adoc,backup_and_restore/application_backup_and_restore/release-notes/oadp-upgrade-notes-1-5.adoc,backup_and_restore,2,4.20;4.21,no
modules/oadp-backing-up-dpa-configuration-1-5-0.adoc,backup_and_restore/application_backup_and_restore/release-notes/oadp-upgrade-notes-1-5.adoc,backup_and_restore,2,4.20;4.21,no
modules/oadp-upgrading-oadp-operator-1-5-0.adoc,backup_and_restore/application_backup_and_restore/release-notes/oadp-upgrade-notes-1-5.adoc,backup_and_restore,2,4.20;4.21,no
modules/oadp-verifying-upgrade-1-5-0.adoc,backup_and_restore/application_backup_and_restore/release-notes/oadp-upgrade-notes-1-5.adoc,backup_and_restore,2,4.20;4.21,no
modules/velero-obtaining-by-accessing-binary.adoc,backup_and_restore/application_backup_and_restore/troubleshooting/velero-cli-tool.adoc,backup_and_restore,2,4.20;4.21,no
modules/velero-obtaining-by-downloading.adoc,backup_and_restore/application_backup_and_restore/troubleshooting/velero-cli-tool.adoc,backup_and_restore,2,4.20;4.21,no
modules/cli-manager-initial-release.adoc,cli_reference/cli_manager/cli-manager-release-notes.adoc,cli_reference,2,4.20;4.21,no
modules/das-operator-deploying-workloads.adoc,hardware_accelerators/das-about-dynamic-accelerator-slicer-operator.adoc,hardware_accelerators,2,4.20;4.21,no
modules/das-operator-installing-cli.adoc,hardware_accelerators/das-about-dynamic-accelerator-slicer-operator.adoc,hardware_accelerators,2,4.20;4.21,no
modules/das-operator-installing-web-console.adoc,hardware_accelerators/das-about-dynamic-accelerator-slicer-operator.adoc,hardware_accelerators,2,4.20;4.21,no
modules/das-operator-installing.adoc,hardware_accelerators/das-about-dynamic-accelerator-slicer-operator.adoc,hardware_accelerators,2,4.20;4.21,no
modules/das-operator-troubleshooting.adoc,hardware_accelerators/das-about-dynamic-accelerator-slicer-operator.adoc,hardware_accelerators,2,4.20;4.21,no
modules/das-operator-uninstalling-cli.adoc,hardware_accelerators/das-about-dynamic-accelerator-slicer-operator.adoc,hardware_accelerators,2,4.20;4.21,no
modules/das-operator-uninstalling-web-console.adoc,hardware_accelerators/das-about-dynamic-accelerator-slicer-operator.adoc,hardware_accelerators,2,4.20;4.21,no
modules/das-operator-uninstalling.adoc,hardware_accelerators/das-about-dynamic-accelerator-slicer-operator.adoc,hardware_accelerators,2,4.20;4.21,no
modules/hcp-azure-autoscaling.adoc,hosted_control_planes/hcp-deploy/hcp-deploy-azure.adoc,hosted_control_planes,2,main;4.22,no
modules/hcp-azure-cluster-delete.adoc,hosted_control_planes/hcp-deploy/hcp-deploy-azure.adoc,hosted_control_planes,2,main;4.22,no
modules/hcp-azure-delete-private.adoc,hosted_control_planes/hcp-deploy/hcp-deploy-azure.adoc,hosted_control_planes,2,main;4.22,no
modules/hcp-azure-delete.adoc,hosted_control_planes/hcp-deploy/hcp-deploy-azure.adoc,hosted_control_planes,2,main;4.22,no
modules/hcp-azure-hosted.adoc,hosted_control_planes/hcp-deploy/hcp-deploy-azure.adoc,hosted_control_planes,2,main;4.22,no
modules/hcp-azure-infra-creds.adoc,hosted_control_planes/hcp-deploy/hcp-deploy-azure.adoc,hosted_control_planes,2,main;4.22,no
modules/hcp-azure-infra-delete.adoc,hosted_control_planes/hcp-deploy/hcp-deploy-azure.adoc,hosted_control_planes,2,main;4.22,no
modules/hcp-azure-infra.adoc,hosted_control_planes/hcp-deploy/hcp-deploy-azure.adoc,hosted_control_planes,2,main;4.22,no
modules/hcp-azure-mgmt-cluster.adoc,hosted_control_planes/hcp-deploy/hcp-deploy-azure.adoc,hosted_control_planes,2,main;4.22,no
modules/hcp-azure-oidc.adoc,hosted_control_planes/hcp-deploy/hcp-deploy-azure.adoc,hosted_control_planes,2,main;4.22,no
modules/hcp-azure-overview.adoc,hosted_control_planes/hcp-deploy/hcp-deploy-azure.adoc,hosted_control_planes,2,main;4.22,no
modules/hcp-azure-private-access.adoc,hosted_control_planes/hcp-deploy/hcp-deploy-azure.adoc,hosted_control_planes,2,main;4.22,no
modules/hcp-azure-private-hosted.adoc,hosted_control_planes/hcp-deploy/hcp-deploy-azure.adoc,hosted_control_planes,2,main;4.22,no
modules/hcp-azure-private-iam.adoc,hosted_control_planes/hcp-deploy/hcp-deploy-azure.adoc,hosted_control_planes,2,main;4.22,no
modules/hcp-azure-private-infra.adoc,hosted_control_planes/hcp-deploy/hcp-deploy-azure.adoc,hosted_control_planes,2,main;4.22,no
modules/hcp-azure-private-operator.adoc,hosted_control_planes/hcp-deploy/hcp-deploy-azure.adoc,hosted_control_planes,2,main;4.22,no
modules/hcp-azure-private-subnet.adoc,hosted_control_planes/hcp-deploy/hcp-deploy-azure.adoc,hosted_control_planes,2,main;4.22,no
modules/hcp-azure-private-ts.adoc,hosted_control_planes/hcp-deploy/hcp-deploy-azure.adoc,hosted_control_planes,2,main;4.22,no
modules/hcp-azure-private.adoc,hosted_control_planes/hcp-deploy/hcp-deploy-azure.adoc,hosted_control_planes,2,main;4.22,no
modules/hcp-azure-setup-resources.adoc,hosted_control_planes/hcp-deploy/hcp-deploy-azure.adoc,hosted_control_planes,2,main;4.22,no
modules/hcp-azure-workload-id-delete.adoc,hosted_control_planes/hcp-deploy/hcp-deploy-azure.adoc,hosted_control_planes,2,main;4.22,no
modules/hcp-azure-workload-id.adoc,hosted_control_planes/hcp-deploy/hcp-deploy-azure.adoc,hosted_control_planes,2,main;4.22,no
modules/hcp-aws-spot-instance-enable.adoc,hosted_control_planes/hcp-manage/hcp-manage-aws.adoc,hosted_control_planes,2,main;4.22,no
modules/hcp-aws-spot-instance.adoc,hosted_control_planes/hcp-manage/hcp-manage-aws.adoc,hosted_control_planes,2,main;4.22,no
modules/hcp-release-notes-notable-changes.adoc,hosted_control_planes/hcp-release-notes.adoc,hosted_control_planes,2,main;4.21,no
modules/hcp-backup-etcd-snapshot-reference.adoc,hosted_control_planes/hcp_high_availability/hcp-backup-etcd-snapshot.adoc,hosted_control_planes,2,main;4.22,no
modules/installation-gcp-dedicated-about.adoc,installing/installing_gcp/installing-gcp-dedicated.adoc,installing,2,main;4.22,no
modules/installation-gcp-dedicated-config-yaml.adoc,installing/installing_gcp/installing-gcp-dedicated.adoc,installing,2,main;4.22,no
modules/installation-gcp-dedicated-installing.adoc,installing/installing_gcp/installing-gcp-dedicated.adoc,installing,2,main;4.22,no
modules/installation-gcp-dedicated-limitations.adoc,installing/installing_gcp/installing-gcp-dedicated.adoc,installing,2,main;4.22,no
modules/installation-gcp-dedicated-manual-modes.adoc,installing/installing_gcp/installing-gcp-dedicated.adoc,installing,2,main;4.22,no
modules/installation-gcp-dedicated-preparing.adoc,installing/installing_gcp/installing-gcp-dedicated.adoc,installing,2,main;4.22,no
modules/prereqs-installing-gcp-dedicated.adoc,installing/installing_gcp/installing-gcp-dedicated.adoc,installing,2,main;4.22,no
modules/installation-deployment-manager-bootstrap.adoc,installing/installing_gcp/installing-gcp-user-infra-vpc.adoc,installing,2,4.20;4.21,no
modules/installation-deployment-manager-control-plane.adoc,installing/installing_gcp/installing-gcp-user-infra-vpc.adoc,installing,2,4.20;4.21,no
modules/installation-deployment-manager-ext-lb.adoc,installing/installing_gcp/installing-gcp-user-infra-vpc.adoc,installing,2,4.20;4.21,no
modules/installation-deployment-manager-firewall-rules.adoc,installing/installing_gcp/installing-gcp-user-infra-vpc.adoc,installing,2,4.20;4.21,no
modules/installation-deployment-manager-iam-shared-vpc.adoc,installing/installing_gcp/installing-gcp-user-infra-vpc.adoc,installing,2,4.20;4.21,no
modules/installation-deployment-manager-int-lb.adoc,installing/installing_gcp/installing-gcp-user-infra-vpc.adoc,installing,2,4.20;4.21,no
modules/installation-deployment-manager-private-dns.adoc,installing/installing_gcp/installing-gcp-user-infra-vpc.adoc,installing,2,4.20;4.21,no
modules/installation-deployment-manager-vpc.adoc,installing/installing_gcp/installing-gcp-user-infra-vpc.adoc,installing,2,4.20;4.21,no
modules/installation-deployment-manager-worker.adoc,installing/installing_gcp/installing-gcp-user-infra-vpc.adoc,installing,2,4.20;4.21,no
modules/installation-deployment-manager-bootstrap.adoc,installing/installing_gcp/installing-gcp-user-infra.adoc,installing,2,4.20;4.21,no
modules/installation-deployment-manager-control-plane.adoc,installing/installing_gcp/installing-gcp-user-infra.adoc,installing,2,4.20;4.21,no
modules/installation-deployment-manager-ext-lb.adoc,installing/installing_gcp/installing-gcp-user-infra.adoc,installing,2,4.20;4.21,no
modules/installation-deployment-manager-firewall-rules.adoc,installing/installing_gcp/installing-gcp-user-infra.adoc,installing,2,4.20;4.21,no
modules/installation-deployment-manager-iam-shared-vpc.adoc,installing/installing_gcp/installing-gcp-user-infra.adoc,installing,2,4.20;4.21,no
modules/installation-deployment-manager-int-lb.adoc,installing/installing_gcp/installing-gcp-user-infra.adoc,installing,2,4.20;4.21,no
modules/installation-deployment-manager-private-dns.adoc,installing/installing_gcp/installing-gcp-user-infra.adoc,installing,2,4.20;4.21,no
modules/installation-deployment-manager-vpc.adoc,installing/installing_gcp/installing-gcp-user-infra.adoc,installing,2,4.20;4.21,no
modules/installation-deployment-manager-worker.adoc,installing/installing_gcp/installing-gcp-user-infra.adoc,installing,2,4.20;4.21,no
modules/installation-deployment-manager-bootstrap.adoc,installing/installing_gcp/installing-restricted-networks-gcp.adoc,installing,2,4.20;4.21,no
modules/installation-deployment-manager-control-plane.adoc,installing/installing_gcp/installing-restricted-networks-gcp.adoc,installing,2,4.20;4.21,no
modules/installation-deployment-manager-ext-lb.adoc,installing/installing_gcp/installing-restricted-networks-gcp.adoc,installing,2,4.20;4.21,no
modules/installation-deployment-manager-firewall-rules.adoc,installing/installing_gcp/installing-restricted-networks-gcp.adoc,installing,2,4.20;4.21,no
modules/installation-deployment-manager-iam-shared-vpc.adoc,installing/installing_gcp/installing-restricted-networks-gcp.adoc,installing,2,4.20;4.21,no
modules/installation-deployment-manager-int-lb.adoc,installing/installing_gcp/installing-restricted-networks-gcp.adoc,installing,2,4.20;4.21,no
modules/installation-deployment-manager-private-dns.adoc,installing/installing_gcp/installing-restricted-networks-gcp.adoc,installing,2,4.20;4.21,no
modules/installation-deployment-manager-vpc.adoc,installing/installing_gcp/installing-restricted-networks-gcp.adoc,installing,2,4.20;4.21,no
modules/installation-deployment-manager-worker.adoc,installing/installing_gcp/installing-restricted-networks-gcp.adoc,installing,2,4.20;4.21,no
modules/fencing-credential-management.adoc,installing/installing_two_node_cluster/installing_tnf/install-post-tnf.adoc,installing,2,main;5.0,no
modules/troubleshooting-fencing-credential-updates.adoc,installing/installing_two_node_cluster/installing_tnf/install-post-tnf.adoc,installing,2,main;5.0,no
modules/updating-fencing-credentials-script.adoc,installing/installing_two_node_cluster/installing_tnf/install-post-tnf.adoc,installing,2,main;5.0,no
modules/installation-sample-install-config-two-node-fencing-ipi.adoc,installing/installing_two_node_cluster/installing_tnf/install-tnf.adoc,installing,2,4.20;4.21,no
modules/installation-sample-install-config-two-node-fencing-upi.adoc,installing/installing_two_node_cluster/installing_tnf/install-tnf.adoc,installing,2,4.20;4.21,no
modules/installation-two-node-ingress-lb-configuration.adoc,installing/installing_two_node_cluster/installing_tnf/installing-two-node-fencing.adoc,installing,2,4.20;4.21,no
modules/tnf-applying-custom-fencing-tuning.adoc,installing/installing_two_node_cluster/installing_tnf/tuning-fencing-parameters-tnf.adoc,installing,2,main;5.0,no
modules/tnf-applying-fencing-tuning-preset.adoc,installing/installing_two_node_cluster/installing_tnf/tuning-fencing-parameters-tnf.adoc,installing,2,main;5.0,no
modules/tnf-fencing-tuning-ceo-overwrite-matrix.adoc,installing/installing_two_node_cluster/installing_tnf/tuning-fencing-parameters-tnf.adoc,installing,2,main;5.0,no
modules/tnf-fencing-tuning-parameter-reference.adoc,installing/installing_two_node_cluster/installing_tnf/tuning-fencing-parameters-tnf.adoc,installing,2,main;5.0,no
modules/tnf-reverting-fencing-tuning.adoc,installing/installing_two_node_cluster/installing_tnf/tuning-fencing-parameters-tnf.adoc,installing,2,main;5.0,no
modules/tnf-tuning-fencing-parameters-overview.adoc,installing/installing_two_node_cluster/installing_tnf/tuning-fencing-parameters-tnf.adoc,installing,2,main;5.0,no
modules/ptp-dual-ports-bc.adoc,networking/advanced_networking/ptp/about-ptp.adoc,networking,2,main;5.0,no
modules/ptp-configuring-linuxptp-services-dual-port-bc.adoc,networking/advanced_networking/ptp/configuring-ptp.adoc,networking,2,main;5.0,no
modules/ptp-dual-port-bc-parameters-reference.adoc,networking/advanced_networking/ptp/configuring-ptp.adoc,networking,2,main;5.0,no
modules/ptp-verifying-dual-port-bc-failover.adoc,networking/advanced_networking/ptp/configuring-ptp.adoc,networking,2,main;5.0,no
modules/nw-ingress-aws-about-byo-security-groups.adoc,networking/ingress_load_balancing/configuring_ingress_cluster_traffic/configuring-ingress-cluster-traffic-aws.adoc,networking,2,main;5.0,no
modules/nw-ingress-aws-creating-service-byo-security-groups.adoc,networking/ingress_load_balancing/configuring_ingress_cluster_traffic/configuring-ingress-cluster-traffic-aws.adoc,networking,2,main;5.0,no
modules/nw-ingress-aws-reverting-management-byo-security-groups.adoc,networking/ingress_load_balancing/configuring_ingress_cluster_traffic/configuring-ingress-cluster-traffic-aws.adoc,networking,2,main;5.0,no
modules/nw-ingress-aws-switching-management-byo-security-groups.adoc,networking/ingress_load_balancing/configuring_ingress_cluster_traffic/configuring-ingress-cluster-traffic-aws.adoc,networking,2,main;5.0,no
modules/nw-ingress-aws-updating-service-byo-security-groups.adoc,networking/ingress_load_balancing/configuring_ingress_cluster_traffic/configuring-ingress-cluster-traffic-aws.adoc,networking,2,main;5.0,no
modules/nw-ingress-gateway-api-deployment-topologies.adoc,networking/ingress_load_balancing/configuring_ingress_cluster_traffic/ingress-gateway-api.adoc,networking,2,4.20;4.21,no
modules/nw-ingress-gateway-api-enable.adoc,networking/ingress_load_balancing/configuring_ingress_cluster_traffic/ingress-gateway-api.adoc,networking,2,4.20;4.21,no
modules/nw-ingress-gateway-api-implementation.adoc,networking/ingress_load_balancing/configuring_ingress_cluster_traffic/ingress-gateway-api.adoc,networking,2,4.20;4.21,no
modules/nw-ingress-gateway-api-overview.adoc,networking/ingress_load_balancing/configuring_ingress_cluster_traffic/ingress-gateway-api.adoc,networking,2,4.20;4.21,no
modules/nw-ingress-gateway-api-troubleshooting-degraded.adoc,networking/ingress_load_balancing/configuring_ingress_cluster_traffic/ingress-gateway-api.adoc,networking,2,4.20;4.21,no
modules/nw-about-haproxy-versions.adoc,networking/networking_operators/ingress-operator.adoc,networking,2,main;5.0,no
modules/nw-selecting-haproxy-version.adoc,networking/networking_operators/ingress-operator.adoc,networking,2,main;5.0,no
modules/nw-verifying-haproxy-version.adoc,networking/networking_operators/ingress-operator.adoc,networking,2,main;5.0,no
modules/nodes-nodes-additional-crio-storage-limitations.adoc,nodes/nodes/nodes-nodes-additional-crio-storage.adoc,nodes,2,main;5.0,no
modules/nodes-nodes-additional-crio-storage-troubleshooting.adoc,nodes/nodes/nodes-nodes-additional-crio-storage.adoc,nodes,2,main;5.0,no
modules/nodes-pods-allocate-dra-binding-conditions.adoc,nodes/pods/nodes-pods-allocate-dra.adoc,nodes,2,main;5.0,no
modules/nodes-pods-allocate-dra-taints.adoc,nodes/pods/nodes-pods-allocate-dra.adoc,nodes,2,main;5.0,no
modules/rodoo-rn-1-4-2.adoc,nodes/pods/run_once_duration_override/run-once-duration-override-release-notes.adoc,nodes,2,4.21;4.22,no
modules/nodes-descheduler-rn-5.3.0.adoc,nodes/scheduling/descheduler/nodes-descheduler-release-notes.adoc,nodes,2,4.20;4.21,no
modules/nodes-descheduler-rn-5.3.1.adoc,nodes/scheduling/descheduler/nodes-descheduler-release-notes.adoc,nodes,2,4.20;4.21,no
modules/nodes-descheduler-rn-5.3.2.adoc,nodes/scheduling/descheduler/nodes-descheduler-release-notes.adoc,nodes,2,4.20;4.21,no
modules/nodes-descheduler-rn-5.3.3.adoc,nodes/scheduling/descheduler/nodes-descheduler-release-notes.adoc,nodes,2,4.20;4.21,no
modules/nodes-descheduler-rn-5.3.4.adoc,nodes/scheduling/descheduler/nodes-descheduler-release-notes.adoc,nodes,2,4.20;4.21,no
modules/nodes-secondary-scheduler-rn-1-5-2.adoc,nodes/scheduling/secondary_scheduler/nodes-secondary-scheduler-release-notes.adoc,nodes,2,4.20;4.21,no
modules/nodes-secondary-scheduler-rn-1.5.0.adoc,nodes/scheduling/secondary_scheduler/nodes-secondary-scheduler-release-notes.adoc,nodes,2,4.20;4.21,no
modules/nodes-secondary-scheduler-rn-1.5.1.adoc,nodes/scheduling/secondary_scheduler/nodes-secondary-scheduler-release-notes.adoc,nodes,2,4.20;4.21,no
modules/rn-async-errata.adoc,release_notes/ocp-4-20-release-notes.adoc,release_notes,2,4.20;4.21,no
modules/rn-ocp-release-notes-add-on-support-status.adoc,release_notes/ocp-4-20-release-notes.adoc,release_notes,2,4.20;4.21,no
modules/rn-async-errata.adoc,release_notes/ocp-4-21-release-notes.adoc,release_notes,2,4.20;4.21,no
modules/rn-ocp-release-notes-add-on-support-status.adoc,release_notes/ocp-4-21-release-notes.adoc,release_notes,2,4.20;4.21,no
modules/rn-ocp-release-notes-async-errata-updates.adoc,release_notes/ocp-4-22-release-notes.adoc,release_notes,2,4.22;5.0,no
modules/rn-ocp-release-notes-async-errata-updates.adoc,release_notes/ocp-5-0-release-notes.adoc,release_notes,2,4.22;5.0,no
modules/cnf-configuring-ovs-dpdk-cpus.adoc,scalability_and_performance/cnf-reserving-cpus-for-ovs-dpdk.adoc,scalability_and_performance,2,main;5.0,no
modules/cnf-performance-profile-ovs-dpdk-reference.adoc,scalability_and_performance/cnf-reserving-cpus-for-ovs-dpdk.adoc,scalability_and_performance,2,main;5.0,no
modules/cnf-understanding-ovs-dpdk-cpu-isolation.adoc,scalability_and_performance/cnf-reserving-cpus-for-ovs-dpdk.adoc,scalability_and_performance,2,main;5.0,no
modules/cnf-updating-or-removing-ovs-dpdk-cpus.adoc,scalability_and_performance/cnf-reserving-cpus-for-ovs-dpdk.adoc,scalability_and_performance,2,main;5.0,no
modules/zero-trust-manager-release-notes-1-0-2.adoc,security/zero_trust_workload_identity_manager/zero-trust-manager-release-notes.adoc,security,2,4.20;4.21,no
modules/ossm-release-2-6-12.adoc,service_mesh/v2x/servicemesh-release-notes.adoc,service_mesh,2,main;4.20,no
modules/update-assessment-ai.adoc,updating/preparing_for_updates/updating-cluster-prepare.adoc,updating,2,main;5.0,no
modules/update-preparing-azure-vsphere-ack.adoc,updating/preparing_for_updates/updating-cluster-prepare.adoc,updating,2,4.22;5.0,no
modules/update-preparing-haproxy-version.adoc,updating/preparing_for_updates/updating-cluster-prepare.adoc,updating,2,main;5.0,no
modules/virt-about-role-aggregation.adoc,virt/about_virt/virt-security-policies.adoc,virt,2,main;5.0,no
modules/virt-configuring-role-aggregation-web.adoc,virt/about_virt/virt-security-policies.adoc,virt,2,main;5.0,no
modules/virt-deploy-confidential-computing-with-ccrv-ibm-z.adoc,virt/creating_vm/virt-configuring-ibm-secure-execution-vms-ibm-z.adoc,virt,2,main;5.0,no
modules/virt-uploading-ibm-secure-execution-bootable-image-ibm-z.adoc,virt/creating_vm/virt-configuring-ibm-secure-execution-vms-ibm-z.adoc,virt,2,main;5.0,no
modules/virt-common-instancetypes.adoc,virt/creating_vm/virt-creating-vms-from-instance-types.adoc,virt,2,4.20;4.21,no
modules/virt-creating-vm-instancetype.adoc,virt/creating_vm/virt-creating-vms-from-instance-types.adoc,virt,2,4.20;4.21,no
modules/virt-specifying-instance-preference.adoc,virt/creating_vm/virt-creating-vms-from-instance-types.adoc,virt,2,4.20;4.21,no
modules/virt-creating-vm-from-template.adoc,virt/creating_vm/virt-creating-vms-from-templates.adoc,virt,2,4.20;4.21,no
modules/virt-cloning-vm-web.adoc,virt/creating_vms_advanced/virt-cloning-vms.adoc,virt,2,4.20;4.21,no
modules/virt-creating-vm-from-snapshot-web.adoc,virt/creating_vms_advanced/virt-cloning-vms.adoc,virt,2,4.20;4.21,no
modules/virt-creating-vm-custom-image-web.adoc,virt/creating_vms_advanced/virt-creating-vms-by-cloning-pvcs.adoc,virt,2,4.20;4.21,no
modules/virt-creating-vm-custom-image-web.adoc,virt/creating_vms_advanced/virt-creating-vms-from-container-disks.adoc,virt,2,4.20;4.21,no
modules/virt-golden-images-namespace-cli.adoc,virt/creating_vms_advanced/virt-creating-vms-from-rh-images-overview.adoc,virt,2,4.20;4.21,no
modules/virt-golden-images-namespace-web.adoc,virt/creating_vms_advanced/virt-creating-vms-from-rh-images-overview.adoc,virt,2,4.20;4.21,no
modules/virt-creating-vm-custom-image-web.adoc,virt/creating_vms_advanced/virt-creating-vms-from-web-images.adoc,virt,2,4.20;4.21,no
modules/virt-creating-vm-uploaded-image-web.adoc,virt/creating_vms_advanced/virt-creating-vms-uploading-images.adoc,virt,2,4.20;4.21,no
modules/virt-add-custom-golden-image-heterogeneous-cluster.adoc,virt/creating_vms_advanced/virt-golden-image-heterogeneous-clusters.adoc,virt,2,4.20;4.21,no
modules/virt-mod-golden-image-heterogeneous-clusters.adoc,virt/creating_vms_advanced/virt-golden-image-heterogeneous-clusters.adoc,virt,2,4.20;4.21,no
modules/virt-setting-openshiftv-lm-feature-gates.adoc,virt/live_migration/virt-enabling-cclm-for-vms.adoc,virt,2,4.20;4.21,no
modules/virt-configuring-tune-rate-limit.adoc,virt/managing_vms/advanced_vm_management/virt-vm-control-plane-tuning.adoc,virt,2,main;5.0,no
modules/virt-adding-key-creating-vm-template.adoc,virt/managing_vms/ssh/virt-using-virtctl-ssh.adoc,virt,2,4.20;4.21,no
modules/virt-creating-vm-instancetype.adoc,virt/managing_vms/ssh/virt-using-virtctl-ssh.adoc,virt,2,4.20;4.21,no
modules/virt-migrating-storage-cancel-migration.adoc,virt/managing_vms/virt-migrating-vm-storage.adoc,virt,2,main;5.0,no
modules/virt-migrating-storage-delete-mig-plans.adoc,virt/managing_vms/virt-migrating-vm-storage.adoc,virt,2,main;5.0,no
modules/virt-migrating-storage-delete-old-volumes.adoc,virt/managing_vms/virt-migrating-vm-storage.adoc,virt,2,main;5.0,no
modules/virt-enabling-persistentreservation-cli.adoc,virt/managing_vms/virtual_disks/virt-configuring-shared-volumes-for-vms.adoc,virt,2,main;5.0,no
modules/virt-enabling-persistentreservation-web.adoc,virt/managing_vms/virtual_disks/virt-configuring-shared-volumes-for-vms.adoc,virt,2,main;5.0,no
modules/virt-enabling-persistentreservation.adoc,virt/managing_vms/virtual_disks/virt-configuring-shared-volumes-for-vms.adoc,virt,2,main;5.0,no
modules/virt-latency-checkup-web-console.adoc,virt/monitoring/virt-latency-checkups.adoc,virt,2,4.20;4.21,no
modules/virt-measuring-latency-vm-secondary-network.adoc,virt/monitoring/virt-latency-checkups.adoc,virt,2,4.20;4.21,no
modules/virt-about-pausing-guest-agent-ping-probes.adoc,virt/monitoring/virt-monitoring-vm-health.adoc,virt,2,main;5.0,no
modules/virt-pausing-guest-agent-ping-probes.adoc,virt/monitoring/virt-monitoring-vm-health.adoc,virt,2,main;5.0,no
modules/virt-latency-checkup-web-console.adoc,virt/monitoring/virt-running-cluster-checkups.adoc,virt,2,4.20;4.21,no
modules/virt-measuring-latency-vm-secondary-network.adoc,virt/monitoring/virt-running-cluster-checkups.adoc,virt,2,4.20;4.21,no
modules/virt-enabling-standalone-observability-controller.adoc,virt/monitoring/virt-standalone-observability-controller.adoc,virt,2,main;5.0,no
modules/virt-disabling-higher-vm-workload-density.adoc,virt/post_installation_configuration/virt-configuring-higher-vm-workload-density.adoc,virt,2,main;5.0,no
modules/virt-enabling-higher-vm-workload-density.adoc,virt/post_installation_configuration/virt-configuring-higher-vm-workload-density.adoc,virt,2,main;5.0,no
modules/virt-configuring-node-placement-ibm-z.adoc,virt/post_installation_configuration/virt-node-placement-virt-components.adoc,virt,2,main;5.0,no
modules/virt-about-platform-autopilot.adoc,virt/post_installation_configuration/virt-platform-autopilot.adoc,virt,2,main;5.0,no
modules/virt-customizing-opt-out-autopilot.adoc,virt/post_installation_configuration/virt-platform-autopilot.adoc,virt,2,main;5.0,no
modules/virt-field-masking-resource.adoc,virt/post_installation_configuration/virt-platform-autopilot.adoc,virt,2,main;5.0,no
modules/virt-json-patch-resources.adoc,virt/post_installation_configuration/virt-platform-autopilot.adoc,virt,2,main;5.0,no
modules/virt-resource-level-exclusions.adoc,virt/post_installation_configuration/virt-platform-autopilot.adoc,virt,2,main;5.0,no
modules/virt-unmanaged-autopilot-resources.adoc,virt/post_installation_configuration/virt-platform-autopilot.adoc,virt,2,main;5.0,no
modules/virt-about-capacity-planning-for-vm-failover.adoc,virt/post_installation_configuration/virt-vm-recovery-from-node-failures.adoc,virt,2,main;4.22,no
modules/virt-about-node-remediation-strategies.adoc,virt/post_installation_configuration/virt-vm-recovery-from-node-failures.adoc,virt,2,main;4.22,no
modules/virt-about-recommended-node-practices.adoc,virt/post_installation_configuration/virt-vm-recovery-from-node-failures.adoc,virt,2,main;4.22,no
modules/virt-configuring-node-health-checks-for-vms.adoc,virt/post_installation_configuration/virt-vm-recovery-from-node-failures.adoc,virt,2,main;4.22,no
modules/virt-snr-configuration-parameters.adoc,virt/post_installation_configuration/virt-vm-recovery-from-node-failures.adoc,virt,2,main;4.22,no
modules/virt-about-fusion-access-san.adoc,virt/storage/install-configure-fusion-access-san.adoc,virt,2,4.20;4.21,no
modules/virt-creating-filesystem-fusion-access-san.adoc,virt/storage/install-configure-fusion-access-san.adoc,virt,2,4.20;4.21,no
modules/virt-creating-fusionaccess-cr.adoc,virt/storage/install-configure-fusion-access-san.adoc,virt,2,4.20;4.21,no
modules/virt-creating-pull-secret-fusion-san.adoc,virt/storage/install-configure-fusion-access-san.adoc,virt,2,4.20;4.21,no
modules/virt-creating-storage-cluster-fusion-access-san.adoc,virt/storage/install-configure-fusion-access-san.adoc,virt,2,4.20;4.21,no
modules/virt-fusion-access-san-prereqs.adoc,virt/storage/install-configure-fusion-access-san.adoc,virt,2,4.20;4.21,no
modules/virt-fusion-access-san-release-updates.adoc,virt/storage/install-configure-fusion-access-san.adoc,virt,2,4.20;4.21,no
modules/virt-installing-fusion-access-operator.adoc,virt/storage/install-configure-fusion-access-san.adoc,virt,2,4.20;4.21,no
modules/virt-troubleshoot-fusion-access-san.adoc,virt/storage/install-configure-fusion-access-san.adoc,virt,2,4.20;4.21,no
modules/virt-hot-swapping-vm-secondary-network-web-console.adoc,virt/vm_networking/virt-hot-swap-vm-secondary-network.adoc,virt,2,main;5.0,no
modules/virt-viewing-vm-network-details.adoc,virt/vm_networking/virt-networking-overview.adoc,virt,2,main;5.0,no
modules/windows-containers-release-notes-10-22-0.adoc,windows_containers/wmco_rn/windows-containers-release-notes-past.adoc,windows_containers,2,4.22;5.0,no
modules/windows-containers-release-notes-10-22-0.adoc,windows_containers/wmco_rn/windows-containers-release-notes.adoc,windows_containers,2,4.22;5.0,no
modules/ai-app-mcp-server-install-helm.adoc,ai_applications/mcp_server/mcp-server-overview.adoc,ai_applications,1,4.22,no
modules/con_monitoring-capabilities-in-the-developer-perspective.adoc,applications/odc-monitoring-project-and-application-metrics-using-developer-perspective.adoc,applications,1,4.22,no
modules/manually-restoring-cluster-etcd-backup.adoc,backup_and_restore/control_plane_backup_and_restore/disaster_recovery/scenario-2-restoring-cluster-state.adoc,backup_and_restore,1,4.20,no
modules/ztp-filtering-ai-crs-using-siteconfig.adoc,edge_computing/ztp-advanced-install-ztp.adoc,edge_computing,1,4.20,no
modules/ztp-sno-accelerated-ztp.adoc,edge_computing/ztp-deploying-far-edge-sites.adoc,edge_computing,1,4.20,no
modules/ztp-sno-siteconfig-config-reference.adoc,edge_computing/ztp-deploying-far-edge-sites.adoc,edge_computing,1,4.20,no
modules/ztp-migrating-sno-clusterinstnce.adoc,edge_computing/ztp-migrate-clusterinstance.adoc,edge_computing,1,4.20,no
modules/ztp-sno-du-configuring-disk-encryption-with-pcr-protection.adoc,edge_computing/ztp-reference-cluster-configuration-for-vdu.adoc,edge_computing,1,4.20,no
modules/ztp-sno-du-disk-encryption.adoc,edge_computing/ztp-reference-cluster-configuration-for-vdu.adoc,edge_computing,1,4.20,no
modules/ztp-sno-du-enabling-workload-partitioning.adoc,edge_computing/ztp-reference-cluster-configuration-for-vdu.adoc,edge_computing,1,4.20,no
modules/manually-restoring-cluster-etcd-backup.adoc,etcd/etcd-backup-restore/etcd-disaster-recovery.adoc,etcd,1,4.20,no
modules/olmv1-supported-extensions.adoc,extensions/ce/managing-ce.adoc,extensions,1,4.20,no
modules/hcp-azure-automated-dr-restore.adoc,hosted_control_planes/hcp-deploy/hcp-deploy-azure.adoc,hosted_control_planes,1,main,no
modules/hcp-azure-automated-dr-setup.adoc,hosted_control_planes/hcp-deploy/hcp-deploy-azure.adoc,hosted_control_planes,1,main,no
modules/hcp-azure-automated-dr.adoc,hosted_control_planes/hcp-deploy/hcp-deploy-azure.adoc,hosted_control_planes,1,main,no
modules/hcp-azure-etcd-snapshot-restore.adoc,hosted_control_planes/hcp-deploy/hcp-deploy-azure.adoc,hosted_control_planes,1,main,no
modules/hcp-azure-etcd-snapshot-setup.adoc,hosted_control_planes/hcp-deploy/hcp-deploy-azure.adoc,hosted_control_planes,1,main,no
modules/hcp-azure-etcd-snapshot-ts.adoc,hosted_control_planes/hcp-deploy/hcp-deploy-azure.adoc,hosted_control_planes,1,main,no
modules/hcp-azure-etcd-snapshot.adoc,hosted_control_planes/hcp-deploy/hcp-deploy-azure.adoc,hosted_control_planes,1,main,no
modules/assisted-installer-using-the-assisted-installer.adoc,installing/installing_on_prem_assisted/installing-on-prem-assisted.adoc,installing,1,4.20,no
modules/ts-capi-migrate-unexpected-machine-counts-scaling.adoc,machine_management/cluster_api_machine_management/cluster-api-troubleshooting.adoc,machine_management,1,4.20,no
modules/migration-direct-volume-migration-and-direct-image-migration.adoc,migrating_from_ocp_3_to_4/about-mtc-3-4.adoc,migrating_from_ocp_3_to_4,1,4.20,no
modules/migration-mtc-workflow.adoc,migrating_from_ocp_3_to_4/about-mtc-3-4.adoc,migrating_from_ocp_3_to_4,1,4.20,no
modules/migration-terminology.adoc,migrating_from_ocp_3_to_4/about-mtc-3-4.adoc,migrating_from_ocp_3_to_4,1,4.20,no
modules/migration-understanding-data-copy-methods.adoc,migrating_from_ocp_3_to_4/about-mtc-3-4.adoc,migrating_from_ocp_3_to_4,1,4.20,no
modules/migration-about-configuring-proxies.adoc,migrating_from_ocp_3_to_4/advanced-migration-options-3-4.adoc,migrating_from_ocp_3_to_4,1,4.20,no
modules/migration-changing-migration-plan-limits.adoc,migrating_from_ocp_3_to_4/advanced-migration-options-3-4.adoc,migrating_from_ocp_3_to_4,1,4.20,no
modules/migration-configuring-proxies.adoc,migrating_from_ocp_3_to_4/advanced-migration-options-3-4.adoc,migrating_from_ocp_3_to_4,1,4.20,no
modules/migration-creating-registry-route-for-dim.adoc,migrating_from_ocp_3_to_4/advanced-migration-options-3-4.adoc,migrating_from_ocp_3_to_4,1,4.20,no
modules/migration-editing-pvs-in-migplan.adoc,migrating_from_ocp_3_to_4/advanced-migration-options-3-4.adoc,migrating_from_ocp_3_to_4,1,4.20,no
modules/migration-enabling-cached-kubernetes-clients.adoc,migrating_from_ocp_3_to_4/advanced-migration-options-3-4.adoc,migrating_from_ocp_3_to_4,1,4.20,no
modules/migration-enabling-pv-resizing-dvm.adoc,migrating_from_ocp_3_to_4/advanced-migration-options-3-4.adoc,migrating_from_ocp_3_to_4,1,4.20,no
modules/migration-excluding-pvcs.adoc,migrating_from_ocp_3_to_4/advanced-migration-options-3-4.adoc,migrating_from_ocp_3_to_4,1,4.20,no
modules/migration-excluding-resources.adoc,migrating_from_ocp_3_to_4/advanced-migration-options-3-4.adoc,migrating_from_ocp_3_to_4,1,4.20,no
modules/migration-hooks.adoc,migrating_from_ocp_3_to_4/advanced-migration-options-3-4.adoc,migrating_from_ocp_3_to_4,1,4.20,no
modules/migration-kubernetes-objects.adoc,migrating_from_ocp_3_to_4/advanced-migration-options-3-4.adoc,migrating_from_ocp_3_to_4,1,4.20,no
modules/migration-mapping-destination-namespaces-in-the-migplan-cr.adoc,migrating_from_ocp_3_to_4/advanced-migration-options-3-4.adoc,migrating_from_ocp_3_to_4,1,4.20,no
modules/migration-mapping-pvcs.adoc,migrating_from_ocp_3_to_4/advanced-migration-options-3-4.adoc,migrating_from_ocp_3_to_4,1,4.20,no
modules/migration-migrating-applications-api.adoc,migrating_from_ocp_3_to_4/advanced-migration-options-3-4.adoc,migrating_from_ocp_3_to_4,1,4.20,no
modules/migration-migrating-on-prem-to-cloud.adoc,migrating_from_ocp_3_to_4/advanced-migration-options-3-4.adoc,migrating_from_ocp_3_to_4,1,4.20,no
modules/migration-prerequisites.adoc,migrating_from_ocp_3_to_4/advanced-migration-options-3-4.adoc,migrating_from_ocp_3_to_4,1,4.20,no
modules/migration-state-migration-cli.adoc,migrating_from_ocp_3_to_4/advanced-migration-options-3-4.adoc,migrating_from_ocp_3_to_4,1,4.20,no
modules/migration-terminology.adoc,migrating_from_ocp_3_to_4/advanced-migration-options-3-4.adoc,migrating_from_ocp_3_to_4,1,4.20,no
modules/migration-writing-ansible-playbook-hook.adoc,migrating_from_ocp_3_to_4/advanced-migration-options-3-4.adoc,migrating_from_ocp_3_to_4,1,4.20,no
modules/migration-about-configuring-proxies.adoc,migrating_from_ocp_3_to_4/installing-3-4.adoc,migrating_from_ocp_3_to_4,1,4.20,no
modules/migration-compatibility-guidelines-3-to-4.adoc,migrating_from_ocp_3_to_4/installing-3-4.adoc,migrating_from_ocp_3_to_4,1,4.20,no
modules/migration-configuring-proxies.adoc,migrating_from_ocp_3_to_4/installing-3-4.adoc,migrating_from_ocp_3_to_4,1,4.20,no
modules/migration-installing-legacy-operator.adoc,migrating_from_ocp_3_to_4/installing-3-4.adoc,migrating_from_ocp_3_to_4,1,4.20,no
modules/migration-installing-mtc-on-ocp-4.adoc,migrating_from_ocp_3_to_4/installing-3-4.adoc,migrating_from_ocp_3_to_4,1,4.20,no
modules/migration-uninstalling-mtc-clean-up.adoc,migrating_from_ocp_3_to_4/installing-3-4.adoc,migrating_from_ocp_3_to_4,1,4.20,no
modules/migration-about-configuring-proxies.adoc,migrating_from_ocp_3_to_4/installing-restricted-3-4.adoc,migrating_from_ocp_3_to_4,1,4.20,no
modules/migration-compatibility-guidelines-3-to-4.adoc,migrating_from_ocp_3_to_4/installing-restricted-3-4.adoc,migrating_from_ocp_3_to_4,1,4.20,no
modules/migration-configuring-proxies.adoc,migrating_from_ocp_3_to_4/installing-restricted-3-4.adoc,migrating_from_ocp_3_to_4,1,4.20,no
modules/migration-installing-legacy-operator.adoc,migrating_from_ocp_3_to_4/installing-restricted-3-4.adoc,migrating_from_ocp_3_to_4,1,4.20,no
modules/migration-installing-mtc-on-ocp-4.adoc,migrating_from_ocp_3_to_4/installing-restricted-3-4.adoc,migrating_from_ocp_3_to_4,1,4.20,no
modules/migration-uninstalling-mtc-clean-up.adoc,migrating_from_ocp_3_to_4/installing-restricted-3-4.adoc,migrating_from_ocp_3_to_4,1,4.20,no
modules/migration-adding-cluster-to-cam.adoc,migrating_from_ocp_3_to_4/migrating-applications-3-4.adoc,migrating_from_ocp_3_to_4,1,4.20,no
modules/migration-adding-replication-repository-to-cam.adoc,migrating_from_ocp_3_to_4/migrating-applications-3-4.adoc,migrating_from_ocp_3_to_4,1,4.20,no
modules/migration-creating-migration-plan-cam.adoc,migrating_from_ocp_3_to_4/migrating-applications-3-4.adoc,migrating_from_ocp_3_to_4,1,4.20,no
modules/migration-launching-cam.adoc,migrating_from_ocp_3_to_4/migrating-applications-3-4.adoc,migrating_from_ocp_3_to_4,1,4.20,no
modules/migration-prerequisites.adoc,migrating_from_ocp_3_to_4/migrating-applications-3-4.adoc,migrating_from_ocp_3_to_4,1,4.20,no
modules/migration-running-migration-plan-cam.adoc,migrating_from_ocp_3_to_4/migrating-applications-3-4.adoc,migrating_from_ocp_3_to_4,1,4.20,no
modules/migration-about-mtc-custom-resources.adoc,migrating_from_ocp_3_to_4/troubleshooting-3-4.adoc,migrating_from_ocp_3_to_4,1,4.20,no
modules/migration-accessing-performance-metrics.adoc,migrating_from_ocp_3_to_4/troubleshooting-3-4.adoc,migrating_from_ocp_3_to_4,1,4.20,no
modules/migration-dvm-error-node-selectors.adoc,migrating_from_ocp_3_to_4/troubleshooting-3-4.adoc,migrating_from_ocp_3_to_4,1,4.20,no
modules/migration-error-messages.adoc,migrating_from_ocp_3_to_4/troubleshooting-3-4.adoc,migrating_from_ocp_3_to_4,1,4.20,no
modules/migration-known-issues.adoc,migrating_from_ocp_3_to_4/troubleshooting-3-4.adoc,migrating_from_ocp_3_to_4,1,4.20,no
modules/migration-mtc-cr-manifests.adoc,migrating_from_ocp_3_to_4/troubleshooting-3-4.adoc,migrating_from_ocp_3_to_4,1,4.20,no
modules/migration-mtc-workflow.adoc,migrating_from_ocp_3_to_4/troubleshooting-3-4.adoc,migrating_from_ocp_3_to_4,1,4.20,no
modules/migration-partial-failure-velero.adoc,migrating_from_ocp_3_to_4/troubleshooting-3-4.adoc,migrating_from_ocp_3_to_4,1,4.20,no
modules/migration-provided-metrics.adoc,migrating_from_ocp_3_to_4/troubleshooting-3-4.adoc,migrating_from_ocp_3_to_4,1,4.20,no
modules/migration-rolling-back-migration-cli.adoc,migrating_from_ocp_3_to_4/troubleshooting-3-4.adoc,migrating_from_ocp_3_to_4,1,4.20,no
modules/migration-rolling-back-migration-manually.adoc,migrating_from_ocp_3_to_4/troubleshooting-3-4.adoc,migrating_from_ocp_3_to_4,1,4.20,no
modules/migration-rolling-back-migration-web-console.adoc,migrating_from_ocp_3_to_4/troubleshooting-3-4.adoc,migrating_from_ocp_3_to_4,1,4.20,no
modules/migration-updating-deprecated-internal-images.adoc,migrating_from_ocp_3_to_4/troubleshooting-3-4.adoc,migrating_from_ocp_3_to_4,1,4.20,no
modules/migration-using-mig-log-reader.adoc,migrating_from_ocp_3_to_4/troubleshooting-3-4.adoc,migrating_from_ocp_3_to_4,1,4.20,no
modules/migration-using-mtc-crs-for-troubleshooting.adoc,migrating_from_ocp_3_to_4/troubleshooting-3-4.adoc,migrating_from_ocp_3_to_4,1,4.20,no
modules/migration-using-must-gather.adoc,migrating_from_ocp_3_to_4/troubleshooting-3-4.adoc,migrating_from_ocp_3_to_4,1,4.20,no
modules/migration-viewing-migration-plan-log.adoc,migrating_from_ocp_3_to_4/troubleshooting-3-4.adoc,migrating_from_ocp_3_to_4,1,4.20,no
modules/migration-viewing-migration-plan-resources.adoc,migrating_from_ocp_3_to_4/troubleshooting-3-4.adoc,migrating_from_ocp_3_to_4,1,4.20,no
modules/migration-upgrading-from-mtc-1-3.adoc,migrating_from_ocp_3_to_4/upgrading-3-4.adoc,migrating_from_ocp_3_to_4,1,4.20,no
modules/migration-upgrading-mtc-on-ocp-4.adoc,migrating_from_ocp_3_to_4/upgrading-3-4.adoc,migrating_from_ocp_3_to_4,1,4.20,no
modules/migration-upgrading-mtc-with-legacy-operator.adoc,migrating_from_ocp_3_to_4/upgrading-3-4.adoc,migrating_from_ocp_3_to_4,1,4.20,no
modules/migration-direct-volume-migration-and-direct-image-migration.adoc,migration_toolkit_for_containers/about-mtc.adoc,migration_toolkit_for_containers,1,4.20,no
modules/migration-mtc-support.adoc,migration_toolkit_for_containers/about-mtc.adoc,migration_toolkit_for_containers,1,4.20,no
modules/migration-mtc-workflow.adoc,migration_toolkit_for_containers/about-mtc.adoc,migration_toolkit_for_containers,1,4.20,no
modules/migration-terminology.adoc,migration_toolkit_for_containers/about-mtc.adoc,migration_toolkit_for_containers,1,4.20,no
modules/migration-understanding-data-copy-methods.adoc,migration_toolkit_for_containers/about-mtc.adoc,migration_toolkit_for_containers,1,4.20,no
modules/mtc-operator-supported.adoc,migration_toolkit_for_containers/about-mtc.adoc,migration_toolkit_for_containers,1,4.20,no
modules/migration-about-configuring-proxies.adoc,migration_toolkit_for_containers/advanced-migration-options-mtc.adoc,migration_toolkit_for_containers,1,4.20,no
modules/migration-changing-migration-plan-limits.adoc,migration_toolkit_for_containers/advanced-migration-options-mtc.adoc,migration_toolkit_for_containers,1,4.20,no
modules/migration-configuring-proxies.adoc,migration_toolkit_for_containers/advanced-migration-options-mtc.adoc,migration_toolkit_for_containers,1,4.20,no
modules/migration-converting-storage-classes.adoc,migration_toolkit_for_containers/advanced-migration-options-mtc.adoc,migration_toolkit_for_containers,1,4.20,no
modules/migration-creating-registry-route-for-dim.adoc,migration_toolkit_for_containers/advanced-migration-options-mtc.adoc,migration_toolkit_for_containers,1,4.20,no
modules/migration-editing-pvs-in-migplan.adoc,migration_toolkit_for_containers/advanced-migration-options-mtc.adoc,migration_toolkit_for_containers,1,4.20,no
modules/migration-enabling-cached-kubernetes-clients.adoc,migration_toolkit_for_containers/advanced-migration-options-mtc.adoc,migration_toolkit_for_containers,1,4.20,no
modules/migration-enabling-pv-resizing-dvm.adoc,migration_toolkit_for_containers/advanced-migration-options-mtc.adoc,migration_toolkit_for_containers,1,4.20,no
modules/migration-excluding-pvcs.adoc,migration_toolkit_for_containers/advanced-migration-options-mtc.adoc,migration_toolkit_for_containers,1,4.20,no
modules/migration-excluding-resources.adoc,migration_toolkit_for_containers/advanced-migration-options-mtc.adoc,migration_toolkit_for_containers,1,4.20,no
modules/migration-hooks.adoc,migration_toolkit_for_containers/advanced-migration-options-mtc.adoc,migration_toolkit_for_containers,1,4.20,no
modules/migration-kubernetes-objects.adoc,migration_toolkit_for_containers/advanced-migration-options-mtc.adoc,migration_toolkit_for_containers,1,4.20,no
modules/migration-mapping-destination-namespaces-in-the-migplan-cr.adoc,migration_toolkit_for_containers/advanced-migration-options-mtc.adoc,migration_toolkit_for_containers,1,4.20,no
modules/migration-mapping-pvcs.adoc,migration_toolkit_for_containers/advanced-migration-options-mtc.adoc,migration_toolkit_for_containers,1,4.20,no
modules/migration-migrating-applications-api.adoc,migration_toolkit_for_containers/advanced-migration-options-mtc.adoc,migration_toolkit_for_containers,1,4.20,no
modules/migration-prerequisites.adoc,migration_toolkit_for_containers/advanced-migration-options-mtc.adoc,migration_toolkit_for_containers,1,4.20,no
modules/migration-state-migration-cli.adoc,migration_toolkit_for_containers/advanced-migration-options-mtc.adoc,migration_toolkit_for_containers,1,4.20,no
modules/migration-terminology.adoc,migration_toolkit_for_containers/advanced-migration-options-mtc.adoc,migration_toolkit_for_containers,1,4.20,no
modules/migration-writing-ansible-playbook-hook.adoc,migration_toolkit_for_containers/advanced-migration-options-mtc.adoc,migration_toolkit_for_containers,1,4.20,no
modules/migration-about-configuring-proxies.adoc,migration_toolkit_for_containers/installing-mtc-restricted.adoc,migration_toolkit_for_containers,1,4.20,no
modules/migration-compatibility-guidelines.adoc,migration_toolkit_for_containers/installing-mtc-restricted.adoc,migration_toolkit_for_containers,1,4.20,no
modules/migration-configuring-proxies.adoc,migration_toolkit_for_containers/installing-mtc-restricted.adoc,migration_toolkit_for_containers,1,4.20,no
modules/migration-installing-legacy-operator.adoc,migration_toolkit_for_containers/installing-mtc-restricted.adoc,migration_toolkit_for_containers,1,4.20,no
modules/migration-installing-mtc-on-ocp-4.adoc,migration_toolkit_for_containers/installing-mtc-restricted.adoc,migration_toolkit_for_containers,1,4.20,no
modules/migration-rsync-mig-migration-root-non-root.adoc,migration_toolkit_for_containers/installing-mtc-restricted.adoc,migration_toolkit_for_containers,1,4.20,no
modules/migration-rsync-migration-controller-root-non-root.adoc,migration_toolkit_for_containers/installing-mtc-restricted.adoc,migration_toolkit_for_containers,1,4.20,no
modules/migration-uninstalling-mtc-clean-up.adoc,migration_toolkit_for_containers/installing-mtc-restricted.adoc,migration_toolkit_for_containers,1,4.20,no
modules/migration-about-configuring-proxies.adoc,migration_toolkit_for_containers/installing-mtc.adoc,migration_toolkit_for_containers,1,4.20,no
modules/migration-compatibility-guidelines.adoc,migration_toolkit_for_containers/installing-mtc.adoc,migration_toolkit_for_containers,1,4.20,no
modules/migration-configuring-proxies.adoc,migration_toolkit_for_containers/installing-mtc.adoc,migration_toolkit_for_containers,1,4.20,no
modules/migration-installing-legacy-operator.adoc,migration_toolkit_for_containers/installing-mtc.adoc,migration_toolkit_for_containers,1,4.20,no
modules/migration-installing-mtc-on-ocp-4.adoc,migration_toolkit_for_containers/installing-mtc.adoc,migration_toolkit_for_containers,1,4.20,no
modules/migration-rsync-mig-migration-root-non-root.adoc,migration_toolkit_for_containers/installing-mtc.adoc,migration_toolkit_for_containers,1,4.20,no
modules/migration-rsync-migration-controller-root-non-root.adoc,migration_toolkit_for_containers/installing-mtc.adoc,migration_toolkit_for_containers,1,4.20,no
modules/migration-uninstalling-mtc-clean-up.adoc,migration_toolkit_for_containers/installing-mtc.adoc,migration_toolkit_for_containers,1,4.20,no
modules/ocp-running-rsync-root-or-non-root.adoc,migration_toolkit_for_containers/installing-mtc.adoc,migration_toolkit_for_containers,1,4.20,no
modules/migration-adding-cluster-to-cam.adoc,migration_toolkit_for_containers/migrating-applications-with-mtc.adoc,migration_toolkit_for_containers,1,4.20,no
modules/migration-adding-replication-repository-to-cam.adoc,migration_toolkit_for_containers/migrating-applications-with-mtc.adoc,migration_toolkit_for_containers,1,4.20,no
modules/migration-creating-migration-plan-cam.adoc,migration_toolkit_for_containers/migrating-applications-with-mtc.adoc,migration_toolkit_for_containers,1,4.20,no
modules/migration-launching-cam.adoc,migration_toolkit_for_containers/migrating-applications-with-mtc.adoc,migration_toolkit_for_containers,1,4.20,no
modules/migration-prerequisites.adoc,migration_toolkit_for_containers/migrating-applications-with-mtc.adoc,migration_toolkit_for_containers,1,4.20,no
modules/migration-running-migration-plan-cam.adoc,migration_toolkit_for_containers/migrating-applications-with-mtc.adoc,migration_toolkit_for_containers,1,4.20,no
modules/configuring-resource-limits-on-rsync-pods.adoc,migration_toolkit_for_containers/mtc-direct-migration-requirements.adoc,migration_toolkit_for_containers,1,4.20,no
modules/configuring-retries-for-rsync.adoc,migration_toolkit_for_containers/mtc-direct-migration-requirements.adoc,migration_toolkit_for_containers,1,4.20,no
modules/configuring-rsync-for-direct-volume-migration.adoc,migration_toolkit_for_containers/mtc-direct-migration-requirements.adoc,migration_toolkit_for_containers,1,4.20,no
modules/configuring-supplemental-groups-for-rsync-pods.adoc,migration_toolkit_for_containers/mtc-direct-migration-requirements.adoc,migration_toolkit_for_containers,1,4.20,no
modules/migration-rsync-mig-migration-root-non-root.adoc,migration_toolkit_for_containers/mtc-direct-migration-requirements.adoc,migration_toolkit_for_containers,1,4.20,no
modules/migration-rsync-migration-controller-root-non-root.adoc,migration_toolkit_for_containers/mtc-direct-migration-requirements.adoc,migration_toolkit_for_containers,1,4.20,no
modules/mtc-mig-cluster-configuration.adoc,migration_toolkit_for_containers/mtc-direct-migration-requirements.adoc,migration_toolkit_for_containers,1,4.20,no
modules/ocp-running-rsync-root-or-non-root.adoc,migration_toolkit_for_containers/mtc-direct-migration-requirements.adoc,migration_toolkit_for_containers,1,4.20,no
modules/relabeling-selinux-workaround.adoc,migration_toolkit_for_containers/mtc-direct-migration-requirements.adoc,migration_toolkit_for_containers,1,4.20,no
modules/migration-creating-migration-plan-cam.adoc,migration_toolkit_for_containers/mtc-migrating-vms.adoc,migration_toolkit_for_containers,1,4.20,no
modules/mtc-deploying-a-vm.adoc,migration_toolkit_for_containers/mtc-migrating-vms.adoc,migration_toolkit_for_containers,1,4.20,no
modules/mtc-migrating-vms-known-issues.adoc,migration_toolkit_for_containers/mtc-migrating-vms.adoc,migration_toolkit_for_containers,1,4.20,no
modules/mtc-vm-creating-mig-plan-yaml.adoc,migration_toolkit_for_containers/mtc-migrating-vms.adoc,migration_toolkit_for_containers,1,4.20,no
modules/mtc-vm-storage-migration-process-works.adoc,migration_toolkit_for_containers/mtc-migrating-vms.adoc,migration_toolkit_for_containers,1,4.20,no
modules/migration-mtc-release-notes-1-5.adoc,migration_toolkit_for_containers/release_notes/mtc-release-notes-1-5.adoc,migration_toolkit_for_containers,1,4.20,no
modules/migration-mtc-release-notes-1-6.adoc,migration_toolkit_for_containers/release_notes/mtc-release-notes-1-6.adoc,migration_toolkit_for_containers,1,4.20,no
modules/migration-mtc-release-notes-1-7-01.adoc,migration_toolkit_for_containers/release_notes/mtc-release-notes-1-7.adoc,migration_toolkit_for_containers,1,4.20,no
modules/migration-mtc-release-notes-1-7-02.adoc,migration_toolkit_for_containers/release_notes/mtc-release-notes-1-7.adoc,migration_toolkit_for_containers,1,4.20,no
modules/migration-mtc-release-notes-1-7-03.adoc,migration_toolkit_for_containers/release_notes/mtc-release-notes-1-7.adoc,migration_toolkit_for_containers,1,4.20,no
modules/migration-mtc-release-notes-1-7-04.adoc,migration_toolkit_for_containers/release_notes/mtc-release-notes-1-7.adoc,migration_toolkit_for_containers,1,4.20,no
modules/migration-mtc-release-notes-1-7-05.adoc,migration_toolkit_for_containers/release_notes/mtc-release-notes-1-7.adoc,migration_toolkit_for_containers,1,4.20,no
modules/migration-mtc-release-notes-1-7-06.adoc,migration_toolkit_for_containers/release_notes/mtc-release-notes-1-7.adoc,migration_toolkit_for_containers,1,4.20,no
modules/migration-mtc-release-notes-1-7-07.adoc,migration_toolkit_for_containers/release_notes/mtc-release-notes-1-7.adoc,migration_toolkit_for_containers,1,4.20,no
modules/migration-mtc-release-notes-1-7-08.adoc,migration_toolkit_for_containers/release_notes/mtc-release-notes-1-7.adoc,migration_toolkit_for_containers,1,4.20,no
modules/migration-mtc-release-notes-1-7-09.adoc,migration_toolkit_for_containers/release_notes/mtc-release-notes-1-7.adoc,migration_toolkit_for_containers,1,4.20,no
modules/migration-mtc-release-notes-1-7-10.adoc,migration_toolkit_for_containers/release_notes/mtc-release-notes-1-7.adoc,migration_toolkit_for_containers,1,4.20,no
modules/migration-mtc-release-notes-1-7-11.adoc,migration_toolkit_for_containers/release_notes/mtc-release-notes-1-7.adoc,migration_toolkit_for_containers,1,4.20,no
modules/migration-mtc-release-notes-1-7-12.adoc,migration_toolkit_for_containers/release_notes/mtc-release-notes-1-7.adoc,migration_toolkit_for_containers,1,4.20,no
modules/migration-mtc-release-notes-1-7-13.adoc,migration_toolkit_for_containers/release_notes/mtc-release-notes-1-7.adoc,migration_toolkit_for_containers,1,4.20,no
modules/migration-mtc-release-notes-1-7-14.adoc,migration_toolkit_for_containers/release_notes/mtc-release-notes-1-7.adoc,migration_toolkit_for_containers,1,4.20,no
modules/migration-mtc-release-notes-1-7-15.adoc,migration_toolkit_for_containers/release_notes/mtc-release-notes-1-7.adoc,migration_toolkit_for_containers,1,4.20,no
modules/migration-mtc-release-notes-1-7-16.adoc,migration_toolkit_for_containers/release_notes/mtc-release-notes-1-7.adoc,migration_toolkit_for_containers,1,4.20,no
modules/migration-mtc-release-notes-1-7-17.adoc,migration_toolkit_for_containers/release_notes/mtc-release-notes-1-7.adoc,migration_toolkit_for_containers,1,4.20,no
modules/migration-mtc-release-notes-1-7.adoc,migration_toolkit_for_containers/release_notes/mtc-release-notes-1-7.adoc,migration_toolkit_for_containers,1,4.20,no
modules/migration-mtc-release-notes-1-8-1.adoc,migration_toolkit_for_containers/release_notes/mtc-release-notes.adoc,migration_toolkit_for_containers,1,4.20,no
modules/migration-mtc-release-notes-1-8-10.adoc,migration_toolkit_for_containers/release_notes/mtc-release-notes.adoc,migration_toolkit_for_containers,1,4.20,no
modules/migration-mtc-release-notes-1-8-11.adoc,migration_toolkit_for_containers/release_notes/mtc-release-notes.adoc,migration_toolkit_for_containers,1,4.20,no
modules/migration-mtc-release-notes-1-8-12.adoc,migration_toolkit_for_containers/release_notes/mtc-release-notes.adoc,migration_toolkit_for_containers,1,4.20,no
modules/migration-mtc-release-notes-1-8-13.adoc,migration_toolkit_for_containers/release_notes/mtc-release-notes.adoc,migration_toolkit_for_containers,1,4.20,no
modules/migration-mtc-release-notes-1-8-14.adoc,migration_toolkit_for_containers/release_notes/mtc-release-notes.adoc,migration_toolkit_for_containers,1,4.20,no
modules/migration-mtc-release-notes-1-8-15.adoc,migration_toolkit_for_containers/release_notes/mtc-release-notes.adoc,migration_toolkit_for_containers,1,4.20,no
modules/migration-mtc-release-notes-1-8-16.adoc,migration_toolkit_for_containers/release_notes/mtc-release-notes.adoc,migration_toolkit_for_containers,1,4.20,no
modules/migration-mtc-release-notes-1-8-2.adoc,migration_toolkit_for_containers/release_notes/mtc-release-notes.adoc,migration_toolkit_for_containers,1,4.20,no
modules/migration-mtc-release-notes-1-8-3.adoc,migration_toolkit_for_containers/release_notes/mtc-release-notes.adoc,migration_toolkit_for_containers,1,4.20,no
modules/migration-mtc-release-notes-1-8-4.adoc,migration_toolkit_for_containers/release_notes/mtc-release-notes.adoc,migration_toolkit_for_containers,1,4.20,no
modules/migration-mtc-release-notes-1-8-5.adoc,migration_toolkit_for_containers/release_notes/mtc-release-notes.adoc,migration_toolkit_for_containers,1,4.20,no
modules/migration-mtc-release-notes-1-8-6.adoc,migration_toolkit_for_containers/release_notes/mtc-release-notes.adoc,migration_toolkit_for_containers,1,4.20,no
modules/migration-mtc-release-notes-1-8-7.adoc,migration_toolkit_for_containers/release_notes/mtc-release-notes.adoc,migration_toolkit_for_containers,1,4.20,no
modules/migration-mtc-release-notes-1-8-8.adoc,migration_toolkit_for_containers/release_notes/mtc-release-notes.adoc,migration_toolkit_for_containers,1,4.20,no
modules/migration-mtc-release-notes-1-8-9.adoc,migration_toolkit_for_containers/release_notes/mtc-release-notes.adoc,migration_toolkit_for_containers,1,4.20,no
modules/migration-mtc-release-notes-1-8.adoc,migration_toolkit_for_containers/release_notes/mtc-release-notes.adoc,migration_toolkit_for_containers,1,4.20,no
modules/migration-about-mtc-custom-resources.adoc,migration_toolkit_for_containers/troubleshooting-mtc.adoc,migration_toolkit_for_containers,1,4.20,no
modules/migration-accessing-performance-metrics.adoc,migration_toolkit_for_containers/troubleshooting-mtc.adoc,migration_toolkit_for_containers,1,4.20,no
modules/migration-dvm-error-node-selectors.adoc,migration_toolkit_for_containers/troubleshooting-mtc.adoc,migration_toolkit_for_containers,1,4.20,no
modules/migration-error-messages.adoc,migration_toolkit_for_containers/troubleshooting-mtc.adoc,migration_toolkit_for_containers,1,4.20,no
modules/migration-mtc-cr-manifests.adoc,migration_toolkit_for_containers/troubleshooting-mtc.adoc,migration_toolkit_for_containers,1,4.20,no
modules/migration-mtc-workflow.adoc,migration_toolkit_for_containers/troubleshooting-mtc.adoc,migration_toolkit_for_containers,1,4.20,no
modules/migration-partial-failure-velero.adoc,migration_toolkit_for_containers/troubleshooting-mtc.adoc,migration_toolkit_for_containers,1,4.20,no
modules/migration-provided-metrics.adoc,migration_toolkit_for_containers/troubleshooting-mtc.adoc,migration_toolkit_for_containers,1,4.20,no
modules/migration-rolling-back-migration-cli.adoc,migration_toolkit_for_containers/troubleshooting-mtc.adoc,migration_toolkit_for_containers,1,4.20,no
modules/migration-rolling-back-migration-manually.adoc,migration_toolkit_for_containers/troubleshooting-mtc.adoc,migration_toolkit_for_containers,1,4.20,no
modules/migration-rolling-back-migration-web-console.adoc,migration_toolkit_for_containers/troubleshooting-mtc.adoc,migration_toolkit_for_containers,1,4.20,no
modules/migration-using-mig-log-reader.adoc,migration_toolkit_for_containers/troubleshooting-mtc.adoc,migration_toolkit_for_containers,1,4.20,no
modules/migration-using-mtc-crs-for-troubleshooting.adoc,migration_toolkit_for_containers/troubleshooting-mtc.adoc,migration_toolkit_for_containers,1,4.20,no
modules/migration-using-must-gather.adoc,migration_toolkit_for_containers/troubleshooting-mtc.adoc,migration_toolkit_for_containers,1,4.20,no
modules/migration-viewing-migration-plan-log.adoc,migration_toolkit_for_containers/troubleshooting-mtc.adoc,migration_toolkit_for_containers,1,4.20,no
modules/migration-viewing-migration-plan-resources.adoc,migration_toolkit_for_containers/troubleshooting-mtc.adoc,migration_toolkit_for_containers,1,4.20,no
modules/relabeling-selinux-workaround.adoc,migration_toolkit_for_containers/troubleshooting-mtc.adoc,migration_toolkit_for_containers,1,4.20,no
modules/migration-upgrading-from-mtc-1-3.adoc,migration_toolkit_for_containers/upgrading-mtc.adoc,migration_toolkit_for_containers,1,4.20,no
modules/migration-upgrading-mtc-on-ocp-4.adoc,migration_toolkit_for_containers/upgrading-mtc.adoc,migration_toolkit_for_containers,1,4.20,no
modules/migration-upgrading-mtc-with-legacy-operator.adoc,migration_toolkit_for_containers/upgrading-mtc.adoc,migration_toolkit_for_containers,1,4.20,no
modules/upgrading-mtc-1-8-0.adoc,migration_toolkit_for_containers/upgrading-mtc.adoc,migration_toolkit_for_containers,1,4.20,no
modules/upgrading-oadp10-to12-in-mtc.adoc,migration_toolkit_for_containers/upgrading-mtc.adoc,migration_toolkit_for_containers,1,4.20,no
modules/nw-metallb-ts-ovn-k-gateway-modes.adoc,networking/ingress_load_balancing/metallb/metallb-troubleshoot-support.adoc,networking,1,main,no
modules/nodes-sigstore-prepare-for-4.21.adoc,nodes/nodes-sigstore-using.adoc,nodes,1,4.20,no
modules/update-preparing-ack-sigstore.adoc,nodes/nodes-sigstore-using.adoc,nodes,1,4.20,no
modules/nodes-nodes-swap-memory.adoc,nodes/nodes/nodes-nodes-managing.adoc,nodes,1,4.20,no
modules/nodes-nodes-resources-configuring-auto.adoc,nodes/nodes/nodes-nodes-resources-configuring.adoc,nodes,1,4.20,no
modules/nodes-descheduler-rn-5.2.0.adoc,nodes/scheduling/descheduler/nodes-descheduler-release-notes.adoc,nodes,1,4.20,no
modules/nodes-descheduler-rn-5.2.1.adoc,nodes/scheduling/descheduler/nodes-descheduler-release-notes.adoc,nodes,1,4.20,no
modules/nodes-descheduler-rn-5.2.2.adoc,nodes/scheduling/descheduler/nodes-descheduler-release-notes.adoc,nodes,1,4.20,no
modules/nodes-descheduler-rn-5.2.3.adoc,nodes/scheduling/descheduler/nodes-descheduler-release-notes.adoc,nodes,1,4.20,no
modules/network-observability-operator-release-notes-1-12-technology-preview.adoc,observability/network_observability/network-observability-operator-release-notes.adoc,observability,1,5.0,no
modules/ocp-release-notes-technology-preview-tables.adoc,release_notes/ocp-4-20-release-notes.adoc,release_notes,1,4.20,no
modules/rn-ocp-release-deprecated-removed-features.adoc,release_notes/ocp-4-20-release-notes.adoc,release_notes,1,4.20,no
modules/rn-ocp-release-notable-technical-changes.adoc,release_notes/ocp-4-20-release-notes.adoc,release_notes,1,4.20,no
modules/rn-ocp-release-notes-about-this-release.adoc,release_notes/ocp-4-20-release-notes.adoc,release_notes,1,4.20,no
modules/rn-ocp-release-notes-new-features-and-enhancements.adoc,release_notes/ocp-4-20-release-notes.adoc,release_notes,1,4.20,no
modules/zstream-4-20-0.adoc,release_notes/ocp-4-20-release-notes.adoc,release_notes,1,4.20,no
modules/zstream-4-20-1.adoc,release_notes/ocp-4-20-release-notes.adoc,release_notes,1,4.20,no
modules/zstream-4-20-10.adoc,release_notes/ocp-4-20-release-notes.adoc,release_notes,1,4.20,no
modules/zstream-4-20-11.adoc,release_notes/ocp-4-20-release-notes.adoc,release_notes,1,4.20,no
modules/zstream-4-20-12.adoc,release_notes/ocp-4-20-release-notes.adoc,release_notes,1,4.20,no
modules/zstream-4-20-13.adoc,release_notes/ocp-4-20-release-notes.adoc,release_notes,1,4.20,no
modules/zstream-4-20-14.adoc,release_notes/ocp-4-20-release-notes.adoc,release_notes,1,4.20,no
modules/zstream-4-20-15.adoc,release_notes/ocp-4-20-release-notes.adoc,release_notes,1,4.20,no
modules/zstream-4-20-16.adoc,release_notes/ocp-4-20-release-notes.adoc,release_notes,1,4.20,no
modules/zstream-4-20-17.adoc,release_notes/ocp-4-20-release-notes.adoc,release_notes,1,4.20,no
modules/zstream-4-20-18.adoc,release_notes/ocp-4-20-release-notes.adoc,release_notes,1,4.20,no
modules/zstream-4-20-19.adoc,release_notes/ocp-4-20-release-notes.adoc,release_notes,1,4.20,no
modules/zstream-4-20-2.adoc,release_notes/ocp-4-20-release-notes.adoc,release_notes,1,4.20,no
modules/zstream-4-20-20.adoc,release_notes/ocp-4-20-release-notes.adoc,release_notes,1,4.20,no
modules/zstream-4-20-21.adoc,release_notes/ocp-4-20-release-notes.adoc,release_notes,1,4.20,no
modules/zstream-4-20-22.adoc,release_notes/ocp-4-20-release-notes.adoc,release_notes,1,4.20,no
modules/zstream-4-20-23.adoc,release_notes/ocp-4-20-release-notes.adoc,release_notes,1,4.20,no
modules/zstream-4-20-24.adoc,release_notes/ocp-4-20-release-notes.adoc,release_notes,1,4.20,no
modules/zstream-4-20-25.adoc,release_notes/ocp-4-20-release-notes.adoc,release_notes,1,4.20,no
modules/zstream-4-20-26.adoc,release_notes/ocp-4-20-release-notes.adoc,release_notes,1,4.20,no
modules/zstream-4-20-27.adoc,release_notes/ocp-4-20-release-notes.adoc,release_notes,1,4.20,no
modules/zstream-4-20-28.adoc,release_notes/ocp-4-20-release-notes.adoc,release_notes,1,4.20,no
modules/zstream-4-20-29.adoc,release_notes/ocp-4-20-release-notes.adoc,release_notes,1,4.20,no
modules/zstream-4-20-3.adoc,release_notes/ocp-4-20-release-notes.adoc,release_notes,1,4.20,no
modules/zstream-4-20-30.adoc,release_notes/ocp-4-20-release-notes.adoc,release_notes,1,4.20,no
modules/zstream-4-20-31.adoc,release_notes/ocp-4-20-release-notes.adoc,release_notes,1,4.20,no
modules/zstream-4-20-32.adoc,release_notes/ocp-4-20-release-notes.adoc,release_notes,1,4.20,no
modules/zstream-4-20-33.adoc,release_notes/ocp-4-20-release-notes.adoc,release_notes,1,4.20,no
modules/zstream-4-20-34.adoc,release_notes/ocp-4-20-release-notes.adoc,release_notes,1,4.20,no
modules/zstream-4-20-35.adoc,release_notes/ocp-4-20-release-notes.adoc,release_notes,1,4.20,no
modules/zstream-4-20-36.adoc,release_notes/ocp-4-20-release-notes.adoc,release_notes,1,4.20,no
modules/zstream-4-20-37.adoc,release_notes/ocp-4-20-release-notes.adoc,release_notes,1,4.20,no
modules/zstream-4-20-38.adoc,release_notes/ocp-4-20-release-notes.adoc,release_notes,1,4.20,no
modules/zstream-4-20-39.adoc,release_notes/ocp-4-20-release-notes.adoc,release_notes,1,4.20,no
modules/zstream-4-20-4.adoc,release_notes/ocp-4-20-release-notes.adoc,release_notes,1,4.20,no
modules/zstream-4-20-5.adoc,release_notes/ocp-4-20-release-notes.adoc,release_notes,1,4.20,no
modules/zstream-4-20-6.adoc,release_notes/ocp-4-20-release-notes.adoc,release_notes,1,4.20,no
modules/zstream-4-20-8.adoc,release_notes/ocp-4-20-release-notes.adoc,release_notes,1,4.20,no
modules/zstream-4-21-1.adoc,release_notes/ocp-4-21-release-notes.adoc,release_notes,1,4.21,no
modules/zstream-4-21-10.adoc,release_notes/ocp-4-21-release-notes.adoc,release_notes,1,4.21,no
modules/zstream-4-21-11.adoc,release_notes/ocp-4-21-release-notes.adoc,release_notes,1,4.21,no
modules/zstream-4-21-12.adoc,release_notes/ocp-4-21-release-notes.adoc,release_notes,1,4.21,no
modules/zstream-4-21-13.adoc,release_notes/ocp-4-21-release-notes.adoc,release_notes,1,4.21,no
modules/zstream-4-21-14.adoc,release_notes/ocp-4-21-release-notes.adoc,release_notes,1,4.21,no
modules/zstream-4-21-15.adoc,release_notes/ocp-4-21-release-notes.adoc,release_notes,1,4.21,no
modules/zstream-4-21-16.adoc,release_notes/ocp-4-21-release-notes.adoc,release_notes,1,4.21,no
modules/zstream-4-21-17.adoc,release_notes/ocp-4-21-release-notes.adoc,release_notes,1,4.21,no
modules/zstream-4-21-18.adoc,release_notes/ocp-4-21-release-notes.adoc,release_notes,1,4.21,no
modules/zstream-4-21-19.adoc,release_notes/ocp-4-21-release-notes.adoc,release_notes,1,4.21,no
modules/zstream-4-21-2.adoc,release_notes/ocp-4-21-release-notes.adoc,release_notes,1,4.21,no
modules/zstream-4-21-20.adoc,release_notes/ocp-4-21-release-notes.adoc,release_notes,1,4.21,no
modules/zstream-4-21-21.adoc,release_notes/ocp-4-21-release-notes.adoc,release_notes,1,4.21,no
modules/zstream-4-21-22.adoc,release_notes/ocp-4-21-release-notes.adoc,release_notes,1,4.21,no
modules/zstream-4-21-23.adoc,release_notes/ocp-4-21-release-notes.adoc,release_notes,1,4.21,no
modules/zstream-4-21-24.adoc,release_notes/ocp-4-21-release-notes.adoc,release_notes,1,4.21,no
modules/zstream-4-21-25.adoc,release_notes/ocp-4-21-release-notes.adoc,release_notes,1,4.21,no
modules/zstream-4-21-26.adoc,release_notes/ocp-4-21-release-notes.adoc,release_notes,1,4.21,no
modules/zstream-4-21-27.adoc,release_notes/ocp-4-21-release-notes.adoc,release_notes,1,4.21,no
modules/zstream-4-21-28.adoc,release_notes/ocp-4-21-release-notes.adoc,release_notes,1,4.21,no
modules/zstream-4-21-29.adoc,release_notes/ocp-4-21-release-notes.adoc,release_notes,1,4.21,no
modules/zstream-4-21-3.adoc,release_notes/ocp-4-21-release-notes.adoc,release_notes,1,4.21,no
modules/zstream-4-21-30.adoc,release_notes/ocp-4-21-release-notes.adoc,release_notes,1,4.21,no
modules/zstream-4-21-31.adoc,release_notes/ocp-4-21-release-notes.adoc,release_notes,1,4.21,no
modules/zstream-4-21-32.adoc,release_notes/ocp-4-21-release-notes.adoc,release_notes,1,4.21,no
modules/zstream-4-21-33.adoc,release_notes/ocp-4-21-release-notes.adoc,release_notes,1,4.21,no
modules/zstream-4-21-34.adoc,release_notes/ocp-4-21-release-notes.adoc,release_notes,1,4.21,no
modules/zstream-4-21-4.adoc,release_notes/ocp-4-21-release-notes.adoc,release_notes,1,4.21,no
modules/zstream-4-21-5.adoc,release_notes/ocp-4-21-release-notes.adoc,release_notes,1,4.21,no
modules/zstream-4-21-6.adoc,release_notes/ocp-4-21-release-notes.adoc,release_notes,1,4.21,no
modules/zstream-4-21-7.adoc,release_notes/ocp-4-21-release-notes.adoc,release_notes,1,4.21,no
modules/zstream-4-21-8.adoc,release_notes/ocp-4-21-release-notes.adoc,release_notes,1,4.21,no
modules/zstream-4-21-9.adoc,release_notes/ocp-4-21-release-notes.adoc,release_notes,1,4.21,no
modules/rn-ocp-4-22-add-on-support-status.adoc,release_notes/ocp-4-22-release-notes.adoc,release_notes,1,4.22,no
modules/zstream-4-22-1.adoc,release_notes/ocp-4-22-release-notes.adoc,release_notes,1,4.22,no
modules/zstream-4-22-10.adoc,release_notes/ocp-4-22-release-notes.adoc,release_notes,1,4.22,no
modules/zstream-4-22-11.adoc,release_notes/ocp-4-22-release-notes.adoc,release_notes,1,4.22,no
modules/zstream-4-22-12.adoc,release_notes/ocp-4-22-release-notes.adoc,release_notes,1,4.22,no
modules/zstream-4-22-13.adoc,release_notes/ocp-4-22-release-notes.adoc,release_notes,1,4.22,no
modules/zstream-4-22-14.adoc,release_notes/ocp-4-22-release-notes.adoc,release_notes,1,4.22,no
modules/zstream-4-22-15.adoc,release_notes/ocp-4-22-release-notes.adoc,release_notes,1,4.22,no
modules/zstream-4-22-2.adoc,release_notes/ocp-4-22-release-notes.adoc,release_notes,1,4.22,no
modules/zstream-4-22-3.adoc,release_notes/ocp-4-22-release-notes.adoc,release_notes,1,4.22,no
modules/zstream-4-22-4.adoc,release_notes/ocp-4-22-release-notes.adoc,release_notes,1,4.22,no
modules/zstream-4-22-5.adoc,release_notes/ocp-4-22-release-notes.adoc,release_notes,1,4.22,no
modules/zstream-4-22-6.adoc,release_notes/ocp-4-22-release-notes.adoc,release_notes,1,4.22,no
modules/zstream-4-22-7.adoc,release_notes/ocp-4-22-release-notes.adoc,release_notes,1,4.22,no
modules/zstream-4-22-8.adoc,release_notes/ocp-4-22-release-notes.adoc,release_notes,1,4.22,no
modules/zstream-4-22-9.adoc,release_notes/ocp-4-22-release-notes.adoc,release_notes,1,4.22,no
modules/rn-ocp-5-0-add-on-support-status.adoc,release_notes/ocp-5-0-release-notes.adoc,release_notes,1,5.0,no
modules/ossm-release-2-6-13.adoc,service_mesh/v2x/servicemesh-release-notes.adoc,service_mesh,1,main,no
modules/update-preparing-ack.adoc,updating/preparing_for_updates/updating-cluster-prepare.adoc,updating,1,4.20,no
modules/update-preparing-evaluate-alerts.adoc,updating/preparing_for_updates/updating-cluster-prepare.adoc,updating,1,4.20,no
modules/update-preparing-evaluate-apirequestcount-workloads.adoc,updating/preparing_for_updates/updating-cluster-prepare.adoc,updating,1,4.20,no
modules/update-preparing-evaluate-apirequestcount.adoc,updating/preparing_for_updates/updating-cluster-prepare.adoc,updating,1,4.20,no
modules/update-preparing-evaluate-cluster.adoc,updating/preparing_for_updates/updating-cluster-prepare.adoc,updating,1,4.20,no
modules/update-preparing-list.adoc,updating/preparing_for_updates/updating-cluster-prepare.adoc,updating,1,4.20,no
modules/update-preparing-migrate.adoc,updating/preparing_for_updates/updating-cluster-prepare.adoc,updating,1,4.20,no
modules/migrating-from-x86-to-arm-cp-azure.adoc,updating/updating_a_cluster/migrating-to-multi-payload.adoc,updating,1,4.20,no
modules/virt-installing-virtctl-rhel8-rpm.adoc,virt/getting_started/virt-using-the-cli-tools.adoc,virt,1,4.20,no
modules/virt-setting-mtv-lm-feature-gates.adoc,virt/live_migration/virt-enabling-cclm-for-vms.adoc,virt,1,4.20,no
modules/virt-how-virtual-gpus-assigned-nodes.adoc,virt/managing_vms/advanced_vm_management/virt-configuring-virtual-gpus.adoc,virt,1,4.20,no
modules/virt-options-configuring-mdevs.adoc,virt/managing_vms/advanced_vm_management/virt-configuring-virtual-gpus.adoc,virt,1,4.20,no
modules/virt-searching-vms-web.adoc,virt/managing_vms/virt-list-vms.adoc,virt,1,main,no
modules/virt-tools-tools-and-prompts-for-the-mcp-server-for-openshift.adoc,virt/managing_vms/virt-machine-management-with-the-mcp-server-for-openshift.adoc,virt,1,main,no
modules/virt-zstream-4-20-14.adoc,virt/release_notes/virt-4-20-release-notes.adoc,virt,1,4.20,no
modules/virt-zstream-4-21-1.adoc,virt/release_notes/virt-4-21-release-notes.adoc,virt,1,4.21,no
modules/virt-zstream-4-21-2.adoc,virt/release_notes/virt-4-21-release-notes.adoc,virt,1,4.21,no
modules/virt-zstream-4-22-2.adoc,virt/release_notes/virt-4-22-release-notes.adoc,virt,1,4.22,no
modules/virt-zstream-4-22-9.adoc,virt/release_notes/virt-4-22-release-notes.adoc,virt,1,4.22,no
modules/windows-containers-release-notes-10-20-0.adoc,windows_containers/wmco_rn/windows-containers-release-notes-past.adoc,windows_containers,1,4.20,no
modules/windows-containers-release-notes-10-21-0.adoc,windows_containers/wmco_rn/windows-containers-release-notes-past.adoc,windows_containers,1,4.21,no
modules/windows-containers-release-notes-10-21-1.adoc,windows_containers/wmco_rn/windows-containers-release-notes-past.adoc,windows_containers,1,4.21,no
modules/windows-containers-release-notes-10-20-1.adoc,windows_containers/wmco_rn/windows-containers-release-notes.adoc,windows_containers,1,4.20,no
modules/windows-containers-release-notes-10-21-2.adoc,windows_containers/wmco_rn/windows-containers-release-notes.adoc,windows_containers,1,4.21,no
modules/windows-containers-release-notes-10-22-1.adoc,windows_containers/wmco_rn/windows-containers-release-notes.adoc,windows_containers,1,4.22,no
