job_name,job_statement,parent_job,job_coverage,module_file,source_assembly,module_status,module_note,job_notes
Choose an installation method,"When my environment has no direct internet access, I need to understand disconnected installation concepts, registry mirroring, and content requirements so I can plan an air-gapped deployment.",,full,modules/installing-preparing-selecting-cluster-type-reference.adoc,installing/overview/installing-preparing.adoc,existing,leveloffset=+1; assembly context=installing-preparing,folds 1 source jobs: Plan a disconnected installation
Choose an installation method,"When my environment has no direct internet access, I need to understand disconnected installation concepts, registry mirroring, and content requirements so I can plan an air-gapped deployment.",,full,modules/installing-preparing-cluster-for-users-reference.adoc,installing/overview/installing-preparing.adoc,existing,leveloffset=+1; assembly context=installing-preparing,folds 1 source jobs: Plan a disconnected installation
Choose an installation method,"When my environment has no direct internet access, I need to understand disconnected installation concepts, registry mirroring, and content requirements so I can plan an air-gapped deployment.",,full,modules/installing-preparing-cluster-for-workloads-reference.adoc,installing/overview/installing-preparing.adoc,existing,leveloffset=+1; assembly context=installing-preparing,folds 1 source jobs: Plan a disconnected installation
Choose an installation method,"When my environment has no direct internet access, I need to understand disconnected installation concepts, registry mirroring, and content requirements so I can plan an air-gapped deployment.",,full,modules/installing-preparing-supported-installation-methods-reference.adoc,installing/overview/installing-preparing.adoc,existing,leveloffset=+1; assembly context=installing-preparing,folds 1 source jobs: Plan a disconnected installation
Prepare to install OpenShift,"When my environment has a firewall, I need to know which ports and endpoints OpenShift requires so I can create allow rules that enable installation and cluster operation.",,full,modules/configuring-firewall-module.adoc,installing/install_config/configuring-firewall.adoc,existing,leveloffset=+1; assembly context=configuring-firewall,folds 1 source jobs: Configure firewall rules for installation
Prepare to install OpenShift,"When my environment has a firewall, I need to know which ports and endpoints OpenShift requires so I can create allow rules that enable installation and cluster operation.",,full,modules/network-flow-matrix.adoc,installing/install_config/configuring-firewall.adoc,existing,leveloffset=+1; assembly context=configuring-firewall,folds 1 source jobs: Configure firewall rules for installation
Prepare to install OpenShift,"When my environment has a firewall, I need to know which ports and endpoints OpenShift requires so I can create allow rules that enable installation and cluster operation.",,full,modules/network-commatrix-plugin-intro.adoc,installing/install_config/configuring-firewall.adoc,existing,leveloffset=+1; assembly context=configuring-firewall,folds 1 source jobs: Configure firewall rules for installation
Prepare to install OpenShift,"When my environment has a firewall, I need to know which ports and endpoints OpenShift requires so I can create allow rules that enable installation and cluster operation.",,full,modules/network-commatrix-plugin-install.adoc,installing/install_config/configuring-firewall.adoc,existing,leveloffset=+1; assembly context=configuring-firewall,folds 1 source jobs: Configure firewall rules for installation
Prepare to install OpenShift,"When my environment has a firewall, I need to know which ports and endpoints OpenShift requires so I can create allow rules that enable installation and cluster operation.",,full,modules/network-commatrix-plugin-generate.adoc,installing/install_config/configuring-firewall.adoc,existing,leveloffset=+1; assembly context=configuring-firewall,folds 1 source jobs: Configure firewall rules for installation
Prepare to install OpenShift,"When my environment has a firewall, I need to know which ports and endpoints OpenShift requires so I can create allow rules that enable installation and cluster operation.",,full,modules/commatrix-restricting-ingress-traffic.adoc,installing/install_config/configuring-firewall.adoc,existing,leveloffset=+1; assembly context=configuring-firewall,folds 1 source jobs: Configure firewall rules for installation
Prepare to install OpenShift,"When my environment has a firewall, I need to know which ports and endpoints OpenShift requires so I can create allow rules that enable installation and cluster operation.",,full,modules/commatrix-generate-butane.adoc,installing/install_config/configuring-firewall.adoc,existing,leveloffset=+1; assembly context=configuring-firewall,folds 1 source jobs: Configure firewall rules for installation
Prepare to install OpenShift,"When my environment has a firewall, I need to know which ports and endpoints OpenShift requires so I can create allow rules that enable installation and cluster operation.",,full,modules/commatrix-revert-nftables.adoc,installing/install_config/configuring-firewall.adoc,existing,leveloffset=+1; assembly context=configuring-firewall,folds 1 source jobs: Configure firewall rules for installation
Prepare to install OpenShift,"When my environment has a firewall, I need to know which ports and endpoints OpenShift requires so I can create allow rules that enable installation and cluster operation.",,full,modules/commatrix-plugin-reference.adoc,installing/install_config/configuring-firewall.adoc,existing,leveloffset=+1; assembly context=configuring-firewall,folds 1 source jobs: Configure firewall rules for installation
Prepare to install on AWS,"When I want to deploy OpenShift on AWS, I need to understand AWS-specific requirements, IAM permissions, and networking prerequisites so the installation succeeds.",Prepare to install OpenShift,full,modules/installing-aws-ipi.adoc,installing/installing_aws/preparing-to-install-on-aws.adoc,existing,leveloffset=+1; assembly context=preparing-to-install-on-aws,folds 2 source jobs: Prepare to install on AWS; Configure an AWS account for installation
Prepare to install on AWS,"When I want to deploy OpenShift on AWS, I need to understand AWS-specific requirements, IAM permissions, and networking prerequisites so the installation succeeds.",Prepare to install OpenShift,full,modules/installing-aws-upi.adoc,installing/installing_aws/preparing-to-install-on-aws.adoc,existing,leveloffset=+1; assembly context=preparing-to-install-on-aws,folds 2 source jobs: Prepare to install on AWS; Configure an AWS account for installation
Prepare to install on AWS,"When I want to deploy OpenShift on AWS, I need to understand AWS-specific requirements, IAM permissions, and networking prerequisites so the installation succeeds.",Prepare to install OpenShift,full,modules/installing-aws-single-node.adoc,installing/installing_aws/preparing-to-install-on-aws.adoc,existing,leveloffset=+1; assembly context=preparing-to-install-on-aws,folds 2 source jobs: Prepare to install on AWS; Configure an AWS account for installation
Prepare to install on AWS,"When I want to deploy OpenShift on AWS, I need to understand AWS-specific requirements, IAM permissions, and networking prerequisites so the installation succeeds.",Prepare to install OpenShift,full,modules/installation-aws-route53.adoc,installing/installing_aws/installing-aws-account.adoc,existing,leveloffset=+1; assembly context=installing-aws-account,folds 2 source jobs: Prepare to install on AWS; Configure an AWS account for installation
Prepare to install on AWS,"When I want to deploy OpenShift on AWS, I need to understand AWS-specific requirements, IAM permissions, and networking prerequisites so the installation succeeds.",Prepare to install OpenShift,full,modules/nw-endpoint-route53.adoc,installing/installing_aws/installing-aws-account.adoc,existing,leveloffset=+2; assembly context=installing-aws-account,folds 2 source jobs: Prepare to install on AWS; Configure an AWS account for installation
Prepare to install on AWS,"When I want to deploy OpenShift on AWS, I need to understand AWS-specific requirements, IAM permissions, and networking prerequisites so the installation succeeds.",Prepare to install OpenShift,full,modules/installation-aws-limits.adoc,installing/installing_aws/installing-aws-account.adoc,existing,leveloffset=+1; assembly context=installing-aws-account,folds 2 source jobs: Prepare to install on AWS; Configure an AWS account for installation
Prepare to install on AWS,"When I want to deploy OpenShift on AWS, I need to understand AWS-specific requirements, IAM permissions, and networking prerequisites so the installation succeeds.",Prepare to install OpenShift,full,modules/installation-aws-permissions.adoc,installing/installing_aws/installing-aws-account.adoc,existing,leveloffset=+1; assembly context=installing-aws-account,folds 2 source jobs: Prepare to install on AWS; Configure an AWS account for installation
Prepare to install on AWS,"When I want to deploy OpenShift on AWS, I need to understand AWS-specific requirements, IAM permissions, and networking prerequisites so the installation succeeds.",Prepare to install OpenShift,full,modules/installation-aws-iam-user.adoc,installing/installing_aws/installing-aws-account.adoc,existing,leveloffset=+1; assembly context=installing-aws-account,folds 2 source jobs: Prepare to install on AWS; Configure an AWS account for installation
Prepare to install on AWS,"When I want to deploy OpenShift on AWS, I need to understand AWS-specific requirements, IAM permissions, and networking prerequisites so the installation succeeds.",Prepare to install OpenShift,full,modules/installation-aws-iam-policies-about.adoc,installing/installing_aws/installing-aws-account.adoc,existing,leveloffset=+1; assembly context=installing-aws-account,folds 2 source jobs: Prepare to install on AWS; Configure an AWS account for installation
Prepare to install on AWS,"When I want to deploy OpenShift on AWS, I need to understand AWS-specific requirements, IAM permissions, and networking prerequisites so the installation succeeds.",Prepare to install OpenShift,full,modules/installation-aws-permissions-iam-roles.adoc,installing/installing_aws/installing-aws-account.adoc,existing,leveloffset=+2; assembly context=installing-aws-account,folds 2 source jobs: Prepare to install on AWS; Configure an AWS account for installation
Prepare to install on AWS,"When I want to deploy OpenShift on AWS, I need to understand AWS-specific requirements, IAM permissions, and networking prerequisites so the installation succeeds.",Prepare to install OpenShift,full,modules/installation-aws-add-iam-roles.adoc,installing/installing_aws/installing-aws-account.adoc,existing,leveloffset=+2; assembly context=installing-aws-account,folds 2 source jobs: Prepare to install on AWS; Configure an AWS account for installation
Prepare to install on AWS,"When I want to deploy OpenShift on AWS, I need to understand AWS-specific requirements, IAM permissions, and networking prerequisites so the installation succeeds.",Prepare to install OpenShift,full,modules/installation-aws-access-analyzer.adoc,installing/installing_aws/installing-aws-account.adoc,existing,leveloffset=+2; assembly context=installing-aws-account,folds 2 source jobs: Prepare to install on AWS; Configure an AWS account for installation
Prepare to install on AWS,"When I want to deploy OpenShift on AWS, I need to understand AWS-specific requirements, IAM permissions, and networking prerequisites so the installation succeeds.",Prepare to install OpenShift,full,modules/installation-aws-marketplace.adoc,installing/installing_aws/installing-aws-account.adoc,existing,leveloffset=+1; assembly context=installing-aws-account,folds 2 source jobs: Prepare to install on AWS; Configure an AWS account for installation
Prepare to install on AWS,"When I want to deploy OpenShift on AWS, I need to understand AWS-specific requirements, IAM permissions, and networking prerequisites so the installation succeeds.",Prepare to install OpenShift,full,modules/installation-aws-regions.adoc,installing/installing_aws/installing-aws-account.adoc,existing,leveloffset=+1; assembly context=installing-aws-account,folds 2 source jobs: Prepare to install on AWS; Configure an AWS account for installation
Prepare to install on Azure,"When I want to deploy OpenShift on Microsoft Azure, I need to understand Azure-specific requirements, service principal permissions, and networking prerequisites so the installation succeeds.",Prepare to install OpenShift,full,modules/installation-azure-limits.adoc,installing/installing_azure/installing-azure-account.adoc,existing,leveloffset=+1; assembly context=installing-azure-account,folds 2 source jobs: Prepare to install on Azure; Configure an Azure account for installation
Prepare to install on Azure,"When I want to deploy OpenShift on Microsoft Azure, I need to understand Azure-specific requirements, service principal permissions, and networking prerequisites so the installation succeeds.",Prepare to install OpenShift,full,modules/installation-azure-network-config.adoc,installing/installing_azure/installing-azure-account.adoc,existing,leveloffset=+1; assembly context=installing-azure-account,folds 2 source jobs: Prepare to install on Azure; Configure an Azure account for installation
Prepare to install on Azure,"When I want to deploy OpenShift on Microsoft Azure, I need to understand Azure-specific requirements, service principal permissions, and networking prerequisites so the installation succeeds.",Prepare to install OpenShift,full,modules/installation-azure-subscription-tenant-id.adoc,installing/installing_azure/installing-azure-account.adoc,existing,leveloffset=+1; assembly context=installing-azure-account,folds 2 source jobs: Prepare to install on Azure; Configure an Azure account for installation
Prepare to install on Azure,"When I want to deploy OpenShift on Microsoft Azure, I need to understand Azure-specific requirements, service principal permissions, and networking prerequisites so the installation succeeds.",Prepare to install OpenShift,full,modules/installation-azure-identities.adoc,installing/installing_azure/installing-azure-account.adoc,existing,leveloffset=+1; assembly context=installing-azure-account,folds 2 source jobs: Prepare to install on Azure; Configure an Azure account for installation
Prepare to install on Azure,"When I want to deploy OpenShift on Microsoft Azure, I need to understand Azure-specific requirements, service principal permissions, and networking prerequisites so the installation succeeds.",Prepare to install OpenShift,full,modules/installation-azure-permissions.adoc,installing/installing_azure/installing-azure-account.adoc,existing,leveloffset=+2; assembly context=installing-azure-account,folds 2 source jobs: Prepare to install on Azure; Configure an Azure account for installation
Prepare to install on Azure,"When I want to deploy OpenShift on Microsoft Azure, I need to understand Azure-specific requirements, service principal permissions, and networking prerequisites so the installation succeeds.",Prepare to install OpenShift,full,modules/minimum-required-permissions-ipi-azure.adoc,installing/installing_azure/installing-azure-account.adoc,existing,leveloffset=+3; assembly context=installing-azure-account,folds 2 source jobs: Prepare to install on Azure; Configure an Azure account for installation
Prepare to install on Azure,"When I want to deploy OpenShift on Microsoft Azure, I need to understand Azure-specific requirements, service principal permissions, and networking prerequisites so the installation succeeds.",Prepare to install OpenShift,full,modules/installation-using-azure-managed-identities.adoc,installing/installing_azure/installing-azure-account.adoc,existing,leveloffset=+2; assembly context=installing-azure-account,folds 2 source jobs: Prepare to install on Azure; Configure an Azure account for installation
Prepare to install on Azure,"When I want to deploy OpenShift on Microsoft Azure, I need to understand Azure-specific requirements, service principal permissions, and networking prerequisites so the installation succeeds.",Prepare to install OpenShift,full,modules/installation-creating-azure-service-principal.adoc,installing/installing_azure/installing-azure-account.adoc,existing,leveloffset=+2; assembly context=installing-azure-account,folds 2 source jobs: Prepare to install on Azure; Configure an Azure account for installation
Prepare to install on Azure,"When I want to deploy OpenShift on Microsoft Azure, I need to understand Azure-specific requirements, service principal permissions, and networking prerequisites so the installation succeeds.",Prepare to install OpenShift,full,modules/installation-azure-marketplace.adoc,installing/installing_azure/installing-azure-account.adoc,existing,leveloffset=+1; assembly context=installing-azure-account,folds 2 source jobs: Prepare to install on Azure; Configure an Azure account for installation
Prepare to install on Azure,"When I want to deploy OpenShift on Microsoft Azure, I need to understand Azure-specific requirements, service principal permissions, and networking prerequisites so the installation succeeds.",Prepare to install OpenShift,full,modules/installation-azure-regions.adoc,installing/installing_azure/installing-azure-account.adoc,existing,leveloffset=+1; assembly context=installing-azure-account,folds 2 source jobs: Prepare to install on Azure; Configure an Azure account for installation
Prepare to install on Azure Stack Hub,"When I want to deploy on Azure Stack Hub, I need to understand ASH-specific requirements.",Prepare to install OpenShift,full,modules/installation-azure-limits.adoc,installing/installing_azure_stack_hub/installing-azure-stack-hub-account.adoc,existing,leveloffset=+1; assembly context=installing-azure-stack-hub-account,folds 1 source jobs: Prepare to install on Azure Stack Hub
Prepare to install on Azure Stack Hub,"When I want to deploy on Azure Stack Hub, I need to understand ASH-specific requirements.",Prepare to install OpenShift,full,modules/installation-azure-stack-hub-network-config.adoc,installing/installing_azure_stack_hub/installing-azure-stack-hub-account.adoc,existing,leveloffset=+1; assembly context=installing-azure-stack-hub-account,folds 1 source jobs: Prepare to install on Azure Stack Hub
Prepare to install on Azure Stack Hub,"When I want to deploy on Azure Stack Hub, I need to understand ASH-specific requirements.",Prepare to install OpenShift,full,modules/installation-azure-stack-hub-permissions.adoc,installing/installing_azure_stack_hub/installing-azure-stack-hub-account.adoc,existing,leveloffset=+1; assembly context=installing-azure-stack-hub-account,folds 1 source jobs: Prepare to install on Azure Stack Hub
Prepare to install on Azure Stack Hub,"When I want to deploy on Azure Stack Hub, I need to understand ASH-specific requirements.",Prepare to install OpenShift,full,modules/installation-azure-service-principal.adoc,installing/installing_azure_stack_hub/installing-azure-stack-hub-account.adoc,existing,leveloffset=+1; assembly context=installing-azure-stack-hub-account,folds 1 source jobs: Prepare to install on Azure Stack Hub
Prepare to install on Google Cloud,"When I want to deploy OpenShift on GCP, I need to understand GCP-specific requirements and service account configuration.",Prepare to install OpenShift,full,modules/installing-gcp-ipi-methods.adoc,installing/installing_gcp/preparing-to-install-on-gcp.adoc,existing,leveloffset=+2; assembly context=preparing-to-install-on-gcp,folds 1 source jobs: Prepare to install on Google Cloud
Prepare to install on Google Cloud,"When I want to deploy OpenShift on GCP, I need to understand GCP-specific requirements and service account configuration.",Prepare to install OpenShift,full,modules/installing-gcp-upi-methods.adoc,installing/installing_gcp/preparing-to-install-on-gcp.adoc,existing,leveloffset=+2; assembly context=preparing-to-install-on-gcp,folds 1 source jobs: Prepare to install on Google Cloud
Prepare to install on IBM Cloud,"When I want to deploy OpenShift on IBM Cloud VPC, I need to understand IBM Cloud-specific requirements and VPC configuration.",Prepare to install OpenShift,full,modules/quotas-and-limits-ibm-cloud.adoc,installing/installing_ibm_cloud/installing-ibm-cloud-account.adoc,existing,leveloffset=+1; assembly context=installing-ibm-cloud-account,folds 2 source jobs: Prepare to install on IBM Cloud; Configure an IBM Cloud account for installation
Prepare to install on IBM Cloud,"When I want to deploy OpenShift on IBM Cloud VPC, I need to understand IBM Cloud-specific requirements and VPC configuration.",Prepare to install OpenShift,full,modules/installation-ibm-cloud-dns-resolution-concept.adoc,installing/installing_ibm_cloud/installing-ibm-cloud-account.adoc,existing,leveloffset=+1; assembly context=installing-ibm-cloud-account,folds 2 source jobs: Prepare to install on IBM Cloud; Configure an IBM Cloud account for installation
Prepare to install on IBM Cloud,"When I want to deploy OpenShift on IBM Cloud VPC, I need to understand IBM Cloud-specific requirements and VPC configuration.",Prepare to install OpenShift,full,modules/installation-cis-ibm-cloud.adoc,installing/installing_ibm_cloud/installing-ibm-cloud-account.adoc,existing,leveloffset=+2; assembly context=installing-ibm-cloud-account,folds 2 source jobs: Prepare to install on IBM Cloud; Configure an IBM Cloud account for installation
Prepare to install on IBM Cloud,"When I want to deploy OpenShift on IBM Cloud VPC, I need to understand IBM Cloud-specific requirements and VPC configuration.",Prepare to install OpenShift,full,modules/installation-dns-ibm-cloud.adoc,installing/installing_ibm_cloud/installing-ibm-cloud-account.adoc,existing,leveloffset=+2; assembly context=installing-ibm-cloud-account,folds 2 source jobs: Prepare to install on IBM Cloud; Configure an IBM Cloud account for installation
Prepare to install on IBM Cloud,"When I want to deploy OpenShift on IBM Cloud VPC, I need to understand IBM Cloud-specific requirements and VPC configuration.",Prepare to install OpenShift,full,modules/installation-ibm-cloud-iam-policies-api-key.adoc,installing/installing_ibm_cloud/installing-ibm-cloud-account.adoc,existing,leveloffset=+1; assembly context=installing-ibm-cloud-account,folds 2 source jobs: Prepare to install on IBM Cloud; Configure an IBM Cloud account for installation
Prepare to install on IBM Cloud,"When I want to deploy OpenShift on IBM Cloud VPC, I need to understand IBM Cloud-specific requirements and VPC configuration.",Prepare to install OpenShift,full,modules/installation-ibm-cloud-creating-api-key.adoc,installing/installing_ibm_cloud/installing-ibm-cloud-account.adoc,existing,leveloffset=+2; assembly context=installing-ibm-cloud-account,folds 2 source jobs: Prepare to install on IBM Cloud; Configure an IBM Cloud account for installation
Prepare to install on IBM Cloud,"When I want to deploy OpenShift on IBM Cloud VPC, I need to understand IBM Cloud-specific requirements and VPC configuration.",Prepare to install OpenShift,full,modules/installation-ibm-cloud-regions.adoc,installing/installing_ibm_cloud/installing-ibm-cloud-account.adoc,existing,leveloffset=+1; assembly context=installing-ibm-cloud-account,folds 2 source jobs: Prepare to install on IBM Cloud; Configure an IBM Cloud account for installation
Prepare to install on IBM Cloud,"When I want to deploy OpenShift on IBM Cloud VPC, I need to understand IBM Cloud-specific requirements and VPC configuration.",Prepare to install OpenShift,full,modules/alternatives-to-storing-admin-secrets-in-kube-system.adoc,installing/installing_ibm_cloud/configuring-iam-ibm-cloud.adoc,existing,leveloffset=+1; assembly context=configuring-iam-ibm-cloud,folds 2 source jobs: Prepare to install on IBM Cloud; Configure an IBM Cloud account for installation
Prepare to install on IBM Cloud,"When I want to deploy OpenShift on IBM Cloud VPC, I need to understand IBM Cloud-specific requirements and VPC configuration.",Prepare to install OpenShift,full,modules/cco-ccoctl-configuring.adoc,installing/installing_ibm_cloud/configuring-iam-ibm-cloud.adoc,existing,leveloffset=+1; assembly context=configuring-iam-ibm-cloud,folds 2 source jobs: Prepare to install on IBM Cloud; Configure an IBM Cloud account for installation
Prepare to install on IBM Power,"When I want to deploy OpenShift on IBM Power, I need to understand Power-specific requirements.",Prepare to install OpenShift,full,modules/installation-methods-ibm-power.adoc,installing/installing_ibm_power/preparing-to-install-on-ibm-power.adoc,existing,leveloffset=+1; assembly context=preparing-to-install-on-ibm-power,folds 1 source jobs: Prepare to install on IBM Power
Prepare to install on IBM Power Virtual Server,"When I want to deploy OpenShift on IBM Power Virtual Server, I need to understand PowerVS-specific requirements.",Prepare to install OpenShift,full,modules/installation-methods-ibm-power-vs.adoc,installing/installing_ibm_powervs/preparing-to-install-on-ibm-power-vs.adoc,existing,leveloffset=+1; assembly context=preparing-to-install-on-ibm-power-vs,folds 1 source jobs: Prepare to install on IBM Power Virtual Server
Prepare to install on IBM Power Virtual Server,"When I want to deploy OpenShift on IBM Power Virtual Server, I need to understand PowerVS-specific requirements.",Prepare to install OpenShift,full,modules/cco-ccoctl-configuring.adoc,installing/installing_ibm_powervs/preparing-to-install-on-ibm-power-vs.adoc,existing,leveloffset=+1; assembly context=preparing-to-install-on-ibm-power-vs,folds 1 source jobs: Prepare to install on IBM Power Virtual Server
Prepare to install on IBM Z,"When I want to deploy OpenShift on IBM Z or IBM LinuxONE, I need to understand z/VM, KVM, or LPAR requirements.",Prepare to install OpenShift,full,modules/ibm-z-installation-methods-overview.adoc,installing/installing_ibm_z/preparing-to-install-on-ibm-z.adoc,existing,leveloffset=+1; assembly context=preparing-to-install-on-ibm-z,folds 1 source jobs: Prepare to install on IBM Z
Prepare to install on IBM Z,"When I want to deploy OpenShift on IBM Z or IBM LinuxONE, I need to understand z/VM, KVM, or LPAR requirements.",Prepare to install OpenShift,full,modules/ibm-z-upi-installation-overview.adoc,installing/installing_ibm_z/preparing-to-install-on-ibm-z.adoc,existing,leveloffset=+1; assembly context=preparing-to-install-on-ibm-z,folds 1 source jobs: Prepare to install on IBM Z
Prepare to install on IBM Z,"When I want to deploy OpenShift on IBM Z or IBM LinuxONE, I need to understand z/VM, KVM, or LPAR requirements.",Prepare to install OpenShift,full,modules/installation-machine-requirements.adoc,installing/installing_ibm_z/upi/installing-ibm-z-reqs.adoc,existing,leveloffset=+1; assembly context=installing-ibm-z-reqs,folds 1 source jobs: Prepare to install on IBM Z
Prepare to install on IBM Z,"When I want to deploy OpenShift on IBM Z or IBM LinuxONE, I need to understand z/VM, KVM, or LPAR requirements.",Prepare to install OpenShift,full,modules/installation-minimum-resource-requirements.adoc,installing/installing_ibm_z/upi/installing-ibm-z-reqs.adoc,existing,leveloffset=+2; assembly context=installing-ibm-z-reqs,folds 1 source jobs: Prepare to install on IBM Z
Prepare to install on IBM Z,"When I want to deploy OpenShift on IBM Z or IBM LinuxONE, I need to understand z/VM, KVM, or LPAR requirements.",Prepare to install OpenShift,full,modules/installation-requirements-ibm-z.adoc,installing/installing_ibm_z/upi/installing-ibm-z-reqs.adoc,existing,leveloffset=+2; assembly context=installing-ibm-z-reqs,folds 1 source jobs: Prepare to install on IBM Z
Prepare to install on IBM Z,"When I want to deploy OpenShift on IBM Z or IBM LinuxONE, I need to understand z/VM, KVM, or LPAR requirements.",Prepare to install OpenShift,full,modules/preferred-installation-requirements-ibm-z.adoc,installing/installing_ibm_z/upi/installing-ibm-z-reqs.adoc,existing,leveloffset=+2; assembly context=installing-ibm-z-reqs,folds 1 source jobs: Prepare to install on IBM Z
Prepare to install on IBM Z,"When I want to deploy OpenShift on IBM Z or IBM LinuxONE, I need to understand z/VM, KVM, or LPAR requirements.",Prepare to install OpenShift,full,modules/csr-management.adoc,installing/installing_ibm_z/upi/installing-ibm-z-reqs.adoc,existing,leveloffset=+2; assembly context=installing-ibm-z-reqs,folds 1 source jobs: Prepare to install on IBM Z
Prepare to install on IBM Z,"When I want to deploy OpenShift on IBM Z or IBM LinuxONE, I need to understand z/VM, KVM, or LPAR requirements.",Prepare to install OpenShift,full,modules/installation-network-user-infra.adoc,installing/installing_ibm_z/upi/installing-ibm-z-reqs.adoc,existing,leveloffset=+2; assembly context=installing-ibm-z-reqs,folds 1 source jobs: Prepare to install on IBM Z
Prepare to install on IBM Z,"When I want to deploy OpenShift on IBM Z or IBM LinuxONE, I need to understand z/VM, KVM, or LPAR requirements.",Prepare to install OpenShift,full,modules/installation-dns-user-infra.adoc,installing/installing_ibm_z/upi/installing-ibm-z-reqs.adoc,existing,leveloffset=+2; assembly context=installing-ibm-z-reqs,folds 1 source jobs: Prepare to install on IBM Z
Prepare to install on IBM Z,"When I want to deploy OpenShift on IBM Z or IBM LinuxONE, I need to understand z/VM, KVM, or LPAR requirements.",Prepare to install OpenShift,full,modules/installation-dns-user-infra-example.adoc,installing/installing_ibm_z/upi/installing-ibm-z-reqs.adoc,existing,leveloffset=+3; assembly context=installing-ibm-z-reqs,folds 1 source jobs: Prepare to install on IBM Z
Prepare to install on IBM Z,"When I want to deploy OpenShift on IBM Z or IBM LinuxONE, I need to understand z/VM, KVM, or LPAR requirements.",Prepare to install OpenShift,full,modules/installation-load-balancing-user-infra.adoc,installing/installing_ibm_z/upi/installing-ibm-z-reqs.adoc,existing,leveloffset=+2; assembly context=installing-ibm-z-reqs,folds 1 source jobs: Prepare to install on IBM Z
Prepare to install on Nutanix,"When I want to deploy OpenShift on Nutanix, I need to understand Nutanix-specific requirements and Prism Central configuration so the installation succeeds.",Prepare to install OpenShift,full,modules/installation-nutanix-infrastructure.adoc,installing/installing_nutanix/preparing-to-install-on-nutanix.adoc,existing,leveloffset=+1; assembly context=preparing-to-install-on-nutanix,folds 1 source jobs: Prepare to install on Nutanix
Prepare to install on Nutanix,"When I want to deploy OpenShift on Nutanix, I need to understand Nutanix-specific requirements and Prism Central configuration so the installation succeeds.",Prepare to install OpenShift,full,modules/preparing-to-install-on-nutanix-agent-based-installer-reference.adoc,installing/installing_nutanix/preparing-to-install-on-nutanix.adoc,existing,leveloffset=+1; assembly context=preparing-to-install-on-nutanix,folds 1 source jobs: Prepare to install on Nutanix
Prepare to install on Nutanix,"When I want to deploy OpenShift on Nutanix, I need to understand Nutanix-specific requirements and Prism Central configuration so the installation succeeds.",Prepare to install OpenShift,full,modules/installation-nutanix-installer-infra-reqs.adoc,installing/installing_nutanix/preparing-to-install-on-nutanix.adoc,existing,leveloffset=+1; assembly context=preparing-to-install-on-nutanix,folds 1 source jobs: Prepare to install on Nutanix
Prepare to install on Nutanix,"When I want to deploy OpenShift on Nutanix, I need to understand Nutanix-specific requirements and Prism Central configuration so the installation succeeds.",Prepare to install OpenShift,full,modules/cco-ccoctl-configuring.adoc,installing/installing_nutanix/preparing-to-install-on-nutanix.adoc,existing,leveloffset=+1; assembly context=preparing-to-install-on-nutanix,folds 1 source jobs: Prepare to install on Nutanix
Prepare to install on OpenStack,"When I want to deploy OpenShift on Red Hat OpenStack Platform, I need to verify OpenStack prerequisites, quotas, and networking so the installation succeeds.",Prepare to install OpenShift,full,modules/security-osp-validating-certificates.adoc,installing/installing_openstack/preparing-to-install-on-openstack.adoc,existing,leveloffset=+1; assembly context=preparing-to-install-on-openstack,folds 3 source jobs: Prepare to install on OpenStack; Prepare OpenStack for NFV workloads; Configure OpenStack networking for installation
Prepare to install on OpenStack,"When I want to deploy OpenShift on Red Hat OpenStack Platform, I need to verify OpenStack prerequisites, quotas, and networking so the installation succeeds.",Prepare to install OpenShift,full,modules/security-osp-validating-certificates-manually.adoc,installing/installing_openstack/preparing-to-install-on-openstack.adoc,existing,leveloffset=+2; assembly context=preparing-to-install-on-openstack,folds 3 source jobs: Prepare to install on OpenStack; Prepare OpenStack for NFV workloads; Configure OpenStack networking for installation
Prepare to install on OpenStack,"When I want to deploy OpenShift on Red Hat OpenStack Platform, I need to verify OpenStack prerequisites, quotas, and networking so the installation succeeds.",Prepare to install OpenShift,full,modules/installation-openstack-nfv-requirements.adoc,installing/installing_openstack/installing-openstack-nfv-preparing.adoc,existing,leveloffset=+1; assembly context=installing-openstack-nfv-preparing,folds 3 source jobs: Prepare to install on OpenStack; Prepare OpenStack for NFV workloads; Configure OpenStack networking for installation
Prepare to install on OpenStack,"When I want to deploy OpenShift on Red Hat OpenStack Platform, I need to verify OpenStack prerequisites, quotas, and networking so the installation succeeds.",Prepare to install OpenShift,full,modules/installation-openstack-sr-iov-requirements.adoc,installing/installing_openstack/installing-openstack-nfv-preparing.adoc,existing,leveloffset=+2; assembly context=installing-openstack-nfv-preparing,folds 3 source jobs: Prepare to install on OpenStack; Prepare OpenStack for NFV workloads; Configure OpenStack networking for installation
Prepare to install on OpenStack,"When I want to deploy OpenShift on Red Hat OpenStack Platform, I need to verify OpenStack prerequisites, quotas, and networking so the installation succeeds.",Prepare to install OpenShift,full,modules/installation-openstack-ovs-dpdk-requirements.adoc,installing/installing_openstack/installing-openstack-nfv-preparing.adoc,existing,leveloffset=+2; assembly context=installing-openstack-nfv-preparing,folds 3 source jobs: Prepare to install on OpenStack; Prepare OpenStack for NFV workloads; Configure OpenStack networking for installation
Prepare to install on OpenStack,"When I want to deploy OpenShift on Red Hat OpenStack Platform, I need to verify OpenStack prerequisites, quotas, and networking so the installation succeeds.",Prepare to install OpenShift,full,modules/installation-osp-configuring-sr-iov.adoc,installing/installing_openstack/installing-openstack-nfv-preparing.adoc,existing,leveloffset=+1; assembly context=installing-openstack-nfv-preparing,folds 3 source jobs: Prepare to install on OpenStack; Prepare OpenStack for NFV workloads; Configure OpenStack networking for installation
Prepare to install on OpenStack,"When I want to deploy OpenShift on Red Hat OpenStack Platform, I need to verify OpenStack prerequisites, quotas, and networking so the installation succeeds.",Prepare to install OpenShift,full,modules/installing-openstack-nfv-preparing-tasks-ovs-dpdk.adoc,installing/installing_openstack/installing-openstack-nfv-preparing.adoc,existing,leveloffset=+1; assembly context=installing-openstack-nfv-preparing,folds 3 source jobs: Prepare to install on OpenStack; Prepare OpenStack for NFV workloads; Configure OpenStack networking for installation
Prepare to install on OpenStack,"When I want to deploy OpenShift on Red Hat OpenStack Platform, I need to verify OpenStack prerequisites, quotas, and networking so the installation succeeds.",Prepare to install OpenShift,full,modules/installing-openstack-nfv-preparing-next-steps.adoc,installing/installing_openstack/installing-openstack-nfv-preparing.adoc,existing,leveloffset=+1; assembly context=installing-openstack-nfv-preparing,folds 3 source jobs: Prepare to install on OpenStack; Prepare OpenStack for NFV workloads; Configure OpenStack networking for installation
Prepare to install on OpenStack,"When I want to deploy OpenShift on Red Hat OpenStack Platform, I need to verify OpenStack prerequisites, quotas, and networking so the installation succeeds.",Prepare to install OpenShift,full,modules/installation-osp-configuring-api-floating-ip.adoc,installing/installing_openstack/installing-openstack-network-config.adoc,existing,leveloffset=+1; assembly context=installing-openstack-network-config,folds 3 source jobs: Prepare to install on OpenStack; Prepare OpenStack for NFV workloads; Configure OpenStack networking for installation
Prepare to install on OpenStack,"When I want to deploy OpenShift on Red Hat OpenStack Platform, I need to verify OpenStack prerequisites, quotas, and networking so the installation succeeds.",Prepare to install OpenShift,full,modules/nw-osp-enabling-ovs-offload.adoc,installing/installing_openstack/installing-openstack-network-config.adoc,existing,leveloffset=+1; assembly context=installing-openstack-network-config,folds 3 source jobs: Prepare to install on OpenStack; Prepare OpenStack for NFV workloads; Configure OpenStack networking for installation
Prepare to install on OpenStack,"When I want to deploy OpenShift on Red Hat OpenStack Platform, I need to verify OpenStack prerequisites, quotas, and networking so the installation succeeds.",Prepare to install OpenShift,full,modules/nw-osp-hardware-offload-attaching-network.adoc,installing/installing_openstack/installing-openstack-network-config.adoc,existing,leveloffset=+1; assembly context=installing-openstack-network-config,folds 3 source jobs: Prepare to install on OpenStack; Prepare OpenStack for NFV workloads; Configure OpenStack networking for installation
Prepare to install on OpenStack,"When I want to deploy OpenShift on Red Hat OpenStack Platform, I need to verify OpenStack prerequisites, quotas, and networking so the installation succeeds.",Prepare to install OpenShift,full,modules/nw-osp-pod-connections-ipv6.adoc,installing/installing_openstack/installing-openstack-network-config.adoc,existing,leveloffset=+1; assembly context=installing-openstack-network-config,folds 3 source jobs: Prepare to install on OpenStack; Prepare OpenStack for NFV workloads; Configure OpenStack networking for installation
Prepare to install on OpenStack,"When I want to deploy OpenShift on Red Hat OpenStack Platform, I need to verify OpenStack prerequisites, quotas, and networking so the installation succeeds.",Prepare to install OpenShift,full,modules/nw-osp-pod-creating-ipv6.adoc,installing/installing_openstack/installing-openstack-network-config.adoc,existing,leveloffset=+1; assembly context=installing-openstack-network-config,folds 3 source jobs: Prepare to install on OpenStack; Prepare OpenStack for NFV workloads; Configure OpenStack networking for installation
Prepare to install on OpenStack,"When I want to deploy OpenShift on Red Hat OpenStack Platform, I need to verify OpenStack prerequisites, quotas, and networking so the installation succeeds.",Prepare to install OpenShift,full,modules/nw-osp-pod-adding-connections-ipv6.adoc,installing/installing_openstack/installing-openstack-network-config.adoc,existing,leveloffset=+1; assembly context=installing-openstack-network-config,folds 3 source jobs: Prepare to install on OpenStack; Prepare OpenStack for NFV workloads; Configure OpenStack networking for installation
Prepare to install on bare metal,"When I want to deploy OpenShift on bare metal servers, I need to verify hardware requirements, network prerequisites, and supported configurations so the installation succeeds.",Prepare to install OpenShift,full,modules/virt-planning-bare-metal-cluster-for-ocp-virt.adoc,installing/installing_bare_metal/preparing-to-install-on-bare-metal.adoc,existing,leveloffset=+1; assembly context=preparing-to-install-on-bare-metal,folds 2 source jobs: Prepare to install on bare metal; Verify bare metal IPI prerequisites
Prepare to install on bare metal,"When I want to deploy OpenShift on bare metal servers, I need to verify hardware requirements, network prerequisites, and supported configurations so the installation succeeds.",Prepare to install OpenShift,full,modules/nw-sriov-dual-nic-con.adoc,installing/installing_bare_metal/preparing-to-install-on-bare-metal.adoc,existing,leveloffset=+1; assembly context=preparing-to-install-on-bare-metal,folds 2 source jobs: Prepare to install on bare metal; Verify bare metal IPI prerequisites
Prepare to install on bare metal,"When I want to deploy OpenShift on bare metal servers, I need to verify hardware requirements, network prerequisites, and supported configurations so the installation succeeds.",Prepare to install OpenShift,full,modules/ipi-install-node-requirements.adoc,installing/installing_bare_metal/ipi/ipi-install-prerequisites.adoc,existing,leveloffset=+1; assembly context=ipi-install-prerequisites,folds 2 source jobs: Prepare to install on bare metal; Verify bare metal IPI prerequisites
Prepare to install on bare metal,"When I want to deploy OpenShift on bare metal servers, I need to verify hardware requirements, network prerequisites, and supported configurations so the installation succeeds.",Prepare to install OpenShift,full,modules/installation-minimum-resource-requirements.adoc,installing/installing_bare_metal/ipi/ipi-install-prerequisites.adoc,existing,leveloffset=+1; assembly context=ipi-install-prerequisites,folds 2 source jobs: Prepare to install on bare metal; Verify bare metal IPI prerequisites
Prepare to install on bare metal,"When I want to deploy OpenShift on bare metal servers, I need to verify hardware requirements, network prerequisites, and supported configurations so the installation succeeds.",Prepare to install OpenShift,full,modules/ipi-install-firmware-requirements-for-installing-with-virtual-media.adoc,installing/installing_bare_metal/ipi/ipi-install-prerequisites.adoc,existing,leveloffset=+1; assembly context=ipi-install-prerequisites,folds 2 source jobs: Prepare to install on bare metal; Verify bare metal IPI prerequisites
Prepare to install on bare metal,"When I want to deploy OpenShift on bare metal servers, I need to verify hardware requirements, network prerequisites, and supported configurations so the installation succeeds.",Prepare to install OpenShift,full,modules/ipi-install-nc-si-hardware-requirements-for-bare-metal.adoc,installing/installing_bare_metal/ipi/ipi-install-prerequisites.adoc,existing,leveloffset=+1; assembly context=ipi-install-prerequisites,folds 2 source jobs: Prepare to install on bare metal; Verify bare metal IPI prerequisites
Prepare to install on bare metal,"When I want to deploy OpenShift on bare metal servers, I need to verify hardware requirements, network prerequisites, and supported configurations so the installation succeeds.",Prepare to install OpenShift,full,modules/ipi-install-network-requirements.adoc,installing/installing_bare_metal/ipi/ipi-install-prerequisites.adoc,existing,leveloffset=+1; assembly context=ipi-install-prerequisites,folds 2 source jobs: Prepare to install on bare metal; Verify bare metal IPI prerequisites
Prepare to install on bare metal,"When I want to deploy OpenShift on bare metal servers, I need to verify hardware requirements, network prerequisites, and supported configurations so the installation succeeds.",Prepare to install OpenShift,full,modules/ipi-install-configuring-nodes.adoc,installing/installing_bare_metal/ipi/ipi-install-prerequisites.adoc,existing,leveloffset=+1; assembly context=ipi-install-prerequisites,folds 2 source jobs: Prepare to install on bare metal; Verify bare metal IPI prerequisites
Prepare to install on bare metal,"When I want to deploy OpenShift on bare metal servers, I need to verify hardware requirements, network prerequisites, and supported configurations so the installation succeeds.",Prepare to install OpenShift,full,modules/ipi-install-configuring-nodes-secure-boot.adoc,installing/installing_bare_metal/ipi/ipi-install-prerequisites.adoc,existing,leveloffset=+2; assembly context=ipi-install-prerequisites,folds 2 source jobs: Prepare to install on bare metal; Verify bare metal IPI prerequisites
Prepare to install on bare metal,"When I want to deploy OpenShift on bare metal servers, I need to verify hardware requirements, network prerequisites, and supported configurations so the installation succeeds.",Prepare to install OpenShift,full,modules/ipi-install-out-of-band-management.adoc,installing/installing_bare_metal/ipi/ipi-install-prerequisites.adoc,existing,leveloffset=+1; assembly context=ipi-install-prerequisites,folds 2 source jobs: Prepare to install on bare metal; Verify bare metal IPI prerequisites
Prepare to install on bare metal,"When I want to deploy OpenShift on bare metal servers, I need to verify hardware requirements, network prerequisites, and supported configurations so the installation succeeds.",Prepare to install OpenShift,full,modules/ipi-install-required-data-for-installation.adoc,installing/installing_bare_metal/ipi/ipi-install-prerequisites.adoc,existing,leveloffset=+1; assembly context=ipi-install-prerequisites,folds 2 source jobs: Prepare to install on bare metal; Verify bare metal IPI prerequisites
Prepare to install on bare metal,"When I want to deploy OpenShift on bare metal servers, I need to verify hardware requirements, network prerequisites, and supported configurations so the installation succeeds.",Prepare to install OpenShift,full,modules/ipi-install-validation-checklist-for-nodes.adoc,installing/installing_bare_metal/ipi/ipi-install-prerequisites.adoc,existing,leveloffset=+1; assembly context=ipi-install-prerequisites,folds 2 source jobs: Prepare to install on bare metal; Verify bare metal IPI prerequisites
Prepare to install on bare metal,"When I want to deploy OpenShift on bare metal servers, I need to verify hardware requirements, network prerequisites, and supported configurations so the installation succeeds.",Prepare to install OpenShift,full,modules/ref_ipi-installation-overview.adoc,installing/installing_bare_metal/ipi/ipi-install-prerequisites.adoc,existing,leveloffset=+1; assembly context=ipi-install-prerequisites,folds 2 source jobs: Prepare to install on bare metal; Verify bare metal IPI prerequisites
Prepare to install on vSphere,"When I want to deploy OpenShift on VMware vSphere, I need to verify vCenter requirements, permissions, and network prerequisites so the installation succeeds.",Prepare to install OpenShift,full,modules/preparing-to-install-on-vsphere-assisted-installer-reference.adoc,installing/installing_vsphere/preparing-to-install-on-vsphere.adoc,existing,leveloffset=+1; assembly context=preparing-to-install-on-vsphere,folds 1 source jobs: Prepare to install on vSphere
Prepare to install on vSphere,"When I want to deploy OpenShift on VMware vSphere, I need to verify vCenter requirements, permissions, and network prerequisites so the installation succeeds.",Prepare to install OpenShift,full,modules/preparing-to-install-on-vsphere-agent-based-installer-reference.adoc,installing/installing_vsphere/preparing-to-install-on-vsphere.adoc,existing,leveloffset=+1; assembly context=preparing-to-install-on-vsphere,folds 1 source jobs: Prepare to install on vSphere
Prepare to install on vSphere,"When I want to deploy OpenShift on VMware vSphere, I need to verify vCenter requirements, permissions, and network prerequisites so the installation succeeds.",Prepare to install OpenShift,full,modules/preparing-to-install-on-vsphere-installer-provisioned-reference.adoc,installing/installing_vsphere/preparing-to-install-on-vsphere.adoc,existing,leveloffset=+1; assembly context=preparing-to-install-on-vsphere,folds 1 source jobs: Prepare to install on vSphere
Prepare to install on vSphere,"When I want to deploy OpenShift on VMware vSphere, I need to verify vCenter requirements, permissions, and network prerequisites so the installation succeeds.",Prepare to install OpenShift,full,modules/preparing-to-install-on-vsphere-user-provisioned-reference.adoc,installing/installing_vsphere/preparing-to-install-on-vsphere.adoc,existing,leveloffset=+1; assembly context=preparing-to-install-on-vsphere,folds 1 source jobs: Prepare to install on vSphere
Install a cluster on AWS,"When I want a standard AWS deployment, I need to run the IPI installer with default settings so I can quickly create a production-ready cluster.",Install a cluster on a cloud platform,full,modules/installing-aws-default-prereqs.adoc,installing/installing_aws/ipi/installing-aws-default.adoc,existing,leveloffset=+1; assembly context=installing-aws-default,folds 4 source jobs: Install on AWS (IPI default); Install a private cluster on AWS (IPI); Install on AWS with customizations (IPI); Install on AWS in an existing VPC (IPI)
Install a cluster on AWS,"When I want a standard AWS deployment, I need to run the IPI installer with default settings so I can quickly create a production-ready cluster.",Install a cluster on a cloud platform,full,modules/installation-launching-installer.adoc,installing/installing_aws/ipi/installing-aws-default.adoc,existing,leveloffset=+1; assembly context=installing-aws-default,folds 4 source jobs: Install on AWS (IPI default); Install a private cluster on AWS (IPI); Install on AWS with customizations (IPI); Install on AWS in an existing VPC (IPI)
Install a cluster on AWS,"When I want a standard AWS deployment, I need to run the IPI installer with default settings so I can quickly create a production-ready cluster.",Install a cluster on a cloud platform,full,modules/cli-logging-in-kubeadmin.adoc,installing/installing_aws/ipi/installing-aws-default.adoc,existing,leveloffset=+1; assembly context=installing-aws-default,folds 4 source jobs: Install on AWS (IPI default); Install a private cluster on AWS (IPI); Install on AWS with customizations (IPI); Install on AWS in an existing VPC (IPI)
Install a cluster on AWS,"When I want a standard AWS deployment, I need to run the IPI installer with default settings so I can quickly create a production-ready cluster.",Install a cluster on a cloud platform,full,modules/logging-in-by-using-the-web-console.adoc,installing/installing_aws/ipi/installing-aws-default.adoc,existing,leveloffset=+1; assembly context=installing-aws-default,folds 4 source jobs: Install on AWS (IPI default); Install a private cluster on AWS (IPI); Install on AWS with customizations (IPI); Install on AWS in an existing VPC (IPI)
Install a cluster on AWS,"When I want a standard AWS deployment, I need to run the IPI installer with default settings so I can quickly create a production-ready cluster.",Install a cluster on a cloud platform,full,modules/installing-aws-private-prereqs.adoc,installing/installing_aws/ipi/installing-aws-private.adoc,existing,leveloffset=+1; assembly context=installing-aws-private,folds 4 source jobs: Install on AWS (IPI default); Install a private cluster on AWS (IPI); Install on AWS with customizations (IPI); Install on AWS in an existing VPC (IPI)
Install a cluster on AWS,"When I want a standard AWS deployment, I need to run the IPI installer with default settings so I can quickly create a production-ready cluster.",Install a cluster on a cloud platform,full,modules/private-clusters-default.adoc,installing/installing_aws/ipi/installing-aws-private.adoc,existing,leveloffset=+1; assembly context=installing-aws-private,folds 4 source jobs: Install on AWS (IPI default); Install a private cluster on AWS (IPI); Install on AWS with customizations (IPI); Install on AWS in an existing VPC (IPI)
Install a cluster on AWS,"When I want a standard AWS deployment, I need to run the IPI installer with default settings so I can quickly create a production-ready cluster.",Install a cluster on a cloud platform,full,modules/private-clusters-about-aws.adoc,installing/installing_aws/ipi/installing-aws-private.adoc,existing,leveloffset=+2; assembly context=installing-aws-private,folds 4 source jobs: Install on AWS (IPI default); Install a private cluster on AWS (IPI); Install on AWS with customizations (IPI); Install on AWS in an existing VPC (IPI)
Install a cluster on AWS,"When I want a standard AWS deployment, I need to run the IPI installer with default settings so I can quickly create a production-ready cluster.",Install a cluster on a cloud platform,full,modules/installation-custom-aws-vpc.adoc,installing/installing_aws/ipi/installing-aws-private.adoc,existing,leveloffset=+1; assembly context=installing-aws-private,folds 4 source jobs: Install on AWS (IPI default); Install a private cluster on AWS (IPI); Install on AWS with customizations (IPI); Install on AWS in an existing VPC (IPI)
Install a cluster on AWS,"When I want a standard AWS deployment, I need to run the IPI installer with default settings so I can quickly create a production-ready cluster.",Install a cluster on a cloud platform,full,modules/installation-aws-security-groups.adoc,installing/installing_aws/ipi/installing-aws-private.adoc,existing,leveloffset=+2; assembly context=installing-aws-private,folds 4 source jobs: Install on AWS (IPI default); Install a private cluster on AWS (IPI); Install on AWS with customizations (IPI); Install on AWS in an existing VPC (IPI)
Install a cluster on AWS,"When I want a standard AWS deployment, I need to run the IPI installer with default settings so I can quickly create a production-ready cluster.",Install a cluster on a cloud platform,full,modules/installation-initializing-manual.adoc,installing/installing_aws/ipi/installing-aws-private.adoc,existing,leveloffset=+1; assembly context=installing-aws-private,folds 4 source jobs: Install on AWS (IPI default); Install a private cluster on AWS (IPI); Install on AWS with customizations (IPI); Install on AWS in an existing VPC (IPI)
Install a cluster on AWS,"When I want a standard AWS deployment, I need to run the IPI installer with default settings so I can quickly create a production-ready cluster.",Install a cluster on a cloud platform,full,modules/installation-minimum-resource-requirements.adoc,installing/installing_aws/ipi/installing-aws-private.adoc,existing,leveloffset=+2; assembly context=installing-aws-private,folds 4 source jobs: Install on AWS (IPI default); Install a private cluster on AWS (IPI); Install on AWS with customizations (IPI); Install on AWS in an existing VPC (IPI)
Install a cluster on AWS,"When I want a standard AWS deployment, I need to run the IPI installer with default settings so I can quickly create a production-ready cluster.",Install a cluster on a cloud platform,full,modules/installation-aws-tested-machine-types.adoc,installing/installing_aws/ipi/installing-aws-private.adoc,existing,leveloffset=+2; assembly context=installing-aws-private,folds 4 source jobs: Install on AWS (IPI default); Install a private cluster on AWS (IPI); Install on AWS with customizations (IPI); Install on AWS in an existing VPC (IPI)
Install a cluster on AWS,"When I want a standard AWS deployment, I need to run the IPI installer with default settings so I can quickly create a production-ready cluster.",Install a cluster on a cloud platform,full,modules/installation-aws-arm-tested-machine-types.adoc,installing/installing_aws/ipi/installing-aws-private.adoc,existing,leveloffset=+2; assembly context=installing-aws-private,folds 4 source jobs: Install on AWS (IPI default); Install a private cluster on AWS (IPI); Install on AWS with customizations (IPI); Install on AWS in an existing VPC (IPI)
Install a cluster on AWS,"When I want a standard AWS deployment, I need to run the IPI installer with default settings so I can quickly create a production-ready cluster.",Install a cluster on a cloud platform,full,modules/installing-aws-managing-dns-solution.adoc,installing/installing_aws/ipi/installing-aws-private.adoc,existing,leveloffset=+2; assembly context=installing-aws-private,folds 4 source jobs: Install on AWS (IPI default); Install a private cluster on AWS (IPI); Install on AWS with customizations (IPI); Install on AWS in an existing VPC (IPI)
Install a cluster on AWS,"When I want a standard AWS deployment, I need to run the IPI installer with default settings so I can quickly create a production-ready cluster.",Install a cluster on a cloud platform,full,modules/installation-aws-config-yaml-customizations.adoc,installing/installing_aws/ipi/installing-aws-private.adoc,existing,leveloffset=+2; assembly context=installing-aws-private,folds 4 source jobs: Install on AWS (IPI default); Install a private cluster on AWS (IPI); Install on AWS with customizations (IPI); Install on AWS in an existing VPC (IPI)
Install a cluster on AWS,"When I want a standard AWS deployment, I need to run the IPI installer with default settings so I can quickly create a production-ready cluster.",Install a cluster on a cloud platform,full,modules/installation-configure-proxy.adoc,installing/installing_aws/ipi/installing-aws-private.adoc,existing,leveloffset=+2; assembly context=installing-aws-private,folds 4 source jobs: Install on AWS (IPI default); Install a private cluster on AWS (IPI); Install on AWS with customizations (IPI); Install on AWS in an existing VPC (IPI)
Install a cluster on AWS,"When I want a standard AWS deployment, I need to run the IPI installer with default settings so I can quickly create a production-ready cluster.",Install a cluster on a cloud platform,full,modules/installation-applying-aws-security-groups.adoc,installing/installing_aws/ipi/installing-aws-private.adoc,existing,leveloffset=+2; assembly context=installing-aws-private,folds 4 source jobs: Install on AWS (IPI default); Install a private cluster on AWS (IPI); Install on AWS with customizations (IPI); Install on AWS in an existing VPC (IPI)
Install a cluster on AWS,"When I want a standard AWS deployment, I need to run the IPI installer with default settings so I can quickly create a production-ready cluster.",Install a cluster on a cloud platform,full,modules/installing-aws-alternatives-storing-secrets.adoc,installing/installing_aws/ipi/installing-aws-private.adoc,existing,leveloffset=+1; assembly context=installing-aws-private,folds 4 source jobs: Install on AWS (IPI default); Install a private cluster on AWS (IPI); Install on AWS with customizations (IPI); Install on AWS in an existing VPC (IPI)
Install a cluster on AWS,"When I want a standard AWS deployment, I need to run the IPI installer with default settings so I can quickly create a production-ready cluster.",Install a cluster on a cloud platform,full,modules/manually-create-identity-access-management.adoc,installing/installing_aws/ipi/installing-aws-private.adoc,existing,leveloffset=+2; assembly context=installing-aws-private,folds 4 source jobs: Install on AWS (IPI default); Install a private cluster on AWS (IPI); Install on AWS with customizations (IPI); Install on AWS in an existing VPC (IPI)
Install a cluster on AWS,"When I want a standard AWS deployment, I need to run the IPI installer with default settings so I can quickly create a production-ready cluster.",Install a cluster on a cloud platform,full,modules/config-aws-short-term-creds.adoc,installing/installing_aws/ipi/installing-aws-private.adoc,existing,leveloffset=+2; assembly context=installing-aws-private,folds 4 source jobs: Install on AWS (IPI default); Install a private cluster on AWS (IPI); Install on AWS with customizations (IPI); Install on AWS in an existing VPC (IPI)
Install a cluster on AWS,"When I want a standard AWS deployment, I need to run the IPI installer with default settings so I can quickly create a production-ready cluster.",Install a cluster on a cloud platform,full,modules/cco-ccoctl-configuring.adoc,installing/installing_aws/ipi/installing-aws-private.adoc,existing,leveloffset=+3; assembly context=installing-aws-private,folds 4 source jobs: Install on AWS (IPI default); Install a private cluster on AWS (IPI); Install on AWS with customizations (IPI); Install on AWS in an existing VPC (IPI)
Install a cluster on AWS,"When I want a standard AWS deployment, I need to run the IPI installer with default settings so I can quickly create a production-ready cluster.",Install a cluster on a cloud platform,full,modules/cco-ccoctl-creating-at-once.adoc,installing/installing_aws/ipi/installing-aws-private.adoc,existing,leveloffset=+3; assembly context=installing-aws-private,folds 4 source jobs: Install on AWS (IPI default); Install a private cluster on AWS (IPI); Install on AWS with customizations (IPI); Install on AWS in an existing VPC (IPI)
Install a cluster on AWS,"When I want a standard AWS deployment, I need to run the IPI installer with default settings so I can quickly create a production-ready cluster.",Install a cluster on a cloud platform,full,modules/cco-ccoctl-creating-individually.adoc,installing/installing_aws/ipi/installing-aws-private.adoc,existing,leveloffset=+3; assembly context=installing-aws-private,folds 4 source jobs: Install on AWS (IPI default); Install a private cluster on AWS (IPI); Install on AWS with customizations (IPI); Install on AWS in an existing VPC (IPI)
Install a cluster on AWS,"When I want a standard AWS deployment, I need to run the IPI installer with default settings so I can quickly create a production-ready cluster.",Install a cluster on a cloud platform,full,modules/cco-ccoctl-install-creating-manifests.adoc,installing/installing_aws/ipi/installing-aws-private.adoc,existing,leveloffset=+3; assembly context=installing-aws-private,folds 4 source jobs: Install on AWS (IPI default); Install a private cluster on AWS (IPI); Install on AWS with customizations (IPI); Install on AWS in an existing VPC (IPI)
Install a cluster on AWS,"When I want a standard AWS deployment, I need to run the IPI installer with default settings so I can quickly create a production-ready cluster.",Install a cluster on a cloud platform,full,modules/installation-aws-provisioning-dns-records.adoc,installing/installing_aws/ipi/installing-aws-private.adoc,existing,leveloffset=+1; assembly context=installing-aws-private,folds 4 source jobs: Install on AWS (IPI default); Install a private cluster on AWS (IPI); Install on AWS with customizations (IPI); Install on AWS in an existing VPC (IPI)
Install a cluster on AWS,"When I want a standard AWS deployment, I need to run the IPI installer with default settings so I can quickly create a production-ready cluster.",Install a cluster on a cloud platform,full,modules/installing-aws-custom-prereqs.adoc,installing/installing_aws/ipi/installing-aws-customizations.adoc,existing,leveloffset=+1; assembly context=installing-aws-customizations,folds 4 source jobs: Install on AWS (IPI default); Install a private cluster on AWS (IPI); Install on AWS with customizations (IPI); Install on AWS in an existing VPC (IPI)
Install a cluster on AWS,"When I want a standard AWS deployment, I need to run the IPI installer with default settings so I can quickly create a production-ready cluster.",Install a cluster on a cloud platform,full,modules/installation-aws-marketplace-subscribe.adoc,installing/installing_aws/ipi/installing-aws-customizations.adoc,existing,leveloffset=+1; assembly context=installing-aws-customizations,folds 4 source jobs: Install on AWS (IPI default); Install a private cluster on AWS (IPI); Install on AWS with customizations (IPI); Install on AWS in an existing VPC (IPI)
Install a cluster on AWS,"When I want a standard AWS deployment, I need to run the IPI installer with default settings so I can quickly create a production-ready cluster.",Install a cluster on a cloud platform,full,modules/nw-network-config.adoc,installing/installing_aws/ipi/installing-aws-customizations.adoc,existing,leveloffset=+1; assembly context=installing-aws-customizations,folds 4 source jobs: Install on AWS (IPI default); Install a private cluster on AWS (IPI); Install on AWS with customizations (IPI); Install on AWS in an existing VPC (IPI)
Install a cluster on AWS,"When I want a standard AWS deployment, I need to run the IPI installer with default settings so I can quickly create a production-ready cluster.",Install a cluster on a cloud platform,full,modules/installation-initializing.adoc,installing/installing_aws/ipi/installing-aws-customizations.adoc,existing,leveloffset=+1; assembly context=installing-aws-customizations,folds 4 source jobs: Install on AWS (IPI default); Install a private cluster on AWS (IPI); Install on AWS with customizations (IPI); Install on AWS in an existing VPC (IPI)
Install a cluster on AWS,"When I want a standard AWS deployment, I need to run the IPI installer with default settings so I can quickly create a production-ready cluster.",Install a cluster on a cloud platform,full,modules/nw-operator-cr.adoc,installing/installing_aws/ipi/installing-aws-customizations.adoc,existing,leveloffset=+1; assembly context=installing-aws-customizations,folds 4 source jobs: Install on AWS (IPI default); Install a private cluster on AWS (IPI); Install on AWS with customizations (IPI); Install on AWS in an existing VPC (IPI)
Install a cluster on AWS,"When I want a standard AWS deployment, I need to run the IPI installer with default settings so I can quickly create a production-ready cluster.",Install a cluster on a cloud platform,full,modules/nw-modifying-operator-install-config.adoc,installing/installing_aws/ipi/installing-aws-customizations.adoc,existing,leveloffset=+1; assembly context=installing-aws-customizations,folds 4 source jobs: Install on AWS (IPI default); Install a private cluster on AWS (IPI); Install on AWS with customizations (IPI); Install on AWS in an existing VPC (IPI)
Install a cluster on AWS,"When I want a standard AWS deployment, I need to run the IPI installer with default settings so I can quickly create a production-ready cluster.",Install a cluster on a cloud platform,full,modules/nw-aws-nlb-new-cluster.adoc,installing/installing_aws/ipi/installing-aws-customizations.adoc,existing,leveloffset=+1; assembly context=installing-aws-customizations,folds 4 source jobs: Install on AWS (IPI default); Install a private cluster on AWS (IPI); Install on AWS with customizations (IPI); Install on AWS in an existing VPC (IPI)
Install a cluster on AWS,"When I want a standard AWS deployment, I need to run the IPI installer with default settings so I can quickly create a production-ready cluster.",Install a cluster on a cloud platform,full,modules/configuring-hybrid-ovnkubernetes.adoc,installing/installing_aws/ipi/installing-aws-customizations.adoc,existing,leveloffset=+1; assembly context=installing-aws-customizations,folds 4 source jobs: Install on AWS (IPI default); Install a private cluster on AWS (IPI); Install on AWS with customizations (IPI); Install on AWS in an existing VPC (IPI)
Install a cluster on AWS,"When I want a standard AWS deployment, I need to run the IPI installer with default settings so I can quickly create a production-ready cluster.",Install a cluster on a cloud platform,full,modules/installing-aws-vpc-prereqs.adoc,installing/installing_aws/ipi/installing-aws-vpc.adoc,existing,leveloffset=+1; assembly context=installing-aws-vpc,folds 4 source jobs: Install on AWS (IPI default); Install a private cluster on AWS (IPI); Install on AWS with customizations (IPI); Install on AWS in an existing VPC (IPI)
Install a cluster on AWS,"When I want a standard AWS deployment, I need to run the IPI installer with default settings so I can quickly create a production-ready cluster.",Install a cluster on a cloud platform,full,modules/installation-aws-permissions-iam-shared-vpc.adoc,installing/installing_aws/ipi/installing-aws-vpc.adoc,existing,leveloffset=+2; assembly context=installing-aws-vpc,folds 4 source jobs: Install on AWS (IPI default); Install a private cluster on AWS (IPI); Install on AWS with customizations (IPI); Install on AWS in an existing VPC (IPI)
Install a cluster on AWS,"When I want a standard AWS deployment, I need to run the IPI installer with default settings so I can quickly create a production-ready cluster.",Install a cluster on a cloud platform,full,modules/allocating-load-balancers.adoc,installing/installing_aws/ipi/installing-aws-vpc.adoc,existing,leveloffset=+2; assembly context=installing-aws-vpc,folds 4 source jobs: Install on AWS (IPI default); Install a private cluster on AWS (IPI); Install on AWS with customizations (IPI); Install on AWS in an existing VPC (IPI)
Install a cluster on AWS,"When I want a standard AWS deployment, I need to run the IPI installer with default settings so I can quickly create a production-ready cluster.",Install a cluster on a cloud platform,full,modules/nw-allocating-load-balancers-to-subnets.adoc,installing/installing_aws/ipi/installing-aws-vpc.adoc,existing,leveloffset=+3; assembly context=installing-aws-vpc,folds 4 source jobs: Install on AWS (IPI default); Install a private cluster on AWS (IPI); Install on AWS with customizations (IPI); Install on AWS in an existing VPC (IPI)
Install a cluster on AWS,"When I want a standard AWS deployment, I need to run the IPI installer with default settings so I can quickly create a production-ready cluster.",Install a cluster on a cloud platform,full,modules/nw-allocate-load-balancers-to-subnets-procedure.adoc,installing/installing_aws/ipi/installing-aws-vpc.adoc,existing,leveloffset=+3; assembly context=installing-aws-vpc,folds 4 source jobs: Install on AWS (IPI default); Install a private cluster on AWS (IPI); Install on AWS with customizations (IPI); Install on AWS in an existing VPC (IPI)
Install a cluster on Azure,"When I need a cluster without public endpoints on Azure, I need to deploy a private cluster so all traffic stays within my private network.",Install a cluster on a cloud platform,full,modules/private-clusters-default.adoc,installing/installing_azure/ipi/installing-azure-private.adoc,existing,leveloffset=+1; assembly context=installing-azure-private,folds 5 source jobs: Install a private cluster on Azure (IPI); Install on Azure (IPI default); Install on Azure with customizations (IPI); Install on Azure in an existing VNet (IPI); Install on Azure Government (IPI)
Install a cluster on Azure,"When I need a cluster without public endpoints on Azure, I need to deploy a private cluster so all traffic stays within my private network.",Install a cluster on a cloud platform,full,modules/private-clusters-about-azure.adoc,installing/installing_azure/ipi/installing-azure-private.adoc,existing,leveloffset=+2; assembly context=installing-azure-private,folds 5 source jobs: Install a private cluster on Azure (IPI); Install on Azure (IPI default); Install on Azure with customizations (IPI); Install on Azure in an existing VNet (IPI); Install on Azure Government (IPI)
Install a cluster on Azure,"When I need a cluster without public endpoints on Azure, I need to deploy a private cluster so all traffic stays within my private network.",Install a cluster on a cloud platform,full,modules/installation-azure-user-defined-routing.adoc,installing/installing_azure/ipi/installing-azure-private.adoc,existing,leveloffset=+2; assembly context=installing-azure-private,folds 5 source jobs: Install a private cluster on Azure (IPI); Install on Azure (IPI default); Install on Azure with customizations (IPI); Install on Azure in an existing VNet (IPI); Install on Azure Government (IPI)
Install a cluster on Azure,"When I need a cluster without public endpoints on Azure, I need to deploy a private cluster so all traffic stays within my private network.",Install a cluster on a cloud platform,full,modules/installation-about-custom-azure-vnet.adoc,installing/installing_azure/ipi/installing-azure-private.adoc,existing,leveloffset=+1; assembly context=installing-azure-private,folds 5 source jobs: Install a private cluster on Azure (IPI); Install on Azure (IPI default); Install on Azure with customizations (IPI); Install on Azure in an existing VNet (IPI); Install on Azure Government (IPI)
Install a cluster on Azure,"When I need a cluster without public endpoints on Azure, I need to deploy a private cluster so all traffic stays within my private network.",Install a cluster on a cloud platform,full,modules/installation-about-custom-azure-vnet-requirements.adoc,installing/installing_azure/ipi/installing-azure-private.adoc,existing,leveloffset=+2; assembly context=installing-azure-private,folds 5 source jobs: Install a private cluster on Azure (IPI); Install on Azure (IPI default); Install on Azure with customizations (IPI); Install on Azure in an existing VNet (IPI); Install on Azure Government (IPI)
Install a cluster on Azure,"When I need a cluster without public endpoints on Azure, I need to deploy a private cluster so all traffic stays within my private network.",Install a cluster on a cloud platform,full,modules/installation-about-custom-azure-permissions.adoc,installing/installing_azure/ipi/installing-azure-private.adoc,existing,leveloffset=+2; assembly context=installing-azure-private,folds 5 source jobs: Install a private cluster on Azure (IPI); Install on Azure (IPI default); Install on Azure with customizations (IPI); Install on Azure in an existing VNet (IPI); Install on Azure Government (IPI)
Install a cluster on Azure,"When I need a cluster without public endpoints on Azure, I need to deploy a private cluster so all traffic stays within my private network.",Install a cluster on a cloud platform,full,modules/installation-about-custom-azure-vnet-isolation.adoc,installing/installing_azure/ipi/installing-azure-private.adoc,existing,leveloffset=+2; assembly context=installing-azure-private,folds 5 source jobs: Install a private cluster on Azure (IPI); Install on Azure (IPI default); Install on Azure with customizations (IPI); Install on Azure in an existing VNet (IPI); Install on Azure Government (IPI)
Install a cluster on Azure,"When I need a cluster without public endpoints on Azure, I need to deploy a private cluster so all traffic stays within my private network.",Install a cluster on a cloud platform,full,modules/installation-initializing-manual.adoc,installing/installing_azure/ipi/installing-azure-private.adoc,existing,leveloffset=+1; assembly context=installing-azure-private,folds 5 source jobs: Install a private cluster on Azure (IPI); Install on Azure (IPI default); Install on Azure with customizations (IPI); Install on Azure in an existing VNet (IPI); Install on Azure Government (IPI)
Install a cluster on Azure,"When I need a cluster without public endpoints on Azure, I need to deploy a private cluster so all traffic stays within my private network.",Install a cluster on a cloud platform,full,modules/installation-minimum-resource-requirements.adoc,installing/installing_azure/ipi/installing-azure-private.adoc,existing,leveloffset=+2; assembly context=installing-azure-private,folds 5 source jobs: Install a private cluster on Azure (IPI); Install on Azure (IPI default); Install on Azure with customizations (IPI); Install on Azure in an existing VNet (IPI); Install on Azure Government (IPI)
Install a cluster on Azure,"When I need a cluster without public endpoints on Azure, I need to deploy a private cluster so all traffic stays within my private network.",Install a cluster on a cloud platform,full,modules/installation-azure-tested-machine-types.adoc,installing/installing_azure/ipi/installing-azure-private.adoc,existing,leveloffset=+2; assembly context=installing-azure-private,folds 5 source jobs: Install a private cluster on Azure (IPI); Install on Azure (IPI default); Install on Azure with customizations (IPI); Install on Azure in an existing VNet (IPI); Install on Azure Government (IPI)
Install a cluster on Azure,"When I need a cluster without public endpoints on Azure, I need to deploy a private cluster so all traffic stays within my private network.",Install a cluster on a cloud platform,full,modules/installation-azure-arm-tested-machine-types.adoc,installing/installing_azure/ipi/installing-azure-private.adoc,existing,leveloffset=+2; assembly context=installing-azure-private,folds 5 source jobs: Install a private cluster on Azure (IPI); Install on Azure (IPI default); Install on Azure with customizations (IPI); Install on Azure in an existing VNet (IPI); Install on Azure Government (IPI)
Install a cluster on Azure,"When I need a cluster without public endpoints on Azure, I need to deploy a private cluster so all traffic stays within my private network.",Install a cluster on a cloud platform,full,modules/installation-azure-trusted-launch.adoc,installing/installing_azure/ipi/installing-azure-private.adoc,existing,leveloffset=+2; assembly context=installing-azure-private,folds 5 source jobs: Install a private cluster on Azure (IPI); Install on Azure (IPI default); Install on Azure with customizations (IPI); Install on Azure in an existing VNet (IPI); Install on Azure Government (IPI)
Install a cluster on Azure,"When I need a cluster without public endpoints on Azure, I need to deploy a private cluster so all traffic stays within my private network.",Install a cluster on a cloud platform,full,modules/installation-azure-confidential-vms.adoc,installing/installing_azure/ipi/installing-azure-private.adoc,existing,leveloffset=+2; assembly context=installing-azure-private,folds 5 source jobs: Install a private cluster on Azure (IPI); Install on Azure (IPI default); Install on Azure with customizations (IPI); Install on Azure in an existing VNet (IPI); Install on Azure Government (IPI)
Install a cluster on Azure,"When I need a cluster without public endpoints on Azure, I need to deploy a private cluster so all traffic stays within my private network.",Install a cluster on a cloud platform,full,modules/installing-azure-managing-dns-solution.adoc,installing/installing_azure/ipi/installing-azure-private.adoc,existing,leveloffset=+2; assembly context=installing-azure-private,folds 5 source jobs: Install a private cluster on Azure (IPI); Install on Azure (IPI default); Install on Azure with customizations (IPI); Install on Azure in an existing VNet (IPI); Install on Azure Government (IPI)
Install a cluster on Azure,"When I need a cluster without public endpoints on Azure, I need to deploy a private cluster so all traffic stays within my private network.",Install a cluster on a cloud platform,full,modules/installation-azure-config-yaml-simple.adoc,installing/installing_azure/ipi/installing-azure-private.adoc,existing,leveloffset=+2; assembly context=installing-azure-private,folds 5 source jobs: Install a private cluster on Azure (IPI); Install on Azure (IPI default); Install on Azure with customizations (IPI); Install on Azure in an existing VNet (IPI); Install on Azure Government (IPI)
Install a cluster on Azure,"When I need a cluster without public endpoints on Azure, I need to deploy a private cluster so all traffic stays within my private network.",Install a cluster on a cloud platform,full,modules/installation-configure-proxy.adoc,installing/installing_azure/ipi/installing-azure-private.adoc,existing,leveloffset=+2; assembly context=installing-azure-private,folds 5 source jobs: Install a private cluster on Azure (IPI); Install on Azure (IPI default); Install on Azure with customizations (IPI); Install on Azure in an existing VNet (IPI); Install on Azure Government (IPI)
Install a cluster on Azure,"When I need a cluster without public endpoints on Azure, I need to deploy a private cluster so all traffic stays within my private network.",Install a cluster on a cloud platform,full,modules/manually-create-identity-access-management.adoc,installing/installing_azure/ipi/installing-azure-private.adoc,existing,leveloffset=+2; assembly context=installing-azure-private,folds 5 source jobs: Install a private cluster on Azure (IPI); Install on Azure (IPI default); Install on Azure with customizations (IPI); Install on Azure in an existing VNet (IPI); Install on Azure Government (IPI)
Install a cluster on Azure,"When I need a cluster without public endpoints on Azure, I need to deploy a private cluster so all traffic stays within my private network.",Install a cluster on a cloud platform,full,modules/cco-ccoctl-configuring.adoc,installing/installing_azure/ipi/installing-azure-private.adoc,existing,leveloffset=+3; assembly context=installing-azure-private,folds 5 source jobs: Install a private cluster on Azure (IPI); Install on Azure (IPI default); Install on Azure with customizations (IPI); Install on Azure in an existing VNet (IPI); Install on Azure Government (IPI)
Install a cluster on Azure,"When I need a cluster without public endpoints on Azure, I need to deploy a private cluster so all traffic stays within my private network.",Install a cluster on a cloud platform,full,modules/cco-ccoctl-creating-at-once.adoc,installing/installing_azure/ipi/installing-azure-private.adoc,existing,leveloffset=+3; assembly context=installing-azure-private,folds 5 source jobs: Install a private cluster on Azure (IPI); Install on Azure (IPI default); Install on Azure with customizations (IPI); Install on Azure in an existing VNet (IPI); Install on Azure Government (IPI)
Install a cluster on Azure,"When I need a cluster without public endpoints on Azure, I need to deploy a private cluster so all traffic stays within my private network.",Install a cluster on a cloud platform,full,modules/cco-ccoctl-install-creating-manifests.adoc,installing/installing_azure/ipi/installing-azure-private.adoc,existing,leveloffset=+3; assembly context=installing-azure-private,folds 5 source jobs: Install a private cluster on Azure (IPI); Install on Azure (IPI default); Install on Azure with customizations (IPI); Install on Azure in an existing VNet (IPI); Install on Azure Government (IPI)
Install a cluster on Azure,"When I need a cluster without public endpoints on Azure, I need to deploy a private cluster so all traffic stays within my private network.",Install a cluster on a cloud platform,full,modules/installing-private-image-registry-private-azure.adoc,installing/installing_azure/ipi/installing-azure-private.adoc,existing,leveloffset=+1; assembly context=installing-azure-private,folds 5 source jobs: Install a private cluster on Azure (IPI); Install on Azure (IPI default); Install on Azure with customizations (IPI); Install on Azure in an existing VNet (IPI); Install on Azure Government (IPI)
Install a cluster on Azure,"When I need a cluster without public endpoints on Azure, I need to deploy a private cluster so all traffic stays within my private network.",Install a cluster on a cloud platform,full,modules/installation-launching-installer.adoc,installing/installing_azure/ipi/installing-azure-private.adoc,existing,leveloffset=+1; assembly context=installing-azure-private,folds 5 source jobs: Install a private cluster on Azure (IPI); Install on Azure (IPI default); Install on Azure with customizations (IPI); Install on Azure in an existing VNet (IPI); Install on Azure Government (IPI)
Install a cluster on Azure,"When I need a cluster without public endpoints on Azure, I need to deploy a private cluster so all traffic stays within my private network.",Install a cluster on a cloud platform,full,modules/installing-azure-provisioning-dns-records.adoc,installing/installing_azure/ipi/installing-azure-private.adoc,existing,leveloffset=+1; assembly context=installing-azure-private,folds 5 source jobs: Install a private cluster on Azure (IPI); Install on Azure (IPI default); Install on Azure with customizations (IPI); Install on Azure in an existing VNet (IPI); Install on Azure Government (IPI)
Install a cluster on Azure,"When I need a cluster without public endpoints on Azure, I need to deploy a private cluster so all traffic stays within my private network.",Install a cluster on a cloud platform,full,modules/cli-logging-in-kubeadmin.adoc,installing/installing_azure/ipi/installing-azure-private.adoc,existing,leveloffset=+1; assembly context=installing-azure-private,folds 5 source jobs: Install a private cluster on Azure (IPI); Install on Azure (IPI default); Install on Azure with customizations (IPI); Install on Azure in an existing VNet (IPI); Install on Azure Government (IPI)
Install a cluster on Azure,"When I need a cluster without public endpoints on Azure, I need to deploy a private cluster so all traffic stays within my private network.",Install a cluster on a cloud platform,full,modules/installation-azure-marketplace-subscribe.adoc,installing/installing_azure/ipi/installing-azure-customizations.adoc,existing,leveloffset=+1; assembly context=installing-azure-customizations,folds 5 source jobs: Install a private cluster on Azure (IPI); Install on Azure (IPI default); Install on Azure with customizations (IPI); Install on Azure in an existing VNet (IPI); Install on Azure Government (IPI)
Install a cluster on Azure,"When I need a cluster without public endpoints on Azure, I need to deploy a private cluster so all traffic stays within my private network.",Install a cluster on a cloud platform,full,modules/installation-initializing.adoc,installing/installing_azure/ipi/installing-azure-customizations.adoc,existing,leveloffset=+1; assembly context=installing-azure-customizations,folds 5 source jobs: Install a private cluster on Azure (IPI); Install on Azure (IPI default); Install on Azure with customizations (IPI); Install on Azure in an existing VNet (IPI); Install on Azure Government (IPI)
Install a cluster on Azure,"When I need a cluster without public endpoints on Azure, I need to deploy a private cluster so all traffic stays within my private network.",Install a cluster on a cloud platform,full,modules/installation-azure-dedicated-disks.adoc,installing/installing_azure/ipi/installing-azure-customizations.adoc,existing,leveloffset=+2; assembly context=installing-azure-customizations,folds 5 source jobs: Install a private cluster on Azure (IPI); Install on Azure (IPI default); Install on Azure with customizations (IPI); Install on Azure in an existing VNet (IPI); Install on Azure Government (IPI)
Install a cluster on Azure,"When I need a cluster without public endpoints on Azure, I need to deploy a private cluster so all traffic stays within my private network.",Install a cluster on a cloud platform,full,modules/nw-network-config.adoc,installing/installing_azure/ipi/installing-azure-customizations.adoc,existing,leveloffset=+1; assembly context=installing-azure-customizations,folds 5 source jobs: Install a private cluster on Azure (IPI); Install on Azure (IPI default); Install on Azure with customizations (IPI); Install on Azure in an existing VNet (IPI); Install on Azure Government (IPI)
Install a cluster on Azure,"When I need a cluster without public endpoints on Azure, I need to deploy a private cluster so all traffic stays within my private network.",Install a cluster on a cloud platform,full,modules/nw-modifying-operator-install-config.adoc,installing/installing_azure/ipi/installing-azure-customizations.adoc,existing,leveloffset=+1; assembly context=installing-azure-customizations,folds 5 source jobs: Install a private cluster on Azure (IPI); Install on Azure (IPI default); Install on Azure with customizations (IPI); Install on Azure in an existing VNet (IPI); Install on Azure Government (IPI)
Install a cluster on Azure,"When I need a cluster without public endpoints on Azure, I need to deploy a private cluster so all traffic stays within my private network.",Install a cluster on a cloud platform,full,modules/nw-operator-cr.adoc,installing/installing_azure/ipi/installing-azure-customizations.adoc,existing,leveloffset=+1; assembly context=installing-azure-customizations,folds 5 source jobs: Install a private cluster on Azure (IPI); Install on Azure (IPI default); Install on Azure with customizations (IPI); Install on Azure in an existing VNet (IPI); Install on Azure Government (IPI)
Install a cluster on Azure,"When I need a cluster without public endpoints on Azure, I need to deploy a private cluster so all traffic stays within my private network.",Install a cluster on a cloud platform,full,modules/configuring-hybrid-ovnkubernetes.adoc,installing/installing_azure/ipi/installing-azure-customizations.adoc,existing,leveloffset=+1; assembly context=installing-azure-customizations,folds 5 source jobs: Install a private cluster on Azure (IPI); Install on Azure (IPI default); Install on Azure with customizations (IPI); Install on Azure in an existing VNet (IPI); Install on Azure Government (IPI)
Install a cluster on Azure,"When I need a cluster without public endpoints on Azure, I need to deploy a private cluster so all traffic stays within my private network.",Install a cluster on a cloud platform,full,modules/installation-user-defined-tags-azure.adoc,installing/installing_azure/ipi/installing-azure-customizations.adoc,existing,leveloffset=+1; assembly context=installing-azure-customizations,folds 5 source jobs: Install a private cluster on Azure (IPI); Install on Azure (IPI default); Install on Azure with customizations (IPI); Install on Azure in an existing VNet (IPI); Install on Azure Government (IPI)
Install a cluster on Azure,"When I need a cluster without public endpoints on Azure, I need to deploy a private cluster so all traffic stays within my private network.",Install a cluster on a cloud platform,full,modules/installation-creating-user-defined-tags-azure.adoc,installing/installing_azure/ipi/installing-azure-customizations.adoc,existing,leveloffset=+2; assembly context=installing-azure-customizations,folds 5 source jobs: Install a private cluster on Azure (IPI); Install on Azure (IPI default); Install on Azure with customizations (IPI); Install on Azure in an existing VNet (IPI); Install on Azure Government (IPI)
Install a cluster on Azure,"When I need a cluster without public endpoints on Azure, I need to deploy a private cluster so all traffic stays within my private network.",Install a cluster on a cloud platform,full,modules/installation-user-defined-tags-requirements-azure.adoc,installing/installing_azure/ipi/installing-azure-customizations.adoc,existing,leveloffset=+2; assembly context=installing-azure-customizations,folds 5 source jobs: Install a private cluster on Azure (IPI); Install on Azure (IPI default); Install on Azure with customizations (IPI); Install on Azure in an existing VNet (IPI); Install on Azure Government (IPI)
Install a cluster on Azure,"When I need a cluster without public endpoints on Azure, I need to deploy a private cluster so all traffic stays within my private network.",Install a cluster on a cloud platform,full,modules/installing-azure-manual-modes.adoc,installing/installing_azure/ipi/installing-azure-vnet.adoc,existing,leveloffset=+1; assembly context=installing-azure-vnet,folds 5 source jobs: Install a private cluster on Azure (IPI); Install on Azure (IPI default); Install on Azure with customizations (IPI); Install on Azure in an existing VNet (IPI); Install on Azure Government (IPI)
Install a cluster on Azure,"When I need a cluster without public endpoints on Azure, I need to deploy a private cluster so all traffic stays within my private network.",Install a cluster on a cloud platform,full,modules/installing-azure-with-short-term-creds.adoc,installing/installing_azure/ipi/installing-azure-vnet.adoc,existing,leveloffset=+2; assembly context=installing-azure-vnet,folds 5 source jobs: Install a private cluster on Azure (IPI); Install on Azure (IPI default); Install on Azure with customizations (IPI); Install on Azure in an existing VNet (IPI); Install on Azure Government (IPI)
Install a cluster on Azure,"When I need a cluster without public endpoints on Azure, I need to deploy a private cluster so all traffic stays within my private network.",Install a cluster on a cloud platform,full,modules/installation-azure-about-government-region.adoc,installing/installing_azure/ipi/installing-azure-government-region.adoc,existing,leveloffset=+1; assembly context=installing-azure-government-region,folds 5 source jobs: Install a private cluster on Azure (IPI); Install on Azure (IPI default); Install on Azure with customizations (IPI); Install on Azure in an existing VNet (IPI); Install on Azure Government (IPI)
Install a cluster on Google Cloud,"When I want a standard GCP deployment, I need to run the IPI installer with default settings.",Install a cluster on a cloud platform,full,modules/cluster-entitlements.adoc,installing/installing_gcp/installing-gcp-default.adoc,existing,leveloffset=+1; assembly context=installing-gcp-default,folds 5 source jobs: Install on GCP (IPI default); Install on GCP with customizations; Install on GCP with Shared VPC; Install on GCP in an existing VPC; Install a private cluster on GCP
Install a cluster on Google Cloud,"When I want a standard GCP deployment, I need to run the IPI installer with default settings.",Install a cluster on a cloud platform,full,modules/ssh-agent-using.adoc,installing/installing_gcp/installing-gcp-default.adoc,existing,leveloffset=+1; assembly context=installing-gcp-default,folds 5 source jobs: Install on GCP (IPI default); Install on GCP with customizations; Install on GCP with Shared VPC; Install on GCP in an existing VPC; Install a private cluster on GCP
Install a cluster on Google Cloud,"When I want a standard GCP deployment, I need to run the IPI installer with default settings.",Install a cluster on a cloud platform,full,modules/installation-obtaining-installer.adoc,installing/installing_gcp/installing-gcp-default.adoc,existing,leveloffset=+1; assembly context=installing-gcp-default,folds 5 source jobs: Install on GCP (IPI default); Install on GCP with customizations; Install on GCP with Shared VPC; Install on GCP in an existing VPC; Install a private cluster on GCP
Install a cluster on Google Cloud,"When I want a standard GCP deployment, I need to run the IPI installer with default settings.",Install a cluster on a cloud platform,full,modules/installation-launching-installer.adoc,installing/installing_gcp/installing-gcp-default.adoc,existing,leveloffset=+1; assembly context=installing-gcp-default,folds 5 source jobs: Install on GCP (IPI default); Install on GCP with customizations; Install on GCP with Shared VPC; Install on GCP in an existing VPC; Install a private cluster on GCP
Install a cluster on Google Cloud,"When I want a standard GCP deployment, I need to run the IPI installer with default settings.",Install a cluster on a cloud platform,full,modules/cli-installing-cli-linux.adoc,installing/installing_gcp/installing-gcp-default.adoc,existing,leveloffset=+1; assembly context=installing-gcp-default,folds 5 source jobs: Install on GCP (IPI default); Install on GCP with customizations; Install on GCP with Shared VPC; Install on GCP in an existing VPC; Install a private cluster on GCP
Install a cluster on Google Cloud,"When I want a standard GCP deployment, I need to run the IPI installer with default settings.",Install a cluster on a cloud platform,full,modules/cli-installing-cli-windows.adoc,installing/installing_gcp/installing-gcp-default.adoc,existing,leveloffset=+1; assembly context=installing-gcp-default,folds 5 source jobs: Install on GCP (IPI default); Install on GCP with customizations; Install on GCP with Shared VPC; Install on GCP in an existing VPC; Install a private cluster on GCP
Install a cluster on Google Cloud,"When I want a standard GCP deployment, I need to run the IPI installer with default settings.",Install a cluster on a cloud platform,full,modules/cli-installing-cli-macos.adoc,installing/installing_gcp/installing-gcp-default.adoc,existing,leveloffset=+1; assembly context=installing-gcp-default,folds 5 source jobs: Install on GCP (IPI default); Install on GCP with customizations; Install on GCP with Shared VPC; Install on GCP in an existing VPC; Install a private cluster on GCP
Install a cluster on Google Cloud,"When I want a standard GCP deployment, I need to run the IPI installer with default settings.",Install a cluster on a cloud platform,full,modules/cli-logging-in-kubeadmin.adoc,installing/installing_gcp/installing-gcp-default.adoc,existing,leveloffset=+1; assembly context=installing-gcp-default,folds 5 source jobs: Install on GCP (IPI default); Install on GCP with customizations; Install on GCP with Shared VPC; Install on GCP in an existing VPC; Install a private cluster on GCP
Install a cluster on Google Cloud,"When I want a standard GCP deployment, I need to run the IPI installer with default settings.",Install a cluster on a cloud platform,full,modules/cluster-telemetry.adoc,installing/installing_gcp/installing-gcp-default.adoc,existing,leveloffset=+1; assembly context=installing-gcp-default,folds 5 source jobs: Install on GCP (IPI default); Install on GCP with customizations; Install on GCP with Shared VPC; Install on GCP in an existing VPC; Install a private cluster on GCP
Install a cluster on Google Cloud,"When I want a standard GCP deployment, I need to run the IPI installer with default settings.",Install a cluster on a cloud platform,full,modules/installing-gcp-customizations-prerequisites.adoc,installing/installing_gcp/installing-gcp-customizations.adoc,existing,leveloffset=+1; assembly context=installing-gcp-customizations,folds 5 source jobs: Install on GCP (IPI default); Install on GCP with customizations; Install on GCP with Shared VPC; Install on GCP in an existing VPC; Install a private cluster on GCP
Install a cluster on Google Cloud,"When I want a standard GCP deployment, I need to run the IPI installer with default settings.",Install a cluster on a cloud platform,full,modules/installation-initializing.adoc,installing/installing_gcp/installing-gcp-customizations.adoc,existing,leveloffset=+1; assembly context=installing-gcp-customizations,folds 5 source jobs: Install on GCP (IPI default); Install on GCP with customizations; Install on GCP with Shared VPC; Install on GCP in an existing VPC; Install a private cluster on GCP
Install a cluster on Google Cloud,"When I want a standard GCP deployment, I need to run the IPI installer with default settings.",Install a cluster on a cloud platform,full,modules/installation-minimum-resource-requirements.adoc,installing/installing_gcp/installing-gcp-customizations.adoc,existing,leveloffset=+2; assembly context=installing-gcp-customizations,folds 5 source jobs: Install on GCP (IPI default); Install on GCP with customizations; Install on GCP with Shared VPC; Install on GCP in an existing VPC; Install a private cluster on GCP
Install a cluster on Google Cloud,"When I want a standard GCP deployment, I need to run the IPI installer with default settings.",Install a cluster on a cloud platform,full,modules/installation-gcp-tested-machine-types.adoc,installing/installing_gcp/installing-gcp-customizations.adoc,existing,leveloffset=+2; assembly context=installing-gcp-customizations,folds 5 source jobs: Install on GCP (IPI default); Install on GCP with customizations; Install on GCP with Shared VPC; Install on GCP in an existing VPC; Install a private cluster on GCP
Install a cluster on Google Cloud,"When I want a standard GCP deployment, I need to run the IPI installer with default settings.",Install a cluster on a cloud platform,full,modules/installation-gcp-tested-machine-types-arm.adoc,installing/installing_gcp/installing-gcp-customizations.adoc,existing,leveloffset=+2; assembly context=installing-gcp-customizations,folds 5 source jobs: Install on GCP (IPI default); Install on GCP with customizations; Install on GCP with Shared VPC; Install on GCP in an existing VPC; Install a private cluster on GCP
Install a cluster on Google Cloud,"When I want a standard GCP deployment, I need to run the IPI installer with default settings.",Install a cluster on a cloud platform,full,modules/installation-using-gcp-custom-machine-types.adoc,installing/installing_gcp/installing-gcp-customizations.adoc,existing,leveloffset=+2; assembly context=installing-gcp-customizations,folds 5 source jobs: Install on GCP (IPI default); Install on GCP with customizations; Install on GCP with Shared VPC; Install on GCP in an existing VPC; Install a private cluster on GCP
Install a cluster on Google Cloud,"When I want a standard GCP deployment, I need to run the IPI installer with default settings.",Install a cluster on a cloud platform,full,modules/installation-gcp-enabling-shielded-vms.adoc,installing/installing_gcp/installing-gcp-customizations.adoc,existing,leveloffset=+2; assembly context=installing-gcp-customizations,folds 5 source jobs: Install on GCP (IPI default); Install on GCP with customizations; Install on GCP with Shared VPC; Install on GCP in an existing VPC; Install a private cluster on GCP
Install a cluster on Google Cloud,"When I want a standard GCP deployment, I need to run the IPI installer with default settings.",Install a cluster on a cloud platform,full,modules/installation-gcp-enabling-confidential-vms.adoc,installing/installing_gcp/installing-gcp-customizations.adoc,existing,leveloffset=+2; assembly context=installing-gcp-customizations,folds 5 source jobs: Install on GCP (IPI default); Install on GCP with customizations; Install on GCP with Shared VPC; Install on GCP in an existing VPC; Install a private cluster on GCP
Install a cluster on Google Cloud,"When I want a standard GCP deployment, I need to run the IPI installer with default settings.",Install a cluster on a cloud platform,full,modules/installation-gcp-managing-dns-solution.adoc,installing/installing_gcp/installing-gcp-customizations.adoc,existing,leveloffset=+2; assembly context=installing-gcp-customizations,folds 5 source jobs: Install on GCP (IPI default); Install on GCP with customizations; Install on GCP with Shared VPC; Install on GCP in an existing VPC; Install a private cluster on GCP
Install a cluster on Google Cloud,"When I want a standard GCP deployment, I need to run the IPI installer with default settings.",Install a cluster on a cloud platform,full,modules/installation-gcp-config-yaml-simple.adoc,installing/installing_gcp/installing-gcp-customizations.adoc,existing,leveloffset=+2; assembly context=installing-gcp-customizations,folds 5 source jobs: Install on GCP (IPI default); Install on GCP with customizations; Install on GCP with Shared VPC; Install on GCP in an existing VPC; Install a private cluster on GCP
Install a cluster on Google Cloud,"When I want a standard GCP deployment, I need to run the IPI installer with default settings.",Install a cluster on a cloud platform,full,modules/installation-configure-proxy.adoc,installing/installing_gcp/installing-gcp-customizations.adoc,existing,leveloffset=+2; assembly context=installing-gcp-customizations,folds 5 source jobs: Install on GCP (IPI default); Install on GCP with customizations; Install on GCP with Shared VPC; Install on GCP in an existing VPC; Install a private cluster on GCP
Install a cluster on Google Cloud,"When I want a standard GCP deployment, I need to run the IPI installer with default settings.",Install a cluster on a cloud platform,full,modules/installing-gcp-user-defined-labels-and-tags.adoc,installing/installing_gcp/installing-gcp-customizations.adoc,existing,leveloffset=+1; assembly context=installing-gcp-customizations,folds 5 source jobs: Install on GCP (IPI default); Install on GCP with customizations; Install on GCP with Shared VPC; Install on GCP in an existing VPC; Install a private cluster on GCP
Install a cluster on Google Cloud,"When I want a standard GCP deployment, I need to run the IPI installer with default settings.",Install a cluster on a cloud platform,full,modules/installing-gcp-cluster-label-tag-reference.adoc,installing/installing_gcp/installing-gcp-customizations.adoc,existing,leveloffset=+2; assembly context=installing-gcp-customizations,folds 5 source jobs: Install on GCP (IPI default); Install on GCP with customizations; Install on GCP with Shared VPC; Install on GCP in an existing VPC; Install a private cluster on GCP
Install a cluster on Google Cloud,"When I want a standard GCP deployment, I need to run the IPI installer with default settings.",Install a cluster on a cloud platform,full,modules/installing-gcp-cluster-creation.adoc,installing/installing_gcp/installing-gcp-customizations.adoc,existing,leveloffset=+2; assembly context=installing-gcp-customizations,folds 5 source jobs: Install on GCP (IPI default); Install on GCP with customizations; Install on GCP with Shared VPC; Install on GCP in an existing VPC; Install a private cluster on GCP
Install a cluster on Google Cloud,"When I want a standard GCP deployment, I need to run the IPI installer with default settings.",Install a cluster on a cloud platform,full,modules/installing-gcp-querying-labels-tags-gcp.adoc,installing/installing_gcp/installing-gcp-customizations.adoc,existing,leveloffset=+2; assembly context=installing-gcp-customizations,folds 5 source jobs: Install on GCP (IPI default); Install on GCP with customizations; Install on GCP with Shared VPC; Install on GCP in an existing VPC; Install a private cluster on GCP
Install a cluster on Google Cloud,"When I want a standard GCP deployment, I need to run the IPI installer with default settings.",Install a cluster on a cloud platform,full,modules/installing-gcp-manual-modes.adoc,installing/installing_gcp/installing-gcp-customizations.adoc,existing,leveloffset=+1; assembly context=installing-gcp-customizations,folds 5 source jobs: Install on GCP (IPI default); Install on GCP with customizations; Install on GCP with Shared VPC; Install on GCP in an existing VPC; Install a private cluster on GCP
Install a cluster on Google Cloud,"When I want a standard GCP deployment, I need to run the IPI installer with default settings.",Install a cluster on a cloud platform,full,modules/manually-create-identity-access-management.adoc,installing/installing_gcp/installing-gcp-customizations.adoc,existing,leveloffset=+2; assembly context=installing-gcp-customizations,folds 5 source jobs: Install on GCP (IPI default); Install on GCP with customizations; Install on GCP with Shared VPC; Install on GCP in an existing VPC; Install a private cluster on GCP
Install a cluster on Google Cloud,"When I want a standard GCP deployment, I need to run the IPI installer with default settings.",Install a cluster on a cloud platform,full,modules/installing-gcp-short-term-creds.adoc,installing/installing_gcp/installing-gcp-customizations.adoc,existing,leveloffset=+2; assembly context=installing-gcp-customizations,folds 5 source jobs: Install on GCP (IPI default); Install on GCP with customizations; Install on GCP with Shared VPC; Install on GCP in an existing VPC; Install a private cluster on GCP
Install a cluster on Google Cloud,"When I want a standard GCP deployment, I need to run the IPI installer with default settings.",Install a cluster on a cloud platform,full,modules/cco-ccoctl-configuring.adoc,installing/installing_gcp/installing-gcp-customizations.adoc,existing,leveloffset=+3; assembly context=installing-gcp-customizations,folds 5 source jobs: Install on GCP (IPI default); Install on GCP with customizations; Install on GCP with Shared VPC; Install on GCP in an existing VPC; Install a private cluster on GCP
Install a cluster on Google Cloud,"When I want a standard GCP deployment, I need to run the IPI installer with default settings.",Install a cluster on a cloud platform,full,modules/cco-ccoctl-creating-at-once.adoc,installing/installing_gcp/installing-gcp-customizations.adoc,existing,leveloffset=+3; assembly context=installing-gcp-customizations,folds 5 source jobs: Install on GCP (IPI default); Install on GCP with customizations; Install on GCP with Shared VPC; Install on GCP in an existing VPC; Install a private cluster on GCP
Install a cluster on Google Cloud,"When I want a standard GCP deployment, I need to run the IPI installer with default settings.",Install a cluster on a cloud platform,full,modules/restricting-sa-impersonation-compute-sa-gcp.adoc,installing/installing_gcp/installing-gcp-customizations.adoc,existing,leveloffset=+3; assembly context=installing-gcp-customizations,folds 5 source jobs: Install on GCP (IPI default); Install on GCP with customizations; Install on GCP with Shared VPC; Install on GCP in an existing VPC; Install a private cluster on GCP
Install a cluster on Google Cloud,"When I want a standard GCP deployment, I need to run the IPI installer with default settings.",Install a cluster on a cloud platform,full,modules/cco-ccoctl-install-creating-manifests.adoc,installing/installing_gcp/installing-gcp-customizations.adoc,existing,leveloffset=+3; assembly context=installing-gcp-customizations,folds 5 source jobs: Install on GCP (IPI default); Install on GCP with customizations; Install on GCP with Shared VPC; Install on GCP in an existing VPC; Install a private cluster on GCP
Install a cluster on Google Cloud,"When I want a standard GCP deployment, I need to run the IPI installer with default settings.",Install a cluster on a cloud platform,full,modules/installation-gcp-marketplace.adoc,installing/installing_gcp/installing-gcp-customizations.adoc,existing,leveloffset=+1; assembly context=installing-gcp-customizations,folds 5 source jobs: Install on GCP (IPI default); Install on GCP with customizations; Install on GCP with Shared VPC; Install on GCP in an existing VPC; Install a private cluster on GCP
Install a cluster on Google Cloud,"When I want a standard GCP deployment, I need to run the IPI installer with default settings.",Install a cluster on a cloud platform,full,modules/nw-network-config.adoc,installing/installing_gcp/installing-gcp-customizations.adoc,existing,leveloffset=+1; assembly context=installing-gcp-customizations,folds 5 source jobs: Install on GCP (IPI default); Install on GCP with customizations; Install on GCP with Shared VPC; Install on GCP in an existing VPC; Install a private cluster on GCP
Install a cluster on Google Cloud,"When I want a standard GCP deployment, I need to run the IPI installer with default settings.",Install a cluster on a cloud platform,full,modules/nw-modifying-operator-install-config.adoc,installing/installing_gcp/installing-gcp-customizations.adoc,existing,leveloffset=+1; assembly context=installing-gcp-customizations,folds 5 source jobs: Install on GCP (IPI default); Install on GCP with customizations; Install on GCP with Shared VPC; Install on GCP in an existing VPC; Install a private cluster on GCP
Install a cluster on Google Cloud,"When I want a standard GCP deployment, I need to run the IPI installer with default settings.",Install a cluster on a cloud platform,full,modules/nw-operator-cr.adoc,installing/installing_gcp/installing-gcp-customizations.adoc,existing,leveloffset=+1; assembly context=installing-gcp-customizations,folds 5 source jobs: Install on GCP (IPI default); Install on GCP with customizations; Install on GCP with Shared VPC; Install on GCP in an existing VPC; Install a private cluster on GCP
Install a cluster on Google Cloud,"When I want a standard GCP deployment, I need to run the IPI installer with default settings.",Install a cluster on a cloud platform,full,modules/installation-gcp-provisioning-dns-records.adoc,installing/installing_gcp/installing-gcp-customizations.adoc,existing,leveloffset=+1; assembly context=installing-gcp-customizations,folds 5 source jobs: Install on GCP (IPI default); Install on GCP with customizations; Install on GCP with Shared VPC; Install on GCP in an existing VPC; Install a private cluster on GCP
Install a cluster on Google Cloud,"When I want a standard GCP deployment, I need to run the IPI installer with default settings.",Install a cluster on a cloud platform,full,modules/installation-user-infra-generate.adoc,installing/installing_gcp/installing-gcp-shared-vpc.adoc,existing,leveloffset=+1; assembly context=installing-gcp-shared-vpc,folds 5 source jobs: Install on GCP (IPI default); Install on GCP with customizations; Install on GCP with Shared VPC; Install on GCP in an existing VPC; Install a private cluster on GCP
Install a cluster on Google Cloud,"When I want a standard GCP deployment, I need to run the IPI installer with default settings.",Install a cluster on a cloud platform,full,modules/installation-initializing-manual.adoc,installing/installing_gcp/installing-gcp-shared-vpc.adoc,existing,leveloffset=+2; assembly context=installing-gcp-shared-vpc,folds 5 source jobs: Install on GCP (IPI default); Install on GCP with customizations; Install on GCP with Shared VPC; Install on GCP in an existing VPC; Install a private cluster on GCP
Install a cluster on Google Cloud,"When I want a standard GCP deployment, I need to run the IPI installer with default settings.",Install a cluster on a cloud platform,full,modules/installation-custom-gcp-vpc.adoc,installing/installing_gcp/installing-gcp-vpc.adoc,existing,leveloffset=+1; assembly context=installing-gcp-vpc,folds 5 source jobs: Install on GCP (IPI default); Install on GCP with customizations; Install on GCP with Shared VPC; Install on GCP in an existing VPC; Install a private cluster on GCP
Install a cluster on Google Cloud,"When I want a standard GCP deployment, I need to run the IPI installer with default settings.",Install a cluster on a cloud platform,full,modules/nw-gcp-installing-global-access-configuration.adoc,installing/installing_gcp/installing-gcp-vpc.adoc,existing,leveloffset=+2; assembly context=installing-gcp-vpc,folds 5 source jobs: Install on GCP (IPI default); Install on GCP with customizations; Install on GCP with Shared VPC; Install on GCP in an existing VPC; Install a private cluster on GCP
Install a cluster on Google Cloud,"When I want a standard GCP deployment, I need to run the IPI installer with default settings.",Install a cluster on a cloud platform,full,modules/private-clusters-default.adoc,installing/installing_gcp/installing-gcp-private.adoc,existing,leveloffset=+1; assembly context=installing-gcp-private,folds 5 source jobs: Install on GCP (IPI default); Install on GCP with customizations; Install on GCP with Shared VPC; Install on GCP in an existing VPC; Install a private cluster on GCP
Install a cluster on Google Cloud,"When I want a standard GCP deployment, I need to run the IPI installer with default settings.",Install a cluster on a cloud platform,full,modules/private-clusters-about-gcp.adoc,installing/installing_gcp/installing-gcp-private.adoc,existing,leveloffset=+2; assembly context=installing-gcp-private,folds 5 source jobs: Install on GCP (IPI default); Install on GCP with customizations; Install on GCP with Shared VPC; Install on GCP in an existing VPC; Install a private cluster on GCP
Install a cluster on Google Cloud,"When I want a standard GCP deployment, I need to run the IPI installer with default settings.",Install a cluster on a cloud platform,full,modules/installation-about-custom-gcp-vpc.adoc,installing/installing_gcp/installing-gcp-private.adoc,existing,leveloffset=+1; assembly context=installing-gcp-private,folds 5 source jobs: Install on GCP (IPI default); Install on GCP with customizations; Install on GCP with Shared VPC; Install on GCP in an existing VPC; Install a private cluster on GCP
Install a cluster on IBM Cloud,"When I want automated IBM Cloud provisioning, I need to run the IPI installer so I can deploy on IBM Cloud VPC.",Install a cluster on a cloud platform,full,modules/prereqs-ibm-cloud-installer-provisioned.adoc,installing/installing_ibm_cloud/installing-ibm-cloud-customizations.adoc,existing,leveloffset=+1; assembly context=installing-ibm-cloud-customizations,folds 1 source jobs: Install on IBM Cloud (IPI)
Install a cluster on IBM Cloud,"When I want automated IBM Cloud provisioning, I need to run the IPI installer so I can deploy on IBM Cloud VPC.",Install a cluster on a cloud platform,full,modules/cluster-entitlements.adoc,installing/installing_ibm_cloud/installing-ibm-cloud-customizations.adoc,existing,leveloffset=+1; assembly context=installing-ibm-cloud-customizations,folds 1 source jobs: Install on IBM Cloud (IPI)
Install a cluster on IBM Cloud,"When I want automated IBM Cloud provisioning, I need to run the IPI installer so I can deploy on IBM Cloud VPC.",Install a cluster on a cloud platform,full,modules/ssh-agent-using.adoc,installing/installing_ibm_cloud/installing-ibm-cloud-customizations.adoc,existing,leveloffset=+1; assembly context=installing-ibm-cloud-customizations,folds 1 source jobs: Install on IBM Cloud (IPI)
Install a cluster on IBM Cloud,"When I want automated IBM Cloud provisioning, I need to run the IPI installer so I can deploy on IBM Cloud VPC.",Install a cluster on a cloud platform,full,modules/installation-obtaining-installer.adoc,installing/installing_ibm_cloud/installing-ibm-cloud-customizations.adoc,existing,leveloffset=+1; assembly context=installing-ibm-cloud-customizations,folds 1 source jobs: Install on IBM Cloud (IPI)
Install a cluster on IBM Cloud,"When I want automated IBM Cloud provisioning, I need to run the IPI installer so I can deploy on IBM Cloud VPC.",Install a cluster on a cloud platform,full,modules/installation-ibm-cloud-export-variables.adoc,installing/installing_ibm_cloud/installing-ibm-cloud-customizations.adoc,existing,leveloffset=+1; assembly context=installing-ibm-cloud-customizations,folds 1 source jobs: Install on IBM Cloud (IPI)
Install a cluster on IBM Cloud,"When I want automated IBM Cloud provisioning, I need to run the IPI installer so I can deploy on IBM Cloud VPC.",Install a cluster on a cloud platform,full,modules/installation-initializing.adoc,installing/installing_ibm_cloud/installing-ibm-cloud-customizations.adoc,existing,leveloffset=+1; assembly context=installing-ibm-cloud-customizations,folds 1 source jobs: Install on IBM Cloud (IPI)
Install a cluster on IBM Cloud,"When I want automated IBM Cloud provisioning, I need to run the IPI installer so I can deploy on IBM Cloud VPC.",Install a cluster on a cloud platform,full,modules/installation-minimum-resource-requirements.adoc,installing/installing_ibm_cloud/installing-ibm-cloud-customizations.adoc,existing,leveloffset=+2; assembly context=installing-ibm-cloud-customizations,folds 1 source jobs: Install on IBM Cloud (IPI)
Install a cluster on IBM Cloud,"When I want automated IBM Cloud provisioning, I need to run the IPI installer so I can deploy on IBM Cloud VPC.",Install a cluster on a cloud platform,full,modules/installation-ibm-cloud-tested-machine-types.adoc,installing/installing_ibm_cloud/installing-ibm-cloud-customizations.adoc,existing,leveloffset=+2; assembly context=installing-ibm-cloud-customizations,folds 1 source jobs: Install on IBM Cloud (IPI)
Install a cluster on IBM Cloud,"When I want automated IBM Cloud provisioning, I need to run the IPI installer so I can deploy on IBM Cloud VPC.",Install a cluster on a cloud platform,full,modules/installation-ibm-cloud-config-yaml.adoc,installing/installing_ibm_cloud/installing-ibm-cloud-customizations.adoc,existing,leveloffset=+2; assembly context=installing-ibm-cloud-customizations,folds 1 source jobs: Install on IBM Cloud (IPI)
Install a cluster on IBM Cloud,"When I want automated IBM Cloud provisioning, I need to run the IPI installer so I can deploy on IBM Cloud VPC.",Install a cluster on a cloud platform,full,modules/installation-configure-proxy.adoc,installing/installing_ibm_cloud/installing-ibm-cloud-customizations.adoc,existing,leveloffset=+2; assembly context=installing-ibm-cloud-customizations,folds 1 source jobs: Install on IBM Cloud (IPI)
Install a cluster on IBM Cloud,"When I want automated IBM Cloud provisioning, I need to run the IPI installer so I can deploy on IBM Cloud VPC.",Install a cluster on a cloud platform,full,modules/manually-create-iam-ibm-cloud.adoc,installing/installing_ibm_cloud/installing-ibm-cloud-customizations.adoc,existing,leveloffset=+1; assembly context=installing-ibm-cloud-customizations,folds 1 source jobs: Install on IBM Cloud (IPI)
Install a cluster on IBM Cloud,"When I want automated IBM Cloud provisioning, I need to run the IPI installer so I can deploy on IBM Cloud VPC.",Install a cluster on a cloud platform,full,modules/nw-network-config.adoc,installing/installing_ibm_cloud/installing-ibm-cloud-customizations.adoc,existing,leveloffset=+1; assembly context=installing-ibm-cloud-customizations,folds 1 source jobs: Install on IBM Cloud (IPI)
Install a cluster on IBM Cloud,"When I want automated IBM Cloud provisioning, I need to run the IPI installer so I can deploy on IBM Cloud VPC.",Install a cluster on a cloud platform,full,modules/nw-modifying-operator-install-config.adoc,installing/installing_ibm_cloud/installing-ibm-cloud-customizations.adoc,existing,leveloffset=+1; assembly context=installing-ibm-cloud-customizations,folds 1 source jobs: Install on IBM Cloud (IPI)
Install a cluster on IBM Cloud,"When I want automated IBM Cloud provisioning, I need to run the IPI installer so I can deploy on IBM Cloud VPC.",Install a cluster on a cloud platform,full,modules/nw-operator-cr.adoc,installing/installing_ibm_cloud/installing-ibm-cloud-customizations.adoc,existing,leveloffset=+1; assembly context=installing-ibm-cloud-customizations,folds 1 source jobs: Install on IBM Cloud (IPI)
Install a cluster on IBM Cloud,"When I want automated IBM Cloud provisioning, I need to run the IPI installer so I can deploy on IBM Cloud VPC.",Install a cluster on a cloud platform,full,modules/installation-launching-installer.adoc,installing/installing_ibm_cloud/installing-ibm-cloud-customizations.adoc,existing,leveloffset=+1; assembly context=installing-ibm-cloud-customizations,folds 1 source jobs: Install on IBM Cloud (IPI)
Install a cluster on IBM Cloud,"When I want automated IBM Cloud provisioning, I need to run the IPI installer so I can deploy on IBM Cloud VPC.",Install a cluster on a cloud platform,full,modules/cli-installing-cli-linux.adoc,installing/installing_ibm_cloud/installing-ibm-cloud-customizations.adoc,existing,leveloffset=+1; assembly context=installing-ibm-cloud-customizations,folds 1 source jobs: Install on IBM Cloud (IPI)
Install a cluster on IBM Cloud,"When I want automated IBM Cloud provisioning, I need to run the IPI installer so I can deploy on IBM Cloud VPC.",Install a cluster on a cloud platform,full,modules/cli-installing-cli-windows.adoc,installing/installing_ibm_cloud/installing-ibm-cloud-customizations.adoc,existing,leveloffset=+1; assembly context=installing-ibm-cloud-customizations,folds 1 source jobs: Install on IBM Cloud (IPI)
Install a cluster on IBM Cloud,"When I want automated IBM Cloud provisioning, I need to run the IPI installer so I can deploy on IBM Cloud VPC.",Install a cluster on a cloud platform,full,modules/cli-installing-cli-macos.adoc,installing/installing_ibm_cloud/installing-ibm-cloud-customizations.adoc,existing,leveloffset=+1; assembly context=installing-ibm-cloud-customizations,folds 1 source jobs: Install on IBM Cloud (IPI)
Install a cluster on IBM Cloud,"When I want automated IBM Cloud provisioning, I need to run the IPI installer so I can deploy on IBM Cloud VPC.",Install a cluster on a cloud platform,full,modules/cli-logging-in-kubeadmin.adoc,installing/installing_ibm_cloud/installing-ibm-cloud-customizations.adoc,existing,leveloffset=+1; assembly context=installing-ibm-cloud-customizations,folds 1 source jobs: Install on IBM Cloud (IPI)
Install a cluster on IBM Cloud,"When I want automated IBM Cloud provisioning, I need to run the IPI installer so I can deploy on IBM Cloud VPC.",Install a cluster on a cloud platform,full,modules/cluster-telemetry.adoc,installing/installing_ibm_cloud/installing-ibm-cloud-customizations.adoc,existing,leveloffset=+1; assembly context=installing-ibm-cloud-customizations,folds 1 source jobs: Install on IBM Cloud (IPI)
Install a cluster on IBM Cloud Bare Metal Classic,"When I want to deploy OpenShift on IBM Cloud bare metal classic infrastructure, I need the installation prerequisites and workflow.",Install a cluster on a cloud platform,full,modules/install-ibm-cloud-classic-setting-up-ibm-cloud-infrastructure.adoc,installing/installing_ibm_cloud_classic/install-ibm-cloud-prerequisites.adoc,existing,leveloffset=+1; assembly context=install-ibm-cloud,folds 1 source jobs: Install on IBM Cloud Bare Metal (Classic)
Install a cluster on IBM Cloud Bare Metal Classic,"When I want to deploy OpenShift on IBM Cloud bare metal classic infrastructure, I need the installation prerequisites and workflow.",Install a cluster on a cloud platform,full,modules/install-ibm-cloud-classic-preparing-the-provisioner-node.adoc,installing/installing_ibm_cloud_classic/install-ibm-cloud-installation-workflow.adoc,existing,leveloffset=+1; assembly context=install-ibm-cloud-installation-workflow,folds 1 source jobs: Install on IBM Cloud Bare Metal (Classic)
Install a cluster on IBM Cloud Bare Metal Classic,"When I want to deploy OpenShift on IBM Cloud bare metal classic infrastructure, I need the installation prerequisites and workflow.",Install a cluster on a cloud platform,full,modules/install-ibm-cloud-classic-configuring-the-public-subnet.adoc,installing/installing_ibm_cloud_classic/install-ibm-cloud-installation-workflow.adoc,existing,leveloffset=+1; assembly context=install-ibm-cloud-installation-workflow,folds 1 source jobs: Install on IBM Cloud Bare Metal (Classic)
Install a cluster on IBM Cloud Bare Metal Classic,"When I want to deploy OpenShift on IBM Cloud bare metal classic infrastructure, I need the installation prerequisites and workflow.",Install a cluster on a cloud platform,full,modules/ipi-install-retrieving-the-openshift-installer.adoc,installing/installing_ibm_cloud_classic/install-ibm-cloud-installation-workflow.adoc,existing,leveloffset=+1; assembly context=install-ibm-cloud-installation-workflow,folds 1 source jobs: Install on IBM Cloud Bare Metal (Classic)
Install a cluster on IBM Cloud Bare Metal Classic,"When I want to deploy OpenShift on IBM Cloud bare metal classic infrastructure, I need the installation prerequisites and workflow.",Install a cluster on a cloud platform,full,modules/ipi-install-extracting-the-openshift-installer.adoc,installing/installing_ibm_cloud_classic/install-ibm-cloud-installation-workflow.adoc,existing,leveloffset=+1; assembly context=install-ibm-cloud-installation-workflow,folds 1 source jobs: Install on IBM Cloud Bare Metal (Classic)
Install a cluster on IBM Cloud Bare Metal Classic,"When I want to deploy OpenShift on IBM Cloud bare metal classic infrastructure, I need the installation prerequisites and workflow.",Install a cluster on a cloud platform,full,modules/install-ibm-cloud-classic-configuring-the-install-config-file.adoc,installing/installing_ibm_cloud_classic/install-ibm-cloud-installation-workflow.adoc,existing,leveloffset=+1; assembly context=install-ibm-cloud-installation-workflow,folds 1 source jobs: Install on IBM Cloud Bare Metal (Classic)
Install a cluster on IBM Cloud Bare Metal Classic,"When I want to deploy OpenShift on IBM Cloud bare metal classic infrastructure, I need the installation prerequisites and workflow.",Install a cluster on a cloud platform,full,modules/ipi-install-additional-install-config-parameters.adoc,installing/installing_ibm_cloud_classic/install-ibm-cloud-installation-workflow.adoc,existing,leveloffset=+1; assembly context=install-ibm-cloud-installation-workflow,folds 1 source jobs: Install on IBM Cloud Bare Metal (Classic)
Install a cluster on IBM Cloud Bare Metal Classic,"When I want to deploy OpenShift on IBM Cloud bare metal classic infrastructure, I need the installation prerequisites and workflow.",Install a cluster on a cloud platform,full,modules/ipi-install-root-device-hints.adoc,installing/installing_ibm_cloud_classic/install-ibm-cloud-installation-workflow.adoc,existing,leveloffset=+1; assembly context=install-ibm-cloud-installation-workflow,folds 1 source jobs: Install on IBM Cloud Bare Metal (Classic)
Install a cluster on IBM Cloud Bare Metal Classic,"When I want to deploy OpenShift on IBM Cloud bare metal classic infrastructure, I need the installation prerequisites and workflow.",Install a cluster on a cloud platform,full,modules/ipi-install-creating-the-openshift-manifests.adoc,installing/installing_ibm_cloud_classic/install-ibm-cloud-installation-workflow.adoc,existing,leveloffset=+1; assembly context=install-ibm-cloud-installation-workflow,folds 1 source jobs: Install on IBM Cloud Bare Metal (Classic)
Install a cluster on IBM Cloud Bare Metal Classic,"When I want to deploy OpenShift on IBM Cloud bare metal classic infrastructure, I need the installation prerequisites and workflow.",Install a cluster on a cloud platform,full,modules/ipi-install-deploying-the-cluster-via-the-openshift-installer.adoc,installing/installing_ibm_cloud_classic/install-ibm-cloud-installation-workflow.adoc,existing,leveloffset=+1; assembly context=install-ibm-cloud-installation-workflow,folds 1 source jobs: Install on IBM Cloud Bare Metal (Classic)
Install a cluster on IBM Cloud Bare Metal Classic,"When I want to deploy OpenShift on IBM Cloud bare metal classic infrastructure, I need the installation prerequisites and workflow.",Install a cluster on a cloud platform,full,modules/ipi-install-following-the-progress-of-the-installation.adoc,installing/installing_ibm_cloud_classic/install-ibm-cloud-installation-workflow.adoc,existing,leveloffset=+1; assembly context=install-ibm-cloud-installation-workflow,folds 1 source jobs: Install on IBM Cloud Bare Metal (Classic)
Install a cluster on IBM Power Virtual Server,"When I want automated PowerVS provisioning, I need the IPI installer for Power Virtual Server.",Install a cluster on a cloud platform,full,modules/prereqs-ibm-power-vs.adoc,installing/installing_ibm_powervs/installing-ibm-power-vs-customizations.adoc,existing,leveloffset=+1; assembly context=installing-ibm-power-vs-customizations,folds 1 source jobs: Install on IBM Power Virtual Server
Install a cluster on IBM Power Virtual Server,"When I want automated PowerVS provisioning, I need the IPI installer for Power Virtual Server.",Install a cluster on a cloud platform,full,modules/cluster-entitlements.adoc,installing/installing_ibm_powervs/installing-ibm-power-vs-customizations.adoc,existing,leveloffset=+1; assembly context=installing-ibm-power-vs-customizations,folds 1 source jobs: Install on IBM Power Virtual Server
Install a cluster on IBM Power Virtual Server,"When I want automated PowerVS provisioning, I need the IPI installer for Power Virtual Server.",Install a cluster on a cloud platform,full,modules/ssh-agent-using.adoc,installing/installing_ibm_powervs/installing-ibm-power-vs-customizations.adoc,existing,leveloffset=+1; assembly context=installing-ibm-power-vs-customizations,folds 1 source jobs: Install on IBM Power Virtual Server
Install a cluster on IBM Power Virtual Server,"When I want automated PowerVS provisioning, I need the IPI installer for Power Virtual Server.",Install a cluster on a cloud platform,full,modules/installation-obtaining-installer.adoc,installing/installing_ibm_powervs/installing-ibm-power-vs-customizations.adoc,existing,leveloffset=+1; assembly context=installing-ibm-power-vs-customizations,folds 1 source jobs: Install on IBM Power Virtual Server
Install a cluster on IBM Power Virtual Server,"When I want automated PowerVS provisioning, I need the IPI installer for Power Virtual Server.",Install a cluster on a cloud platform,full,modules/installation-ibm-cloud-export-variables.adoc,installing/installing_ibm_powervs/installing-ibm-power-vs-customizations.adoc,existing,leveloffset=+1; assembly context=installing-ibm-power-vs-customizations,folds 1 source jobs: Install on IBM Power Virtual Server
Install a cluster on IBM Power Virtual Server,"When I want automated PowerVS provisioning, I need the IPI installer for Power Virtual Server.",Install a cluster on a cloud platform,full,modules/installation-initializing.adoc,installing/installing_ibm_powervs/installing-ibm-power-vs-customizations.adoc,existing,leveloffset=+1; assembly context=installing-ibm-power-vs-customizations,folds 1 source jobs: Install on IBM Power Virtual Server
Install a cluster on IBM Power Virtual Server,"When I want automated PowerVS provisioning, I need the IPI installer for Power Virtual Server.",Install a cluster on a cloud platform,full,modules/installation-ibm-power-vs-config-yaml.adoc,installing/installing_ibm_powervs/installing-ibm-power-vs-customizations.adoc,existing,leveloffset=+2; assembly context=installing-ibm-power-vs-customizations,folds 1 source jobs: Install on IBM Power Virtual Server
Install a cluster on IBM Power Virtual Server,"When I want automated PowerVS provisioning, I need the IPI installer for Power Virtual Server.",Install a cluster on a cloud platform,full,modules/installation-configure-proxy.adoc,installing/installing_ibm_powervs/installing-ibm-power-vs-customizations.adoc,existing,leveloffset=+2; assembly context=installing-ibm-power-vs-customizations,folds 1 source jobs: Install on IBM Power Virtual Server
Install a cluster on IBM Power Virtual Server,"When I want automated PowerVS provisioning, I need the IPI installer for Power Virtual Server.",Install a cluster on a cloud platform,full,modules/manually-create-iam-ibm-cloud.adoc,installing/installing_ibm_powervs/installing-ibm-power-vs-customizations.adoc,existing,leveloffset=+1; assembly context=installing-ibm-power-vs-customizations,folds 1 source jobs: Install on IBM Power Virtual Server
Install a cluster on IBM Power Virtual Server,"When I want automated PowerVS provisioning, I need the IPI installer for Power Virtual Server.",Install a cluster on a cloud platform,full,modules/installation-launching-installer.adoc,installing/installing_ibm_powervs/installing-ibm-power-vs-customizations.adoc,existing,leveloffset=+1; assembly context=installing-ibm-power-vs-customizations,folds 1 source jobs: Install on IBM Power Virtual Server
Install a cluster on IBM Power Virtual Server,"When I want automated PowerVS provisioning, I need the IPI installer for Power Virtual Server.",Install a cluster on a cloud platform,full,modules/cli-installing-cli-linux.adoc,installing/installing_ibm_powervs/installing-ibm-power-vs-customizations.adoc,existing,leveloffset=+1; assembly context=installing-ibm-power-vs-customizations,folds 1 source jobs: Install on IBM Power Virtual Server
Install a cluster on IBM Power Virtual Server,"When I want automated PowerVS provisioning, I need the IPI installer for Power Virtual Server.",Install a cluster on a cloud platform,full,modules/cli-installing-cli-windows.adoc,installing/installing_ibm_powervs/installing-ibm-power-vs-customizations.adoc,existing,leveloffset=+1; assembly context=installing-ibm-power-vs-customizations,folds 1 source jobs: Install on IBM Power Virtual Server
Install a cluster on IBM Power Virtual Server,"When I want automated PowerVS provisioning, I need the IPI installer for Power Virtual Server.",Install a cluster on a cloud platform,full,modules/cli-installing-cli-macos.adoc,installing/installing_ibm_powervs/installing-ibm-power-vs-customizations.adoc,existing,leveloffset=+1; assembly context=installing-ibm-power-vs-customizations,folds 1 source jobs: Install on IBM Power Virtual Server
Install a cluster on IBM Power Virtual Server,"When I want automated PowerVS provisioning, I need the IPI installer for Power Virtual Server.",Install a cluster on a cloud platform,full,modules/cli-logging-in-kubeadmin.adoc,installing/installing_ibm_powervs/installing-ibm-power-vs-customizations.adoc,existing,leveloffset=+1; assembly context=installing-ibm-power-vs-customizations,folds 1 source jobs: Install on IBM Power Virtual Server
Install a cluster on IBM Power Virtual Server,"When I want automated PowerVS provisioning, I need the IPI installer for Power Virtual Server.",Install a cluster on a cloud platform,full,modules/cluster-telemetry.adoc,installing/installing_ibm_powervs/installing-ibm-power-vs-customizations.adoc,existing,leveloffset=+1; assembly context=installing-ibm-power-vs-customizations,folds 1 source jobs: Install on IBM Power Virtual Server
Install a cluster on Alibaba Cloud,"When I want to deploy OpenShift on Alibaba Cloud, I need the Assisted Installer workflow for Alibaba.",Install a cluster on a cloud platform,full,modules/alibaba-ai-installing.adoc,installing/installing_alibaba/installing-alibaba-assisted-installer.adoc,existing,leveloffset=+1; assembly context=installing-alibaba-assisted-installer,folds 1 source jobs: Install on Alibaba Cloud
Install a cluster on Alibaba Cloud,"When I want to deploy OpenShift on Alibaba Cloud, I need the Assisted Installer workflow for Alibaba.",Install a cluster on a cloud platform,full,modules/alibaba-ai-converting-image-to-qcow2.adoc,installing/installing_alibaba/installing-alibaba-assisted-installer.adoc,existing,leveloffset=+1; assembly context=installing-alibaba-assisted-installer,folds 1 source jobs: Install on Alibaba Cloud
Install a cluster on vSphere,"When I want automated vSphere provisioning, I need to run the IPI workflow that creates and manages VMs through the vSphere API so I can reduce manual infrastructure setup.",Install a cluster on on-premise infrastructure,full,modules/cluster-entitlements.adoc,installing/installing_vsphere/ipi/installing-vsphere-installer-provisioned.adoc,existing,leveloffset=+1; assembly context=installing-vsphere-installer-provisioned,folds 2 source jobs: Install on vSphere (IPI); Install on vSphere (IPI) with customizations
Install a cluster on vSphere,"When I want automated vSphere provisioning, I need to run the IPI workflow that creates and manages VMs through the vSphere API so I can reduce manual infrastructure setup.",Install a cluster on on-premise infrastructure,full,modules/installation-launching-installer.adoc,installing/installing_vsphere/ipi/installing-vsphere-installer-provisioned.adoc,existing,leveloffset=+1; assembly context=installing-vsphere-installer-provisioned,folds 2 source jobs: Install on vSphere (IPI); Install on vSphere (IPI) with customizations
Install a cluster on vSphere,"When I want automated vSphere provisioning, I need to run the IPI workflow that creates and manages VMs through the vSphere API so I can reduce manual infrastructure setup.",Install a cluster on on-premise infrastructure,full,modules/cli-logging-in-kubeadmin.adoc,installing/installing_vsphere/ipi/installing-vsphere-installer-provisioned.adoc,existing,leveloffset=+1; assembly context=installing-vsphere-installer-provisioned,folds 2 source jobs: Install on vSphere (IPI); Install on vSphere (IPI) with customizations
Install a cluster on vSphere,"When I want automated vSphere provisioning, I need to run the IPI workflow that creates and manages VMs through the vSphere API so I can reduce manual infrastructure setup.",Install a cluster on on-premise infrastructure,full,modules/registry-removed.adoc,installing/installing_vsphere/ipi/installing-vsphere-installer-provisioned.adoc,existing,leveloffset=+1; assembly context=installing-vsphere-installer-provisioned,folds 2 source jobs: Install on vSphere (IPI); Install on vSphere (IPI) with customizations
Install a cluster on vSphere,"When I want automated vSphere provisioning, I need to run the IPI workflow that creates and manages VMs through the vSphere API so I can reduce manual infrastructure setup.",Install a cluster on on-premise infrastructure,full,modules/installation-registry-storage-config.adoc,installing/installing_vsphere/ipi/installing-vsphere-installer-provisioned.adoc,existing,leveloffset=+1; assembly context=installing-vsphere-installer-provisioned,folds 2 source jobs: Install on vSphere (IPI); Install on vSphere (IPI) with customizations
Install a cluster on vSphere,"When I want automated vSphere provisioning, I need to run the IPI workflow that creates and manages VMs through the vSphere API so I can reduce manual infrastructure setup.",Install a cluster on on-premise infrastructure,full,modules/registry-configuring-storage-vsphere.adoc,installing/installing_vsphere/ipi/installing-vsphere-installer-provisioned.adoc,existing,leveloffset=+2; assembly context=installing-vsphere-installer-provisioned,folds 2 source jobs: Install on vSphere (IPI); Install on vSphere (IPI) with customizations
Install a cluster on vSphere,"When I want automated vSphere provisioning, I need to run the IPI workflow that creates and manages VMs through the vSphere API so I can reduce manual infrastructure setup.",Install a cluster on on-premise infrastructure,full,modules/installation-registry-storage-block-recreate-rollout.adoc,installing/installing_vsphere/ipi/installing-vsphere-installer-provisioned.adoc,existing,leveloffset=+2; assembly context=installing-vsphere-installer-provisioned,folds 2 source jobs: Install on vSphere (IPI); Install on vSphere (IPI) with customizations
Install a cluster on vSphere,"When I want automated vSphere provisioning, I need to run the IPI workflow that creates and manages VMs through the vSphere API so I can reduce manual infrastructure setup.",Install a cluster on on-premise infrastructure,full,modules/cluster-telemetry.adoc,installing/installing_vsphere/ipi/installing-vsphere-installer-provisioned.adoc,existing,leveloffset=+1; assembly context=installing-vsphere-installer-provisioned,folds 2 source jobs: Install on vSphere (IPI); Install on vSphere (IPI) with customizations
Install a cluster on vSphere,"When I want automated vSphere provisioning, I need to run the IPI workflow that creates and manages VMs through the vSphere API so I can reduce manual infrastructure setup.",Install a cluster on on-premise infrastructure,full,modules/installation-vsphere-regions-zones.adoc,installing/installing_vsphere/ipi/installing-vsphere-installer-provisioned-customizations.adoc,existing,leveloffset=+1; assembly context=installing-vsphere-installer-provisioned-customizations,folds 2 source jobs: Install on vSphere (IPI); Install on vSphere (IPI) with customizations
Install a cluster on vSphere,"When I want automated vSphere provisioning, I need to run the IPI workflow that creates and manages VMs through the vSphere API so I can reduce manual infrastructure setup.",Install a cluster on on-premise infrastructure,full,modules/installation-vsphere-regions-zones-host-groups.adoc,installing/installing_vsphere/ipi/installing-vsphere-installer-provisioned-customizations.adoc,existing,leveloffset=+1; assembly context=installing-vsphere-installer-provisioned-customizations,folds 2 source jobs: Install on vSphere (IPI); Install on vSphere (IPI) with customizations
Install a cluster on vSphere,"When I want automated vSphere provisioning, I need to run the IPI workflow that creates and manages VMs through the vSphere API so I can reduce manual infrastructure setup.",Install a cluster on on-premise infrastructure,full,modules/installation-initializing.adoc,installing/installing_vsphere/ipi/installing-vsphere-installer-provisioned-customizations.adoc,existing,leveloffset=+1; assembly context=installing-vsphere-installer-provisioned-customizations,folds 2 source jobs: Install on vSphere (IPI); Install on vSphere (IPI) with customizations
Install a cluster on vSphere,"When I want automated vSphere provisioning, I need to run the IPI workflow that creates and manages VMs through the vSphere API so I can reduce manual infrastructure setup.",Install a cluster on on-premise infrastructure,full,modules/installation-vsphere-config-yaml.adoc,installing/installing_vsphere/ipi/installing-vsphere-installer-provisioned-customizations.adoc,existing,leveloffset=+2; assembly context=installing-vsphere-installer-provisioned-customizations,folds 2 source jobs: Install on vSphere (IPI); Install on vSphere (IPI) with customizations
Install a cluster on vSphere,"When I want automated vSphere provisioning, I need to run the IPI workflow that creates and manages VMs through the vSphere API so I can reduce manual infrastructure setup.",Install a cluster on on-premise infrastructure,full,modules/installation-configure-proxy.adoc,installing/installing_vsphere/ipi/installing-vsphere-installer-provisioned-customizations.adoc,existing,leveloffset=+2; assembly context=installing-vsphere-installer-provisioned-customizations,folds 2 source jobs: Install on vSphere (IPI); Install on vSphere (IPI) with customizations
Install a cluster on vSphere,"When I want automated vSphere provisioning, I need to run the IPI workflow that creates and manages VMs through the vSphere API so I can reduce manual infrastructure setup.",Install a cluster on on-premise infrastructure,full,modules/ipi-install-modifying-install-config-for-dual-stack-network.adoc,installing/installing_vsphere/ipi/installing-vsphere-installer-provisioned-customizations.adoc,existing,leveloffset=+2; assembly context=installing-vsphere-installer-provisioned-customizations,folds 2 source jobs: Install on vSphere (IPI); Install on vSphere (IPI) with customizations
Install a cluster on vSphere,"When I want automated vSphere provisioning, I need to run the IPI workflow that creates and manages VMs through the vSphere API so I can reduce manual infrastructure setup.",Install a cluster on on-premise infrastructure,full,modules/configuring-vsphere-regions-zones.adoc,installing/installing_vsphere/ipi/installing-vsphere-installer-provisioned-customizations.adoc,existing,leveloffset=+2; assembly context=installing-vsphere-installer-provisioned-customizations,folds 2 source jobs: Install on vSphere (IPI); Install on vSphere (IPI) with customizations
Install a cluster on vSphere,"When I want automated vSphere provisioning, I need to run the IPI workflow that creates and manages VMs through the vSphere API so I can reduce manual infrastructure setup.",Install a cluster on on-premise infrastructure,full,modules/configuring-vsphere-host-groups.adoc,installing/installing_vsphere/ipi/installing-vsphere-installer-provisioned-customizations.adoc,existing,leveloffset=+2; assembly context=installing-vsphere-installer-provisioned-customizations,folds 2 source jobs: Install on vSphere (IPI); Install on vSphere (IPI) with customizations
Install a cluster on vSphere,"When I want automated vSphere provisioning, I need to run the IPI workflow that creates and manages VMs through the vSphere API so I can reduce manual infrastructure setup.",Install a cluster on on-premise infrastructure,full,modules/installation-vsphere-multiple-nics.adoc,installing/installing_vsphere/ipi/installing-vsphere-installer-provisioned-customizations.adoc,existing,leveloffset=+2; assembly context=installing-vsphere-installer-provisioned-customizations,folds 2 source jobs: Install on vSphere (IPI); Install on vSphere (IPI) with customizations
Install a cluster on vSphere,"When I want automated vSphere provisioning, I need to run the IPI workflow that creates and manages VMs through the vSphere API so I can reduce manual infrastructure setup.",Install a cluster on on-premise infrastructure,full,modules/nw-network-config.adoc,installing/installing_vsphere/ipi/installing-vsphere-installer-provisioned-customizations.adoc,existing,leveloffset=+1; assembly context=installing-vsphere-installer-provisioned-customizations,folds 2 source jobs: Install on vSphere (IPI); Install on vSphere (IPI) with customizations
Install a cluster on vSphere,"When I want automated vSphere provisioning, I need to run the IPI workflow that creates and manages VMs through the vSphere API so I can reduce manual infrastructure setup.",Install a cluster on on-premise infrastructure,full,modules/nw-modifying-operator-install-config.adoc,installing/installing_vsphere/ipi/installing-vsphere-installer-provisioned-customizations.adoc,existing,leveloffset=+1; assembly context=installing-vsphere-installer-provisioned-customizations,folds 2 source jobs: Install on vSphere (IPI); Install on vSphere (IPI) with customizations
Install a cluster on vSphere,"When I want automated vSphere provisioning, I need to run the IPI workflow that creates and manages VMs through the vSphere API so I can reduce manual infrastructure setup.",Install a cluster on on-premise infrastructure,full,modules/nw-operator-vsphere-multiple-subnets.adoc,installing/installing_vsphere/ipi/installing-vsphere-installer-provisioned-customizations.adoc,existing,leveloffset=+2; assembly context=installing-vsphere-installer-provisioned-customizations,folds 2 source jobs: Install on vSphere (IPI); Install on vSphere (IPI) with customizations
Install a cluster on vSphere,"When I want automated vSphere provisioning, I need to run the IPI workflow that creates and manages VMs through the vSphere API so I can reduce manual infrastructure setup.",Install a cluster on on-premise infrastructure,full,modules/nw-operator-cr.adoc,installing/installing_vsphere/ipi/installing-vsphere-installer-provisioned-customizations.adoc,existing,leveloffset=+1; assembly context=installing-vsphere-installer-provisioned-customizations,folds 2 source jobs: Install on vSphere (IPI); Install on vSphere (IPI) with customizations
Install a cluster on vSphere,"When I want automated vSphere provisioning, I need to run the IPI workflow that creates and manages VMs through the vSphere API so I can reduce manual infrastructure setup.",Install a cluster on on-premise infrastructure,full,modules/nw-osp-services-external-load-balancer.adoc,installing/installing_vsphere/ipi/installing-vsphere-installer-provisioned-customizations.adoc,existing,leveloffset=+1; assembly context=installing-vsphere-installer-provisioned-customizations,folds 2 source jobs: Install on vSphere (IPI); Install on vSphere (IPI) with customizations
Install a cluster on vSphere,"When I want automated vSphere provisioning, I need to run the IPI workflow that creates and manages VMs through the vSphere API so I can reduce manual infrastructure setup.",Install a cluster on on-premise infrastructure,full,modules/nw-osp-configuring-external-load-balancer.adoc,installing/installing_vsphere/ipi/installing-vsphere-installer-provisioned-customizations.adoc,existing,leveloffset=+2; assembly context=installing-vsphere-installer-provisioned-customizations,folds 2 source jobs: Install on vSphere (IPI); Install on vSphere (IPI) with customizations
Install a cluster on vSphere,"When I want automated vSphere provisioning, I need to run the IPI workflow that creates and manages VMs through the vSphere API so I can reduce manual infrastructure setup.",Install a cluster on on-premise infrastructure,full,modules/ipi-install-configure-network-components-to-run-on-the-control-plane.adoc,installing/installing_vsphere/ipi/installing-vsphere-installer-provisioned-customizations.adoc,existing,leveloffset=+1; assembly context=installing-vsphere-installer-provisioned-customizations,folds 2 source jobs: Install on vSphere (IPI); Install on vSphere (IPI) with customizations
Install a cluster on OpenStack,"When I want automated OpenStack provisioning, I need to run the IPI installer with custom configuration so I can deploy on OpenStack with automated instance creation.",Install a cluster on on-premise infrastructure,full,modules/installation-osp-default-deployment.adoc,installing/installing_openstack/installing-openstack-installer-custom.adoc,existing,leveloffset=+1; assembly context=installing-openstack-installer-custom,folds 2 source jobs: Install on OpenStack (IPI); Deploy OpenStack with etcd on local disk
Install a cluster on OpenStack,"When I want automated OpenStack provisioning, I need to run the IPI installer with custom configuration so I can deploy on OpenStack with automated instance creation.",Install a cluster on on-premise infrastructure,full,modules/installation-osp-control-compute-machines.adoc,installing/installing_openstack/installing-openstack-installer-custom.adoc,existing,leveloffset=+2; assembly context=installing-openstack-installer-custom,folds 2 source jobs: Install on OpenStack (IPI); Deploy OpenStack with etcd on local disk
Install a cluster on OpenStack,"When I want automated OpenStack provisioning, I need to run the IPI installer with custom configuration so I can deploy on OpenStack with automated instance creation.",Install a cluster on on-premise infrastructure,full,modules/installation-osp-compute-machines.adoc,installing/installing_openstack/installing-openstack-installer-custom.adoc,existing,leveloffset=+2; assembly context=installing-openstack-installer-custom,folds 2 source jobs: Install on OpenStack (IPI); Deploy OpenStack with etcd on local disk
Install a cluster on OpenStack,"When I want automated OpenStack provisioning, I need to run the IPI installer with custom configuration so I can deploy on OpenStack with automated instance creation.",Install a cluster on on-premise infrastructure,full,modules/installation-osp-bootstrap-machine.adoc,installing/installing_openstack/installing-openstack-installer-custom.adoc,existing,leveloffset=+2; assembly context=installing-openstack-installer-custom,folds 2 source jobs: Install on OpenStack (IPI); Deploy OpenStack with etcd on local disk
Install a cluster on OpenStack,"When I want automated OpenStack provisioning, I need to run the IPI installer with custom configuration so I can deploy on OpenStack with automated instance creation.",Install a cluster on on-premise infrastructure,full,modules/installation-load-balancing-user-infra.adoc,installing/installing_openstack/installing-openstack-installer-custom.adoc,existing,leveloffset=+2; assembly context=installing-openstack-installer-custom,folds 2 source jobs: Install on OpenStack (IPI); Deploy OpenStack with etcd on local disk
Install a cluster on OpenStack,"When I want automated OpenStack provisioning, I need to run the IPI installer with custom configuration so I can deploy on OpenStack with automated instance creation.",Install a cluster on on-premise infrastructure,full,modules/installation-load-balancing-user-infra-example.adoc,installing/installing_openstack/installing-openstack-installer-custom.adoc,existing,leveloffset=+3; assembly context=installing-openstack-installer-custom,folds 2 source jobs: Install on OpenStack (IPI); Deploy OpenStack with etcd on local disk
Install a cluster on OpenStack,"When I want automated OpenStack provisioning, I need to run the IPI installer with custom configuration so I can deploy on OpenStack with automated instance creation.",Install a cluster on on-premise infrastructure,full,modules/cluster-entitlements.adoc,installing/installing_openstack/installing-openstack-installer-custom.adoc,existing,leveloffset=+1; assembly context=installing-openstack-installer-custom,folds 2 source jobs: Install on OpenStack (IPI); Deploy OpenStack with etcd on local disk
Install a cluster on OpenStack,"When I want automated OpenStack provisioning, I need to run the IPI installer with custom configuration so I can deploy on OpenStack with automated instance creation.",Install a cluster on on-premise infrastructure,full,modules/installation-osp-enabling-swift.adoc,installing/installing_openstack/installing-openstack-installer-custom.adoc,existing,leveloffset=+1; assembly context=installing-openstack-installer-custom,folds 2 source jobs: Install on OpenStack (IPI); Deploy OpenStack with etcd on local disk
Install a cluster on OpenStack,"When I want automated OpenStack provisioning, I need to run the IPI installer with custom configuration so I can deploy on OpenStack with automated instance creation.",Install a cluster on on-premise infrastructure,full,modules/installation-registry-osp-creating-custom-pvc.adoc,installing/installing_openstack/installing-openstack-installer-custom.adoc,existing,leveloffset=+1; assembly context=installing-openstack-installer-custom,folds 2 source jobs: Install on OpenStack (IPI); Deploy OpenStack with etcd on local disk
Install a cluster on OpenStack,"When I want automated OpenStack provisioning, I need to run the IPI installer with custom configuration so I can deploy on OpenStack with automated instance creation.",Install a cluster on on-premise infrastructure,full,modules/installation-osp-verifying-external-network.adoc,installing/installing_openstack/installing-openstack-installer-custom.adoc,existing,leveloffset=+1; assembly context=installing-openstack-installer-custom,folds 2 source jobs: Install on OpenStack (IPI); Deploy OpenStack with etcd on local disk
Install a cluster on OpenStack,"When I want automated OpenStack provisioning, I need to run the IPI installer with custom configuration so I can deploy on OpenStack with automated instance creation.",Install a cluster on on-premise infrastructure,full,modules/installation-osp-describing-cloud-parameters.adoc,installing/installing_openstack/installing-openstack-installer-custom.adoc,existing,leveloffset=+1; assembly context=installing-openstack-installer-custom,folds 2 source jobs: Install on OpenStack (IPI); Deploy OpenStack with etcd on local disk
Install a cluster on OpenStack,"When I want automated OpenStack provisioning, I need to run the IPI installer with custom configuration so I can deploy on OpenStack with automated instance creation.",Install a cluster on on-premise infrastructure,full,modules/installation-osp-setting-cloud-provider-options.adoc,installing/installing_openstack/installing-openstack-installer-custom.adoc,existing,leveloffset=+1; assembly context=installing-openstack-installer-custom,folds 2 source jobs: Install on OpenStack (IPI); Deploy OpenStack with etcd on local disk
Install a cluster on OpenStack,"When I want automated OpenStack provisioning, I need to run the IPI installer with custom configuration so I can deploy on OpenStack with automated instance creation.",Install a cluster on on-premise infrastructure,full,modules/installation-obtaining-installer.adoc,installing/installing_openstack/installing-openstack-installer-custom.adoc,existing,leveloffset=+1; assembly context=installing-openstack-installer-custom,folds 2 source jobs: Install on OpenStack (IPI); Deploy OpenStack with etcd on local disk
Install a cluster on OpenStack,"When I want automated OpenStack provisioning, I need to run the IPI installer with custom configuration so I can deploy on OpenStack with automated instance creation.",Install a cluster on on-premise infrastructure,full,modules/installation-initializing.adoc,installing/installing_openstack/installing-openstack-installer-custom.adoc,existing,leveloffset=+1; assembly context=installing-openstack-installer-custom,folds 2 source jobs: Install on OpenStack (IPI); Deploy OpenStack with etcd on local disk
Install a cluster on OpenStack,"When I want automated OpenStack provisioning, I need to run the IPI installer with custom configuration so I can deploy on OpenStack with automated instance creation.",Install a cluster on on-premise infrastructure,full,modules/installation-configure-proxy.adoc,installing/installing_openstack/installing-openstack-installer-custom.adoc,existing,leveloffset=+2; assembly context=installing-openstack-installer-custom,folds 2 source jobs: Install on OpenStack (IPI); Deploy OpenStack with etcd on local disk
Install a cluster on OpenStack,"When I want automated OpenStack provisioning, I need to run the IPI installer with custom configuration so I can deploy on OpenStack with automated instance creation.",Install a cluster on on-premise infrastructure,full,modules/installation-osp-custom-subnet.adoc,installing/installing_openstack/installing-openstack-installer-custom.adoc,existing,leveloffset=+2; assembly context=installing-openstack-installer-custom,folds 2 source jobs: Install on OpenStack (IPI); Deploy OpenStack with etcd on local disk
Install a cluster on OpenStack,"When I want automated OpenStack provisioning, I need to run the IPI installer with custom configuration so I can deploy on OpenStack with automated instance creation.",Install a cluster on on-premise infrastructure,full,modules/installation-osp-deploying-bare-metal-machines.adoc,installing/installing_openstack/installing-openstack-installer-custom.adoc,existing,leveloffset=+2; assembly context=installing-openstack-installer-custom,folds 2 source jobs: Install on OpenStack (IPI); Deploy OpenStack with etcd on local disk
Install a cluster on OpenStack,"When I want automated OpenStack provisioning, I need to run the IPI installer with custom configuration so I can deploy on OpenStack with automated instance creation.",Install a cluster on on-premise infrastructure,full,modules/installation-osp-provider-networks.adoc,installing/installing_openstack/installing-openstack-installer-custom.adoc,existing,leveloffset=+2; assembly context=installing-openstack-installer-custom,folds 2 source jobs: Install on OpenStack (IPI); Deploy OpenStack with etcd on local disk
Install a cluster on OpenStack,"When I want automated OpenStack provisioning, I need to run the IPI installer with custom configuration so I can deploy on OpenStack with automated instance creation.",Install a cluster on on-premise infrastructure,full,modules/installation-osp-provider-network-preparation.adoc,installing/installing_openstack/installing-openstack-installer-custom.adoc,existing,leveloffset=+3; assembly context=installing-openstack-installer-custom,folds 2 source jobs: Install on OpenStack (IPI); Deploy OpenStack with etcd on local disk
Install a cluster on OpenStack,"When I want automated OpenStack provisioning, I need to run the IPI installer with custom configuration so I can deploy on OpenStack with automated instance creation.",Install a cluster on on-premise infrastructure,full,modules/installation-osp-deploying-provider-networks-installer.adoc,installing/installing_openstack/installing-openstack-installer-custom.adoc,existing,leveloffset=+3; assembly context=installing-openstack-installer-custom,folds 2 source jobs: Install on OpenStack (IPI); Deploy OpenStack with etcd on local disk
Install a cluster on OpenStack,"When I want automated OpenStack provisioning, I need to run the IPI installer with custom configuration so I can deploy on OpenStack with automated instance creation.",Install a cluster on on-premise infrastructure,full,modules/installation-osp-config-yaml.adoc,installing/installing_openstack/installing-openstack-installer-custom.adoc,existing,leveloffset=+2; assembly context=installing-openstack-installer-custom,folds 2 source jobs: Install on OpenStack (IPI); Deploy OpenStack with etcd on local disk
Install a cluster on OpenStack,"When I want automated OpenStack provisioning, I need to run the IPI installer with custom configuration so I can deploy on OpenStack with automated instance creation.",Install a cluster on on-premise infrastructure,full,modules/install-osp-dualstack.adoc,installing/installing_openstack/installing-openstack-installer-custom.adoc,existing,leveloffset=+2; assembly context=installing-openstack-installer-custom,folds 2 source jobs: Install on OpenStack (IPI); Deploy OpenStack with etcd on local disk
Install a cluster on OpenStack,"When I want automated OpenStack provisioning, I need to run the IPI installer with custom configuration so I can deploy on OpenStack with automated instance creation.",Install a cluster on on-premise infrastructure,full,modules/install-osp-deploy-dualstack.adoc,installing/installing_openstack/installing-openstack-installer-custom.adoc,existing,leveloffset=+3; assembly context=installing-openstack-installer-custom,folds 2 source jobs: Install on OpenStack (IPI); Deploy OpenStack with etcd on local disk
Install a cluster on OpenStack,"When I want automated OpenStack provisioning, I need to run the IPI installer with custom configuration so I can deploy on OpenStack with automated instance creation.",Install a cluster on on-premise infrastructure,full,modules/installation-configuring-shiftstack-single-ipv6.adoc,installing/installing_openstack/installing-openstack-installer-custom.adoc,existing,leveloffset=+2; assembly context=installing-openstack-installer-custom,folds 2 source jobs: Install on OpenStack (IPI); Deploy OpenStack with etcd on local disk
Install a cluster on OpenStack,"When I want automated OpenStack provisioning, I need to run the IPI installer with custom configuration so I can deploy on OpenStack with automated instance creation.",Install a cluster on on-premise infrastructure,full,modules/installation-osp-external-lb-config.adoc,installing/installing_openstack/installing-openstack-installer-custom.adoc,existing,leveloffset=+2; assembly context=installing-openstack-installer-custom,folds 2 source jobs: Install on OpenStack (IPI); Deploy OpenStack with etcd on local disk
Install a cluster on OpenStack,"When I want automated OpenStack provisioning, I need to run the IPI installer with custom configuration so I can deploy on OpenStack with automated instance creation.",Install a cluster on on-premise infrastructure,full,modules/ssh-agent-using.adoc,installing/installing_openstack/installing-openstack-installer-custom.adoc,existing,leveloffset=+1; assembly context=installing-openstack-installer-custom,folds 2 source jobs: Install on OpenStack (IPI); Deploy OpenStack with etcd on local disk
Install a cluster on OpenStack,"When I want automated OpenStack provisioning, I need to run the IPI installer with custom configuration so I can deploy on OpenStack with automated instance creation.",Install a cluster on on-premise infrastructure,full,modules/installation-osp-accessing-api.adoc,installing/installing_openstack/installing-openstack-installer-custom.adoc,existing,leveloffset=+1; assembly context=installing-openstack-installer-custom,folds 2 source jobs: Install on OpenStack (IPI); Deploy OpenStack with etcd on local disk
Install a cluster on OpenStack,"When I want automated OpenStack provisioning, I need to run the IPI installer with custom configuration so I can deploy on OpenStack with automated instance creation.",Install a cluster on on-premise infrastructure,full,modules/installation-osp-accessing-api-floating.adoc,installing/installing_openstack/installing-openstack-installer-custom.adoc,existing,leveloffset=+2; assembly context=installing-openstack-installer-custom,folds 2 source jobs: Install on OpenStack (IPI); Deploy OpenStack with etcd on local disk
Install a cluster on OpenStack,"When I want automated OpenStack provisioning, I need to run the IPI installer with custom configuration so I can deploy on OpenStack with automated instance creation.",Install a cluster on on-premise infrastructure,full,modules/installation-osp-accessing-api-no-floating.adoc,installing/installing_openstack/installing-openstack-installer-custom.adoc,existing,leveloffset=+2; assembly context=installing-openstack-installer-custom,folds 2 source jobs: Install on OpenStack (IPI); Deploy OpenStack with etcd on local disk
Install a cluster on OpenStack,"When I want automated OpenStack provisioning, I need to run the IPI installer with custom configuration so I can deploy on OpenStack with automated instance creation.",Install a cluster on on-premise infrastructure,full,modules/installation-launching-installer.adoc,installing/installing_openstack/installing-openstack-installer-custom.adoc,existing,leveloffset=+1; assembly context=installing-openstack-installer-custom,folds 2 source jobs: Install on OpenStack (IPI); Deploy OpenStack with etcd on local disk
Install a cluster on OpenStack,"When I want automated OpenStack provisioning, I need to run the IPI installer with custom configuration so I can deploy on OpenStack with automated instance creation.",Install a cluster on on-premise infrastructure,full,modules/installation-osp-verifying-cluster-status.adoc,installing/installing_openstack/installing-openstack-installer-custom.adoc,existing,leveloffset=+1; assembly context=installing-openstack-installer-custom,folds 2 source jobs: Install on OpenStack (IPI); Deploy OpenStack with etcd on local disk
Install a cluster on OpenStack,"When I want automated OpenStack provisioning, I need to run the IPI installer with custom configuration so I can deploy on OpenStack with automated instance creation.",Install a cluster on on-premise infrastructure,full,modules/cli-logging-in-kubeadmin.adoc,installing/installing_openstack/installing-openstack-installer-custom.adoc,existing,leveloffset=+1; assembly context=installing-openstack-installer-custom,folds 2 source jobs: Install on OpenStack (IPI); Deploy OpenStack with etcd on local disk
Install a cluster on OpenStack,"When I want automated OpenStack provisioning, I need to run the IPI installer with custom configuration so I can deploy on OpenStack with automated instance creation.",Install a cluster on on-premise infrastructure,full,modules/cluster-telemetry.adoc,installing/installing_openstack/installing-openstack-installer-custom.adoc,existing,leveloffset=+1; assembly context=installing-openstack-installer-custom,folds 2 source jobs: Install on OpenStack (IPI); Deploy OpenStack with etcd on local disk
Install a cluster on OpenStack,"When I want automated OpenStack provisioning, I need to run the IPI installer with custom configuration so I can deploy on OpenStack with automated instance creation.",Install a cluster on on-premise infrastructure,full,modules/installation-osp-local-disk-deployment.adoc,installing/installing_openstack/deploying-openstack-with-rootVolume-etcd-on-local-disk.adoc,existing,leveloffset=+1; assembly context=deploying-openstack-on-local-disk,folds 2 source jobs: Install on OpenStack (IPI); Deploy OpenStack with etcd on local disk
Install a cluster on Nutanix,"When I want automated Nutanix provisioning, I need to run the IPI installer so I can deploy OpenShift on Nutanix with automated VM creation.",Install a cluster on on-premise infrastructure,full,modules/cluster-entitlements.adoc,installing/installing_nutanix/installing-nutanix-installer-provisioned.adoc,existing,leveloffset=+1; assembly context=installing-nutanix-installer-provisioned,folds 2 source jobs: Install on Nutanix (IPI); Configure Nutanix failure domains
Install a cluster on Nutanix,"When I want automated Nutanix provisioning, I need to run the IPI installer so I can deploy OpenShift on Nutanix with automated VM creation.",Install a cluster on on-premise infrastructure,full,modules/nutanix-entitlements.adoc,installing/installing_nutanix/installing-nutanix-installer-provisioned.adoc,existing,leveloffset=+1; assembly context=installing-nutanix-installer-provisioned,folds 2 source jobs: Install on Nutanix (IPI); Configure Nutanix failure domains
Install a cluster on Nutanix,"When I want automated Nutanix provisioning, I need to run the IPI installer so I can deploy OpenShift on Nutanix with automated VM creation.",Install a cluster on on-premise infrastructure,full,modules/ssh-agent-using.adoc,installing/installing_nutanix/installing-nutanix-installer-provisioned.adoc,existing,leveloffset=+1; assembly context=installing-nutanix-installer-provisioned,folds 2 source jobs: Install on Nutanix (IPI); Configure Nutanix failure domains
Install a cluster on Nutanix,"When I want automated Nutanix provisioning, I need to run the IPI installer so I can deploy OpenShift on Nutanix with automated VM creation.",Install a cluster on on-premise infrastructure,full,modules/installation-obtaining-installer.adoc,installing/installing_nutanix/installing-nutanix-installer-provisioned.adoc,existing,leveloffset=+1; assembly context=installing-nutanix-installer-provisioned,folds 2 source jobs: Install on Nutanix (IPI); Configure Nutanix failure domains
Install a cluster on Nutanix,"When I want automated Nutanix provisioning, I need to run the IPI installer so I can deploy OpenShift on Nutanix with automated VM creation.",Install a cluster on on-premise infrastructure,full,modules/installation-adding-nutanix-root-certificates.adoc,installing/installing_nutanix/installing-nutanix-installer-provisioned.adoc,existing,leveloffset=+1; assembly context=installing-nutanix-installer-provisioned,folds 2 source jobs: Install on Nutanix (IPI); Configure Nutanix failure domains
Install a cluster on Nutanix,"When I want automated Nutanix provisioning, I need to run the IPI installer so I can deploy OpenShift on Nutanix with automated VM creation.",Install a cluster on on-premise infrastructure,full,modules/installation-initializing.adoc,installing/installing_nutanix/installing-nutanix-installer-provisioned.adoc,existing,leveloffset=+1; assembly context=installing-nutanix-installer-provisioned,folds 2 source jobs: Install on Nutanix (IPI); Configure Nutanix failure domains
Install a cluster on Nutanix,"When I want automated Nutanix provisioning, I need to run the IPI installer so I can deploy OpenShift on Nutanix with automated VM creation.",Install a cluster on on-premise infrastructure,full,modules/installation-nutanix-config-yaml.adoc,installing/installing_nutanix/installing-nutanix-installer-provisioned.adoc,existing,leveloffset=+2; assembly context=installing-nutanix-installer-provisioned,folds 2 source jobs: Install on Nutanix (IPI); Configure Nutanix failure domains
Install a cluster on Nutanix,"When I want automated Nutanix provisioning, I need to run the IPI installer so I can deploy OpenShift on Nutanix with automated VM creation.",Install a cluster on on-premise infrastructure,full,modules/installation-configuring-nutanix-failure-domains.adoc,installing/installing_nutanix/installing-nutanix-installer-provisioned.adoc,existing,leveloffset=+2; assembly context=installing-nutanix-installer-provisioned,folds 2 source jobs: Install on Nutanix (IPI); Configure Nutanix failure domains
Install a cluster on Nutanix,"When I want automated Nutanix provisioning, I need to run the IPI installer so I can deploy OpenShift on Nutanix with automated VM creation.",Install a cluster on on-premise infrastructure,full,modules/installation-configure-proxy.adoc,installing/installing_nutanix/installing-nutanix-installer-provisioned.adoc,existing,leveloffset=+2; assembly context=installing-nutanix-installer-provisioned,folds 2 source jobs: Install on Nutanix (IPI); Configure Nutanix failure domains
Install a cluster on Nutanix,"When I want automated Nutanix provisioning, I need to run the IPI installer so I can deploy OpenShift on Nutanix with automated VM creation.",Install a cluster on on-premise infrastructure,full,modules/cli-installing-cli-linux.adoc,installing/installing_nutanix/installing-nutanix-installer-provisioned.adoc,existing,leveloffset=+1; assembly context=installing-nutanix-installer-provisioned,folds 2 source jobs: Install on Nutanix (IPI); Configure Nutanix failure domains
Install a cluster on Nutanix,"When I want automated Nutanix provisioning, I need to run the IPI installer so I can deploy OpenShift on Nutanix with automated VM creation.",Install a cluster on on-premise infrastructure,full,modules/cli-installing-cli-windows.adoc,installing/installing_nutanix/installing-nutanix-installer-provisioned.adoc,existing,leveloffset=+1; assembly context=installing-nutanix-installer-provisioned,folds 2 source jobs: Install on Nutanix (IPI); Configure Nutanix failure domains
Install a cluster on Nutanix,"When I want automated Nutanix provisioning, I need to run the IPI installer so I can deploy OpenShift on Nutanix with automated VM creation.",Install a cluster on on-premise infrastructure,full,modules/cli-installing-cli-macos.adoc,installing/installing_nutanix/installing-nutanix-installer-provisioned.adoc,existing,leveloffset=+1; assembly context=installing-nutanix-installer-provisioned,folds 2 source jobs: Install on Nutanix (IPI); Configure Nutanix failure domains
Install a cluster on Nutanix,"When I want automated Nutanix provisioning, I need to run the IPI installer so I can deploy OpenShift on Nutanix with automated VM creation.",Install a cluster on on-premise infrastructure,full,modules/manually-configure-iam-nutanix.adoc,installing/installing_nutanix/installing-nutanix-installer-provisioned.adoc,existing,leveloffset=+1; assembly context=installing-nutanix-installer-provisioned,folds 2 source jobs: Install on Nutanix (IPI); Configure Nutanix failure domains
Install a cluster on Nutanix,"When I want automated Nutanix provisioning, I need to run the IPI installer so I can deploy OpenShift on Nutanix with automated VM creation.",Install a cluster on on-premise infrastructure,full,modules/installation-nutanix-ccm.adoc,installing/installing_nutanix/installing-nutanix-installer-provisioned.adoc,existing,leveloffset=+1; assembly context=installing-nutanix-installer-provisioned,folds 2 source jobs: Install on Nutanix (IPI); Configure Nutanix failure domains
Install a cluster on Nutanix,"When I want automated Nutanix provisioning, I need to run the IPI installer so I can deploy OpenShift on Nutanix with automated VM creation.",Install a cluster on on-premise infrastructure,full,modules/nw-osp-services-external-load-balancer.adoc,installing/installing_nutanix/installing-nutanix-installer-provisioned.adoc,existing,leveloffset=+1; assembly context=installing-nutanix-installer-provisioned,folds 2 source jobs: Install on Nutanix (IPI); Configure Nutanix failure domains
Install a cluster on Nutanix,"When I want automated Nutanix provisioning, I need to run the IPI installer so I can deploy OpenShift on Nutanix with automated VM creation.",Install a cluster on on-premise infrastructure,full,modules/nw-osp-configuring-external-load-balancer.adoc,installing/installing_nutanix/installing-nutanix-installer-provisioned.adoc,existing,leveloffset=+2; assembly context=installing-nutanix-installer-provisioned,folds 2 source jobs: Install on Nutanix (IPI); Configure Nutanix failure domains
Install a cluster on Nutanix,"When I want automated Nutanix provisioning, I need to run the IPI installer so I can deploy OpenShift on Nutanix with automated VM creation.",Install a cluster on on-premise infrastructure,full,modules/installation-launching-installer.adoc,installing/installing_nutanix/installing-nutanix-installer-provisioned.adoc,existing,leveloffset=+1; assembly context=installing-nutanix-installer-provisioned,folds 2 source jobs: Install on Nutanix (IPI); Configure Nutanix failure domains
Install a cluster on Nutanix,"When I want automated Nutanix provisioning, I need to run the IPI installer so I can deploy OpenShift on Nutanix with automated VM creation.",Install a cluster on on-premise infrastructure,full,modules/registry-configuring-storage-nutanix.adoc,installing/installing_nutanix/installing-nutanix-installer-provisioned.adoc,existing,leveloffset=+1; assembly context=installing-nutanix-installer-provisioned,folds 2 source jobs: Install on Nutanix (IPI); Configure Nutanix failure domains
Install a cluster on Nutanix,"When I want automated Nutanix provisioning, I need to run the IPI installer so I can deploy OpenShift on Nutanix with automated VM creation.",Install a cluster on on-premise infrastructure,full,modules/cluster-telemetry.adoc,installing/installing_nutanix/installing-nutanix-installer-provisioned.adoc,existing,leveloffset=+1; assembly context=installing-nutanix-installer-provisioned,folds 2 source jobs: Install on Nutanix (IPI); Configure Nutanix failure domains
Install a cluster on Nutanix,"When I want automated Nutanix provisioning, I need to run the IPI installer so I can deploy OpenShift on Nutanix with automated VM creation.",Install a cluster on on-premise infrastructure,full,modules/installation-nutanix-failure-domains-req.adoc,installing/installing_nutanix/nutanix-failure-domains.adoc,existing,leveloffset=+2; assembly context=nutanix-failure-domains,folds 2 source jobs: Install on Nutanix (IPI); Configure Nutanix failure domains
Install a cluster on Nutanix,"When I want automated Nutanix provisioning, I need to run the IPI installer so I can deploy OpenShift on Nutanix with automated VM creation.",Install a cluster on on-premise infrastructure,full,modules/post-installation-configuring-nutanix-failure-domains.adoc,installing/installing_nutanix/nutanix-failure-domains.adoc,existing,leveloffset=+2; assembly context=nutanix-failure-domains,folds 2 source jobs: Install on Nutanix (IPI); Configure Nutanix failure domains
Install a cluster on Nutanix,"When I want automated Nutanix provisioning, I need to run the IPI installer so I can deploy OpenShift on Nutanix with automated VM creation.",Install a cluster on on-premise infrastructure,full,modules/post-installation-adding-nutanix-failure-domains-control-planes.adoc,installing/installing_nutanix/nutanix-failure-domains.adoc,existing,leveloffset=+2; assembly context=nutanix-failure-domains,folds 2 source jobs: Install on Nutanix (IPI); Configure Nutanix failure domains
Install a cluster on Nutanix,"When I want automated Nutanix provisioning, I need to run the IPI installer so I can deploy OpenShift on Nutanix with automated VM creation.",Install a cluster on on-premise infrastructure,full,modules/nutanix-failure-domains-compute-machines-reference.adoc,installing/installing_nutanix/nutanix-failure-domains.adoc,existing,leveloffset=+2; assembly context=nutanix-failure-domains,folds 2 source jobs: Install on Nutanix (IPI); Configure Nutanix failure domains
Install a cluster on Nutanix,"When I want automated Nutanix provisioning, I need to run the IPI installer so I can deploy OpenShift on Nutanix with automated VM creation.",Install a cluster on on-premise infrastructure,full,modules/post-installation-adding-nutanix-failure-domains-compute-machines-edit.adoc,installing/installing_nutanix/nutanix-failure-domains.adoc,existing,leveloffset=+3; assembly context=nutanix-failure-domains,folds 2 source jobs: Install on Nutanix (IPI); Configure Nutanix failure domains
Install a cluster on Nutanix,"When I want automated Nutanix provisioning, I need to run the IPI installer so I can deploy OpenShift on Nutanix with automated VM creation.",Install a cluster on on-premise infrastructure,full,modules/post-installation-adding-nutanix-failure-domains-compute-machines-replace.adoc,installing/installing_nutanix/nutanix-failure-domains.adoc,existing,leveloffset=+3; assembly context=nutanix-failure-domains,folds 2 source jobs: Install on Nutanix (IPI); Configure Nutanix failure domains
Install a cluster on Nutanix,"When I want automated Nutanix provisioning, I need to run the IPI installer so I can deploy OpenShift on Nutanix with automated VM creation.",Install a cluster on on-premise infrastructure,full,modules/cpmso-ts-nutanix-multiple-subnet.adoc,installing/installing_nutanix/nutanix-failure-domains.adoc,existing,leveloffset=+1; assembly context=nutanix-failure-domains,folds 2 source jobs: Install on Nutanix (IPI); Configure Nutanix failure domains
Install a cluster on bare metal,"When I want to deploy OpenShift on bare metal with automated provisioning, I need to run the IPI workflow that manages node provisioning through the Bare Metal Operator so I can reduce manual steps.",Install a cluster on on-premise infrastructure,full,modules/ipi-install-troubleshooting-cleaning-up-previous-installations.adoc,installing/installing_bare_metal/ipi/ipi-install-installing-a-cluster.adoc,existing,leveloffset=+1; assembly context=ipi-install-installing-a-cluster,folds 3 source jobs: Install a bare metal IPI cluster; Install on bare metal (IPI) — overview; Use Red Hat Bare Metal as a Service for OpenShift
Install a cluster on bare metal,"When I want to deploy OpenShift on bare metal with automated provisioning, I need to run the IPI workflow that manages node provisioning through the Bare Metal Operator so I can reduce manual steps.",Install a cluster on on-premise infrastructure,full,modules/ipi-install-deploying-the-cluster-via-the-openshift-installer.adoc,installing/installing_bare_metal/ipi/ipi-install-installing-a-cluster.adoc,existing,leveloffset=+1; assembly context=ipi-install-installing-a-cluster,folds 3 source jobs: Install a bare metal IPI cluster; Install on bare metal (IPI) — overview; Use Red Hat Bare Metal as a Service for OpenShift
Install a cluster on bare metal,"When I want to deploy OpenShift on bare metal with automated provisioning, I need to run the IPI workflow that manages node provisioning through the Bare Metal Operator so I can reduce manual steps.",Install a cluster on on-premise infrastructure,full,modules/ipi-install-following-the-progress-of-the-installation.adoc,installing/installing_bare_metal/ipi/ipi-install-installing-a-cluster.adoc,existing,leveloffset=+1; assembly context=ipi-install-installing-a-cluster,folds 3 source jobs: Install a bare metal IPI cluster; Install on bare metal (IPI) — overview; Use Red Hat Bare Metal as a Service for OpenShift
Install a cluster on bare metal,"When I want to deploy OpenShift on bare metal with automated provisioning, I need to run the IPI workflow that manages node provisioning through the Bare Metal Operator so I can reduce manual steps.",Install a cluster on on-premise infrastructure,full,modules/ipi-install-verifying-static-ip-address-configuration.adoc,installing/installing_bare_metal/ipi/ipi-install-installing-a-cluster.adoc,existing,leveloffset=+1; assembly context=ipi-install-installing-a-cluster,folds 3 source jobs: Install a bare metal IPI cluster; Install on bare metal (IPI) — overview; Use Red Hat Bare Metal as a Service for OpenShift
Install a cluster on bare metal,"When I want to deploy OpenShift on bare metal with automated provisioning, I need to run the IPI workflow that manages node provisioning through the Bare Metal Operator so I can reduce manual steps.",Install a cluster on on-premise infrastructure,full,modules/ipi-install-installing-rhel-on-the-provisioner-node.adoc,installing/installing_bare_metal/ipi/ipi-install-installation-workflow.adoc,existing,leveloffset=+1; assembly context=ipi-install-installation-workflow,folds 3 source jobs: Install a bare metal IPI cluster; Install on bare metal (IPI) — overview; Use Red Hat Bare Metal as a Service for OpenShift
Install a cluster on bare metal,"When I want to deploy OpenShift on bare metal with automated provisioning, I need to run the IPI workflow that manages node provisioning through the Bare Metal Operator so I can reduce manual steps.",Install a cluster on on-premise infrastructure,full,modules/ipi-install-preparing-the-provisioner-node-for-openshift-install.adoc,installing/installing_bare_metal/ipi/ipi-install-installation-workflow.adoc,existing,leveloffset=+1; assembly context=ipi-install-installation-workflow,folds 3 source jobs: Install a bare metal IPI cluster; Install on bare metal (IPI) — overview; Use Red Hat Bare Metal as a Service for OpenShift
Install a cluster on bare metal,"When I want to deploy OpenShift on bare metal with automated provisioning, I need to run the IPI workflow that manages node provisioning through the Bare Metal Operator so I can reduce manual steps.",Install a cluster on on-premise infrastructure,full,modules/ipi-install-checking-ntp-sync.adoc,installing/installing_bare_metal/ipi/ipi-install-installation-workflow.adoc,existing,leveloffset=+1; assembly context=ipi-install-installation-workflow,folds 3 source jobs: Install a bare metal IPI cluster; Install on bare metal (IPI) — overview; Use Red Hat Bare Metal as a Service for OpenShift
Install a cluster on bare metal,"When I want to deploy OpenShift on bare metal with automated provisioning, I need to run the IPI workflow that manages node provisioning through the Bare Metal Operator so I can reduce manual steps.",Install a cluster on on-premise infrastructure,full,modules/ipi-install-configuring-networking.adoc,installing/installing_bare_metal/ipi/ipi-install-installation-workflow.adoc,existing,leveloffset=+1; assembly context=ipi-install-installation-workflow,folds 3 source jobs: Install a bare metal IPI cluster; Install on bare metal (IPI) — overview; Use Red Hat Bare Metal as a Service for OpenShift
Install a cluster on bare metal,"When I want to deploy OpenShift on bare metal with automated provisioning, I need to run the IPI workflow that manages node provisioning through the Bare Metal Operator so I can reduce manual steps.",Install a cluster on on-premise infrastructure,full,modules/ipi-install-baremetal-runtimecfg-ip-assignment.adoc,installing/installing_bare_metal/ipi/ipi-install-installation-workflow.adoc,existing,leveloffset=+1; assembly context=ipi-install-installation-workflow,folds 3 source jobs: Install a bare metal IPI cluster; Install on bare metal (IPI) — overview; Use Red Hat Bare Metal as a Service for OpenShift
Install a cluster on bare metal,"When I want to deploy OpenShift on bare metal with automated provisioning, I need to run the IPI workflow that manages node provisioning through the Bare Metal Operator so I can reduce manual steps.",Install a cluster on on-premise infrastructure,full,modules/creating-manifest-file-customized-br-ex-bridge.adoc,installing/installing_bare_metal/ipi/ipi-install-installation-workflow.adoc,existing,leveloffset=+1; assembly context=ipi-install-installation-workflow,folds 3 source jobs: Install a bare metal IPI cluster; Install on bare metal (IPI) — overview; Use Red Hat Bare Metal as a Service for OpenShift
Install a cluster on bare metal,"When I want to deploy OpenShift on bare metal with automated provisioning, I need to run the IPI workflow that manages node provisioning through the Bare Metal Operator so I can reduce manual steps.",Install a cluster on on-premise infrastructure,full,modules/creating-scaling-machine-sets-compute-nodes-networking.adoc,installing/installing_bare_metal/ipi/ipi-install-installation-workflow.adoc,existing,leveloffset=+2; assembly context=ipi-install-installation-workflow,folds 3 source jobs: Install a bare metal IPI cluster; Install on bare metal (IPI) — overview; Use Red Hat Bare Metal as a Service for OpenShift
Install a cluster on bare metal,"When I want to deploy OpenShift on bare metal with automated provisioning, I need to run the IPI workflow that manages node provisioning through the Bare Metal Operator so I can reduce manual steps.",Install a cluster on on-premise infrastructure,full,modules/ipi-install-establishing-communication-between-subnets.adoc,installing/installing_bare_metal/ipi/ipi-install-installation-workflow.adoc,existing,leveloffset=+1; assembly context=ipi-install-installation-workflow,folds 3 source jobs: Install a bare metal IPI cluster; Install on bare metal (IPI) — overview; Use Red Hat Bare Metal as a Service for OpenShift
Install a cluster on bare metal,"When I want to deploy OpenShift on bare metal with automated provisioning, I need to run the IPI workflow that manages node provisioning through the Bare Metal Operator so I can reduce manual steps.",Install a cluster on on-premise infrastructure,full,modules/ipi-install-retrieving-the-openshift-installer.adoc,installing/installing_bare_metal/ipi/ipi-install-installation-workflow.adoc,existing,leveloffset=+1; assembly context=ipi-install-installation-workflow,folds 3 source jobs: Install a bare metal IPI cluster; Install on bare metal (IPI) — overview; Use Red Hat Bare Metal as a Service for OpenShift
Install a cluster on bare metal,"When I want to deploy OpenShift on bare metal with automated provisioning, I need to run the IPI workflow that manages node provisioning through the Bare Metal Operator so I can reduce manual steps.",Install a cluster on on-premise infrastructure,full,modules/ipi-install-extracting-the-openshift-installer.adoc,installing/installing_bare_metal/ipi/ipi-install-installation-workflow.adoc,existing,leveloffset=+1; assembly context=ipi-install-installation-workflow,folds 3 source jobs: Install a bare metal IPI cluster; Install on bare metal (IPI) — overview; Use Red Hat Bare Metal as a Service for OpenShift
Install a cluster on bare metal,"When I want to deploy OpenShift on bare metal with automated provisioning, I need to run the IPI workflow that manages node provisioning through the Bare Metal Operator so I can reduce manual steps.",Install a cluster on on-premise infrastructure,full,modules/ipi-install-creating-an-rhcos-images-cache.adoc,installing/installing_bare_metal/ipi/ipi-install-installation-workflow.adoc,existing,leveloffset=+1; assembly context=ipi-install-installation-workflow,folds 3 source jobs: Install a bare metal IPI cluster; Install on bare metal (IPI) — overview; Use Red Hat Bare Metal as a Service for OpenShift
Install a cluster on bare metal,"When I want to deploy OpenShift on bare metal with automated provisioning, I need to run the IPI workflow that manages node provisioning through the Bare Metal Operator so I can reduce manual steps.",Install a cluster on on-premise infrastructure,full,modules/nw-osp-services-external-load-balancer.adoc,installing/installing_bare_metal/ipi/ipi-install-installation-workflow.adoc,existing,leveloffset=+1; assembly context=ipi-install-installation-workflow,folds 3 source jobs: Install a bare metal IPI cluster; Install on bare metal (IPI) — overview; Use Red Hat Bare Metal as a Service for OpenShift
Install a cluster on bare metal,"When I want to deploy OpenShift on bare metal with automated provisioning, I need to run the IPI workflow that manages node provisioning through the Bare Metal Operator so I can reduce manual steps.",Install a cluster on on-premise infrastructure,full,modules/nw-osp-configuring-external-load-balancer.adoc,installing/installing_bare_metal/ipi/ipi-install-installation-workflow.adoc,existing,leveloffset=+2; assembly context=ipi-install-installation-workflow,folds 3 source jobs: Install a bare metal IPI cluster; Install on bare metal (IPI) — overview; Use Red Hat Bare Metal as a Service for OpenShift
Install a cluster on bare metal,"When I want to deploy OpenShift on bare metal with automated provisioning, I need to run the IPI workflow that manages node provisioning through the Bare Metal Operator so I can reduce manual steps.",Install a cluster on on-premise infrastructure,full,modules/ipi-install-setting-cluster-node-hostnames-dhcp.adoc,installing/installing_bare_metal/ipi/ipi-install-installation-workflow.adoc,existing,leveloffset=+1; assembly context=ipi-install-installation-workflow,folds 3 source jobs: Install a bare metal IPI cluster; Install on bare metal (IPI) — overview; Use Red Hat Bare Metal as a Service for OpenShift
Install a cluster on bare metal,"When I want to deploy OpenShift on bare metal with automated provisioning, I need to run the IPI workflow that manages node provisioning through the Bare Metal Operator so I can reduce manual steps.",Install a cluster on on-premise infrastructure,full,modules/local-arbiter-node-config-prerequisites.adoc,installing/installing_bare_metal/ipi/ipi-install-installation-workflow.adoc,existing,leveloffset=+1; assembly context=ipi-install-installation-workflow,folds 3 source jobs: Install a bare metal IPI cluster; Install on bare metal (IPI) — overview; Use Red Hat Bare Metal as a Service for OpenShift
Install a cluster on bare metal,"When I want to deploy OpenShift on bare metal with automated provisioning, I need to run the IPI workflow that manages node provisioning through the Bare Metal Operator so I can reduce manual steps.",Install a cluster on on-premise infrastructure,full,modules/ipi-install-config-local-arbiter-node.adoc,installing/installing_bare_metal/ipi/ipi-install-installation-workflow.adoc,existing,leveloffset=+1; assembly context=ipi-install-installation-workflow,folds 3 source jobs: Install a bare metal IPI cluster; Install on bare metal (IPI) — overview; Use Red Hat Bare Metal as a Service for OpenShift
Install a cluster on bare metal,"When I want to deploy OpenShift on bare metal with automated provisioning, I need to run the IPI workflow that manages node provisioning through the Bare Metal Operator so I can reduce manual steps.",Install a cluster on on-premise infrastructure,full,modules/ipi-install-configuring-the-install-config-file.adoc,installing/installing_bare_metal/ipi/ipi-install-installation-workflow.adoc,existing,leveloffset=+1; assembly context=ipi-install-installation-workflow,folds 3 source jobs: Install a bare metal IPI cluster; Install on bare metal (IPI) — overview; Use Red Hat Bare Metal as a Service for OpenShift
Install a cluster on bare metal,"When I want to deploy OpenShift on bare metal with automated provisioning, I need to run the IPI workflow that manages node provisioning through the Bare Metal Operator so I can reduce manual steps.",Install a cluster on on-premise infrastructure,full,modules/ipi-install-additional-install-config-parameters.adoc,installing/installing_bare_metal/ipi/ipi-install-installation-workflow.adoc,existing,leveloffset=+2; assembly context=ipi-install-installation-workflow,folds 3 source jobs: Install a bare metal IPI cluster; Install on bare metal (IPI) — overview; Use Red Hat Bare Metal as a Service for OpenShift
Install a cluster on bare metal,"When I want to deploy OpenShift on bare metal with automated provisioning, I need to run the IPI workflow that manages node provisioning through the Bare Metal Operator so I can reduce manual steps.",Install a cluster on on-premise infrastructure,full,modules/ipi-install-bmc-addressing.adoc,installing/installing_bare_metal/ipi/ipi-install-installation-workflow.adoc,existing,leveloffset=+2; assembly context=ipi-install-installation-workflow,folds 3 source jobs: Install a bare metal IPI cluster; Install on bare metal (IPI) — overview; Use Red Hat Bare Metal as a Service for OpenShift
Install a cluster on bare metal,"When I want to deploy OpenShift on bare metal with automated provisioning, I need to run the IPI workflow that manages node provisioning through the Bare Metal Operator so I can reduce manual steps.",Install a cluster on on-premise infrastructure,full,modules/ipi-install-verifying-support-for-redfish-apis.adoc,installing/installing_bare_metal/ipi/ipi-install-installation-workflow.adoc,existing,leveloffset=+2; assembly context=ipi-install-installation-workflow,folds 3 source jobs: Install a bare metal IPI cluster; Install on bare metal (IPI) — overview; Use Red Hat Bare Metal as a Service for OpenShift
Install a cluster on bare metal,"When I want to deploy OpenShift on bare metal with automated provisioning, I need to run the IPI workflow that manages node provisioning through the Bare Metal Operator so I can reduce manual steps.",Install a cluster on on-premise infrastructure,full,modules/ipi-install-bmc-addressing-for-dell-idrac.adoc,installing/installing_bare_metal/ipi/ipi-install-installation-workflow.adoc,existing,leveloffset=+2; assembly context=ipi-install-installation-workflow,folds 3 source jobs: Install a bare metal IPI cluster; Install on bare metal (IPI) — overview; Use Red Hat Bare Metal as a Service for OpenShift
Install a cluster on bare metal,"When I want to deploy OpenShift on bare metal with automated provisioning, I need to run the IPI workflow that manages node provisioning through the Bare Metal Operator so I can reduce manual steps.",Install a cluster on on-premise infrastructure,full,modules/ipi-install-bmc-addressing-for-hpe-ilo.adoc,installing/installing_bare_metal/ipi/ipi-install-installation-workflow.adoc,existing,leveloffset=+2; assembly context=ipi-install-installation-workflow,folds 3 source jobs: Install a bare metal IPI cluster; Install on bare metal (IPI) — overview; Use Red Hat Bare Metal as a Service for OpenShift
Install a cluster on bare metal,"When I want to deploy OpenShift on bare metal with automated provisioning, I need to run the IPI workflow that manages node provisioning through the Bare Metal Operator so I can reduce manual steps.",Install a cluster on on-premise infrastructure,full,modules/ipi-install-bmc-addressing-for-fujitsu-irmc.adoc,installing/installing_bare_metal/ipi/ipi-install-installation-workflow.adoc,existing,leveloffset=+2; assembly context=ipi-install-installation-workflow,folds 3 source jobs: Install a bare metal IPI cluster; Install on bare metal (IPI) — overview; Use Red Hat Bare Metal as a Service for OpenShift
Install a cluster on bare metal,"When I want to deploy OpenShift on bare metal with automated provisioning, I need to run the IPI workflow that manages node provisioning through the Bare Metal Operator so I can reduce manual steps.",Install a cluster on on-premise infrastructure,full,modules/ipi-install-bmc-addressing-for-cisco-cimc.adoc,installing/installing_bare_metal/ipi/ipi-install-installation-workflow.adoc,existing,leveloffset=+2; assembly context=ipi-install-installation-workflow,folds 3 source jobs: Install a bare metal IPI cluster; Install on bare metal (IPI) — overview; Use Red Hat Bare Metal as a Service for OpenShift
Install a cluster on bare metal,"When I want to deploy OpenShift on bare metal with automated provisioning, I need to run the IPI workflow that manages node provisioning through the Bare Metal Operator so I can reduce manual steps.",Install a cluster on on-premise infrastructure,full,modules/ipi-install-root-device-hints.adoc,installing/installing_bare_metal/ipi/ipi-install-installation-workflow.adoc,existing,leveloffset=+2; assembly context=ipi-install-installation-workflow,folds 3 source jobs: Install a bare metal IPI cluster; Install on bare metal (IPI) — overview; Use Red Hat Bare Metal as a Service for OpenShift
Install a cluster on bare metal,"When I want to deploy OpenShift on bare metal with automated provisioning, I need to run the IPI workflow that manages node provisioning through the Bare Metal Operator so I can reduce manual steps.",Install a cluster on on-premise infrastructure,full,modules/ipi-install-setting-proxy-settings-within-install-config.adoc,installing/installing_bare_metal/ipi/ipi-install-installation-workflow.adoc,existing,leveloffset=+2; assembly context=ipi-install-installation-workflow,folds 3 source jobs: Install a bare metal IPI cluster; Install on bare metal (IPI) — overview; Use Red Hat Bare Metal as a Service for OpenShift
Install a cluster on bare metal,"When I want to deploy OpenShift on bare metal with automated provisioning, I need to run the IPI workflow that manages node provisioning through the Bare Metal Operator so I can reduce manual steps.",Install a cluster on on-premise infrastructure,full,modules/ipi-install-modifying-install-config-for-no-provisioning-network.adoc,installing/installing_bare_metal/ipi/ipi-install-installation-workflow.adoc,existing,leveloffset=+2; assembly context=ipi-install-installation-workflow,folds 3 source jobs: Install a bare metal IPI cluster; Install on bare metal (IPI) — overview; Use Red Hat Bare Metal as a Service for OpenShift
Install a cluster on bare metal,"When I want to deploy OpenShift on bare metal with automated provisioning, I need to run the IPI workflow that manages node provisioning through the Bare Metal Operator so I can reduce manual steps.",Install a cluster on on-premise infrastructure,full,modules/ipi-install-modifying-install-config-for-dual-stack-network.adoc,installing/installing_bare_metal/ipi/ipi-install-installation-workflow.adoc,existing,leveloffset=+2; assembly context=ipi-install-installation-workflow,folds 3 source jobs: Install a bare metal IPI cluster; Install on bare metal (IPI) — overview; Use Red Hat Bare Metal as a Service for OpenShift
Install a cluster on bare metal,"When I want to deploy OpenShift on bare metal with automated provisioning, I need to run the IPI workflow that manages node provisioning through the Bare Metal Operator so I can reduce manual steps.",Install a cluster on on-premise infrastructure,full,modules/ipi-install-configuring-host-network-interfaces-in-the-install-config.yaml-file.adoc,installing/installing_bare_metal/ipi/ipi-install-installation-workflow.adoc,existing,leveloffset=+2; assembly context=ipi-install-installation-workflow,folds 3 source jobs: Install a bare metal IPI cluster; Install on bare metal (IPI) — overview; Use Red Hat Bare Metal as a Service for OpenShift
Install a cluster on bare metal,"When I want to deploy OpenShift on bare metal with automated provisioning, I need to run the IPI workflow that manages node provisioning through the Bare Metal Operator so I can reduce manual steps.",Install a cluster on on-premise infrastructure,full,modules/ipi-install-configuring-host-network-interfaces-for-subnets.adoc,installing/installing_bare_metal/ipi/ipi-install-installation-workflow.adoc,existing,leveloffset=+2; assembly context=ipi-install-installation-workflow,folds 3 source jobs: Install a bare metal IPI cluster; Install on bare metal (IPI) — overview; Use Red Hat Bare Metal as a Service for OpenShift
Install a cluster on bare metal,"When I want to deploy OpenShift on bare metal with automated provisioning, I need to run the IPI workflow that manages node provisioning through the Bare Metal Operator so I can reduce manual steps.",Install a cluster on on-premise infrastructure,full,modules/ipi-install-modifying-install-config-for-slaac-dual-stack-network.adoc,installing/installing_bare_metal/ipi/ipi-install-installation-workflow.adoc,existing,leveloffset=+2; assembly context=ipi-install-installation-workflow,folds 3 source jobs: Install a bare metal IPI cluster; Install on bare metal (IPI) — overview; Use Red Hat Bare Metal as a Service for OpenShift
Install a cluster on bare metal,"When I want to deploy OpenShift on bare metal with automated provisioning, I need to run the IPI workflow that manages node provisioning through the Bare Metal Operator so I can reduce manual steps.",Install a cluster on on-premise infrastructure,full,modules/ipi-install-configuring-host-dual-network-interfaces-in-the-install-config.yaml-file.adoc,installing/installing_bare_metal/ipi/ipi-install-installation-workflow.adoc,existing,leveloffset=+2; assembly context=ipi-install-installation-workflow,folds 3 source jobs: Install a bare metal IPI cluster; Install on bare metal (IPI) — overview; Use Red Hat Bare Metal as a Service for OpenShift
Install a cluster on bare metal,"When I want to deploy OpenShift on bare metal with automated provisioning, I need to run the IPI workflow that manages node provisioning through the Bare Metal Operator so I can reduce manual steps.",Install a cluster on on-premise infrastructure,full,modules/ipi-install-configure-multiple-cluster-nodes.adoc,installing/installing_bare_metal/ipi/ipi-install-installation-workflow.adoc,existing,leveloffset=+2; assembly context=ipi-install-installation-workflow,folds 3 source jobs: Install a bare metal IPI cluster; Install on bare metal (IPI) — overview; Use Red Hat Bare Metal as a Service for OpenShift
Install a cluster on bare metal,"When I want to deploy OpenShift on bare metal with automated provisioning, I need to run the IPI workflow that manages node provisioning through the Bare Metal Operator so I can reduce manual steps.",Install a cluster on on-premise infrastructure,full,modules/ipi-install-configuring-managed-secure-boot-in-the-install-config-file.adoc,installing/installing_bare_metal/ipi/ipi-install-installation-workflow.adoc,existing,leveloffset=+2; assembly context=ipi-install-installation-workflow,folds 3 source jobs: Install a bare metal IPI cluster; Install on bare metal (IPI) — overview; Use Red Hat Bare Metal as a Service for OpenShift
Install a cluster on bare metal,"When I want to deploy OpenShift on bare metal with automated provisioning, I need to run the IPI workflow that manages node provisioning through the Bare Metal Operator so I can reduce manual steps.",Install a cluster on on-premise infrastructure,full,modules/ipi-install-manifest-config-files.adoc,installing/installing_bare_metal/ipi/ipi-install-installation-workflow.adoc,existing,leveloffset=+1; assembly context=ipi-install-installation-workflow,folds 3 source jobs: Install a bare metal IPI cluster; Install on bare metal (IPI) — overview; Use Red Hat Bare Metal as a Service for OpenShift
Install a cluster on bare metal,"When I want to deploy OpenShift on bare metal with automated provisioning, I need to run the IPI workflow that manages node provisioning through the Bare Metal Operator so I can reduce manual steps.",Install a cluster on on-premise infrastructure,full,modules/ipi-install-creating-the-openshift-manifests.adoc,installing/installing_bare_metal/ipi/ipi-install-installation-workflow.adoc,existing,leveloffset=+2; assembly context=ipi-install-installation-workflow,folds 3 source jobs: Install a bare metal IPI cluster; Install on bare metal (IPI) — overview; Use Red Hat Bare Metal as a Service for OpenShift
Install a cluster on bare metal,"When I want to deploy OpenShift on bare metal with automated provisioning, I need to run the IPI workflow that manages node provisioning through the Bare Metal Operator so I can reduce manual steps.",Install a cluster on on-premise infrastructure,full,modules/ipi-install-configuring-ntp-for-disconnected-clusters.adoc,installing/installing_bare_metal/ipi/ipi-install-installation-workflow.adoc,existing,leveloffset=+2; assembly context=ipi-install-installation-workflow,folds 3 source jobs: Install a bare metal IPI cluster; Install on bare metal (IPI) — overview; Use Red Hat Bare Metal as a Service for OpenShift
Install a cluster on bare metal,"When I want to deploy OpenShift on bare metal with automated provisioning, I need to run the IPI workflow that manages node provisioning through the Bare Metal Operator so I can reduce manual steps.",Install a cluster on on-premise infrastructure,full,modules/ipi-install-configure-network-components-to-run-on-the-control-plane.adoc,installing/installing_bare_metal/ipi/ipi-install-installation-workflow.adoc,existing,leveloffset=+2; assembly context=ipi-install-installation-workflow,folds 3 source jobs: Install a bare metal IPI cluster; Install on bare metal (IPI) — overview; Use Red Hat Bare Metal as a Service for OpenShift
Install a cluster on bare metal,"When I want to deploy OpenShift on bare metal with automated provisioning, I need to run the IPI workflow that manages node provisioning through the Bare Metal Operator so I can reduce manual steps.",Install a cluster on on-premise infrastructure,full,modules/ipi-install-deploying-routers-on-worker-nodes.adoc,installing/installing_bare_metal/ipi/ipi-install-installation-workflow.adoc,existing,leveloffset=+2; assembly context=ipi-install-installation-workflow,folds 3 source jobs: Install a bare metal IPI cluster; Install on bare metal (IPI) — overview; Use Red Hat Bare Metal as a Service for OpenShift
Install a cluster on bare metal,"When I want to deploy OpenShift on bare metal with automated provisioning, I need to run the IPI workflow that manages node provisioning through the Bare Metal Operator so I can reduce manual steps.",Install a cluster on on-premise infrastructure,full,modules/ipi-install-configuring-the-bios.adoc,installing/installing_bare_metal/ipi/ipi-install-installation-workflow.adoc,existing,leveloffset=+2; assembly context=ipi-install-installation-workflow,folds 3 source jobs: Install a bare metal IPI cluster; Install on bare metal (IPI) — overview; Use Red Hat Bare Metal as a Service for OpenShift
Install a cluster on bare metal,"When I want to deploy OpenShift on bare metal with automated provisioning, I need to run the IPI workflow that manages node provisioning through the Bare Metal Operator so I can reduce manual steps.",Install a cluster on on-premise infrastructure,full,modules/ipi-install-configuring-the-raid.adoc,installing/installing_bare_metal/ipi/ipi-install-installation-workflow.adoc,existing,leveloffset=+2; assembly context=ipi-install-installation-workflow,folds 3 source jobs: Install a bare metal IPI cluster; Install on bare metal (IPI) — overview; Use Red Hat Bare Metal as a Service for OpenShift
Install a cluster on bare metal,"When I want to deploy OpenShift on bare metal with automated provisioning, I need to run the IPI workflow that manages node provisioning through the Bare Metal Operator so I can reduce manual steps.",Install a cluster on on-premise infrastructure,full,modules/ipi-install-configuring-storage-on-nodes.adoc,installing/installing_bare_metal/ipi/ipi-install-installation-workflow.adoc,existing,leveloffset=+2; assembly context=ipi-install-installation-workflow,folds 3 source jobs: Install a bare metal IPI cluster; Install on bare metal (IPI) — overview; Use Red Hat Bare Metal as a Service for OpenShift
Install a cluster on bare metal,"When I want to deploy OpenShift on bare metal with automated provisioning, I need to run the IPI workflow that manages node provisioning through the Bare Metal Operator so I can reduce manual steps.",Install a cluster on on-premise infrastructure,full,modules/ipi-install-creating-a-disconnected-registry.adoc,installing/installing_bare_metal/ipi/ipi-install-installation-workflow.adoc,existing,leveloffset=+1; assembly context=ipi-install-installation-workflow,folds 3 source jobs: Install a bare metal IPI cluster; Install on bare metal (IPI) — overview; Use Red Hat Bare Metal as a Service for OpenShift
Install a cluster on bare metal,"When I want to deploy OpenShift on bare metal with automated provisioning, I need to run the IPI workflow that manages node provisioning through the Bare Metal Operator so I can reduce manual steps.",Install a cluster on on-premise infrastructure,full,modules/ipi-install-preparing-a-disconnected-registry.adoc,installing/installing_bare_metal/ipi/ipi-install-installation-workflow.adoc,existing,leveloffset=+2; assembly context=ipi-install-installation-workflow,folds 3 source jobs: Install a bare metal IPI cluster; Install on bare metal (IPI) — overview; Use Red Hat Bare Metal as a Service for OpenShift
Install a cluster on bare metal,"When I want to deploy OpenShift on bare metal with automated provisioning, I need to run the IPI workflow that manages node provisioning through the Bare Metal Operator so I can reduce manual steps.",Install a cluster on on-premise infrastructure,full,modules/ipi-install-mirroring-for-disconnected-registry.adoc,installing/installing_bare_metal/ipi/ipi-install-installation-workflow.adoc,existing,leveloffset=+2; assembly context=ipi-install-installation-workflow,folds 3 source jobs: Install a bare metal IPI cluster; Install on bare metal (IPI) — overview; Use Red Hat Bare Metal as a Service for OpenShift
Install a cluster on bare metal,"When I want to deploy OpenShift on bare metal with automated provisioning, I need to run the IPI workflow that manages node provisioning through the Bare Metal Operator so I can reduce manual steps.",Install a cluster on on-premise infrastructure,full,modules/ipi-modify-install-config-for-a-disconnected-registry.adoc,installing/installing_bare_metal/ipi/ipi-install-installation-workflow.adoc,existing,leveloffset=+2; assembly context=ipi-install-installation-workflow,folds 3 source jobs: Install a bare metal IPI cluster; Install on bare metal (IPI) — overview; Use Red Hat Bare Metal as a Service for OpenShift
Install a cluster on bare metal,"When I want to deploy OpenShift on bare metal with automated provisioning, I need to run the IPI workflow that manages node provisioning through the Bare Metal Operator so I can reduce manual steps.",Install a cluster on on-premise infrastructure,full,modules/ipi-install-validation-checklist-for-installation.adoc,installing/installing_bare_metal/ipi/ipi-install-installation-workflow.adoc,existing,leveloffset=+1; assembly context=ipi-install-installation-workflow,folds 3 source jobs: Install a bare metal IPI cluster; Install on bare metal (IPI) — overview; Use Red Hat Bare Metal as a Service for OpenShift
Install a cluster on bare metal,"When I want to deploy OpenShift on bare metal with automated provisioning, I need to run the IPI workflow that manages node provisioning through the Bare Metal Operator so I can reduce manual steps.",Install a cluster on on-premise infrastructure,full,modules/bmaas-prerequisites.adoc,installing/installing_bare_metal/bare-metal-using-bare-metal-as-a-service.adoc,existing,leveloffset=+1; assembly context=bare-metal-using-bmaas,folds 3 source jobs: Install a bare metal IPI cluster; Install on bare metal (IPI) — overview; Use Red Hat Bare Metal as a Service for OpenShift
Install a cluster on bare metal,"When I want to deploy OpenShift on bare metal with automated provisioning, I need to run the IPI workflow that manages node provisioning through the Bare Metal Operator so I can reduce manual steps.",Install a cluster on on-premise infrastructure,full,modules/bmaas-using-the-bmo-to-manage-resources-across-all-namespaces.adoc,installing/installing_bare_metal/bare-metal-using-bare-metal-as-a-service.adoc,existing,leveloffset=+1; assembly context=bare-metal-using-bmaas,folds 3 source jobs: Install a bare metal IPI cluster; Install on bare metal (IPI) — overview; Use Red Hat Bare Metal as a Service for OpenShift
Install a cluster on bare metal,"When I want to deploy OpenShift on bare metal with automated provisioning, I need to run the IPI workflow that manages node provisioning through the Bare Metal Operator so I can reduce manual steps.",Install a cluster on on-premise infrastructure,full,modules/bmaas-setting-up-a-dedicated-namespace.adoc,installing/installing_bare_metal/bare-metal-using-bare-metal-as-a-service.adoc,existing,leveloffset=+1; assembly context=bare-metal-using-bmaas,folds 3 source jobs: Install a bare metal IPI cluster; Install on bare metal (IPI) — overview; Use Red Hat Bare Metal as a Service for OpenShift
Install a cluster on bare metal,"When I want to deploy OpenShift on bare metal with automated provisioning, I need to run the IPI workflow that manages node provisioning through the Bare Metal Operator so I can reduce manual steps.",Install a cluster on on-premise infrastructure,full,modules/bmo-creating-a-bmc-secret.adoc,installing/installing_bare_metal/bare-metal-using-bare-metal-as-a-service.adoc,existing,leveloffset=+1; assembly context=bare-metal-using-bmaas,folds 3 source jobs: Install a bare metal IPI cluster; Install on bare metal (IPI) — overview; Use Red Hat Bare Metal as a Service for OpenShift
Install a cluster on bare metal,"When I want to deploy OpenShift on bare metal with automated provisioning, I need to run the IPI workflow that manages node provisioning through the Bare Metal Operator so I can reduce manual steps.",Install a cluster on on-premise infrastructure,full,modules/bmo-creating-a-bare-metal-host-resource.adoc,installing/installing_bare_metal/bare-metal-using-bare-metal-as-a-service.adoc,existing,leveloffset=+1; assembly context=bare-metal-using-bmaas,folds 3 source jobs: Install a bare metal IPI cluster; Install on bare metal (IPI) — overview; Use Red Hat Bare Metal as a Service for OpenShift
Install a cluster on bare metal,"When I want to deploy OpenShift on bare metal with automated provisioning, I need to run the IPI workflow that manages node provisioning through the Bare Metal Operator so I can reduce manual steps.",Install a cluster on on-premise infrastructure,full,modules/bmo-configuring-users-for-bmaas-hosts.adoc,installing/installing_bare_metal/bare-metal-using-bare-metal-as-a-service.adoc,existing,leveloffset=+1; assembly context=bare-metal-using-bmaas,folds 3 source jobs: Install a bare metal IPI cluster; Install on bare metal (IPI) — overview; Use Red Hat Bare Metal as a Service for OpenShift
Install a cluster on bare metal,"When I want to deploy OpenShift on bare metal with automated provisioning, I need to run the IPI workflow that manages node provisioning through the Bare Metal Operator so I can reduce manual steps.",Install a cluster on on-premise infrastructure,full,modules/bmo-configuring-the-networkdata-parameter-in-the-bmo-cr.adoc,installing/installing_bare_metal/bare-metal-using-bare-metal-as-a-service.adoc,existing,leveloffset=+1; assembly context=bare-metal-using-bmaas,folds 3 source jobs: Install a bare metal IPI cluster; Install on bare metal (IPI) — overview; Use Red Hat Bare Metal as a Service for OpenShift
Install a cluster on bare metal,"When I want to deploy OpenShift on bare metal with automated provisioning, I need to run the IPI workflow that manages node provisioning through the Bare Metal Operator so I can reduce manual steps.",Install a cluster on on-premise infrastructure,full,modules/bmo-deploying-an-image-to-the-bare-metal-host.adoc,installing/installing_bare_metal/bare-metal-using-bare-metal-as-a-service.adoc,existing,leveloffset=+1; assembly context=bare-metal-using-bmaas,folds 3 source jobs: Install a bare metal IPI cluster; Install on bare metal (IPI) — overview; Use Red Hat Bare Metal as a Service for OpenShift
Install a cluster on Azure Stack Hub,"When I want to deploy OpenShift on Azure Stack Hub, I need the IPI or UPI installation procedure for ASH.",Install a cluster on on-premise infrastructure,full,modules/installation-azure-stack-hub-default-ipi-prerequisites.adoc,installing/installing_azure_stack_hub/ipi/installing-azure-stack-hub-default.adoc,existing,leveloffset=+1; assembly context=installing-azure-stack-hub-default,folds 1 source jobs: Install on Azure Stack Hub
Install a cluster on Azure Stack Hub,"When I want to deploy OpenShift on Azure Stack Hub, I need the IPI or UPI installation procedure for ASH.",Install a cluster on on-premise infrastructure,full,modules/installation-azure-user-infra-uploading-rhcos.adoc,installing/installing_azure_stack_hub/ipi/installing-azure-stack-hub-default.adoc,existing,leveloffset=+1; assembly context=installing-azure-stack-hub-default,folds 1 source jobs: Install on Azure Stack Hub
Install a cluster on Azure Stack Hub,"When I want to deploy OpenShift on Azure Stack Hub, I need the IPI or UPI installation procedure for ASH.",Install a cluster on on-premise infrastructure,full,modules/installation-initializing-manual.adoc,installing/installing_azure_stack_hub/ipi/installing-azure-stack-hub-default.adoc,existing,leveloffset=+1; assembly context=installing-azure-stack-hub-default,folds 1 source jobs: Install on Azure Stack Hub
Install a cluster on Azure Stack Hub,"When I want to deploy OpenShift on Azure Stack Hub, I need the IPI or UPI installation procedure for ASH.",Install a cluster on on-premise infrastructure,full,modules/installation-azure-stack-hub-config-yaml.adoc,installing/installing_azure_stack_hub/ipi/installing-azure-stack-hub-default.adoc,existing,leveloffset=+2; assembly context=installing-azure-stack-hub-default,folds 1 source jobs: Install on Azure Stack Hub
Install a cluster on Azure Stack Hub,"When I want to deploy OpenShift on Azure Stack Hub, I need the IPI or UPI installation procedure for ASH.",Install a cluster on on-premise infrastructure,full,modules/manually-create-identity-access-management.adoc,installing/installing_azure_stack_hub/ipi/installing-azure-stack-hub-default.adoc,existing,leveloffset=+1; assembly context=installing-azure-stack-hub-default,folds 1 source jobs: Install on Azure Stack Hub
Install a cluster on Azure Stack Hub,"When I want to deploy OpenShift on Azure Stack Hub, I need the IPI or UPI installation procedure for ASH.",Install a cluster on on-premise infrastructure,full,modules/azure-stack-hub-internal-ca.adoc,installing/installing_azure_stack_hub/ipi/installing-azure-stack-hub-default.adoc,existing,leveloffset=+1; assembly context=installing-azure-stack-hub-default,folds 1 source jobs: Install on Azure Stack Hub
Install a cluster on Azure Stack Hub,"When I want to deploy OpenShift on Azure Stack Hub, I need the IPI or UPI installation procedure for ASH.",Install a cluster on on-premise infrastructure,full,modules/installation-launching-installer.adoc,installing/installing_azure_stack_hub/ipi/installing-azure-stack-hub-default.adoc,existing,leveloffset=+1; assembly context=installing-azure-stack-hub-default,folds 1 source jobs: Install on Azure Stack Hub
Install a cluster on Azure Stack Hub,"When I want to deploy OpenShift on Azure Stack Hub, I need the IPI or UPI installation procedure for ASH.",Install a cluster on on-premise infrastructure,full,modules/cli-logging-in-kubeadmin.adoc,installing/installing_azure_stack_hub/ipi/installing-azure-stack-hub-default.adoc,existing,leveloffset=+1; assembly context=installing-azure-stack-hub-default,folds 1 source jobs: Install on Azure Stack Hub
Install a cluster on Azure Stack Hub,"When I want to deploy OpenShift on Azure Stack Hub, I need the IPI or UPI installation procedure for ASH.",Install a cluster on on-premise infrastructure,full,modules/logging-in-by-using-the-web-console.adoc,installing/installing_azure_stack_hub/ipi/installing-azure-stack-hub-default.adoc,existing,leveloffset=+1; assembly context=installing-azure-stack-hub-default,folds 1 source jobs: Install on Azure Stack Hub
Install a cluster on IBM PowerVC,"When I want to deploy OpenShift on IBM PowerVC, I need to understand the installation methods and run the IPI installer for PowerVC.",Install a cluster on on-premise infrastructure,full,modules/prereqs-ibm-powervc.adoc,installing/installing_ibm_powervc/installing-ibm-powervc-installer-custom.adoc,existing,leveloffset=+1; assembly context=installing-ibm-powervc-installer-custom,folds 1 source jobs: Install on IBM PowerVC
Install a cluster on IBM PowerVC,"When I want to deploy OpenShift on IBM PowerVC, I need to understand the installation methods and run the IPI installer for PowerVC.",Install a cluster on on-premise infrastructure,full,modules/installation-ibm-powervc-infra-requirements.adoc,installing/installing_ibm_powervc/installing-ibm-powervc-installer-custom.adoc,existing,leveloffset=+1; assembly context=installing-ibm-powervc-installer-custom,folds 1 source jobs: Install on IBM PowerVC
Install a cluster on IBM PowerVC,"When I want to deploy OpenShift on IBM PowerVC, I need to understand the installation methods and run the IPI installer for PowerVC.",Install a cluster on on-premise infrastructure,full,modules/installation-ibm-powervc-default-deployment.adoc,installing/installing_ibm_powervc/installing-ibm-powervc-installer-custom.adoc,existing,leveloffset=+1; assembly context=installing-ibm-powervc-installer-custom,folds 1 source jobs: Install on IBM PowerVC
Install a cluster on IBM PowerVC,"When I want to deploy OpenShift on IBM PowerVC, I need to understand the installation methods and run the IPI installer for PowerVC.",Install a cluster on on-premise infrastructure,full,modules/installation-load-balancing-user-infra.adoc,installing/installing_ibm_powervc/installing-ibm-powervc-installer-custom.adoc,existing,leveloffset=+2; assembly context=installing-ibm-powervc-installer-custom,folds 1 source jobs: Install on IBM PowerVC
Install a cluster on IBM PowerVC,"When I want to deploy OpenShift on IBM PowerVC, I need to understand the installation methods and run the IPI installer for PowerVC.",Install a cluster on on-premise infrastructure,full,modules/installation-load-balancing-user-infra-example.adoc,installing/installing_ibm_powervc/installing-ibm-powervc-installer-custom.adoc,existing,leveloffset=+3; assembly context=installing-ibm-powervc-installer-custom,folds 1 source jobs: Install on IBM PowerVC
Install a cluster on IBM PowerVC,"When I want to deploy OpenShift on IBM PowerVC, I need to understand the installation methods and run the IPI installer for PowerVC.",Install a cluster on on-premise infrastructure,full,modules/installation-obtaining-installer.adoc,installing/installing_ibm_powervc/installing-ibm-powervc-installer-custom.adoc,existing,leveloffset=+1; assembly context=installing-ibm-powervc-installer-custom,folds 1 source jobs: Install on IBM PowerVC
Install a cluster on IBM PowerVC,"When I want to deploy OpenShift on IBM PowerVC, I need to understand the installation methods and run the IPI installer for PowerVC.",Install a cluster on on-premise infrastructure,full,modules/installation-initializing.adoc,installing/installing_ibm_powervc/installing-ibm-powervc-installer-custom.adoc,existing,leveloffset=+1; assembly context=installing-ibm-powervc-installer-custom,folds 1 source jobs: Install on IBM PowerVC
Install a cluster on IBM PowerVC,"When I want to deploy OpenShift on IBM PowerVC, I need to understand the installation methods and run the IPI installer for PowerVC.",Install a cluster on on-premise infrastructure,full,modules/installation-ibm-powervc-standard-config.adoc,installing/installing_ibm_powervc/installing-ibm-powervc-installer-custom.adoc,existing,leveloffset=+2; assembly context=installing-ibm-powervc-installer-custom,folds 1 source jobs: Install on IBM PowerVC
Install a cluster on IBM PowerVC,"When I want to deploy OpenShift on IBM PowerVC, I need to understand the installation methods and run the IPI installer for PowerVC.",Install a cluster on on-premise infrastructure,full,modules/installation-launching-installer.adoc,installing/installing_ibm_powervc/installing-ibm-powervc-installer-custom.adoc,existing,leveloffset=+1; assembly context=installing-ibm-powervc-installer-custom,folds 1 source jobs: Install on IBM PowerVC
Install a cluster on IBM PowerVC,"When I want to deploy OpenShift on IBM PowerVC, I need to understand the installation methods and run the IPI installer for PowerVC.",Install a cluster on on-premise infrastructure,full,modules/cli-installing-cli-linux.adoc,installing/installing_ibm_powervc/installing-ibm-powervc-installer-custom.adoc,existing,leveloffset=+1; assembly context=installing-ibm-powervc-installer-custom,folds 1 source jobs: Install on IBM PowerVC
Install a cluster on IBM PowerVC,"When I want to deploy OpenShift on IBM PowerVC, I need to understand the installation methods and run the IPI installer for PowerVC.",Install a cluster on on-premise infrastructure,full,modules/cli-installing-cli-windows.adoc,installing/installing_ibm_powervc/installing-ibm-powervc-installer-custom.adoc,existing,leveloffset=+1; assembly context=installing-ibm-powervc-installer-custom,folds 1 source jobs: Install on IBM PowerVC
Install a cluster on IBM PowerVC,"When I want to deploy OpenShift on IBM PowerVC, I need to understand the installation methods and run the IPI installer for PowerVC.",Install a cluster on on-premise infrastructure,full,modules/cli-installing-cli-macos.adoc,installing/installing_ibm_powervc/installing-ibm-powervc-installer-custom.adoc,existing,leveloffset=+1; assembly context=installing-ibm-powervc-installer-custom,folds 1 source jobs: Install on IBM PowerVC
Install a cluster on IBM PowerVC,"When I want to deploy OpenShift on IBM PowerVC, I need to understand the installation methods and run the IPI installer for PowerVC.",Install a cluster on on-premise infrastructure,full,modules/installation-osp-verifying-cluster-status.adoc,installing/installing_ibm_powervc/installing-ibm-powervc-installer-custom.adoc,existing,leveloffset=+1; assembly context=installing-ibm-powervc-installer-custom,folds 1 source jobs: Install on IBM PowerVC
Install a cluster on IBM PowerVC,"When I want to deploy OpenShift on IBM PowerVC, I need to understand the installation methods and run the IPI installer for PowerVC.",Install a cluster on on-premise infrastructure,full,modules/cli-logging-in-kubeadmin.adoc,installing/installing_ibm_powervc/installing-ibm-powervc-installer-custom.adoc,existing,leveloffset=+1; assembly context=installing-ibm-powervc-installer-custom,folds 1 source jobs: Install on IBM PowerVC
Install a cluster on IBM PowerVC,"When I want to deploy OpenShift on IBM PowerVC, I need to understand the installation methods and run the IPI installer for PowerVC.",Install a cluster on on-premise infrastructure,full,modules/cluster-telemetry.adoc,installing/installing_ibm_powervc/installing-ibm-powervc-installer-custom.adoc,existing,leveloffset=+1; assembly context=installing-ibm-powervc-installer-custom,folds 1 source jobs: Install on IBM PowerVC
Install an AWS cluster on user-provisioned infrastructure,"When I want full control over AWS infrastructure, I need to manually provision VPCs, EC2 instances, and load balancers and then deploy OpenShift so I can integrate with existing AWS automation.",Install a cluster on user-provisioned infrastructure,full,modules/installation-user-infra-generate.adoc,installing/installing_aws/upi/installing-aws-user-infra.adoc,existing,leveloffset=+1; assembly context=installing-aws-user-infra,folds 1 source jobs: Install on AWS (UPI)
Install an AWS cluster on user-provisioned infrastructure,"When I want full control over AWS infrastructure, I need to manually provision VPCs, EC2 instances, and load balancers and then deploy OpenShift so I can integrate with existing AWS automation.",Install a cluster on user-provisioned infrastructure,full,modules/installation-disk-partitioning-upi-templates.adoc,installing/installing_aws/upi/installing-aws-user-infra.adoc,existing,leveloffset=+2; assembly context=installing-aws-user-infra,folds 1 source jobs: Install on AWS (UPI)
Install an AWS cluster on user-provisioned infrastructure,"When I want full control over AWS infrastructure, I need to manually provision VPCs, EC2 instances, and load balancers and then deploy OpenShift so I can integrate with existing AWS automation.",Install a cluster on user-provisioned infrastructure,full,modules/installation-generate-aws-user-infra-install-config.adoc,installing/installing_aws/upi/installing-aws-user-infra.adoc,existing,leveloffset=+2; assembly context=installing-aws-user-infra,folds 1 source jobs: Install on AWS (UPI)
Install an AWS cluster on user-provisioned infrastructure,"When I want full control over AWS infrastructure, I need to manually provision VPCs, EC2 instances, and load balancers and then deploy OpenShift so I can integrate with existing AWS automation.",Install a cluster on user-provisioned infrastructure,full,modules/installation-configure-proxy.adoc,installing/installing_aws/upi/installing-aws-user-infra.adoc,existing,leveloffset=+2; assembly context=installing-aws-user-infra,folds 1 source jobs: Install on AWS (UPI)
Install an AWS cluster on user-provisioned infrastructure,"When I want full control over AWS infrastructure, I need to manually provision VPCs, EC2 instances, and load balancers and then deploy OpenShift so I can integrate with existing AWS automation.",Install a cluster on user-provisioned infrastructure,full,modules/installation-user-infra-generate-k8s-manifest-ignition.adoc,installing/installing_aws/upi/installing-aws-user-infra.adoc,existing,leveloffset=+2; assembly context=installing-aws-user-infra,folds 1 source jobs: Install on AWS (UPI)
Install an AWS cluster on user-provisioned infrastructure,"When I want full control over AWS infrastructure, I need to manually provision VPCs, EC2 instances, and load balancers and then deploy OpenShift so I can integrate with existing AWS automation.",Install a cluster on user-provisioned infrastructure,full,modules/installation-extracting-infraid.adoc,installing/installing_aws/upi/installing-aws-user-infra.adoc,existing,leveloffset=+1; assembly context=installing-aws-user-infra,folds 1 source jobs: Install on AWS (UPI)
Install an AWS cluster on user-provisioned infrastructure,"When I want full control over AWS infrastructure, I need to manually provision VPCs, EC2 instances, and load balancers and then deploy OpenShift so I can integrate with existing AWS automation.",Install a cluster on user-provisioned infrastructure,full,modules/installation-creating-aws-vpc.adoc,installing/installing_aws/upi/installing-aws-user-infra.adoc,existing,leveloffset=+1; assembly context=installing-aws-user-infra,folds 1 source jobs: Install on AWS (UPI)
Install an AWS cluster on user-provisioned infrastructure,"When I want full control over AWS infrastructure, I need to manually provision VPCs, EC2 instances, and load balancers and then deploy OpenShift so I can integrate with existing AWS automation.",Install a cluster on user-provisioned infrastructure,full,modules/installation-cloudformation-vpc.adoc,installing/installing_aws/upi/installing-aws-user-infra.adoc,existing,leveloffset=+2; assembly context=installing-aws-user-infra,folds 1 source jobs: Install on AWS (UPI)
Install an AWS cluster on user-provisioned infrastructure,"When I want full control over AWS infrastructure, I need to manually provision VPCs, EC2 instances, and load balancers and then deploy OpenShift so I can integrate with existing AWS automation.",Install a cluster on user-provisioned infrastructure,full,modules/installation-creating-aws-dns.adoc,installing/installing_aws/upi/installing-aws-user-infra.adoc,existing,leveloffset=+1; assembly context=installing-aws-user-infra,folds 1 source jobs: Install on AWS (UPI)
Install an AWS cluster on user-provisioned infrastructure,"When I want full control over AWS infrastructure, I need to manually provision VPCs, EC2 instances, and load balancers and then deploy OpenShift so I can integrate with existing AWS automation.",Install a cluster on user-provisioned infrastructure,full,modules/installation-cloudformation-dns.adoc,installing/installing_aws/upi/installing-aws-user-infra.adoc,existing,leveloffset=+2; assembly context=installing-aws-user-infra,folds 1 source jobs: Install on AWS (UPI)
Install an AWS cluster on user-provisioned infrastructure,"When I want full control over AWS infrastructure, I need to manually provision VPCs, EC2 instances, and load balancers and then deploy OpenShift so I can integrate with existing AWS automation.",Install a cluster on user-provisioned infrastructure,full,modules/installation-creating-aws-security.adoc,installing/installing_aws/upi/installing-aws-user-infra.adoc,existing,leveloffset=+1; assembly context=installing-aws-user-infra,folds 1 source jobs: Install on AWS (UPI)
Install an AWS cluster on user-provisioned infrastructure,"When I want full control over AWS infrastructure, I need to manually provision VPCs, EC2 instances, and load balancers and then deploy OpenShift so I can integrate with existing AWS automation.",Install a cluster on user-provisioned infrastructure,full,modules/installation-cloudformation-security.adoc,installing/installing_aws/upi/installing-aws-user-infra.adoc,existing,leveloffset=+2; assembly context=installing-aws-user-infra,folds 1 source jobs: Install on AWS (UPI)
Install an AWS cluster on user-provisioned infrastructure,"When I want full control over AWS infrastructure, I need to manually provision VPCs, EC2 instances, and load balancers and then deploy OpenShift so I can integrate with existing AWS automation.",Install a cluster on user-provisioned infrastructure,full,modules/installation-aws-ami-stream-metadata.adoc,installing/installing_aws/upi/installing-aws-user-infra.adoc,existing,leveloffset=+1; assembly context=installing-aws-user-infra,folds 1 source jobs: Install on AWS (UPI)
Install an AWS cluster on user-provisioned infrastructure,"When I want full control over AWS infrastructure, I need to manually provision VPCs, EC2 instances, and load balancers and then deploy OpenShift so I can integrate with existing AWS automation.",Install a cluster on user-provisioned infrastructure,full,modules/installation-aws-user-infra-rhcos-ami.adoc,installing/installing_aws/upi/installing-aws-user-infra.adoc,existing,leveloffset=+1; assembly context=installing-aws-user-infra,folds 1 source jobs: Install on AWS (UPI)
Install an AWS cluster on user-provisioned infrastructure,"When I want full control over AWS infrastructure, I need to manually provision VPCs, EC2 instances, and load balancers and then deploy OpenShift so I can integrate with existing AWS automation.",Install a cluster on user-provisioned infrastructure,full,modules/installation-aws-regions-with-no-ami.adoc,installing/installing_aws/upi/installing-aws-user-infra.adoc,existing,leveloffset=+2; assembly context=installing-aws-user-infra,folds 1 source jobs: Install on AWS (UPI)
Install an AWS cluster on user-provisioned infrastructure,"When I want full control over AWS infrastructure, I need to manually provision VPCs, EC2 instances, and load balancers and then deploy OpenShift so I can integrate with existing AWS automation.",Install a cluster on user-provisioned infrastructure,full,modules/installation-aws-upload-custom-rhcos-ami.adoc,installing/installing_aws/upi/installing-aws-user-infra.adoc,existing,leveloffset=+2; assembly context=installing-aws-user-infra,folds 1 source jobs: Install on AWS (UPI)
Install an AWS cluster on user-provisioned infrastructure,"When I want full control over AWS infrastructure, I need to manually provision VPCs, EC2 instances, and load balancers and then deploy OpenShift so I can integrate with existing AWS automation.",Install a cluster on user-provisioned infrastructure,full,modules/installation-creating-aws-bootstrap.adoc,installing/installing_aws/upi/installing-aws-user-infra.adoc,existing,leveloffset=+1; assembly context=installing-aws-user-infra,folds 1 source jobs: Install on AWS (UPI)
Install an AWS cluster on user-provisioned infrastructure,"When I want full control over AWS infrastructure, I need to manually provision VPCs, EC2 instances, and load balancers and then deploy OpenShift so I can integrate with existing AWS automation.",Install a cluster on user-provisioned infrastructure,full,modules/installation-cloudformation-bootstrap.adoc,installing/installing_aws/upi/installing-aws-user-infra.adoc,existing,leveloffset=+2; assembly context=installing-aws-user-infra,folds 1 source jobs: Install on AWS (UPI)
Install an AWS cluster on user-provisioned infrastructure,"When I want full control over AWS infrastructure, I need to manually provision VPCs, EC2 instances, and load balancers and then deploy OpenShift so I can integrate with existing AWS automation.",Install a cluster on user-provisioned infrastructure,full,modules/installation-creating-aws-control-plane.adoc,installing/installing_aws/upi/installing-aws-user-infra.adoc,existing,leveloffset=+1; assembly context=installing-aws-user-infra,folds 1 source jobs: Install on AWS (UPI)
Install an AWS cluster on user-provisioned infrastructure,"When I want full control over AWS infrastructure, I need to manually provision VPCs, EC2 instances, and load balancers and then deploy OpenShift so I can integrate with existing AWS automation.",Install a cluster on user-provisioned infrastructure,full,modules/installation-cloudformation-control-plane.adoc,installing/installing_aws/upi/installing-aws-user-infra.adoc,existing,leveloffset=+2; assembly context=installing-aws-user-infra,folds 1 source jobs: Install on AWS (UPI)
Install an AWS cluster on user-provisioned infrastructure,"When I want full control over AWS infrastructure, I need to manually provision VPCs, EC2 instances, and load balancers and then deploy OpenShift so I can integrate with existing AWS automation.",Install a cluster on user-provisioned infrastructure,full,modules/installation-creating-aws-worker.adoc,installing/installing_aws/upi/installing-aws-user-infra.adoc,existing,leveloffset=+1; assembly context=installing-aws-user-infra,folds 1 source jobs: Install on AWS (UPI)
Install an AWS cluster on user-provisioned infrastructure,"When I want full control over AWS infrastructure, I need to manually provision VPCs, EC2 instances, and load balancers and then deploy OpenShift so I can integrate with existing AWS automation.",Install a cluster on user-provisioned infrastructure,full,modules/installation-cloudformation-worker.adoc,installing/installing_aws/upi/installing-aws-user-infra.adoc,existing,leveloffset=+2; assembly context=installing-aws-user-infra,folds 1 source jobs: Install on AWS (UPI)
Install an AWS cluster on user-provisioned infrastructure,"When I want full control over AWS infrastructure, I need to manually provision VPCs, EC2 instances, and load balancers and then deploy OpenShift so I can integrate with existing AWS automation.",Install a cluster on user-provisioned infrastructure,full,modules/installation-aws-creating-cloudformation-stack-compute.adoc,installing/installing_aws/upi/installing-aws-user-infra.adoc,existing,leveloffset=+2; assembly context=installing-aws-user-infra,folds 1 source jobs: Install on AWS (UPI)
Install an AWS cluster on user-provisioned infrastructure,"When I want full control over AWS infrastructure, I need to manually provision VPCs, EC2 instances, and load balancers and then deploy OpenShift so I can integrate with existing AWS automation.",Install a cluster on user-provisioned infrastructure,full,modules/installation-aws-user-infra-bootstrap.adoc,installing/installing_aws/upi/installing-aws-user-infra.adoc,existing,leveloffset=+1; assembly context=installing-aws-user-infra,folds 1 source jobs: Install on AWS (UPI)
Install an AWS cluster on user-provisioned infrastructure,"When I want full control over AWS infrastructure, I need to manually provision VPCs, EC2 instances, and load balancers and then deploy OpenShift so I can integrate with existing AWS automation.",Install a cluster on user-provisioned infrastructure,full,modules/cli-logging-in-kubeadmin.adoc,installing/installing_aws/upi/installing-aws-user-infra.adoc,existing,leveloffset=+1; assembly context=installing-aws-user-infra,folds 1 source jobs: Install on AWS (UPI)
Install an AWS cluster on user-provisioned infrastructure,"When I want full control over AWS infrastructure, I need to manually provision VPCs, EC2 instances, and load balancers and then deploy OpenShift so I can integrate with existing AWS automation.",Install a cluster on user-provisioned infrastructure,full,modules/installation-approve-csrs.adoc,installing/installing_aws/upi/installing-aws-user-infra.adoc,existing,leveloffset=+1; assembly context=installing-aws-user-infra,folds 1 source jobs: Install on AWS (UPI)
Install an AWS cluster on user-provisioned infrastructure,"When I want full control over AWS infrastructure, I need to manually provision VPCs, EC2 instances, and load balancers and then deploy OpenShift so I can integrate with existing AWS automation.",Install a cluster on user-provisioned infrastructure,full,modules/installation-operators-config.adoc,installing/installing_aws/upi/installing-aws-user-infra.adoc,existing,leveloffset=+1; assembly context=installing-aws-user-infra,folds 1 source jobs: Install on AWS (UPI)
Install an AWS cluster on user-provisioned infrastructure,"When I want full control over AWS infrastructure, I need to manually provision VPCs, EC2 instances, and load balancers and then deploy OpenShift so I can integrate with existing AWS automation.",Install a cluster on user-provisioned infrastructure,full,modules/installation-registry-storage-config.adoc,installing/installing_aws/upi/installing-aws-user-infra.adoc,existing,leveloffset=+2; assembly context=installing-aws-user-infra,folds 1 source jobs: Install on AWS (UPI)
Install an AWS cluster on user-provisioned infrastructure,"When I want full control over AWS infrastructure, I need to manually provision VPCs, EC2 instances, and load balancers and then deploy OpenShift so I can integrate with existing AWS automation.",Install a cluster on user-provisioned infrastructure,full,modules/registry-configuring-storage-aws-user-infra.adoc,installing/installing_aws/upi/installing-aws-user-infra.adoc,existing,leveloffset=+3; assembly context=installing-aws-user-infra,folds 1 source jobs: Install on AWS (UPI)
Install an AWS cluster on user-provisioned infrastructure,"When I want full control over AWS infrastructure, I need to manually provision VPCs, EC2 instances, and load balancers and then deploy OpenShift so I can integrate with existing AWS automation.",Install a cluster on user-provisioned infrastructure,full,modules/installation-registry-storage-non-production.adoc,installing/installing_aws/upi/installing-aws-user-infra.adoc,existing,leveloffset=+3; assembly context=installing-aws-user-infra,folds 1 source jobs: Install on AWS (UPI)
Install an AWS cluster on user-provisioned infrastructure,"When I want full control over AWS infrastructure, I need to manually provision VPCs, EC2 instances, and load balancers and then deploy OpenShift so I can integrate with existing AWS automation.",Install a cluster on user-provisioned infrastructure,full,modules/installation-aws-user-infra-delete-bootstrap.adoc,installing/installing_aws/upi/installing-aws-user-infra.adoc,existing,leveloffset=+1; assembly context=installing-aws-user-infra,folds 1 source jobs: Install on AWS (UPI)
Install an AWS cluster on user-provisioned infrastructure,"When I want full control over AWS infrastructure, I need to manually provision VPCs, EC2 instances, and load balancers and then deploy OpenShift so I can integrate with existing AWS automation.",Install a cluster on user-provisioned infrastructure,full,modules/installation-create-ingress-dns-records.adoc,installing/installing_aws/upi/installing-aws-user-infra.adoc,existing,leveloffset=+1; assembly context=installing-aws-user-infra,folds 1 source jobs: Install on AWS (UPI)
Install an AWS cluster on user-provisioned infrastructure,"When I want full control over AWS infrastructure, I need to manually provision VPCs, EC2 instances, and load balancers and then deploy OpenShift so I can integrate with existing AWS automation.",Install a cluster on user-provisioned infrastructure,full,modules/installation-aws-user-infra-installation.adoc,installing/installing_aws/upi/installing-aws-user-infra.adoc,existing,leveloffset=+1; assembly context=installing-aws-user-infra,folds 1 source jobs: Install on AWS (UPI)
Install an AWS cluster on user-provisioned infrastructure,"When I want full control over AWS infrastructure, I need to manually provision VPCs, EC2 instances, and load balancers and then deploy OpenShift so I can integrate with existing AWS automation.",Install a cluster on user-provisioned infrastructure,full,modules/logging-in-by-using-the-web-console.adoc,installing/installing_aws/upi/installing-aws-user-infra.adoc,existing,leveloffset=+1; assembly context=installing-aws-user-infra,folds 1 source jobs: Install on AWS (UPI)
Install an Azure cluster on user-provisioned infrastructure,"When I want full control over Azure infrastructure, I need to manually provision resource groups, VMs, and networking and then deploy OpenShift so I can integrate with existing Azure automation.",Install a cluster on user-provisioned infrastructure,full,modules/installation-azure-user-infra-prerequisites.adoc,installing/installing_azure/upi/installing-azure-user-infra.adoc,existing,leveloffset=+1; assembly context=installing-azure-user-infra,folds 1 source jobs: Install on Azure (UPI)
Install an Azure cluster on user-provisioned infrastructure,"When I want full control over Azure infrastructure, I need to manually provision resource groups, VMs, and networking and then deploy OpenShift so I can integrate with existing Azure automation.",Install a cluster on user-provisioned infrastructure,full,modules/cluster-entitlements.adoc,installing/installing_azure/upi/installing-azure-user-infra.adoc,existing,leveloffset=+1; assembly context=installing-azure-user-infra,folds 1 source jobs: Install on Azure (UPI)
Install an Azure cluster on user-provisioned infrastructure,"When I want full control over Azure infrastructure, I need to manually provision resource groups, VMs, and networking and then deploy OpenShift so I can integrate with existing Azure automation.",Install a cluster on user-provisioned infrastructure,full,modules/installation-azure-config-project-overview.adoc,installing/installing_azure/upi/installing-azure-user-infra.adoc,existing,leveloffset=+1; assembly context=installing-azure-user-infra,folds 1 source jobs: Install on Azure (UPI)
Install an Azure cluster on user-provisioned infrastructure,"When I want full control over Azure infrastructure, I need to manually provision resource groups, VMs, and networking and then deploy OpenShift so I can integrate with existing Azure automation.",Install a cluster on user-provisioned infrastructure,full,modules/installation-azure-limits.adoc,installing/installing_azure/upi/installing-azure-user-infra.adoc,existing,leveloffset=+2; assembly context=installing-azure-user-infra,folds 1 source jobs: Install on Azure (UPI)
Install an Azure cluster on user-provisioned infrastructure,"When I want full control over Azure infrastructure, I need to manually provision resource groups, VMs, and networking and then deploy OpenShift so I can integrate with existing Azure automation.",Install a cluster on user-provisioned infrastructure,full,modules/installation-azure-network-config.adoc,installing/installing_azure/upi/installing-azure-user-infra.adoc,existing,leveloffset=+2; assembly context=installing-azure-user-infra,folds 1 source jobs: Install on Azure (UPI)
Install an Azure cluster on user-provisioned infrastructure,"When I want full control over Azure infrastructure, I need to manually provision resource groups, VMs, and networking and then deploy OpenShift so I can integrate with existing Azure automation.",Install a cluster on user-provisioned infrastructure,full,modules/csr-management.adoc,installing/installing_azure/upi/installing-azure-user-infra.adoc,existing,leveloffset=+2; assembly context=installing-azure-user-infra,folds 1 source jobs: Install on Azure (UPI)
Install an Azure cluster on user-provisioned infrastructure,"When I want full control over Azure infrastructure, I need to manually provision resource groups, VMs, and networking and then deploy OpenShift so I can integrate with existing Azure automation.",Install a cluster on user-provisioned infrastructure,full,modules/installation-azure-subscription-tenant-id.adoc,installing/installing_azure/upi/installing-azure-user-infra.adoc,existing,leveloffset=+2; assembly context=installing-azure-user-infra,folds 1 source jobs: Install on Azure (UPI)
Install an Azure cluster on user-provisioned infrastructure,"When I want full control over Azure infrastructure, I need to manually provision resource groups, VMs, and networking and then deploy OpenShift so I can integrate with existing Azure automation.",Install a cluster on user-provisioned infrastructure,full,modules/installation-azure-identities.adoc,installing/installing_azure/upi/installing-azure-user-infra.adoc,existing,leveloffset=+2; assembly context=installing-azure-user-infra,folds 1 source jobs: Install on Azure (UPI)
Install an Azure cluster on user-provisioned infrastructure,"When I want full control over Azure infrastructure, I need to manually provision resource groups, VMs, and networking and then deploy OpenShift so I can integrate with existing Azure automation.",Install a cluster on user-provisioned infrastructure,full,modules/minimum-required-permissions-upi-azure.adoc,installing/installing_azure/upi/installing-azure-user-infra.adoc,existing,leveloffset=+2; assembly context=installing-azure-user-infra,folds 1 source jobs: Install on Azure (UPI)
Install an Azure cluster on user-provisioned infrastructure,"When I want full control over Azure infrastructure, I need to manually provision resource groups, VMs, and networking and then deploy OpenShift so I can integrate with existing Azure automation.",Install a cluster on user-provisioned infrastructure,full,modules/installation-using-azure-managed-identities.adoc,installing/installing_azure/upi/installing-azure-user-infra.adoc,existing,leveloffset=+2; assembly context=installing-azure-user-infra,folds 1 source jobs: Install on Azure (UPI)
Install an Azure cluster on user-provisioned infrastructure,"When I want full control over Azure infrastructure, I need to manually provision resource groups, VMs, and networking and then deploy OpenShift so I can integrate with existing Azure automation.",Install a cluster on user-provisioned infrastructure,full,modules/installation-creating-azure-service-principal.adoc,installing/installing_azure/upi/installing-azure-user-infra.adoc,existing,leveloffset=+2; assembly context=installing-azure-user-infra,folds 1 source jobs: Install on Azure (UPI)
Install an Azure cluster on user-provisioned infrastructure,"When I want full control over Azure infrastructure, I need to manually provision resource groups, VMs, and networking and then deploy OpenShift so I can integrate with existing Azure automation.",Install a cluster on user-provisioned infrastructure,full,modules/installation-azure-regions.adoc,installing/installing_azure/upi/installing-azure-user-infra.adoc,existing,leveloffset=+2; assembly context=installing-azure-user-infra,folds 1 source jobs: Install on Azure (UPI)
Install an Azure cluster on user-provisioned infrastructure,"When I want full control over Azure infrastructure, I need to manually provision resource groups, VMs, and networking and then deploy OpenShift so I can integrate with existing Azure automation.",Install a cluster on user-provisioned infrastructure,full,modules/installation-user-infra-requirements-overview.adoc,installing/installing_azure/upi/installing-azure-user-infra.adoc,existing,leveloffset=+1; assembly context=installing-azure-user-infra,folds 1 source jobs: Install on Azure (UPI)
Install an Azure cluster on user-provisioned infrastructure,"When I want full control over Azure infrastructure, I need to manually provision resource groups, VMs, and networking and then deploy OpenShift so I can integrate with existing Azure automation.",Install a cluster on user-provisioned infrastructure,full,modules/installation-machine-requirements.adoc,installing/installing_azure/upi/installing-azure-user-infra.adoc,existing,leveloffset=+2; assembly context=installing-azure-user-infra,folds 1 source jobs: Install on Azure (UPI)
Install an Azure cluster on user-provisioned infrastructure,"When I want full control over Azure infrastructure, I need to manually provision resource groups, VMs, and networking and then deploy OpenShift so I can integrate with existing Azure automation.",Install a cluster on user-provisioned infrastructure,full,modules/installation-minimum-resource-requirements.adoc,installing/installing_azure/upi/installing-azure-user-infra.adoc,existing,leveloffset=+2; assembly context=installing-azure-user-infra,folds 1 source jobs: Install on Azure (UPI)
Install an Azure cluster on user-provisioned infrastructure,"When I want full control over Azure infrastructure, I need to manually provision resource groups, VMs, and networking and then deploy OpenShift so I can integrate with existing Azure automation.",Install a cluster on user-provisioned infrastructure,full,modules/installation-azure-tested-machine-types.adoc,installing/installing_azure/upi/installing-azure-user-infra.adoc,existing,leveloffset=+2; assembly context=installing-azure-user-infra,folds 1 source jobs: Install on Azure (UPI)
Install an Azure cluster on user-provisioned infrastructure,"When I want full control over Azure infrastructure, I need to manually provision resource groups, VMs, and networking and then deploy OpenShift so I can integrate with existing Azure automation.",Install a cluster on user-provisioned infrastructure,full,modules/installation-azure-arm-tested-machine-types.adoc,installing/installing_azure/upi/installing-azure-user-infra.adoc,existing,leveloffset=+2; assembly context=installing-azure-user-infra,folds 1 source jobs: Install on Azure (UPI)
Install an Azure cluster on user-provisioned infrastructure,"When I want full control over Azure infrastructure, I need to manually provision resource groups, VMs, and networking and then deploy OpenShift so I can integrate with existing Azure automation.",Install a cluster on user-provisioned infrastructure,full,modules/installation-azure-marketplace-subscribe.adoc,installing/installing_azure/upi/installing-azure-user-infra.adoc,existing,leveloffset=+1; assembly context=installing-azure-user-infra,folds 1 source jobs: Install on Azure (UPI)
Install an Azure cluster on user-provisioned infrastructure,"When I want full control over Azure infrastructure, I need to manually provision resource groups, VMs, and networking and then deploy OpenShift so I can integrate with existing Azure automation.",Install a cluster on user-provisioned infrastructure,full,modules/installation-obtaining-installer.adoc,installing/installing_azure/upi/installing-azure-user-infra.adoc,existing,leveloffset=+1; assembly context=installing-azure-user-infra,folds 1 source jobs: Install on Azure (UPI)
Install an Azure cluster on user-provisioned infrastructure,"When I want full control over Azure infrastructure, I need to manually provision resource groups, VMs, and networking and then deploy OpenShift so I can integrate with existing Azure automation.",Install a cluster on user-provisioned infrastructure,full,modules/ssh-agent-using.adoc,installing/installing_azure/upi/installing-azure-user-infra.adoc,existing,leveloffset=+1; assembly context=installing-azure-user-infra,folds 1 source jobs: Install on Azure (UPI)
Install an Azure cluster on user-provisioned infrastructure,"When I want full control over Azure infrastructure, I need to manually provision resource groups, VMs, and networking and then deploy OpenShift so I can integrate with existing Azure automation.",Install a cluster on user-provisioned infrastructure,full,modules/installation-user-infra-generate.adoc,installing/installing_azure/upi/installing-azure-user-infra.adoc,existing,leveloffset=+1; assembly context=installing-azure-user-infra,folds 1 source jobs: Install on Azure (UPI)
Install an Azure cluster on user-provisioned infrastructure,"When I want full control over Azure infrastructure, I need to manually provision resource groups, VMs, and networking and then deploy OpenShift so I can integrate with existing Azure automation.",Install a cluster on user-provisioned infrastructure,full,modules/installation-disk-partitioning-upi-templates.adoc,installing/installing_azure/upi/installing-azure-user-infra.adoc,existing,leveloffset=+2; assembly context=installing-azure-user-infra,folds 1 source jobs: Install on Azure (UPI)
Install an Azure cluster on user-provisioned infrastructure,"When I want full control over Azure infrastructure, I need to manually provision resource groups, VMs, and networking and then deploy OpenShift so I can integrate with existing Azure automation.",Install a cluster on user-provisioned infrastructure,full,modules/installation-initializing.adoc,installing/installing_azure/upi/installing-azure-user-infra.adoc,existing,leveloffset=+2; assembly context=installing-azure-user-infra,folds 1 source jobs: Install on Azure (UPI)
Install an Azure cluster on user-provisioned infrastructure,"When I want full control over Azure infrastructure, I need to manually provision resource groups, VMs, and networking and then deploy OpenShift so I can integrate with existing Azure automation.",Install a cluster on user-provisioned infrastructure,full,modules/installation-configure-proxy.adoc,installing/installing_azure/upi/installing-azure-user-infra.adoc,existing,leveloffset=+2; assembly context=installing-azure-user-infra,folds 1 source jobs: Install on Azure (UPI)
Install an Azure cluster on user-provisioned infrastructure,"When I want full control over Azure infrastructure, I need to manually provision resource groups, VMs, and networking and then deploy OpenShift so I can integrate with existing Azure automation.",Install a cluster on user-provisioned infrastructure,full,modules/installation-user-infra-exporting-common-variables-arm-templates.adoc,installing/installing_azure/upi/installing-azure-user-infra.adoc,existing,leveloffset=+2; assembly context=installing-azure-user-infra,folds 1 source jobs: Install on Azure (UPI)
Install an Azure cluster on user-provisioned infrastructure,"When I want full control over Azure infrastructure, I need to manually provision resource groups, VMs, and networking and then deploy OpenShift so I can integrate with existing Azure automation.",Install a cluster on user-provisioned infrastructure,full,modules/installation-user-infra-generate-k8s-manifest-ignition.adoc,installing/installing_azure/upi/installing-azure-user-infra.adoc,existing,leveloffset=+2; assembly context=installing-azure-user-infra,folds 1 source jobs: Install on Azure (UPI)
Install an Azure cluster on user-provisioned infrastructure,"When I want full control over Azure infrastructure, I need to manually provision resource groups, VMs, and networking and then deploy OpenShift so I can integrate with existing Azure automation.",Install a cluster on user-provisioned infrastructure,full,modules/installation-azure-create-resource-group-and-identity.adoc,installing/installing_azure/upi/installing-azure-user-infra.adoc,existing,leveloffset=+1; assembly context=installing-azure-user-infra,folds 1 source jobs: Install on Azure (UPI)
Install an Azure cluster on user-provisioned infrastructure,"When I want full control over Azure infrastructure, I need to manually provision resource groups, VMs, and networking and then deploy OpenShift so I can integrate with existing Azure automation.",Install a cluster on user-provisioned infrastructure,full,modules/installation-azure-user-infra-uploading-rhcos.adoc,installing/installing_azure/upi/installing-azure-user-infra.adoc,existing,leveloffset=+1; assembly context=installing-azure-user-infra,folds 1 source jobs: Install on Azure (UPI)
Install an Azure cluster on user-provisioned infrastructure,"When I want full control over Azure infrastructure, I need to manually provision resource groups, VMs, and networking and then deploy OpenShift so I can integrate with existing Azure automation.",Install a cluster on user-provisioned infrastructure,full,modules/installation-azure-create-dns-zones.adoc,installing/installing_azure/upi/installing-azure-user-infra.adoc,existing,leveloffset=+1; assembly context=installing-azure-user-infra,folds 1 source jobs: Install on Azure (UPI)
Install an Azure cluster on user-provisioned infrastructure,"When I want full control over Azure infrastructure, I need to manually provision resource groups, VMs, and networking and then deploy OpenShift so I can integrate with existing Azure automation.",Install a cluster on user-provisioned infrastructure,full,modules/installation-creating-azure-vnet.adoc,installing/installing_azure/upi/installing-azure-user-infra.adoc,existing,leveloffset=+1; assembly context=installing-azure-user-infra,folds 1 source jobs: Install on Azure (UPI)
Install an Azure cluster on user-provisioned infrastructure,"When I want full control over Azure infrastructure, I need to manually provision resource groups, VMs, and networking and then deploy OpenShift so I can integrate with existing Azure automation.",Install a cluster on user-provisioned infrastructure,full,modules/installation-arm-vnet.adoc,installing/installing_azure/upi/installing-azure-user-infra.adoc,existing,leveloffset=+2; assembly context=installing-azure-user-infra,folds 1 source jobs: Install on Azure (UPI)
Install an Azure cluster on user-provisioned infrastructure,"When I want full control over Azure infrastructure, I need to manually provision resource groups, VMs, and networking and then deploy OpenShift so I can integrate with existing Azure automation.",Install a cluster on user-provisioned infrastructure,full,modules/installation-azure-user-infra-deploying-rhcos.adoc,installing/installing_azure/upi/installing-azure-user-infra.adoc,existing,leveloffset=+1; assembly context=installing-azure-user-infra,folds 1 source jobs: Install on Azure (UPI)
Install an Azure cluster on user-provisioned infrastructure,"When I want full control over Azure infrastructure, I need to manually provision resource groups, VMs, and networking and then deploy OpenShift so I can integrate with existing Azure automation.",Install a cluster on user-provisioned infrastructure,full,modules/installation-arm-image-storage.adoc,installing/installing_azure/upi/installing-azure-user-infra.adoc,existing,leveloffset=+2; assembly context=installing-azure-user-infra,folds 1 source jobs: Install on Azure (UPI)
Install an Azure cluster on user-provisioned infrastructure,"When I want full control over Azure infrastructure, I need to manually provision resource groups, VMs, and networking and then deploy OpenShift so I can integrate with existing Azure automation.",Install a cluster on user-provisioned infrastructure,full,modules/installation-network-user-infra.adoc,installing/installing_azure/upi/installing-azure-user-infra.adoc,existing,leveloffset=+1; assembly context=installing-azure-user-infra,folds 1 source jobs: Install on Azure (UPI)
Install an Azure cluster on user-provisioned infrastructure,"When I want full control over Azure infrastructure, I need to manually provision resource groups, VMs, and networking and then deploy OpenShift so I can integrate with existing Azure automation.",Install a cluster on user-provisioned infrastructure,full,modules/installation-creating-azure-dns.adoc,installing/installing_azure/upi/installing-azure-user-infra.adoc,existing,leveloffset=+1; assembly context=installing-azure-user-infra,folds 1 source jobs: Install on Azure (UPI)
Install an Azure cluster on user-provisioned infrastructure,"When I want full control over Azure infrastructure, I need to manually provision resource groups, VMs, and networking and then deploy OpenShift so I can integrate with existing Azure automation.",Install a cluster on user-provisioned infrastructure,full,modules/installation-arm-dns.adoc,installing/installing_azure/upi/installing-azure-user-infra.adoc,existing,leveloffset=+2; assembly context=installing-azure-user-infra,folds 1 source jobs: Install on Azure (UPI)
Install an Azure cluster on user-provisioned infrastructure,"When I want full control over Azure infrastructure, I need to manually provision resource groups, VMs, and networking and then deploy OpenShift so I can integrate with existing Azure automation.",Install a cluster on user-provisioned infrastructure,full,modules/installation-creating-azure-bootstrap.adoc,installing/installing_azure/upi/installing-azure-user-infra.adoc,existing,leveloffset=+1; assembly context=installing-azure-user-infra,folds 1 source jobs: Install on Azure (UPI)
Install an Azure cluster on user-provisioned infrastructure,"When I want full control over Azure infrastructure, I need to manually provision resource groups, VMs, and networking and then deploy OpenShift so I can integrate with existing Azure automation.",Install a cluster on user-provisioned infrastructure,full,modules/installation-arm-bootstrap.adoc,installing/installing_azure/upi/installing-azure-user-infra.adoc,existing,leveloffset=+2; assembly context=installing-azure-user-infra,folds 1 source jobs: Install on Azure (UPI)
Install an Azure cluster on user-provisioned infrastructure,"When I want full control over Azure infrastructure, I need to manually provision resource groups, VMs, and networking and then deploy OpenShift so I can integrate with existing Azure automation.",Install a cluster on user-provisioned infrastructure,full,modules/installation-creating-azure-control-plane.adoc,installing/installing_azure/upi/installing-azure-user-infra.adoc,existing,leveloffset=+1; assembly context=installing-azure-user-infra,folds 1 source jobs: Install on Azure (UPI)
Install an Azure cluster on user-provisioned infrastructure,"When I want full control over Azure infrastructure, I need to manually provision resource groups, VMs, and networking and then deploy OpenShift so I can integrate with existing Azure automation.",Install a cluster on user-provisioned infrastructure,full,modules/installation-arm-control-plane.adoc,installing/installing_azure/upi/installing-azure-user-infra.adoc,existing,leveloffset=+2; assembly context=installing-azure-user-infra,folds 1 source jobs: Install on Azure (UPI)
Install an Azure cluster on user-provisioned infrastructure,"When I want full control over Azure infrastructure, I need to manually provision resource groups, VMs, and networking and then deploy OpenShift so I can integrate with existing Azure automation.",Install a cluster on user-provisioned infrastructure,full,modules/installation-azure-user-infra-wait-for-bootstrap.adoc,installing/installing_azure/upi/installing-azure-user-infra.adoc,existing,leveloffset=+1; assembly context=installing-azure-user-infra,folds 1 source jobs: Install on Azure (UPI)
Install an Azure cluster on user-provisioned infrastructure,"When I want full control over Azure infrastructure, I need to manually provision resource groups, VMs, and networking and then deploy OpenShift so I can integrate with existing Azure automation.",Install a cluster on user-provisioned infrastructure,full,modules/installation-creating-azure-worker.adoc,installing/installing_azure/upi/installing-azure-user-infra.adoc,existing,leveloffset=+1; assembly context=installing-azure-user-infra,folds 1 source jobs: Install on Azure (UPI)
Install an Azure cluster on user-provisioned infrastructure,"When I want full control over Azure infrastructure, I need to manually provision resource groups, VMs, and networking and then deploy OpenShift so I can integrate with existing Azure automation.",Install a cluster on user-provisioned infrastructure,full,modules/installation-arm-worker.adoc,installing/installing_azure/upi/installing-azure-user-infra.adoc,existing,leveloffset=+2; assembly context=installing-azure-user-infra,folds 1 source jobs: Install on Azure (UPI)
Install an Azure cluster on user-provisioned infrastructure,"When I want full control over Azure infrastructure, I need to manually provision resource groups, VMs, and networking and then deploy OpenShift so I can integrate with existing Azure automation.",Install a cluster on user-provisioned infrastructure,full,modules/cli-installing-cli-linux.adoc,installing/installing_azure/upi/installing-azure-user-infra.adoc,existing,leveloffset=+1; assembly context=installing-azure-user-infra,folds 1 source jobs: Install on Azure (UPI)
Install an Azure cluster on user-provisioned infrastructure,"When I want full control over Azure infrastructure, I need to manually provision resource groups, VMs, and networking and then deploy OpenShift so I can integrate with existing Azure automation.",Install a cluster on user-provisioned infrastructure,full,modules/cli-installing-cli-windows.adoc,installing/installing_azure/upi/installing-azure-user-infra.adoc,existing,leveloffset=+1; assembly context=installing-azure-user-infra,folds 1 source jobs: Install on Azure (UPI)
Install an Azure cluster on user-provisioned infrastructure,"When I want full control over Azure infrastructure, I need to manually provision resource groups, VMs, and networking and then deploy OpenShift so I can integrate with existing Azure automation.",Install a cluster on user-provisioned infrastructure,full,modules/cli-installing-cli-macos.adoc,installing/installing_azure/upi/installing-azure-user-infra.adoc,existing,leveloffset=+1; assembly context=installing-azure-user-infra,folds 1 source jobs: Install on Azure (UPI)
Install an Azure cluster on user-provisioned infrastructure,"When I want full control over Azure infrastructure, I need to manually provision resource groups, VMs, and networking and then deploy OpenShift so I can integrate with existing Azure automation.",Install a cluster on user-provisioned infrastructure,full,modules/cli-logging-in-kubeadmin.adoc,installing/installing_azure/upi/installing-azure-user-infra.adoc,existing,leveloffset=+1; assembly context=installing-azure-user-infra,folds 1 source jobs: Install on Azure (UPI)
Install an Azure cluster on user-provisioned infrastructure,"When I want full control over Azure infrastructure, I need to manually provision resource groups, VMs, and networking and then deploy OpenShift so I can integrate with existing Azure automation.",Install a cluster on user-provisioned infrastructure,full,modules/installation-approve-csrs.adoc,installing/installing_azure/upi/installing-azure-user-infra.adoc,existing,leveloffset=+1; assembly context=installing-azure-user-infra,folds 1 source jobs: Install on Azure (UPI)
Install an Azure cluster on user-provisioned infrastructure,"When I want full control over Azure infrastructure, I need to manually provision resource groups, VMs, and networking and then deploy OpenShift so I can integrate with existing Azure automation.",Install a cluster on user-provisioned infrastructure,full,modules/installation-azure-create-ingress-dns-records.adoc,installing/installing_azure/upi/installing-azure-user-infra.adoc,existing,leveloffset=+1; assembly context=installing-azure-user-infra,folds 1 source jobs: Install on Azure (UPI)
Install an Azure cluster on user-provisioned infrastructure,"When I want full control over Azure infrastructure, I need to manually provision resource groups, VMs, and networking and then deploy OpenShift so I can integrate with existing Azure automation.",Install a cluster on user-provisioned infrastructure,full,modules/installation-azure-user-infra-completing.adoc,installing/installing_azure/upi/installing-azure-user-infra.adoc,existing,leveloffset=+1; assembly context=installing-azure-user-infra,folds 1 source jobs: Install on Azure (UPI)
Install an Azure cluster on user-provisioned infrastructure,"When I want full control over Azure infrastructure, I need to manually provision resource groups, VMs, and networking and then deploy OpenShift so I can integrate with existing Azure automation.",Install a cluster on user-provisioned infrastructure,full,modules/cluster-telemetry.adoc,installing/installing_azure/upi/installing-azure-user-infra.adoc,existing,leveloffset=+1; assembly context=installing-azure-user-infra,folds 1 source jobs: Install on Azure (UPI)
Install a Google Cloud cluster on user-provisioned infrastructure,"When I want full control over GCP infrastructure, I need the UPI workflow.",Install a cluster on user-provisioned infrastructure,full,modules/csr-management.adoc,installing/installing_gcp/installing-gcp-user-infra.adoc,existing,leveloffset=+1; assembly context=installing-gcp-user-infra,folds 1 source jobs: Install on GCP (UPI)
Install a Google Cloud cluster on user-provisioned infrastructure,"When I want full control over GCP infrastructure, I need the UPI workflow.",Install a cluster on user-provisioned infrastructure,full,modules/cluster-entitlements.adoc,installing/installing_gcp/installing-gcp-user-infra.adoc,existing,leveloffset=+1; assembly context=installing-gcp-user-infra,folds 1 source jobs: Install on GCP (UPI)
Install a Google Cloud cluster on user-provisioned infrastructure,"When I want full control over GCP infrastructure, I need the UPI workflow.",Install a cluster on user-provisioned infrastructure,full,modules/installation-gcp-user-infra-config-project.adoc,installing/installing_gcp/installing-gcp-user-infra.adoc,existing,leveloffset=+1; assembly context=installing-gcp-user-infra,folds 1 source jobs: Install on GCP (UPI)
Install a Google Cloud cluster on user-provisioned infrastructure,"When I want full control over GCP infrastructure, I need the UPI workflow.",Install a cluster on user-provisioned infrastructure,full,modules/installation-gcp-project.adoc,installing/installing_gcp/installing-gcp-user-infra.adoc,existing,leveloffset=+2; assembly context=installing-gcp-user-infra,folds 1 source jobs: Install on GCP (UPI)
Install a Google Cloud cluster on user-provisioned infrastructure,"When I want full control over GCP infrastructure, I need the UPI workflow.",Install a cluster on user-provisioned infrastructure,full,modules/installation-gcp-enabling-api-services.adoc,installing/installing_gcp/installing-gcp-user-infra.adoc,existing,leveloffset=+2; assembly context=installing-gcp-user-infra,folds 1 source jobs: Install on GCP (UPI)
Install a Google Cloud cluster on user-provisioned infrastructure,"When I want full control over GCP infrastructure, I need the UPI workflow.",Install a cluster on user-provisioned infrastructure,full,modules/installation-gcp-dns.adoc,installing/installing_gcp/installing-gcp-user-infra.adoc,existing,leveloffset=+2; assembly context=installing-gcp-user-infra,folds 1 source jobs: Install on GCP (UPI)
Install a Google Cloud cluster on user-provisioned infrastructure,"When I want full control over GCP infrastructure, I need the UPI workflow.",Install a cluster on user-provisioned infrastructure,full,modules/installation-gcp-limits.adoc,installing/installing_gcp/installing-gcp-user-infra.adoc,existing,leveloffset=+2; assembly context=installing-gcp-user-infra,folds 1 source jobs: Install on GCP (UPI)
Install a Google Cloud cluster on user-provisioned infrastructure,"When I want full control over GCP infrastructure, I need the UPI workflow.",Install a cluster on user-provisioned infrastructure,full,modules/installation-gcp-service-account.adoc,installing/installing_gcp/installing-gcp-user-infra.adoc,existing,leveloffset=+2; assembly context=installing-gcp-user-infra,folds 1 source jobs: Install on GCP (UPI)
Install a Google Cloud cluster on user-provisioned infrastructure,"When I want full control over GCP infrastructure, I need the UPI workflow.",Install a cluster on user-provisioned infrastructure,full,modules/installation-gcp-permissions.adoc,installing/installing_gcp/installing-gcp-user-infra.adoc,existing,leveloffset=+2; assembly context=installing-gcp-user-infra,folds 1 source jobs: Install on GCP (UPI)
Install a Google Cloud cluster on user-provisioned infrastructure,"When I want full control over GCP infrastructure, I need the UPI workflow.",Install a cluster on user-provisioned infrastructure,full,modules/minimum-required-permissions-upi-gcp.adoc,installing/installing_gcp/installing-gcp-user-infra.adoc,existing,leveloffset=+2; assembly context=installing-gcp-user-infra,folds 1 source jobs: Install on GCP (UPI)
Install a Google Cloud cluster on user-provisioned infrastructure,"When I want full control over GCP infrastructure, I need the UPI workflow.",Install a cluster on user-provisioned infrastructure,full,modules/installation-gcp-regions.adoc,installing/installing_gcp/installing-gcp-user-infra.adoc,existing,leveloffset=+2; assembly context=installing-gcp-user-infra,folds 1 source jobs: Install on GCP (UPI)
Install a Google Cloud cluster on user-provisioned infrastructure,"When I want full control over GCP infrastructure, I need the UPI workflow.",Install a cluster on user-provisioned infrastructure,full,modules/installation-gcp-install-cli.adoc,installing/installing_gcp/installing-gcp-user-infra.adoc,existing,leveloffset=+2; assembly context=installing-gcp-user-infra,folds 1 source jobs: Install on GCP (UPI)
Install a Google Cloud cluster on user-provisioned infrastructure,"When I want full control over GCP infrastructure, I need the UPI workflow.",Install a cluster on user-provisioned infrastructure,full,modules/installation-requirements-user-infra.adoc,installing/installing_gcp/installing-gcp-user-infra.adoc,existing,leveloffset=+1; assembly context=installing-gcp-user-infra,folds 1 source jobs: Install on GCP (UPI)
Install a Google Cloud cluster on user-provisioned infrastructure,"When I want full control over GCP infrastructure, I need the UPI workflow.",Install a cluster on user-provisioned infrastructure,full,modules/installation-machine-requirements.adoc,installing/installing_gcp/installing-gcp-user-infra.adoc,existing,leveloffset=+2; assembly context=installing-gcp-user-infra,folds 1 source jobs: Install on GCP (UPI)
Install a Google Cloud cluster on user-provisioned infrastructure,"When I want full control over GCP infrastructure, I need the UPI workflow.",Install a cluster on user-provisioned infrastructure,full,modules/installation-minimum-resource-requirements.adoc,installing/installing_gcp/installing-gcp-user-infra.adoc,existing,leveloffset=+2; assembly context=installing-gcp-user-infra,folds 1 source jobs: Install on GCP (UPI)
Install a Google Cloud cluster on user-provisioned infrastructure,"When I want full control over GCP infrastructure, I need the UPI workflow.",Install a cluster on user-provisioned infrastructure,full,modules/installation-gcp-tested-machine-types.adoc,installing/installing_gcp/installing-gcp-user-infra.adoc,existing,leveloffset=+2; assembly context=installing-gcp-user-infra,folds 1 source jobs: Install on GCP (UPI)
Install a Google Cloud cluster on user-provisioned infrastructure,"When I want full control over GCP infrastructure, I need the UPI workflow.",Install a cluster on user-provisioned infrastructure,full,modules/installation-gcp-tested-machine-types-arm.adoc,installing/installing_gcp/installing-gcp-user-infra.adoc,existing,leveloffset=+2; assembly context=installing-gcp-user-infra,folds 1 source jobs: Install on GCP (UPI)
Install a Google Cloud cluster on user-provisioned infrastructure,"When I want full control over GCP infrastructure, I need the UPI workflow.",Install a cluster on user-provisioned infrastructure,full,modules/installation-using-gcp-custom-machine-types.adoc,installing/installing_gcp/installing-gcp-user-infra.adoc,existing,leveloffset=+2; assembly context=installing-gcp-user-infra,folds 1 source jobs: Install on GCP (UPI)
Install a Google Cloud cluster on user-provisioned infrastructure,"When I want full control over GCP infrastructure, I need the UPI workflow.",Install a cluster on user-provisioned infrastructure,full,modules/installation-user-infra-generate.adoc,installing/installing_gcp/installing-gcp-user-infra.adoc,existing,leveloffset=+1; assembly context=installing-gcp-user-infra,folds 1 source jobs: Install on GCP (UPI)
Install a Google Cloud cluster on user-provisioned infrastructure,"When I want full control over GCP infrastructure, I need the UPI workflow.",Install a cluster on user-provisioned infrastructure,full,modules/installation-disk-partitioning-upi-templates.adoc,installing/installing_gcp/installing-gcp-user-infra.adoc,existing,leveloffset=+2; assembly context=installing-gcp-user-infra,folds 1 source jobs: Install on GCP (UPI)
Install a Google Cloud cluster on user-provisioned infrastructure,"When I want full control over GCP infrastructure, I need the UPI workflow.",Install a cluster on user-provisioned infrastructure,full,modules/installation-initializing.adoc,installing/installing_gcp/installing-gcp-user-infra.adoc,existing,leveloffset=+2; assembly context=installing-gcp-user-infra,folds 1 source jobs: Install on GCP (UPI)
Install a Google Cloud cluster on user-provisioned infrastructure,"When I want full control over GCP infrastructure, I need the UPI workflow.",Install a cluster on user-provisioned infrastructure,full,modules/installation-gcp-enabling-shielded-vms.adoc,installing/installing_gcp/installing-gcp-user-infra.adoc,existing,leveloffset=+2; assembly context=installing-gcp-user-infra,folds 1 source jobs: Install on GCP (UPI)
Install a Google Cloud cluster on user-provisioned infrastructure,"When I want full control over GCP infrastructure, I need the UPI workflow.",Install a cluster on user-provisioned infrastructure,full,modules/installation-gcp-enabling-confidential-vms.adoc,installing/installing_gcp/installing-gcp-user-infra.adoc,existing,leveloffset=+2; assembly context=installing-gcp-user-infra,folds 1 source jobs: Install on GCP (UPI)
Install a Google Cloud cluster on user-provisioned infrastructure,"When I want full control over GCP infrastructure, I need the UPI workflow.",Install a cluster on user-provisioned infrastructure,full,modules/installation-configure-proxy.adoc,installing/installing_gcp/installing-gcp-user-infra.adoc,existing,leveloffset=+2; assembly context=installing-gcp-user-infra,folds 1 source jobs: Install on GCP (UPI)
Install a Google Cloud cluster on user-provisioned infrastructure,"When I want full control over GCP infrastructure, I need the UPI workflow.",Install a cluster on user-provisioned infrastructure,full,modules/installation-user-infra-generate-k8s-manifest-ignition.adoc,installing/installing_gcp/installing-gcp-user-infra.adoc,existing,leveloffset=+2; assembly context=installing-gcp-user-infra,folds 1 source jobs: Install on GCP (UPI)
Install a Google Cloud cluster on user-provisioned infrastructure,"When I want full control over GCP infrastructure, I need the UPI workflow.",Install a cluster on user-provisioned infrastructure,full,modules/installation-extracting-infraid.adoc,installing/installing_gcp/installing-gcp-user-infra.adoc,existing,leveloffset=+1; assembly context=installing-gcp-user-infra,folds 1 source jobs: Install on GCP (UPI)
Install a Google Cloud cluster on user-provisioned infrastructure,"When I want full control over GCP infrastructure, I need the UPI workflow.",Install a cluster on user-provisioned infrastructure,full,modules/installation-user-infra-exporting-common-variables.adoc,installing/installing_gcp/installing-gcp-user-infra.adoc,existing,leveloffset=+1; assembly context=installing-gcp-user-infra,folds 1 source jobs: Install on GCP (UPI)
Install a Google Cloud cluster on user-provisioned infrastructure,"When I want full control over GCP infrastructure, I need the UPI workflow.",Install a cluster on user-provisioned infrastructure,full,modules/installation-creating-gcp-vpc.adoc,installing/installing_gcp/installing-gcp-user-infra.adoc,existing,leveloffset=+1; assembly context=installing-gcp-user-infra,folds 1 source jobs: Install on GCP (UPI)
Install a Google Cloud cluster on user-provisioned infrastructure,"When I want full control over GCP infrastructure, I need the UPI workflow.",Install a cluster on user-provisioned infrastructure,full,modules/installation-infrastructure-manager-vpc.adoc,installing/installing_gcp/installing-gcp-user-infra.adoc,existing,leveloffset=+2; assembly context=installing-gcp-user-infra,folds 1 source jobs: Install on GCP (UPI)
Install a Google Cloud cluster on user-provisioned infrastructure,"When I want full control over GCP infrastructure, I need the UPI workflow.",Install a cluster on user-provisioned infrastructure,full,modules/installation-network-user-infra.adoc,installing/installing_gcp/installing-gcp-user-infra.adoc,existing,leveloffset=+1; assembly context=installing-gcp-user-infra,folds 1 source jobs: Install on GCP (UPI)
Install a Google Cloud cluster on user-provisioned infrastructure,"When I want full control over GCP infrastructure, I need the UPI workflow.",Install a cluster on user-provisioned infrastructure,full,modules/installation-creating-gcp-lb.adoc,installing/installing_gcp/installing-gcp-user-infra.adoc,existing,leveloffset=+1; assembly context=installing-gcp-user-infra,folds 1 source jobs: Install on GCP (UPI)
Install a Google Cloud cluster on user-provisioned infrastructure,"When I want full control over GCP infrastructure, I need the UPI workflow.",Install a cluster on user-provisioned infrastructure,full,modules/installation-infrastructure-manager-ext-lb.adoc,installing/installing_gcp/installing-gcp-user-infra.adoc,existing,leveloffset=+2; assembly context=installing-gcp-user-infra,folds 1 source jobs: Install on GCP (UPI)
Install a Google Cloud cluster on user-provisioned infrastructure,"When I want full control over GCP infrastructure, I need the UPI workflow.",Install a cluster on user-provisioned infrastructure,full,modules/installation-infrastructure-manager-int-lb.adoc,installing/installing_gcp/installing-gcp-user-infra.adoc,existing,leveloffset=+2; assembly context=installing-gcp-user-infra,folds 1 source jobs: Install on GCP (UPI)
Install a Google Cloud cluster on user-provisioned infrastructure,"When I want full control over GCP infrastructure, I need the UPI workflow.",Install a cluster on user-provisioned infrastructure,full,modules/installation-creating-gcp-private-dns.adoc,installing/installing_gcp/installing-gcp-user-infra.adoc,existing,leveloffset=+1; assembly context=installing-gcp-user-infra,folds 1 source jobs: Install on GCP (UPI)
Install a Google Cloud cluster on user-provisioned infrastructure,"When I want full control over GCP infrastructure, I need the UPI workflow.",Install a cluster on user-provisioned infrastructure,full,modules/installation-infrastructure-manager-private-dns.adoc,installing/installing_gcp/installing-gcp-user-infra.adoc,existing,leveloffset=+2; assembly context=installing-gcp-user-infra,folds 1 source jobs: Install on GCP (UPI)
Install a Google Cloud cluster on user-provisioned infrastructure,"When I want full control over GCP infrastructure, I need the UPI workflow.",Install a cluster on user-provisioned infrastructure,full,modules/installation-creating-gcp-firewall-rules-vpc.adoc,installing/installing_gcp/installing-gcp-user-infra.adoc,existing,leveloffset=+1; assembly context=installing-gcp-user-infra,folds 1 source jobs: Install on GCP (UPI)
Install a Google Cloud cluster on user-provisioned infrastructure,"When I want full control over GCP infrastructure, I need the UPI workflow.",Install a cluster on user-provisioned infrastructure,full,modules/installation-infrastructure-manager-firewall-rules.adoc,installing/installing_gcp/installing-gcp-user-infra.adoc,existing,leveloffset=+2; assembly context=installing-gcp-user-infra,folds 1 source jobs: Install on GCP (UPI)
Install a Google Cloud cluster on user-provisioned infrastructure,"When I want full control over GCP infrastructure, I need the UPI workflow.",Install a cluster on user-provisioned infrastructure,full,modules/installation-creating-gcp-iam-shared-vpc.adoc,installing/installing_gcp/installing-gcp-user-infra.adoc,existing,leveloffset=+1; assembly context=installing-gcp-user-infra,folds 1 source jobs: Install on GCP (UPI)
Install a Google Cloud cluster on user-provisioned infrastructure,"When I want full control over GCP infrastructure, I need the UPI workflow.",Install a cluster on user-provisioned infrastructure,full,modules/installation-gcp-user-infra-rhcos.adoc,installing/installing_gcp/installing-gcp-user-infra.adoc,existing,leveloffset=+1; assembly context=installing-gcp-user-infra,folds 1 source jobs: Install on GCP (UPI)
Install a Google Cloud cluster on user-provisioned infrastructure,"When I want full control over GCP infrastructure, I need the UPI workflow.",Install a cluster on user-provisioned infrastructure,full,modules/installation-creating-gcp-bootstrap.adoc,installing/installing_gcp/installing-gcp-user-infra.adoc,existing,leveloffset=+1; assembly context=installing-gcp-user-infra,folds 1 source jobs: Install on GCP (UPI)
Install a Google Cloud cluster on user-provisioned infrastructure,"When I want full control over GCP infrastructure, I need the UPI workflow.",Install a cluster on user-provisioned infrastructure,full,modules/installation-infrastructure-manager-bootstrap.adoc,installing/installing_gcp/installing-gcp-user-infra.adoc,existing,leveloffset=+2; assembly context=installing-gcp-user-infra,folds 1 source jobs: Install on GCP (UPI)
Install a Google Cloud cluster on user-provisioned infrastructure,"When I want full control over GCP infrastructure, I need the UPI workflow.",Install a cluster on user-provisioned infrastructure,full,modules/installation-creating-gcp-control-plane.adoc,installing/installing_gcp/installing-gcp-user-infra.adoc,existing,leveloffset=+1; assembly context=installing-gcp-user-infra,folds 1 source jobs: Install on GCP (UPI)
Install a Google Cloud cluster on user-provisioned infrastructure,"When I want full control over GCP infrastructure, I need the UPI workflow.",Install a cluster on user-provisioned infrastructure,full,modules/installation-infrastructure-manager-control-plane.adoc,installing/installing_gcp/installing-gcp-user-infra.adoc,existing,leveloffset=+2; assembly context=installing-gcp-user-infra,folds 1 source jobs: Install on GCP (UPI)
Install a Google Cloud cluster on user-provisioned infrastructure,"When I want full control over GCP infrastructure, I need the UPI workflow.",Install a cluster on user-provisioned infrastructure,full,modules/installation-creating-gcp-worker.adoc,installing/installing_gcp/installing-gcp-user-infra.adoc,existing,leveloffset=+1; assembly context=installing-gcp-user-infra,folds 1 source jobs: Install on GCP (UPI)
Install a Google Cloud cluster on user-provisioned infrastructure,"When I want full control over GCP infrastructure, I need the UPI workflow.",Install a cluster on user-provisioned infrastructure,full,modules/installation-infrastructure-manager-worker.adoc,installing/installing_gcp/installing-gcp-user-infra.adoc,existing,leveloffset=+2; assembly context=installing-gcp-user-infra,folds 1 source jobs: Install on GCP (UPI)
Install a Google Cloud cluster on user-provisioned infrastructure,"When I want full control over GCP infrastructure, I need the UPI workflow.",Install a cluster on user-provisioned infrastructure,full,modules/installation-gcp-user-infra-wait-for-bootstrap.adoc,installing/installing_gcp/installing-gcp-user-infra.adoc,existing,leveloffset=+1; assembly context=installing-gcp-user-infra,folds 1 source jobs: Install on GCP (UPI)
Install a Google Cloud cluster on user-provisioned infrastructure,"When I want full control over GCP infrastructure, I need the UPI workflow.",Install a cluster on user-provisioned infrastructure,full,modules/cli-installing-cli-linux.adoc,installing/installing_gcp/installing-gcp-user-infra.adoc,existing,leveloffset=+1; assembly context=installing-gcp-user-infra,folds 1 source jobs: Install on GCP (UPI)
Install a Google Cloud cluster on user-provisioned infrastructure,"When I want full control over GCP infrastructure, I need the UPI workflow.",Install a cluster on user-provisioned infrastructure,full,modules/cli-installing-cli-windows.adoc,installing/installing_gcp/installing-gcp-user-infra.adoc,existing,leveloffset=+1; assembly context=installing-gcp-user-infra,folds 1 source jobs: Install on GCP (UPI)
Install a Google Cloud cluster on user-provisioned infrastructure,"When I want full control over GCP infrastructure, I need the UPI workflow.",Install a cluster on user-provisioned infrastructure,full,modules/cli-installing-cli-macos.adoc,installing/installing_gcp/installing-gcp-user-infra.adoc,existing,leveloffset=+1; assembly context=installing-gcp-user-infra,folds 1 source jobs: Install on GCP (UPI)
Install a Google Cloud cluster on user-provisioned infrastructure,"When I want full control over GCP infrastructure, I need the UPI workflow.",Install a cluster on user-provisioned infrastructure,full,modules/cli-logging-in-kubeadmin.adoc,installing/installing_gcp/installing-gcp-user-infra.adoc,existing,leveloffset=+1; assembly context=installing-gcp-user-infra,folds 1 source jobs: Install on GCP (UPI)
Install a Google Cloud cluster on user-provisioned infrastructure,"When I want full control over GCP infrastructure, I need the UPI workflow.",Install a cluster on user-provisioned infrastructure,full,modules/installation-approve-csrs.adoc,installing/installing_gcp/installing-gcp-user-infra.adoc,existing,leveloffset=+1; assembly context=installing-gcp-user-infra,folds 1 source jobs: Install on GCP (UPI)
Install a Google Cloud cluster on user-provisioned infrastructure,"When I want full control over GCP infrastructure, I need the UPI workflow.",Install a cluster on user-provisioned infrastructure,full,modules/installation-gcp-user-infra-adding-ingress.adoc,installing/installing_gcp/installing-gcp-user-infra.adoc,existing,leveloffset=+1; assembly context=installing-gcp-user-infra,folds 1 source jobs: Install on GCP (UPI)
Install a Google Cloud cluster on user-provisioned infrastructure,"When I want full control over GCP infrastructure, I need the UPI workflow.",Install a cluster on user-provisioned infrastructure,full,modules/installation-gcp-user-infra-completing.adoc,installing/installing_gcp/installing-gcp-user-infra.adoc,existing,leveloffset=+1; assembly context=installing-gcp-user-infra,folds 1 source jobs: Install on GCP (UPI)
Install a Google Cloud cluster on user-provisioned infrastructure,"When I want full control over GCP infrastructure, I need the UPI workflow.",Install a cluster on user-provisioned infrastructure,full,modules/cluster-telemetry.adoc,installing/installing_gcp/installing-gcp-user-infra.adoc,existing,leveloffset=+1; assembly context=installing-gcp-user-infra,folds 1 source jobs: Install on GCP (UPI)
Install an IBM Power cluster on user-provisioned infrastructure,"When I want to deploy OpenShift on IBM Power servers, I need the UPI installation procedure.",Install a cluster on user-provisioned infrastructure,full,modules/prereqs-ibm-power-upi.adoc,installing/installing_ibm_power/installing-ibm-power.adoc,existing,leveloffset=+1; assembly context=installing-ibm-power,folds 1 source jobs: Install on IBM Power
Install an IBM Power cluster on user-provisioned infrastructure,"When I want to deploy OpenShift on IBM Power servers, I need the UPI installation procedure.",Install a cluster on user-provisioned infrastructure,full,modules/cluster-entitlements.adoc,installing/installing_ibm_power/installing-ibm-power.adoc,existing,leveloffset=+1; assembly context=installing-ibm-power,folds 1 source jobs: Install on IBM Power
Install an IBM Power cluster on user-provisioned infrastructure,"When I want to deploy OpenShift on IBM Power servers, I need the UPI installation procedure.",Install a cluster on user-provisioned infrastructure,full,modules/ibm-power-upi-requirements-intro.adoc,installing/installing_ibm_power/installing-ibm-power.adoc,existing,leveloffset=+1; assembly context=installing-ibm-power,folds 1 source jobs: Install on IBM Power
Install an IBM Power cluster on user-provisioned infrastructure,"When I want to deploy OpenShift on IBM Power servers, I need the UPI installation procedure.",Install a cluster on user-provisioned infrastructure,full,modules/installation-machine-requirements.adoc,installing/installing_ibm_power/installing-ibm-power.adoc,existing,leveloffset=+2; assembly context=installing-ibm-power,folds 1 source jobs: Install on IBM Power
Install an IBM Power cluster on user-provisioned infrastructure,"When I want to deploy OpenShift on IBM Power servers, I need the UPI installation procedure.",Install a cluster on user-provisioned infrastructure,full,modules/installation-minimum-resource-requirements.adoc,installing/installing_ibm_power/installing-ibm-power.adoc,existing,leveloffset=+2; assembly context=installing-ibm-power,folds 1 source jobs: Install on IBM Power
Install an IBM Power cluster on user-provisioned infrastructure,"When I want to deploy OpenShift on IBM Power servers, I need the UPI installation procedure.",Install a cluster on user-provisioned infrastructure,full,modules/minimum-ibm-power-system-requirements.adoc,installing/installing_ibm_power/installing-ibm-power.adoc,existing,leveloffset=+2; assembly context=installing-ibm-power,folds 1 source jobs: Install on IBM Power
Install an IBM Power cluster on user-provisioned infrastructure,"When I want to deploy OpenShift on IBM Power servers, I need the UPI installation procedure.",Install a cluster on user-provisioned infrastructure,full,modules/recommended-ibm-power-system-requirements.adoc,installing/installing_ibm_power/installing-ibm-power.adoc,existing,leveloffset=+2; assembly context=installing-ibm-power,folds 1 source jobs: Install on IBM Power
Install an IBM Power cluster on user-provisioned infrastructure,"When I want to deploy OpenShift on IBM Power servers, I need the UPI installation procedure.",Install a cluster on user-provisioned infrastructure,full,modules/csr-management.adoc,installing/installing_ibm_power/installing-ibm-power.adoc,existing,leveloffset=+2; assembly context=installing-ibm-power,folds 1 source jobs: Install on IBM Power
Install an IBM Power cluster on user-provisioned infrastructure,"When I want to deploy OpenShift on IBM Power servers, I need the UPI installation procedure.",Install a cluster on user-provisioned infrastructure,full,modules/installation-network-user-infra.adoc,installing/installing_ibm_power/installing-ibm-power.adoc,existing,leveloffset=+2; assembly context=installing-ibm-power,folds 1 source jobs: Install on IBM Power
Install an IBM Power cluster on user-provisioned infrastructure,"When I want to deploy OpenShift on IBM Power servers, I need the UPI installation procedure.",Install a cluster on user-provisioned infrastructure,full,modules/installation-dns-user-infra.adoc,installing/installing_ibm_power/installing-ibm-power.adoc,existing,leveloffset=+2; assembly context=installing-ibm-power,folds 1 source jobs: Install on IBM Power
Install an IBM Power cluster on user-provisioned infrastructure,"When I want to deploy OpenShift on IBM Power servers, I need the UPI installation procedure.",Install a cluster on user-provisioned infrastructure,full,modules/installation-dns-user-infra-example.adoc,installing/installing_ibm_power/installing-ibm-power.adoc,existing,leveloffset=+3; assembly context=installing-ibm-power,folds 1 source jobs: Install on IBM Power
Install an IBM Power cluster on user-provisioned infrastructure,"When I want to deploy OpenShift on IBM Power servers, I need the UPI installation procedure.",Install a cluster on user-provisioned infrastructure,full,modules/installation-load-balancing-user-infra.adoc,installing/installing_ibm_power/installing-ibm-power.adoc,existing,leveloffset=+2; assembly context=installing-ibm-power,folds 1 source jobs: Install on IBM Power
Install an IBM Power cluster on user-provisioned infrastructure,"When I want to deploy OpenShift on IBM Power servers, I need the UPI installation procedure.",Install a cluster on user-provisioned infrastructure,full,modules/installation-load-balancing-user-infra-example.adoc,installing/installing_ibm_power/installing-ibm-power.adoc,existing,leveloffset=+3; assembly context=installing-ibm-power,folds 1 source jobs: Install on IBM Power
Install an IBM Power cluster on user-provisioned infrastructure,"When I want to deploy OpenShift on IBM Power servers, I need the UPI installation procedure.",Install a cluster on user-provisioned infrastructure,full,modules/installation-infrastructure-user-infra.adoc,installing/installing_ibm_power/installing-ibm-power.adoc,existing,leveloffset=+1; assembly context=installing-ibm-power,folds 1 source jobs: Install on IBM Power
Install an IBM Power cluster on user-provisioned infrastructure,"When I want to deploy OpenShift on IBM Power servers, I need the UPI installation procedure.",Install a cluster on user-provisioned infrastructure,full,modules/installation-user-provisioned-validating-dns.adoc,installing/installing_ibm_power/installing-ibm-power.adoc,existing,leveloffset=+1; assembly context=installing-ibm-power,folds 1 source jobs: Install on IBM Power
Install an IBM Power cluster on user-provisioned infrastructure,"When I want to deploy OpenShift on IBM Power servers, I need the UPI installation procedure.",Install a cluster on user-provisioned infrastructure,full,modules/ssh-agent-using.adoc,installing/installing_ibm_power/installing-ibm-power.adoc,existing,leveloffset=+1; assembly context=installing-ibm-power,folds 1 source jobs: Install on IBM Power
Install an IBM Power cluster on user-provisioned infrastructure,"When I want to deploy OpenShift on IBM Power servers, I need the UPI installation procedure.",Install a cluster on user-provisioned infrastructure,full,modules/installation-obtaining-installer.adoc,installing/installing_ibm_power/installing-ibm-power.adoc,existing,leveloffset=+1; assembly context=installing-ibm-power,folds 1 source jobs: Install on IBM Power
Install an IBM Power cluster on user-provisioned infrastructure,"When I want to deploy OpenShift on IBM Power servers, I need the UPI installation procedure.",Install a cluster on user-provisioned infrastructure,full,modules/cli-installing-cli-linux.adoc,installing/installing_ibm_power/installing-ibm-power.adoc,existing,leveloffset=+1; assembly context=installing-ibm-power,folds 1 source jobs: Install on IBM Power
Install an IBM Power cluster on user-provisioned infrastructure,"When I want to deploy OpenShift on IBM Power servers, I need the UPI installation procedure.",Install a cluster on user-provisioned infrastructure,full,modules/cli-installing-cli-windows.adoc,installing/installing_ibm_power/installing-ibm-power.adoc,existing,leveloffset=+1; assembly context=installing-ibm-power,folds 1 source jobs: Install on IBM Power
Install an IBM Power cluster on user-provisioned infrastructure,"When I want to deploy OpenShift on IBM Power servers, I need the UPI installation procedure.",Install a cluster on user-provisioned infrastructure,full,modules/cli-installing-cli-macos.adoc,installing/installing_ibm_power/installing-ibm-power.adoc,existing,leveloffset=+1; assembly context=installing-ibm-power,folds 1 source jobs: Install on IBM Power
Install an IBM Power cluster on user-provisioned infrastructure,"When I want to deploy OpenShift on IBM Power servers, I need the UPI installation procedure.",Install a cluster on user-provisioned infrastructure,full,modules/installation-initializing-manual.adoc,installing/installing_ibm_power/installing-ibm-power.adoc,existing,leveloffset=+1; assembly context=installing-ibm-power,folds 1 source jobs: Install on IBM Power
Install an IBM Power cluster on user-provisioned infrastructure,"When I want to deploy OpenShift on IBM Power servers, I need the UPI installation procedure.",Install a cluster on user-provisioned infrastructure,full,modules/installation-bare-metal-config-yaml.adoc,installing/installing_ibm_power/installing-ibm-power.adoc,existing,leveloffset=+2; assembly context=installing-ibm-power,folds 1 source jobs: Install on IBM Power
Install an IBM Power cluster on user-provisioned infrastructure,"When I want to deploy OpenShift on IBM Power servers, I need the UPI installation procedure.",Install a cluster on user-provisioned infrastructure,full,modules/installation-configure-proxy.adoc,installing/installing_ibm_power/installing-ibm-power.adoc,existing,leveloffset=+2; assembly context=installing-ibm-power,folds 1 source jobs: Install on IBM Power
Install an IBM Power cluster on user-provisioned infrastructure,"When I want to deploy OpenShift on IBM Power servers, I need the UPI installation procedure.",Install a cluster on user-provisioned infrastructure,full,modules/installation-three-node-cluster.adoc,installing/installing_ibm_power/installing-ibm-power.adoc,existing,leveloffset=+2; assembly context=installing-ibm-power,folds 1 source jobs: Install on IBM Power
Install an IBM Power cluster on user-provisioned infrastructure,"When I want to deploy OpenShift on IBM Power servers, I need the UPI installation procedure.",Install a cluster on user-provisioned infrastructure,full,modules/nw-operator-cr.adoc,installing/installing_ibm_power/installing-ibm-power.adoc,existing,leveloffset=+1; assembly context=installing-ibm-power,folds 1 source jobs: Install on IBM Power
Install an IBM Power cluster on user-provisioned infrastructure,"When I want to deploy OpenShift on IBM Power servers, I need the UPI installation procedure.",Install a cluster on user-provisioned infrastructure,full,modules/installation-user-infra-generate-k8s-manifest-ignition.adoc,installing/installing_ibm_power/installing-ibm-power.adoc,existing,leveloffset=+1; assembly context=installing-ibm-power,folds 1 source jobs: Install on IBM Power
Install an IBM Power cluster on user-provisioned infrastructure,"When I want to deploy OpenShift on IBM Power servers, I need the UPI installation procedure.",Install a cluster on user-provisioned infrastructure,full,modules/ibm-power-upi-installing-rhcos-intro.adoc,installing/installing_ibm_power/installing-ibm-power.adoc,existing,leveloffset=+1; assembly context=installing-ibm-power,folds 1 source jobs: Install on IBM Power
Install an IBM Power cluster on user-provisioned infrastructure,"When I want to deploy OpenShift on IBM Power servers, I need the UPI installation procedure.",Install a cluster on user-provisioned infrastructure,full,modules/installation-user-infra-machines-iso.adoc,installing/installing_ibm_power/installing-ibm-power.adoc,existing,leveloffset=+2; assembly context=installing-ibm-power,folds 1 source jobs: Install on IBM Power
Install an IBM Power cluster on user-provisioned infrastructure,"When I want to deploy OpenShift on IBM Power servers, I need the UPI installation procedure.",Install a cluster on user-provisioned infrastructure,full,modules/installation-user-infra-machines-static-network.adoc,installing/installing_ibm_power/installing-ibm-power.adoc,existing,leveloffset=+2; assembly context=installing-ibm-power,folds 1 source jobs: Install on IBM Power
Install an IBM Power cluster on user-provisioned infrastructure,"When I want to deploy OpenShift on IBM Power servers, I need the UPI installation procedure.",Install a cluster on user-provisioned infrastructure,full,modules/configuring-dhcp-or-static-ip-addresses.adoc,installing/installing_ibm_power/installing-ibm-power.adoc,existing,leveloffset=+3; assembly context=installing-ibm-power,folds 1 source jobs: Install on IBM Power
Install an IBM Power cluster on user-provisioned infrastructure,"When I want to deploy OpenShift on IBM Power servers, I need the UPI installation procedure.",Install a cluster on user-provisioned infrastructure,full,modules/configuring-ip-address-without-static-hostname.adoc,installing/installing_ibm_power/installing-ibm-power.adoc,existing,leveloffset=+3; assembly context=installing-ibm-power,folds 1 source jobs: Install on IBM Power
Install an IBM Power cluster on user-provisioned infrastructure,"When I want to deploy OpenShift on IBM Power servers, I need the UPI installation procedure.",Install a cluster on user-provisioned infrastructure,full,modules/specifying-multiple-network-interfaces.adoc,installing/installing_ibm_power/installing-ibm-power.adoc,existing,leveloffset=+3; assembly context=installing-ibm-power,folds 1 source jobs: Install on IBM Power
Install an IBM Power cluster on user-provisioned infrastructure,"When I want to deploy OpenShift on IBM Power servers, I need the UPI installation procedure.",Install a cluster on user-provisioned infrastructure,full,modules/configuring-default-gateway-route.adoc,installing/installing_ibm_power/installing-ibm-power.adoc,existing,leveloffset=+3; assembly context=installing-ibm-power,folds 1 source jobs: Install on IBM Power
Install an IBM Power cluster on user-provisioned infrastructure,"When I want to deploy OpenShift on IBM Power servers, I need the UPI installation procedure.",Install a cluster on user-provisioned infrastructure,full,modules/configuring-vlans-individual-interfaces.adoc,installing/installing_ibm_power/installing-ibm-power.adoc,existing,leveloffset=+3; assembly context=installing-ibm-power,folds 1 source jobs: Install on IBM Power
Install an IBM Power cluster on user-provisioned infrastructure,"When I want to deploy OpenShift on IBM Power servers, I need the UPI installation procedure.",Install a cluster on user-provisioned infrastructure,full,modules/bonding-multiple-network-interfaces-to-single-interface.adoc,installing/installing_ibm_power/installing-ibm-power.adoc,existing,leveloffset=+3; assembly context=installing-ibm-power,folds 1 source jobs: Install on IBM Power
Install an IBM Power cluster on user-provisioned infrastructure,"When I want to deploy OpenShift on IBM Power servers, I need the UPI installation procedure.",Install a cluster on user-provisioned infrastructure,full,modules/bonding-multiple-sriov-network-interfaces-to-dual-port.adoc,installing/installing_ibm_power/installing-ibm-power.adoc,existing,leveloffset=+3; assembly context=installing-ibm-power,folds 1 source jobs: Install on IBM Power
Install an IBM Power cluster on user-provisioned infrastructure,"When I want to deploy OpenShift on IBM Power servers, I need the UPI installation procedure.",Install a cluster on user-provisioned infrastructure,full,modules/installation-user-infra-machines-pxe.adoc,installing/installing_ibm_power/installing-ibm-power.adoc,existing,leveloffset=+2; assembly context=installing-ibm-power,folds 1 source jobs: Install on IBM Power
Install an IBM Power cluster on user-provisioned infrastructure,"When I want to deploy OpenShift on IBM Power servers, I need the UPI installation procedure.",Install a cluster on user-provisioned infrastructure,full,modules/rhcos-enabling-multipath-day-1-power.adoc,installing/installing_ibm_power/installing-ibm-power.adoc,existing,leveloffset=+2; assembly context=installing-ibm-power,folds 1 source jobs: Install on IBM Power
Install an IBM Power cluster on user-provisioned infrastructure,"When I want to deploy OpenShift on IBM Power servers, I need the UPI installation procedure.",Install a cluster on user-provisioned infrastructure,full,modules/installation-installing-bare-metal.adoc,installing/installing_ibm_power/installing-ibm-power.adoc,existing,leveloffset=+1; assembly context=installing-ibm-power,folds 1 source jobs: Install on IBM Power
Install an IBM Power cluster on user-provisioned infrastructure,"When I want to deploy OpenShift on IBM Power servers, I need the UPI installation procedure.",Install a cluster on user-provisioned infrastructure,full,modules/cli-logging-in-kubeadmin.adoc,installing/installing_ibm_power/installing-ibm-power.adoc,existing,leveloffset=+1; assembly context=installing-ibm-power,folds 1 source jobs: Install on IBM Power
Install an IBM Power cluster on user-provisioned infrastructure,"When I want to deploy OpenShift on IBM Power servers, I need the UPI installation procedure.",Install a cluster on user-provisioned infrastructure,full,modules/installation-approve-csrs.adoc,installing/installing_ibm_power/installing-ibm-power.adoc,existing,leveloffset=+1; assembly context=installing-ibm-power,folds 1 source jobs: Install on IBM Power
Install an IBM Power cluster on user-provisioned infrastructure,"When I want to deploy OpenShift on IBM Power servers, I need the UPI installation procedure.",Install a cluster on user-provisioned infrastructure,full,modules/installation-operators-config.adoc,installing/installing_ibm_power/installing-ibm-power.adoc,existing,leveloffset=+1; assembly context=installing-ibm-power,folds 1 source jobs: Install on IBM Power
Install an IBM Power cluster on user-provisioned infrastructure,"When I want to deploy OpenShift on IBM Power servers, I need the UPI installation procedure.",Install a cluster on user-provisioned infrastructure,full,modules/installation-registry-storage-config.adoc,installing/installing_ibm_power/installing-ibm-power.adoc,existing,leveloffset=+2; assembly context=installing-ibm-power,folds 1 source jobs: Install on IBM Power
Install an IBM Power cluster on user-provisioned infrastructure,"When I want to deploy OpenShift on IBM Power servers, I need the UPI installation procedure.",Install a cluster on user-provisioned infrastructure,full,modules/registry-configuring-storage-baremetal.adoc,installing/installing_ibm_power/installing-ibm-power.adoc,existing,leveloffset=+3; assembly context=installing-ibm-power,folds 1 source jobs: Install on IBM Power
Install an IBM Power cluster on user-provisioned infrastructure,"When I want to deploy OpenShift on IBM Power servers, I need the UPI installation procedure.",Install a cluster on user-provisioned infrastructure,full,modules/installation-registry-storage-non-production.adoc,installing/installing_ibm_power/installing-ibm-power.adoc,existing,leveloffset=+3; assembly context=installing-ibm-power,folds 1 source jobs: Install on IBM Power
Install an IBM Power cluster on user-provisioned infrastructure,"When I want to deploy OpenShift on IBM Power servers, I need the UPI installation procedure.",Install a cluster on user-provisioned infrastructure,full,modules/installation-complete-user-infra.adoc,installing/installing_ibm_power/installing-ibm-power.adoc,existing,leveloffset=+1; assembly context=installing-ibm-power,folds 1 source jobs: Install on IBM Power
Install an IBM Power cluster on user-provisioned infrastructure,"When I want to deploy OpenShift on IBM Power servers, I need the UPI installation procedure.",Install a cluster on user-provisioned infrastructure,full,modules/cluster-telemetry.adoc,installing/installing_ibm_power/installing-ibm-power.adoc,existing,leveloffset=+1; assembly context=installing-ibm-power,folds 1 source jobs: Install on IBM Power
Install an IBM Z cluster on user-provisioned infrastructure,"When I want to deploy OpenShift on IBM Z using z/VM, I need the UPI installation procedure for z/VM guests.",Install a cluster on user-provisioned infrastructure,full,modules/prereqs-ibm-z-upi.adoc,installing/installing_ibm_z/upi/installing-ibm-z.adoc,existing,leveloffset=+1; assembly context=installing-ibm-z,folds 3 source jobs: Install on IBM Z (z/VM); Install on IBM Z (LPAR); Install on IBM Z (KVM)
Install an IBM Z cluster on user-provisioned infrastructure,"When I want to deploy OpenShift on IBM Z using z/VM, I need the UPI installation procedure for z/VM guests.",Install a cluster on user-provisioned infrastructure,full,modules/installation-infrastructure-user-infra.adoc,installing/installing_ibm_z/upi/installing-ibm-z.adoc,existing,leveloffset=+1; assembly context=installing-ibm-z,folds 3 source jobs: Install on IBM Z (z/VM); Install on IBM Z (LPAR); Install on IBM Z (KVM)
Install an IBM Z cluster on user-provisioned infrastructure,"When I want to deploy OpenShift on IBM Z using z/VM, I need the UPI installation procedure for z/VM guests.",Install a cluster on user-provisioned infrastructure,full,modules/installation-load-balancing-user-infra-example.adoc,installing/installing_ibm_z/upi/installing-ibm-z.adoc,existing,leveloffset=+2; assembly context=installing-ibm-z,folds 3 source jobs: Install on IBM Z (z/VM); Install on IBM Z (LPAR); Install on IBM Z (KVM)
Install an IBM Z cluster on user-provisioned infrastructure,"When I want to deploy OpenShift on IBM Z using z/VM, I need the UPI installation procedure for z/VM guests.",Install a cluster on user-provisioned infrastructure,full,modules/installation-initializing-manual.adoc,installing/installing_ibm_z/upi/installing-ibm-z.adoc,existing,leveloffset=+1; assembly context=installing-ibm-z,folds 3 source jobs: Install on IBM Z (z/VM); Install on IBM Z (LPAR); Install on IBM Z (KVM)
Install an IBM Z cluster on user-provisioned infrastructure,"When I want to deploy OpenShift on IBM Z using z/VM, I need the UPI installation procedure for z/VM guests.",Install a cluster on user-provisioned infrastructure,full,modules/installation-bare-metal-config-yaml.adoc,installing/installing_ibm_z/upi/installing-ibm-z.adoc,existing,leveloffset=+2; assembly context=installing-ibm-z,folds 3 source jobs: Install on IBM Z (z/VM); Install on IBM Z (LPAR); Install on IBM Z (KVM)
Install an IBM Z cluster on user-provisioned infrastructure,"When I want to deploy OpenShift on IBM Z using z/VM, I need the UPI installation procedure for z/VM guests.",Install a cluster on user-provisioned infrastructure,full,modules/installation-configure-proxy.adoc,installing/installing_ibm_z/upi/installing-ibm-z.adoc,existing,leveloffset=+2; assembly context=installing-ibm-z,folds 3 source jobs: Install on IBM Z (z/VM); Install on IBM Z (LPAR); Install on IBM Z (KVM)
Install an IBM Z cluster on user-provisioned infrastructure,"When I want to deploy OpenShift on IBM Z using z/VM, I need the UPI installation procedure for z/VM guests.",Install a cluster on user-provisioned infrastructure,full,modules/installation-three-node-cluster.adoc,installing/installing_ibm_z/upi/installing-ibm-z.adoc,existing,leveloffset=+2; assembly context=installing-ibm-z,folds 3 source jobs: Install on IBM Z (z/VM); Install on IBM Z (LPAR); Install on IBM Z (KVM)
Install an IBM Z cluster on user-provisioned infrastructure,"When I want to deploy OpenShift on IBM Z using z/VM, I need the UPI installation procedure for z/VM guests.",Install a cluster on user-provisioned infrastructure,full,modules/nw-operator-cr.adoc,installing/installing_ibm_z/upi/installing-ibm-z.adoc,existing,leveloffset=+1; assembly context=installing-ibm-z,folds 3 source jobs: Install on IBM Z (z/VM); Install on IBM Z (LPAR); Install on IBM Z (KVM)
Install an IBM Z cluster on user-provisioned infrastructure,"When I want to deploy OpenShift on IBM Z using z/VM, I need the UPI installation procedure for z/VM guests.",Install a cluster on user-provisioned infrastructure,full,modules/installation-user-infra-generate-k8s-manifest-ignition.adoc,installing/installing_ibm_z/upi/installing-ibm-z.adoc,existing,leveloffset=+1; assembly context=installing-ibm-z,folds 3 source jobs: Install on IBM Z (z/VM); Install on IBM Z (LPAR); Install on IBM Z (KVM)
Install an IBM Z cluster on user-provisioned infrastructure,"When I want to deploy OpenShift on IBM Z using z/VM, I need the UPI installation procedure for z/VM guests.",Install a cluster on user-provisioned infrastructure,full,modules/ibm-z-configure-boot-volume-encryption.adoc,installing/installing_ibm_z/upi/installing-ibm-z.adoc,existing,leveloffset=+1; assembly context=installing-ibm-z,folds 3 source jobs: Install on IBM Z (z/VM); Install on IBM Z (LPAR); Install on IBM Z (KVM)
Install an IBM Z cluster on user-provisioned infrastructure,"When I want to deploy OpenShift on IBM Z using z/VM, I need the UPI installation procedure for z/VM guests.",Install a cluster on user-provisioned infrastructure,full,modules/ibm-z-configure-hw-based-cex-encryption.adoc,installing/installing_ibm_z/upi/installing-ibm-z.adoc,existing,leveloffset=+2; assembly context=installing-ibm-z,folds 3 source jobs: Install on IBM Z (z/VM); Install on IBM Z (LPAR); Install on IBM Z (KVM)
Install an IBM Z cluster on user-provisioned infrastructure,"When I want to deploy OpenShift on IBM Z using z/VM, I need the UPI installation procedure for z/VM guests.",Install a cluster on user-provisioned infrastructure,full,modules/ibm-z-configure-nbde-with-static-ip.adoc,installing/installing_ibm_z/upi/installing-ibm-z.adoc,existing,leveloffset=+2; assembly context=installing-ibm-z,folds 3 source jobs: Install on IBM Z (z/VM); Install on IBM Z (LPAR); Install on IBM Z (KVM)
Install an IBM Z cluster on user-provisioned infrastructure,"When I want to deploy OpenShift on IBM Z using z/VM, I need the UPI installation procedure for z/VM guests.",Install a cluster on user-provisioned infrastructure,full,modules/installation-ibm-z-user-infra-machines-iso.adoc,installing/installing_ibm_z/upi/installing-ibm-z.adoc,existing,leveloffset=+1; assembly context=installing-ibm-z,folds 3 source jobs: Install on IBM Z (z/VM); Install on IBM Z (LPAR); Install on IBM Z (KVM)
Install an IBM Z cluster on user-provisioned infrastructure,"When I want to deploy OpenShift on IBM Z using z/VM, I need the UPI installation procedure for z/VM guests.",Install a cluster on user-provisioned infrastructure,full,modules/installation-user-infra-machines-static-network.adoc,installing/installing_ibm_z/upi/installing-ibm-z.adoc,existing,leveloffset=+2; assembly context=installing-ibm-z,folds 3 source jobs: Install on IBM Z (z/VM); Install on IBM Z (LPAR); Install on IBM Z (KVM)
Install an IBM Z cluster on user-provisioned infrastructure,"When I want to deploy OpenShift on IBM Z using z/VM, I need the UPI installation procedure for z/VM guests.",Install a cluster on user-provisioned infrastructure,full,modules/configuring-dhcp-or-static-ip-addresses.adoc,installing/installing_ibm_z/upi/installing-ibm-z.adoc,existing,leveloffset=+3; assembly context=installing-ibm-z,folds 3 source jobs: Install on IBM Z (z/VM); Install on IBM Z (LPAR); Install on IBM Z (KVM)
Install an IBM Z cluster on user-provisioned infrastructure,"When I want to deploy OpenShift on IBM Z using z/VM, I need the UPI installation procedure for z/VM guests.",Install a cluster on user-provisioned infrastructure,full,modules/configuring-ip-address-without-static-hostname.adoc,installing/installing_ibm_z/upi/installing-ibm-z.adoc,existing,leveloffset=+3; assembly context=installing-ibm-z,folds 3 source jobs: Install on IBM Z (z/VM); Install on IBM Z (LPAR); Install on IBM Z (KVM)
Install an IBM Z cluster on user-provisioned infrastructure,"When I want to deploy OpenShift on IBM Z using z/VM, I need the UPI installation procedure for z/VM guests.",Install a cluster on user-provisioned infrastructure,full,modules/specifying-multiple-network-interfaces.adoc,installing/installing_ibm_z/upi/installing-ibm-z.adoc,existing,leveloffset=+3; assembly context=installing-ibm-z,folds 3 source jobs: Install on IBM Z (z/VM); Install on IBM Z (LPAR); Install on IBM Z (KVM)
Install an IBM Z cluster on user-provisioned infrastructure,"When I want to deploy OpenShift on IBM Z using z/VM, I need the UPI installation procedure for z/VM guests.",Install a cluster on user-provisioned infrastructure,full,modules/configuring-default-gateway-route.adoc,installing/installing_ibm_z/upi/installing-ibm-z.adoc,existing,leveloffset=+3; assembly context=installing-ibm-z,folds 3 source jobs: Install on IBM Z (z/VM); Install on IBM Z (LPAR); Install on IBM Z (KVM)
Install an IBM Z cluster on user-provisioned infrastructure,"When I want to deploy OpenShift on IBM Z using z/VM, I need the UPI installation procedure for z/VM guests.",Install a cluster on user-provisioned infrastructure,full,modules/configuring-vlans-individual-interfaces.adoc,installing/installing_ibm_z/upi/installing-ibm-z.adoc,existing,leveloffset=+3; assembly context=installing-ibm-z,folds 3 source jobs: Install on IBM Z (z/VM); Install on IBM Z (LPAR); Install on IBM Z (KVM)
Install an IBM Z cluster on user-provisioned infrastructure,"When I want to deploy OpenShift on IBM Z using z/VM, I need the UPI installation procedure for z/VM guests.",Install a cluster on user-provisioned infrastructure,full,modules/bonding-multiple-network-interfaces-to-single-interface.adoc,installing/installing_ibm_z/upi/installing-ibm-z.adoc,existing,leveloffset=+3; assembly context=installing-ibm-z,folds 3 source jobs: Install on IBM Z (z/VM); Install on IBM Z (LPAR); Install on IBM Z (KVM)
Install an IBM Z cluster on user-provisioned infrastructure,"When I want to deploy OpenShift on IBM Z using z/VM, I need the UPI installation procedure for z/VM guests.",Install a cluster on user-provisioned infrastructure,full,modules/bonding-multiple-sriov-network-interfaces-to-dual-port.adoc,installing/installing_ibm_z/upi/installing-ibm-z.adoc,existing,leveloffset=+3; assembly context=installing-ibm-z,folds 3 source jobs: Install on IBM Z (z/VM); Install on IBM Z (LPAR); Install on IBM Z (KVM)
Install an IBM Z cluster on user-provisioned infrastructure,"When I want to deploy OpenShift on IBM Z using z/VM, I need the UPI installation procedure for z/VM guests.",Install a cluster on user-provisioned infrastructure,full,modules/installation-installing-bare-metal.adoc,installing/installing_ibm_z/upi/installing-ibm-z.adoc,existing,leveloffset=+1; assembly context=installing-ibm-z,folds 3 source jobs: Install on IBM Z (z/VM); Install on IBM Z (LPAR); Install on IBM Z (KVM)
Install an IBM Z cluster on user-provisioned infrastructure,"When I want to deploy OpenShift on IBM Z using z/VM, I need the UPI installation procedure for z/VM guests.",Install a cluster on user-provisioned infrastructure,full,modules/cli-logging-in-kubeadmin.adoc,installing/installing_ibm_z/upi/installing-ibm-z.adoc,existing,leveloffset=+1; assembly context=installing-ibm-z,folds 3 source jobs: Install on IBM Z (z/VM); Install on IBM Z (LPAR); Install on IBM Z (KVM)
Install an IBM Z cluster on user-provisioned infrastructure,"When I want to deploy OpenShift on IBM Z using z/VM, I need the UPI installation procedure for z/VM guests.",Install a cluster on user-provisioned infrastructure,full,modules/installation-approve-csrs.adoc,installing/installing_ibm_z/upi/installing-ibm-z.adoc,existing,leveloffset=+1; assembly context=installing-ibm-z,folds 3 source jobs: Install on IBM Z (z/VM); Install on IBM Z (LPAR); Install on IBM Z (KVM)
Install an IBM Z cluster on user-provisioned infrastructure,"When I want to deploy OpenShift on IBM Z using z/VM, I need the UPI installation procedure for z/VM guests.",Install a cluster on user-provisioned infrastructure,full,modules/installation-operators-config.adoc,installing/installing_ibm_z/upi/installing-ibm-z.adoc,existing,leveloffset=+1; assembly context=installing-ibm-z,folds 3 source jobs: Install on IBM Z (z/VM); Install on IBM Z (LPAR); Install on IBM Z (KVM)
Install an IBM Z cluster on user-provisioned infrastructure,"When I want to deploy OpenShift on IBM Z using z/VM, I need the UPI installation procedure for z/VM guests.",Install a cluster on user-provisioned infrastructure,full,modules/installation-registry-storage-config.adoc,installing/installing_ibm_z/upi/installing-ibm-z.adoc,existing,leveloffset=+2; assembly context=installing-ibm-z,folds 3 source jobs: Install on IBM Z (z/VM); Install on IBM Z (LPAR); Install on IBM Z (KVM)
Install an IBM Z cluster on user-provisioned infrastructure,"When I want to deploy OpenShift on IBM Z using z/VM, I need the UPI installation procedure for z/VM guests.",Install a cluster on user-provisioned infrastructure,full,modules/registry-configuring-storage-baremetal.adoc,installing/installing_ibm_z/upi/installing-ibm-z.adoc,existing,leveloffset=+3; assembly context=installing-ibm-z,folds 3 source jobs: Install on IBM Z (z/VM); Install on IBM Z (LPAR); Install on IBM Z (KVM)
Install an IBM Z cluster on user-provisioned infrastructure,"When I want to deploy OpenShift on IBM Z using z/VM, I need the UPI installation procedure for z/VM guests.",Install a cluster on user-provisioned infrastructure,full,modules/installation-registry-storage-non-production.adoc,installing/installing_ibm_z/upi/installing-ibm-z.adoc,existing,leveloffset=+3; assembly context=installing-ibm-z,folds 3 source jobs: Install on IBM Z (z/VM); Install on IBM Z (LPAR); Install on IBM Z (KVM)
Install an IBM Z cluster on user-provisioned infrastructure,"When I want to deploy OpenShift on IBM Z using z/VM, I need the UPI installation procedure for z/VM guests.",Install a cluster on user-provisioned infrastructure,full,modules/installation-complete-user-infra.adoc,installing/installing_ibm_z/upi/installing-ibm-z.adoc,existing,leveloffset=+1; assembly context=installing-ibm-z,folds 3 source jobs: Install on IBM Z (z/VM); Install on IBM Z (LPAR); Install on IBM Z (KVM)
Install an IBM Z cluster on user-provisioned infrastructure,"When I want to deploy OpenShift on IBM Z using z/VM, I need the UPI installation procedure for z/VM guests.",Install a cluster on user-provisioned infrastructure,full,modules/cluster-telemetry.adoc,installing/installing_ibm_z/upi/installing-ibm-z.adoc,existing,leveloffset=+1; assembly context=installing-ibm-z,folds 3 source jobs: Install on IBM Z (z/VM); Install on IBM Z (LPAR); Install on IBM Z (KVM)
Install an IBM Z cluster on user-provisioned infrastructure,"When I want to deploy OpenShift on IBM Z using z/VM, I need the UPI installation procedure for z/VM guests.",Install a cluster on user-provisioned infrastructure,full,modules/prereqs-ibm-z-kvm-upi.adoc,installing/installing_ibm_z/upi/installing-ibm-z-kvm.adoc,existing,leveloffset=+1; assembly context=installing-ibm-z-kvm,folds 3 source jobs: Install on IBM Z (z/VM); Install on IBM Z (LPAR); Install on IBM Z (KVM)
Install an IBM Z cluster on user-provisioned infrastructure,"When I want to deploy OpenShift on IBM Z using z/VM, I need the UPI installation procedure for z/VM guests.",Install a cluster on user-provisioned infrastructure,full,modules/installation-ibm-z-kvm-user-infra-installing-rhcos.adoc,installing/installing_ibm_z/upi/installing-ibm-z-kvm.adoc,existing,leveloffset=+1; assembly context=installing-ibm-z-kvm,folds 3 source jobs: Install on IBM Z (z/VM); Install on IBM Z (LPAR); Install on IBM Z (KVM)
Install an IBM Z cluster on user-provisioned infrastructure,"When I want to deploy OpenShift on IBM Z using z/VM, I need the UPI installation procedure for z/VM guests.",Install a cluster on user-provisioned infrastructure,full,modules/ibm-z-configure-encryption-kvm.adoc,installing/installing_ibm_z/upi/installing-ibm-z-kvm.adoc,existing,leveloffset=+2; assembly context=installing-ibm-z-kvm,folds 3 source jobs: Install on IBM Z (z/VM); Install on IBM Z (LPAR); Install on IBM Z (KVM)
Install an IBM Z cluster on user-provisioned infrastructure,"When I want to deploy OpenShift on IBM Z using z/VM, I need the UPI installation procedure for z/VM guests.",Install a cluster on user-provisioned infrastructure,full,modules/ibm-z-secure-execution.adoc,installing/installing_ibm_z/upi/installing-ibm-z-kvm.adoc,existing,leveloffset=+3; assembly context=installing-ibm-z-kvm,folds 3 source jobs: Install on IBM Z (z/VM); Install on IBM Z (LPAR); Install on IBM Z (KVM)
Install an IBM Z cluster on user-provisioned infrastructure,"When I want to deploy OpenShift on IBM Z using z/VM, I need the UPI installation procedure for z/VM guests.",Install a cluster on user-provisioned infrastructure,full,modules/installation-ibm-z-kvm-user-infra-machines-iso.adoc,installing/installing_ibm_z/upi/installing-ibm-z-kvm.adoc,existing,leveloffset=+2; assembly context=installing-ibm-z-kvm,folds 3 source jobs: Install on IBM Z (z/VM); Install on IBM Z (LPAR); Install on IBM Z (KVM)
Install an IBM Z cluster on user-provisioned infrastructure,"When I want to deploy OpenShift on IBM Z using z/VM, I need the UPI installation procedure for z/VM guests.",Install a cluster on user-provisioned infrastructure,full,modules/installation-full-ibm-z-kvm-user-infra-machines-iso.adoc,installing/installing_ibm_z/upi/installing-ibm-z-kvm.adoc,existing,leveloffset=+2; assembly context=installing-ibm-z-kvm,folds 3 source jobs: Install on IBM Z (z/VM); Install on IBM Z (LPAR); Install on IBM Z (KVM)
Install an OpenStack cluster on user-provisioned infrastructure,"When I want full control over OpenStack infrastructure, I need the UPI workflow to deploy on pre-provisioned instances.",Install a cluster on user-provisioned infrastructure,full,modules/cluster-entitlements.adoc,installing/installing_openstack/installing-openstack-user.adoc,existing,leveloffset=+1; assembly context=installing-openstack-user,folds 1 source jobs: Install on OpenStack (UPI)
Install an OpenStack cluster on user-provisioned infrastructure,"When I want full control over OpenStack infrastructure, I need the UPI workflow to deploy on pre-provisioned instances.",Install a cluster on user-provisioned infrastructure,full,modules/installation-osp-default-deployment.adoc,installing/installing_openstack/installing-openstack-user.adoc,existing,leveloffset=+1; assembly context=installing-openstack-user,folds 1 source jobs: Install on OpenStack (UPI)
Install an OpenStack cluster on user-provisioned infrastructure,"When I want full control over OpenStack infrastructure, I need the UPI workflow to deploy on pre-provisioned instances.",Install a cluster on user-provisioned infrastructure,full,modules/installation-osp-control-compute-machines.adoc,installing/installing_openstack/installing-openstack-user.adoc,existing,leveloffset=+2; assembly context=installing-openstack-user,folds 1 source jobs: Install on OpenStack (UPI)
Install an OpenStack cluster on user-provisioned infrastructure,"When I want full control over OpenStack infrastructure, I need the UPI workflow to deploy on pre-provisioned instances.",Install a cluster on user-provisioned infrastructure,full,modules/installation-osp-compute-machines.adoc,installing/installing_openstack/installing-openstack-user.adoc,existing,leveloffset=+2; assembly context=installing-openstack-user,folds 1 source jobs: Install on OpenStack (UPI)
Install an OpenStack cluster on user-provisioned infrastructure,"When I want full control over OpenStack infrastructure, I need the UPI workflow to deploy on pre-provisioned instances.",Install a cluster on user-provisioned infrastructure,full,modules/installation-osp-bootstrap-machine.adoc,installing/installing_openstack/installing-openstack-user.adoc,existing,leveloffset=+2; assembly context=installing-openstack-user,folds 1 source jobs: Install on OpenStack (UPI)
Install an OpenStack cluster on user-provisioned infrastructure,"When I want full control over OpenStack infrastructure, I need the UPI workflow to deploy on pre-provisioned instances.",Install a cluster on user-provisioned infrastructure,full,modules/installation-osp-downloading-modules.adoc,installing/installing_openstack/installing-openstack-user.adoc,existing,leveloffset=+1; assembly context=installing-openstack-user,folds 1 source jobs: Install on OpenStack (UPI)
Install an OpenStack cluster on user-provisioned infrastructure,"When I want full control over OpenStack infrastructure, I need the UPI workflow to deploy on pre-provisioned instances.",Install a cluster on user-provisioned infrastructure,full,modules/installation-osp-downloading-playbooks.adoc,installing/installing_openstack/installing-openstack-user.adoc,existing,leveloffset=+1; assembly context=installing-openstack-user,folds 1 source jobs: Install on OpenStack (UPI)
Install an OpenStack cluster on user-provisioned infrastructure,"When I want full control over OpenStack infrastructure, I need the UPI workflow to deploy on pre-provisioned instances.",Install a cluster on user-provisioned infrastructure,full,modules/installation-obtaining-installer.adoc,installing/installing_openstack/installing-openstack-user.adoc,existing,leveloffset=+1; assembly context=installing-openstack-user,folds 1 source jobs: Install on OpenStack (UPI)
Install an OpenStack cluster on user-provisioned infrastructure,"When I want full control over OpenStack infrastructure, I need the UPI workflow to deploy on pre-provisioned instances.",Install a cluster on user-provisioned infrastructure,full,modules/ssh-agent-using.adoc,installing/installing_openstack/installing-openstack-user.adoc,existing,leveloffset=+1; assembly context=installing-openstack-user,folds 1 source jobs: Install on OpenStack (UPI)
Install an OpenStack cluster on user-provisioned infrastructure,"When I want full control over OpenStack infrastructure, I need the UPI workflow to deploy on pre-provisioned instances.",Install a cluster on user-provisioned infrastructure,full,modules/installation-osp-creating-image.adoc,installing/installing_openstack/installing-openstack-user.adoc,existing,leveloffset=+1; assembly context=installing-openstack-user,folds 1 source jobs: Install on OpenStack (UPI)
Install an OpenStack cluster on user-provisioned infrastructure,"When I want full control over OpenStack infrastructure, I need the UPI workflow to deploy on pre-provisioned instances.",Install a cluster on user-provisioned infrastructure,full,modules/installation-osp-verifying-external-network.adoc,installing/installing_openstack/installing-openstack-user.adoc,existing,leveloffset=+1; assembly context=installing-openstack-user,folds 1 source jobs: Install on OpenStack (UPI)
Install an OpenStack cluster on user-provisioned infrastructure,"When I want full control over OpenStack infrastructure, I need the UPI workflow to deploy on pre-provisioned instances.",Install a cluster on user-provisioned infrastructure,full,modules/installation-osp-accessing-api.adoc,installing/installing_openstack/installing-openstack-user.adoc,existing,leveloffset=+1; assembly context=installing-openstack-user,folds 1 source jobs: Install on OpenStack (UPI)
Install an OpenStack cluster on user-provisioned infrastructure,"When I want full control over OpenStack infrastructure, I need the UPI workflow to deploy on pre-provisioned instances.",Install a cluster on user-provisioned infrastructure,full,modules/installation-osp-accessing-api-floating.adoc,installing/installing_openstack/installing-openstack-user.adoc,existing,leveloffset=+2; assembly context=installing-openstack-user,folds 1 source jobs: Install on OpenStack (UPI)
Install an OpenStack cluster on user-provisioned infrastructure,"When I want full control over OpenStack infrastructure, I need the UPI workflow to deploy on pre-provisioned instances.",Install a cluster on user-provisioned infrastructure,full,modules/installation-osp-accessing-api-no-floating.adoc,installing/installing_openstack/installing-openstack-user.adoc,existing,leveloffset=+2; assembly context=installing-openstack-user,folds 1 source jobs: Install on OpenStack (UPI)
Install an OpenStack cluster on user-provisioned infrastructure,"When I want full control over OpenStack infrastructure, I need the UPI workflow to deploy on pre-provisioned instances.",Install a cluster on user-provisioned infrastructure,full,modules/installation-osp-describing-cloud-parameters.adoc,installing/installing_openstack/installing-openstack-user.adoc,existing,leveloffset=+1; assembly context=installing-openstack-user,folds 1 source jobs: Install on OpenStack (UPI)
Install an OpenStack cluster on user-provisioned infrastructure,"When I want full control over OpenStack infrastructure, I need the UPI workflow to deploy on pre-provisioned instances.",Install a cluster on user-provisioned infrastructure,full,modules/installation-osp-creating-network-resources.adoc,installing/installing_openstack/installing-openstack-user.adoc,existing,leveloffset=+1; assembly context=installing-openstack-user,folds 1 source jobs: Install on OpenStack (UPI)
Install an OpenStack cluster on user-provisioned infrastructure,"When I want full control over OpenStack infrastructure, I need the UPI workflow to deploy on pre-provisioned instances.",Install a cluster on user-provisioned infrastructure,full,modules/installation-initializing.adoc,installing/installing_openstack/installing-openstack-user.adoc,existing,leveloffset=+1; assembly context=installing-openstack-user,folds 1 source jobs: Install on OpenStack (UPI)
Install an OpenStack cluster on user-provisioned infrastructure,"When I want full control over OpenStack infrastructure, I need the UPI workflow to deploy on pre-provisioned instances.",Install a cluster on user-provisioned infrastructure,full,modules/installation-osp-custom-subnet.adoc,installing/installing_openstack/installing-openstack-user.adoc,existing,leveloffset=+2; assembly context=installing-openstack-user,folds 1 source jobs: Install on OpenStack (UPI)
Install an OpenStack cluster on user-provisioned infrastructure,"When I want full control over OpenStack infrastructure, I need the UPI workflow to deploy on pre-provisioned instances.",Install a cluster on user-provisioned infrastructure,full,modules/installation-osp-config-yaml.adoc,installing/installing_openstack/installing-openstack-user.adoc,existing,leveloffset=+2; assembly context=installing-openstack-user,folds 1 source jobs: Install on OpenStack (UPI)
Install an OpenStack cluster on user-provisioned infrastructure,"When I want full control over OpenStack infrastructure, I need the UPI workflow to deploy on pre-provisioned instances.",Install a cluster on user-provisioned infrastructure,full,modules/installation-osp-fixing-subnet.adoc,installing/installing_openstack/installing-openstack-user.adoc,existing,leveloffset=+2; assembly context=installing-openstack-user,folds 1 source jobs: Install on OpenStack (UPI)
Install an OpenStack cluster on user-provisioned infrastructure,"When I want full control over OpenStack infrastructure, I need the UPI workflow to deploy on pre-provisioned instances.",Install a cluster on user-provisioned infrastructure,full,modules/installation-osp-emptying-worker-pools.adoc,installing/installing_openstack/installing-openstack-user.adoc,existing,leveloffset=+2; assembly context=installing-openstack-user,folds 1 source jobs: Install on OpenStack (UPI)
Install an OpenStack cluster on user-provisioned infrastructure,"When I want full control over OpenStack infrastructure, I need the UPI workflow to deploy on pre-provisioned instances.",Install a cluster on user-provisioned infrastructure,full,modules/installation-osp-provider-networks.adoc,installing/installing_openstack/installing-openstack-user.adoc,existing,leveloffset=+2; assembly context=installing-openstack-user,folds 1 source jobs: Install on OpenStack (UPI)
Install an OpenStack cluster on user-provisioned infrastructure,"When I want full control over OpenStack infrastructure, I need the UPI workflow to deploy on pre-provisioned instances.",Install a cluster on user-provisioned infrastructure,full,modules/installation-osp-provider-network-preparation.adoc,installing/installing_openstack/installing-openstack-user.adoc,existing,leveloffset=+3; assembly context=installing-openstack-user,folds 1 source jobs: Install on OpenStack (UPI)
Install an OpenStack cluster on user-provisioned infrastructure,"When I want full control over OpenStack infrastructure, I need the UPI workflow to deploy on pre-provisioned instances.",Install a cluster on user-provisioned infrastructure,full,modules/installation-osp-deploying-provider-networks-installer.adoc,installing/installing_openstack/installing-openstack-user.adoc,existing,leveloffset=+3; assembly context=installing-openstack-user,folds 1 source jobs: Install on OpenStack (UPI)
Install an OpenStack cluster on user-provisioned infrastructure,"When I want full control over OpenStack infrastructure, I need the UPI workflow to deploy on pre-provisioned instances.",Install a cluster on user-provisioned infrastructure,full,modules/installation-user-infra-generate-k8s-manifest-ignition.adoc,installing/installing_openstack/installing-openstack-user.adoc,existing,leveloffset=+1; assembly context=installing-openstack-user,folds 1 source jobs: Install on OpenStack (UPI)
Install an OpenStack cluster on user-provisioned infrastructure,"When I want full control over OpenStack infrastructure, I need the UPI workflow to deploy on pre-provisioned instances.",Install a cluster on user-provisioned infrastructure,full,modules/installation-osp-converting-ignition-resources.adoc,installing/installing_openstack/installing-openstack-user.adoc,existing,leveloffset=+1; assembly context=installing-openstack-user,folds 1 source jobs: Install on OpenStack (UPI)
Install an OpenStack cluster on user-provisioned infrastructure,"When I want full control over OpenStack infrastructure, I need the UPI workflow to deploy on pre-provisioned instances.",Install a cluster on user-provisioned infrastructure,full,modules/installation-osp-creating-control-plane-ignition.adoc,installing/installing_openstack/installing-openstack-user.adoc,existing,leveloffset=+1; assembly context=installing-openstack-user,folds 1 source jobs: Install on OpenStack (UPI)
Install an OpenStack cluster on user-provisioned infrastructure,"When I want full control over OpenStack infrastructure, I need the UPI workflow to deploy on pre-provisioned instances.",Install a cluster on user-provisioned infrastructure,full,modules/installation-osp-updating-network-resources.adoc,installing/installing_openstack/installing-openstack-user.adoc,existing,leveloffset=+1; assembly context=installing-openstack-user,folds 1 source jobs: Install on OpenStack (UPI)
Install an OpenStack cluster on user-provisioned infrastructure,"When I want full control over OpenStack infrastructure, I need the UPI workflow to deploy on pre-provisioned instances.",Install a cluster on user-provisioned infrastructure,full,modules/installation-osp-deploying-bare-metal-machines.adoc,installing/installing_openstack/installing-openstack-user.adoc,existing,leveloffset=+2; assembly context=installing-openstack-user,folds 1 source jobs: Install on OpenStack (UPI)
Install an OpenStack cluster on user-provisioned infrastructure,"When I want full control over OpenStack infrastructure, I need the UPI workflow to deploy on pre-provisioned instances.",Install a cluster on user-provisioned infrastructure,full,modules/installation-osp-creating-bootstrap-machine.adoc,installing/installing_openstack/installing-openstack-user.adoc,existing,leveloffset=+1; assembly context=installing-openstack-user,folds 1 source jobs: Install on OpenStack (UPI)
Install an OpenStack cluster on user-provisioned infrastructure,"When I want full control over OpenStack infrastructure, I need the UPI workflow to deploy on pre-provisioned instances.",Install a cluster on user-provisioned infrastructure,full,modules/installation-osp-creating-control-plane.adoc,installing/installing_openstack/installing-openstack-user.adoc,existing,leveloffset=+1; assembly context=installing-openstack-user,folds 1 source jobs: Install on OpenStack (UPI)
Install an OpenStack cluster on user-provisioned infrastructure,"When I want full control over OpenStack infrastructure, I need the UPI workflow to deploy on pre-provisioned instances.",Install a cluster on user-provisioned infrastructure,full,modules/cli-logging-in-kubeadmin.adoc,installing/installing_openstack/installing-openstack-user.adoc,existing,leveloffset=+1; assembly context=installing-openstack-user,folds 1 source jobs: Install on OpenStack (UPI)
Install an OpenStack cluster on user-provisioned infrastructure,"When I want full control over OpenStack infrastructure, I need the UPI workflow to deploy on pre-provisioned instances.",Install a cluster on user-provisioned infrastructure,full,modules/installation-osp-deleting-bootstrap-resources.adoc,installing/installing_openstack/installing-openstack-user.adoc,existing,leveloffset=+1; assembly context=installing-openstack-user,folds 1 source jobs: Install on OpenStack (UPI)
Install an OpenStack cluster on user-provisioned infrastructure,"When I want full control over OpenStack infrastructure, I need the UPI workflow to deploy on pre-provisioned instances.",Install a cluster on user-provisioned infrastructure,full,modules/installation-osp-creating-compute-machines.adoc,installing/installing_openstack/installing-openstack-user.adoc,existing,leveloffset=+1; assembly context=installing-openstack-user,folds 1 source jobs: Install on OpenStack (UPI)
Install an OpenStack cluster on user-provisioned infrastructure,"When I want full control over OpenStack infrastructure, I need the UPI workflow to deploy on pre-provisioned instances.",Install a cluster on user-provisioned infrastructure,full,modules/installation-approve-csrs.adoc,installing/installing_openstack/installing-openstack-user.adoc,existing,leveloffset=+1; assembly context=installing-openstack-user,folds 1 source jobs: Install on OpenStack (UPI)
Install an OpenStack cluster on user-provisioned infrastructure,"When I want full control over OpenStack infrastructure, I need the UPI workflow to deploy on pre-provisioned instances.",Install a cluster on user-provisioned infrastructure,full,modules/installation-osp-verifying-installation.adoc,installing/installing_openstack/installing-openstack-user.adoc,existing,leveloffset=+1; assembly context=installing-openstack-user,folds 1 source jobs: Install on OpenStack (UPI)
Install an OpenStack cluster on user-provisioned infrastructure,"When I want full control over OpenStack infrastructure, I need the UPI workflow to deploy on pre-provisioned instances.",Install a cluster on user-provisioned infrastructure,full,modules/cluster-telemetry.adoc,installing/installing_openstack/installing-openstack-user.adoc,existing,leveloffset=+1; assembly context=installing-openstack-user,folds 1 source jobs: Install on OpenStack (UPI)
Install a cluster on any platform,"When my platform is not directly supported by the installer, I need to provision infrastructure manually and deploy OpenShift using the platform-agnostic UPI method so I can run on non-standard environments.",Install a cluster on user-provisioned infrastructure,full,modules/installing-ocp-agnostic-prereqs.adoc,installing/installing_platform_agnostic/installing-platform-agnostic.adoc,existing,leveloffset=+1; assembly context=installing-platform-agnostic,folds 1 source jobs: Install on any platform (UPI)
Install a cluster on any platform,"When my platform is not directly supported by the installer, I need to provision infrastructure manually and deploy OpenShift using the platform-agnostic UPI method so I can run on non-standard environments.",Install a cluster on user-provisioned infrastructure,full,modules/cluster-entitlements.adoc,installing/installing_platform_agnostic/installing-platform-agnostic.adoc,existing,leveloffset=+1; assembly context=installing-platform-agnostic,folds 1 source jobs: Install on any platform (UPI)
Install a cluster on any platform,"When my platform is not directly supported by the installer, I need to provision infrastructure manually and deploy OpenShift using the platform-agnostic UPI method so I can run on non-standard environments.",Install a cluster on user-provisioned infrastructure,full,modules/installation-upi-requirements.adoc,installing/installing_platform_agnostic/installing-platform-agnostic.adoc,existing,leveloffset=+1; assembly context=installing-platform-agnostic,folds 1 source jobs: Install on any platform (UPI)
Install a cluster on any platform,"When my platform is not directly supported by the installer, I need to provision infrastructure manually and deploy OpenShift using the platform-agnostic UPI method so I can run on non-standard environments.",Install a cluster on user-provisioned infrastructure,full,modules/installation-machine-requirements.adoc,installing/installing_platform_agnostic/installing-platform-agnostic.adoc,existing,leveloffset=+2; assembly context=installing-platform-agnostic,folds 1 source jobs: Install on any platform (UPI)
Install a cluster on any platform,"When my platform is not directly supported by the installer, I need to provision infrastructure manually and deploy OpenShift using the platform-agnostic UPI method so I can run on non-standard environments.",Install a cluster on user-provisioned infrastructure,full,modules/installation-minimum-resource-requirements.adoc,installing/installing_platform_agnostic/installing-platform-agnostic.adoc,existing,leveloffset=+2; assembly context=installing-platform-agnostic,folds 1 source jobs: Install on any platform (UPI)
Install a cluster on any platform,"When my platform is not directly supported by the installer, I need to provision infrastructure manually and deploy OpenShift using the platform-agnostic UPI method so I can run on non-standard environments.",Install a cluster on user-provisioned infrastructure,full,modules/csr-management.adoc,installing/installing_platform_agnostic/installing-platform-agnostic.adoc,existing,leveloffset=+2; assembly context=installing-platform-agnostic,folds 1 source jobs: Install on any platform (UPI)
Install a cluster on any platform,"When my platform is not directly supported by the installer, I need to provision infrastructure manually and deploy OpenShift using the platform-agnostic UPI method so I can run on non-standard environments.",Install a cluster on user-provisioned infrastructure,full,modules/installation-network-user-infra.adoc,installing/installing_platform_agnostic/installing-platform-agnostic.adoc,existing,leveloffset=+2; assembly context=installing-platform-agnostic,folds 1 source jobs: Install on any platform (UPI)
Install a cluster on any platform,"When my platform is not directly supported by the installer, I need to provision infrastructure manually and deploy OpenShift using the platform-agnostic UPI method so I can run on non-standard environments.",Install a cluster on user-provisioned infrastructure,full,modules/installation-dns-user-infra.adoc,installing/installing_platform_agnostic/installing-platform-agnostic.adoc,existing,leveloffset=+2; assembly context=installing-platform-agnostic,folds 1 source jobs: Install on any platform (UPI)
Install a cluster on any platform,"When my platform is not directly supported by the installer, I need to provision infrastructure manually and deploy OpenShift using the platform-agnostic UPI method so I can run on non-standard environments.",Install a cluster on user-provisioned infrastructure,full,modules/installation-dns-user-infra-example.adoc,installing/installing_platform_agnostic/installing-platform-agnostic.adoc,existing,leveloffset=+3; assembly context=installing-platform-agnostic,folds 1 source jobs: Install on any platform (UPI)
Install a cluster on any platform,"When my platform is not directly supported by the installer, I need to provision infrastructure manually and deploy OpenShift using the platform-agnostic UPI method so I can run on non-standard environments.",Install a cluster on user-provisioned infrastructure,full,modules/installation-load-balancing-user-infra.adoc,installing/installing_platform_agnostic/installing-platform-agnostic.adoc,existing,leveloffset=+2; assembly context=installing-platform-agnostic,folds 1 source jobs: Install on any platform (UPI)
Install a cluster on any platform,"When my platform is not directly supported by the installer, I need to provision infrastructure manually and deploy OpenShift using the platform-agnostic UPI method so I can run on non-standard environments.",Install a cluster on user-provisioned infrastructure,full,modules/installation-load-balancing-user-infra-example.adoc,installing/installing_platform_agnostic/installing-platform-agnostic.adoc,existing,leveloffset=+3; assembly context=installing-platform-agnostic,folds 1 source jobs: Install on any platform (UPI)
Install a cluster on any platform,"When my platform is not directly supported by the installer, I need to provision infrastructure manually and deploy OpenShift using the platform-agnostic UPI method so I can run on non-standard environments.",Install a cluster on user-provisioned infrastructure,full,modules/installation-infrastructure-user-infra.adoc,installing/installing_platform_agnostic/installing-platform-agnostic.adoc,existing,leveloffset=+1; assembly context=installing-platform-agnostic,folds 1 source jobs: Install on any platform (UPI)
Install a cluster on any platform,"When my platform is not directly supported by the installer, I need to provision infrastructure manually and deploy OpenShift using the platform-agnostic UPI method so I can run on non-standard environments.",Install a cluster on user-provisioned infrastructure,full,modules/installation-user-provisioned-validating-dns.adoc,installing/installing_platform_agnostic/installing-platform-agnostic.adoc,existing,leveloffset=+1; assembly context=installing-platform-agnostic,folds 1 source jobs: Install on any platform (UPI)
Install a cluster on any platform,"When my platform is not directly supported by the installer, I need to provision infrastructure manually and deploy OpenShift using the platform-agnostic UPI method so I can run on non-standard environments.",Install a cluster on user-provisioned infrastructure,full,modules/ssh-agent-using.adoc,installing/installing_platform_agnostic/installing-platform-agnostic.adoc,existing,leveloffset=+1; assembly context=installing-platform-agnostic,folds 1 source jobs: Install on any platform (UPI)
Install a cluster on any platform,"When my platform is not directly supported by the installer, I need to provision infrastructure manually and deploy OpenShift using the platform-agnostic UPI method so I can run on non-standard environments.",Install a cluster on user-provisioned infrastructure,full,modules/installation-obtaining-installer.adoc,installing/installing_platform_agnostic/installing-platform-agnostic.adoc,existing,leveloffset=+1; assembly context=installing-platform-agnostic,folds 1 source jobs: Install on any platform (UPI)
Install a cluster on any platform,"When my platform is not directly supported by the installer, I need to provision infrastructure manually and deploy OpenShift using the platform-agnostic UPI method so I can run on non-standard environments.",Install a cluster on user-provisioned infrastructure,full,modules/cli-installing-cli-linux.adoc,installing/installing_platform_agnostic/installing-platform-agnostic.adoc,existing,leveloffset=+1; assembly context=installing-platform-agnostic,folds 1 source jobs: Install on any platform (UPI)
Install a cluster on any platform,"When my platform is not directly supported by the installer, I need to provision infrastructure manually and deploy OpenShift using the platform-agnostic UPI method so I can run on non-standard environments.",Install a cluster on user-provisioned infrastructure,full,modules/cli-installing-cli-windows.adoc,installing/installing_platform_agnostic/installing-platform-agnostic.adoc,existing,leveloffset=+1; assembly context=installing-platform-agnostic,folds 1 source jobs: Install on any platform (UPI)
Install a cluster on any platform,"When my platform is not directly supported by the installer, I need to provision infrastructure manually and deploy OpenShift using the platform-agnostic UPI method so I can run on non-standard environments.",Install a cluster on user-provisioned infrastructure,full,modules/cli-installing-cli-macos.adoc,installing/installing_platform_agnostic/installing-platform-agnostic.adoc,existing,leveloffset=+1; assembly context=installing-platform-agnostic,folds 1 source jobs: Install on any platform (UPI)
Install a cluster on any platform,"When my platform is not directly supported by the installer, I need to provision infrastructure manually and deploy OpenShift using the platform-agnostic UPI method so I can run on non-standard environments.",Install a cluster on user-provisioned infrastructure,full,modules/installation-initializing-manual.adoc,installing/installing_platform_agnostic/installing-platform-agnostic.adoc,existing,leveloffset=+1; assembly context=installing-platform-agnostic,folds 1 source jobs: Install on any platform (UPI)
Install a cluster on any platform,"When my platform is not directly supported by the installer, I need to provision infrastructure manually and deploy OpenShift using the platform-agnostic UPI method so I can run on non-standard environments.",Install a cluster on user-provisioned infrastructure,full,modules/installation-bare-metal-config-yaml.adoc,installing/installing_platform_agnostic/installing-platform-agnostic.adoc,existing,leveloffset=+2; assembly context=installing-platform-agnostic,folds 1 source jobs: Install on any platform (UPI)
Install a cluster on any platform,"When my platform is not directly supported by the installer, I need to provision infrastructure manually and deploy OpenShift using the platform-agnostic UPI method so I can run on non-standard environments.",Install a cluster on user-provisioned infrastructure,full,modules/installation-configure-proxy.adoc,installing/installing_platform_agnostic/installing-platform-agnostic.adoc,existing,leveloffset=+2; assembly context=installing-platform-agnostic,folds 1 source jobs: Install on any platform (UPI)
Install a cluster on any platform,"When my platform is not directly supported by the installer, I need to provision infrastructure manually and deploy OpenShift using the platform-agnostic UPI method so I can run on non-standard environments.",Install a cluster on user-provisioned infrastructure,full,modules/installation-three-node-cluster.adoc,installing/installing_platform_agnostic/installing-platform-agnostic.adoc,existing,leveloffset=+2; assembly context=installing-platform-agnostic,folds 1 source jobs: Install on any platform (UPI)
Install a cluster on any platform,"When my platform is not directly supported by the installer, I need to provision infrastructure manually and deploy OpenShift using the platform-agnostic UPI method so I can run on non-standard environments.",Install a cluster on user-provisioned infrastructure,full,modules/installation-user-infra-generate-k8s-manifest-ignition.adoc,installing/installing_platform_agnostic/installing-platform-agnostic.adoc,existing,leveloffset=+1; assembly context=installing-platform-agnostic,folds 1 source jobs: Install on any platform (UPI)
Install a cluster on any platform,"When my platform is not directly supported by the installer, I need to provision infrastructure manually and deploy OpenShift using the platform-agnostic UPI method so I can run on non-standard environments.",Install a cluster on user-provisioned infrastructure,full,modules/creating-machines-bare-metal.adoc,installing/installing_platform_agnostic/installing-platform-agnostic.adoc,existing,leveloffset=+1; assembly context=installing-platform-agnostic,folds 1 source jobs: Install on any platform (UPI)
Install a cluster on any platform,"When my platform is not directly supported by the installer, I need to provision infrastructure manually and deploy OpenShift using the platform-agnostic UPI method so I can run on non-standard environments.",Install a cluster on user-provisioned infrastructure,full,modules/installation-user-infra-machines-iso.adoc,installing/installing_platform_agnostic/installing-platform-agnostic.adoc,existing,leveloffset=+2; assembly context=installing-platform-agnostic,folds 1 source jobs: Install on any platform (UPI)
Install a cluster on any platform,"When my platform is not directly supported by the installer, I need to provision infrastructure manually and deploy OpenShift using the platform-agnostic UPI method so I can run on non-standard environments.",Install a cluster on user-provisioned infrastructure,full,modules/installation-user-infra-machines-pxe.adoc,installing/installing_platform_agnostic/installing-platform-agnostic.adoc,existing,leveloffset=+2; assembly context=installing-platform-agnostic,folds 1 source jobs: Install on any platform (UPI)
Install a cluster on any platform,"When my platform is not directly supported by the installer, I need to provision infrastructure manually and deploy OpenShift using the platform-agnostic UPI method so I can run on non-standard environments.",Install a cluster on user-provisioned infrastructure,full,modules/installation-user-infra-machines-advanced.adoc,installing/installing_platform_agnostic/installing-platform-agnostic.adoc,existing,leveloffset=+2; assembly context=installing-platform-agnostic,folds 1 source jobs: Install on any platform (UPI)
Install a cluster on any platform,"When my platform is not directly supported by the installer, I need to provision infrastructure manually and deploy OpenShift using the platform-agnostic UPI method so I can run on non-standard environments.",Install a cluster on user-provisioned infrastructure,full,modules/installation-user-infra-machines-static-network.adoc,installing/installing_platform_agnostic/installing-platform-agnostic.adoc,existing,leveloffset=+2; assembly context=installing-platform-agnostic,folds 1 source jobs: Install on any platform (UPI)
Install a cluster on any platform,"When my platform is not directly supported by the installer, I need to provision infrastructure manually and deploy OpenShift using the platform-agnostic UPI method so I can run on non-standard environments.",Install a cluster on user-provisioned infrastructure,full,modules/configuring-dhcp-or-static-ip-addresses.adoc,installing/installing_platform_agnostic/installing-platform-agnostic.adoc,existing,leveloffset=+3; assembly context=installing-platform-agnostic,folds 1 source jobs: Install on any platform (UPI)
Install a cluster on any platform,"When my platform is not directly supported by the installer, I need to provision infrastructure manually and deploy OpenShift using the platform-agnostic UPI method so I can run on non-standard environments.",Install a cluster on user-provisioned infrastructure,full,modules/configuring-ip-address-without-static-hostname.adoc,installing/installing_platform_agnostic/installing-platform-agnostic.adoc,existing,leveloffset=+3; assembly context=installing-platform-agnostic,folds 1 source jobs: Install on any platform (UPI)
Install a cluster on any platform,"When my platform is not directly supported by the installer, I need to provision infrastructure manually and deploy OpenShift using the platform-agnostic UPI method so I can run on non-standard environments.",Install a cluster on user-provisioned infrastructure,full,modules/specifying-multiple-network-interfaces.adoc,installing/installing_platform_agnostic/installing-platform-agnostic.adoc,existing,leveloffset=+3; assembly context=installing-platform-agnostic,folds 1 source jobs: Install on any platform (UPI)
Install a cluster on any platform,"When my platform is not directly supported by the installer, I need to provision infrastructure manually and deploy OpenShift using the platform-agnostic UPI method so I can run on non-standard environments.",Install a cluster on user-provisioned infrastructure,full,modules/configuring-default-gateway-route.adoc,installing/installing_platform_agnostic/installing-platform-agnostic.adoc,existing,leveloffset=+3; assembly context=installing-platform-agnostic,folds 1 source jobs: Install on any platform (UPI)
Install a cluster on any platform,"When my platform is not directly supported by the installer, I need to provision infrastructure manually and deploy OpenShift using the platform-agnostic UPI method so I can run on non-standard environments.",Install a cluster on user-provisioned infrastructure,full,modules/configuring-vlans-individual-interfaces.adoc,installing/installing_platform_agnostic/installing-platform-agnostic.adoc,existing,leveloffset=+3; assembly context=installing-platform-agnostic,folds 1 source jobs: Install on any platform (UPI)
Install a cluster on any platform,"When my platform is not directly supported by the installer, I need to provision infrastructure manually and deploy OpenShift using the platform-agnostic UPI method so I can run on non-standard environments.",Install a cluster on user-provisioned infrastructure,full,modules/bonding-multiple-network-interfaces-to-single-interface.adoc,installing/installing_platform_agnostic/installing-platform-agnostic.adoc,existing,leveloffset=+3; assembly context=installing-platform-agnostic,folds 1 source jobs: Install on any platform (UPI)
Install a cluster on any platform,"When my platform is not directly supported by the installer, I need to provision infrastructure manually and deploy OpenShift using the platform-agnostic UPI method so I can run on non-standard environments.",Install a cluster on user-provisioned infrastructure,full,modules/bonding-multiple-sriov-network-interfaces-to-dual-port.adoc,installing/installing_platform_agnostic/installing-platform-agnostic.adoc,existing,leveloffset=+3; assembly context=installing-platform-agnostic,folds 1 source jobs: Install on any platform (UPI)
Install a cluster on any platform,"When my platform is not directly supported by the installer, I need to provision infrastructure manually and deploy OpenShift using the platform-agnostic UPI method so I can run on non-standard environments.",Install a cluster on user-provisioned infrastructure,full,modules/installation-user-infra-machines-coreos-installer-options.adoc,installing/installing_platform_agnostic/installing-platform-agnostic.adoc,existing,leveloffset=+3; assembly context=installing-platform-agnostic,folds 1 source jobs: Install on any platform (UPI)
Install a cluster on any platform,"When my platform is not directly supported by the installer, I need to provision infrastructure manually and deploy OpenShift using the platform-agnostic UPI method so I can run on non-standard environments.",Install a cluster on user-provisioned infrastructure,full,modules/installation-installing-bare-metal.adoc,installing/installing_platform_agnostic/installing-platform-agnostic.adoc,existing,leveloffset=+1; assembly context=installing-platform-agnostic,folds 1 source jobs: Install on any platform (UPI)
Install a cluster on any platform,"When my platform is not directly supported by the installer, I need to provision infrastructure manually and deploy OpenShift using the platform-agnostic UPI method so I can run on non-standard environments.",Install a cluster on user-provisioned infrastructure,full,modules/cli-logging-in-kubeadmin.adoc,installing/installing_platform_agnostic/installing-platform-agnostic.adoc,existing,leveloffset=+1; assembly context=installing-platform-agnostic,folds 1 source jobs: Install on any platform (UPI)
Install a cluster on any platform,"When my platform is not directly supported by the installer, I need to provision infrastructure manually and deploy OpenShift using the platform-agnostic UPI method so I can run on non-standard environments.",Install a cluster on user-provisioned infrastructure,full,modules/installation-approve-csrs.adoc,installing/installing_platform_agnostic/installing-platform-agnostic.adoc,existing,leveloffset=+1; assembly context=installing-platform-agnostic,folds 1 source jobs: Install on any platform (UPI)
Install a cluster on any platform,"When my platform is not directly supported by the installer, I need to provision infrastructure manually and deploy OpenShift using the platform-agnostic UPI method so I can run on non-standard environments.",Install a cluster on user-provisioned infrastructure,full,modules/installation-operators-config.adoc,installing/installing_platform_agnostic/installing-platform-agnostic.adoc,existing,leveloffset=+1; assembly context=installing-platform-agnostic,folds 1 source jobs: Install on any platform (UPI)
Install a cluster on any platform,"When my platform is not directly supported by the installer, I need to provision infrastructure manually and deploy OpenShift using the platform-agnostic UPI method so I can run on non-standard environments.",Install a cluster on user-provisioned infrastructure,full,modules/olm-restricted-networks-configuring-operatorhub.adoc,installing/installing_platform_agnostic/installing-platform-agnostic.adoc,existing,leveloffset=+2; assembly context=installing-platform-agnostic,folds 1 source jobs: Install on any platform (UPI)
Install a cluster on any platform,"When my platform is not directly supported by the installer, I need to provision infrastructure manually and deploy OpenShift using the platform-agnostic UPI method so I can run on non-standard environments.",Install a cluster on user-provisioned infrastructure,full,modules/registry-removed.adoc,installing/installing_platform_agnostic/installing-platform-agnostic.adoc,existing,leveloffset=+2; assembly context=installing-platform-agnostic,folds 1 source jobs: Install on any platform (UPI)
Install a cluster on any platform,"When my platform is not directly supported by the installer, I need to provision infrastructure manually and deploy OpenShift using the platform-agnostic UPI method so I can run on non-standard environments.",Install a cluster on user-provisioned infrastructure,full,modules/installation-registry-storage-config.adoc,installing/installing_platform_agnostic/installing-platform-agnostic.adoc,existing,leveloffset=+2; assembly context=installing-platform-agnostic,folds 1 source jobs: Install on any platform (UPI)
Install a cluster on any platform,"When my platform is not directly supported by the installer, I need to provision infrastructure manually and deploy OpenShift using the platform-agnostic UPI method so I can run on non-standard environments.",Install a cluster on user-provisioned infrastructure,full,modules/registry-configuring-storage-baremetal.adoc,installing/installing_platform_agnostic/installing-platform-agnostic.adoc,existing,leveloffset=+3; assembly context=installing-platform-agnostic,folds 1 source jobs: Install on any platform (UPI)
Install a cluster on any platform,"When my platform is not directly supported by the installer, I need to provision infrastructure manually and deploy OpenShift using the platform-agnostic UPI method so I can run on non-standard environments.",Install a cluster on user-provisioned infrastructure,full,modules/installation-registry-storage-non-production.adoc,installing/installing_platform_agnostic/installing-platform-agnostic.adoc,existing,leveloffset=+3; assembly context=installing-platform-agnostic,folds 1 source jobs: Install on any platform (UPI)
Install a cluster on any platform,"When my platform is not directly supported by the installer, I need to provision infrastructure manually and deploy OpenShift using the platform-agnostic UPI method so I can run on non-standard environments.",Install a cluster on user-provisioned infrastructure,full,modules/installation-registry-storage-block-recreate-rollout-bare-metal.adoc,installing/installing_platform_agnostic/installing-platform-agnostic.adoc,existing,leveloffset=+3; assembly context=installing-platform-agnostic,folds 1 source jobs: Install on any platform (UPI)
Install a cluster on any platform,"When my platform is not directly supported by the installer, I need to provision infrastructure manually and deploy OpenShift using the platform-agnostic UPI method so I can run on non-standard environments.",Install a cluster on user-provisioned infrastructure,full,modules/installation-complete-user-infra.adoc,installing/installing_platform_agnostic/installing-platform-agnostic.adoc,existing,leveloffset=+1; assembly context=installing-platform-agnostic,folds 1 source jobs: Install on any platform (UPI)
Install a cluster on any platform,"When my platform is not directly supported by the installer, I need to provision infrastructure manually and deploy OpenShift using the platform-agnostic UPI method so I can run on non-standard environments.",Install a cluster on user-provisioned infrastructure,full,modules/cluster-telemetry.adoc,installing/installing_platform_agnostic/installing-platform-agnostic.adoc,existing,leveloffset=+1; assembly context=installing-platform-agnostic,folds 1 source jobs: Install on any platform (UPI)
Install a bare metal cluster on user-provisioned infrastructure,"When I want full control over my bare metal infrastructure, I need to manually provision nodes and deploy OpenShift using user-provisioned infrastructure so I can integrate with my existing provisioning workflows.",Install a cluster on user-provisioned infrastructure,full,modules/cluster-entitlements.adoc,installing/installing_bare_metal/upi/installing-bare-metal.adoc,existing,leveloffset=+1; assembly context=installing-bare-metal,folds 2 source jobs: Install on bare metal (UPI); Install on bare metal with network customizations (UPI)
Install a bare metal cluster on user-provisioned infrastructure,"When I want full control over my bare metal infrastructure, I need to manually provision nodes and deploy OpenShift using user-provisioned infrastructure so I can integrate with my existing provisioning workflows.",Install a cluster on user-provisioned infrastructure,full,modules/installation-machine-requirements.adoc,installing/installing_bare_metal/upi/installing-bare-metal.adoc,existing,leveloffset=+2; assembly context=installing-bare-metal,folds 2 source jobs: Install on bare metal (UPI); Install on bare metal with network customizations (UPI)
Install a bare metal cluster on user-provisioned infrastructure,"When I want full control over my bare metal infrastructure, I need to manually provision nodes and deploy OpenShift using user-provisioned infrastructure so I can integrate with my existing provisioning workflows.",Install a cluster on user-provisioned infrastructure,full,modules/installation-minimum-resource-requirements.adoc,installing/installing_bare_metal/upi/installing-bare-metal.adoc,existing,leveloffset=+2; assembly context=installing-bare-metal,folds 2 source jobs: Install on bare metal (UPI); Install on bare metal with network customizations (UPI)
Install a bare metal cluster on user-provisioned infrastructure,"When I want full control over my bare metal infrastructure, I need to manually provision nodes and deploy OpenShift using user-provisioned infrastructure so I can integrate with my existing provisioning workflows.",Install a cluster on user-provisioned infrastructure,full,modules/csr-management.adoc,installing/installing_bare_metal/upi/installing-bare-metal.adoc,existing,leveloffset=+2; assembly context=installing-bare-metal,folds 2 source jobs: Install on bare metal (UPI); Install on bare metal with network customizations (UPI)
Install a bare metal cluster on user-provisioned infrastructure,"When I want full control over my bare metal infrastructure, I need to manually provision nodes and deploy OpenShift using user-provisioned infrastructure so I can integrate with my existing provisioning workflows.",Install a cluster on user-provisioned infrastructure,full,modules/installation-network-user-infra.adoc,installing/installing_bare_metal/upi/installing-bare-metal.adoc,existing,leveloffset=+2; assembly context=installing-bare-metal,folds 2 source jobs: Install on bare metal (UPI); Install on bare metal with network customizations (UPI)
Install a bare metal cluster on user-provisioned infrastructure,"When I want full control over my bare metal infrastructure, I need to manually provision nodes and deploy OpenShift using user-provisioned infrastructure so I can integrate with my existing provisioning workflows.",Install a cluster on user-provisioned infrastructure,full,modules/installation-dns-user-infra.adoc,installing/installing_bare_metal/upi/installing-bare-metal.adoc,existing,leveloffset=+2; assembly context=installing-bare-metal,folds 2 source jobs: Install on bare metal (UPI); Install on bare metal with network customizations (UPI)
Install a bare metal cluster on user-provisioned infrastructure,"When I want full control over my bare metal infrastructure, I need to manually provision nodes and deploy OpenShift using user-provisioned infrastructure so I can integrate with my existing provisioning workflows.",Install a cluster on user-provisioned infrastructure,full,modules/installation-dns-user-infra-example.adoc,installing/installing_bare_metal/upi/installing-bare-metal.adoc,existing,leveloffset=+3; assembly context=installing-bare-metal,folds 2 source jobs: Install on bare metal (UPI); Install on bare metal with network customizations (UPI)
Install a bare metal cluster on user-provisioned infrastructure,"When I want full control over my bare metal infrastructure, I need to manually provision nodes and deploy OpenShift using user-provisioned infrastructure so I can integrate with my existing provisioning workflows.",Install a cluster on user-provisioned infrastructure,full,modules/installation-bare-metal-dns-record-type.adoc,installing/installing_bare_metal/upi/installing-bare-metal.adoc,existing,leveloffset=+2; assembly context=installing-bare-metal,folds 2 source jobs: Install on bare metal (UPI); Install on bare metal with network customizations (UPI)
Install a bare metal cluster on user-provisioned infrastructure,"When I want full control over my bare metal infrastructure, I need to manually provision nodes and deploy OpenShift using user-provisioned infrastructure so I can integrate with my existing provisioning workflows.",Install a cluster on user-provisioned infrastructure,full,modules/installation-load-balancing-user-infra.adoc,installing/installing_bare_metal/upi/installing-bare-metal.adoc,existing,leveloffset=+2; assembly context=installing-bare-metal,folds 2 source jobs: Install on bare metal (UPI); Install on bare metal with network customizations (UPI)
Install a bare metal cluster on user-provisioned infrastructure,"When I want full control over my bare metal infrastructure, I need to manually provision nodes and deploy OpenShift using user-provisioned infrastructure so I can integrate with my existing provisioning workflows.",Install a cluster on user-provisioned infrastructure,full,modules/installation-load-balancing-user-infra-example.adoc,installing/installing_bare_metal/upi/installing-bare-metal.adoc,existing,leveloffset=+3; assembly context=installing-bare-metal,folds 2 source jobs: Install on bare metal (UPI); Install on bare metal with network customizations (UPI)
Install a bare metal cluster on user-provisioned infrastructure,"When I want full control over my bare metal infrastructure, I need to manually provision nodes and deploy OpenShift using user-provisioned infrastructure so I can integrate with my existing provisioning workflows.",Install a cluster on user-provisioned infrastructure,full,modules/creating-manifest-file-customized-br-ex-bridge.adoc,installing/installing_bare_metal/upi/installing-bare-metal.adoc,existing,leveloffset=+1; assembly context=installing-bare-metal,folds 2 source jobs: Install on bare metal (UPI); Install on bare metal with network customizations (UPI)
Install a bare metal cluster on user-provisioned infrastructure,"When I want full control over my bare metal infrastructure, I need to manually provision nodes and deploy OpenShift using user-provisioned infrastructure so I can integrate with my existing provisioning workflows.",Install a cluster on user-provisioned infrastructure,full,modules/creating-scaling-machine-sets-compute-nodes-networking.adoc,installing/installing_bare_metal/upi/installing-bare-metal.adoc,existing,leveloffset=+2; assembly context=installing-bare-metal,folds 2 source jobs: Install on bare metal (UPI); Install on bare metal with network customizations (UPI)
Install a bare metal cluster on user-provisioned infrastructure,"When I want full control over my bare metal infrastructure, I need to manually provision nodes and deploy OpenShift using user-provisioned infrastructure so I can integrate with my existing provisioning workflows.",Install a cluster on user-provisioned infrastructure,full,modules/enabling-OVS-balance-slb-mode.adoc,installing/installing_bare_metal/upi/installing-bare-metal.adoc,existing,leveloffset=+1; assembly context=installing-bare-metal,folds 2 source jobs: Install on bare metal (UPI); Install on bare metal with network customizations (UPI)
Install a bare metal cluster on user-provisioned infrastructure,"When I want full control over my bare metal infrastructure, I need to manually provision nodes and deploy OpenShift using user-provisioned infrastructure so I can integrate with my existing provisioning workflows.",Install a cluster on user-provisioned infrastructure,full,modules/installation-infrastructure-user-infra.adoc,installing/installing_bare_metal/upi/installing-bare-metal.adoc,existing,leveloffset=+1; assembly context=installing-bare-metal,folds 2 source jobs: Install on bare metal (UPI); Install on bare metal with network customizations (UPI)
Install a bare metal cluster on user-provisioned infrastructure,"When I want full control over my bare metal infrastructure, I need to manually provision nodes and deploy OpenShift using user-provisioned infrastructure so I can integrate with my existing provisioning workflows.",Install a cluster on user-provisioned infrastructure,full,modules/installation-user-provisioned-validating-dns.adoc,installing/installing_bare_metal/upi/installing-bare-metal.adoc,existing,leveloffset=+1; assembly context=installing-bare-metal,folds 2 source jobs: Install on bare metal (UPI); Install on bare metal with network customizations (UPI)
Install a bare metal cluster on user-provisioned infrastructure,"When I want full control over my bare metal infrastructure, I need to manually provision nodes and deploy OpenShift using user-provisioned infrastructure so I can integrate with my existing provisioning workflows.",Install a cluster on user-provisioned infrastructure,full,modules/ssh-agent-using.adoc,installing/installing_bare_metal/upi/installing-bare-metal.adoc,existing,leveloffset=+1; assembly context=installing-bare-metal,folds 2 source jobs: Install on bare metal (UPI); Install on bare metal with network customizations (UPI)
Install a bare metal cluster on user-provisioned infrastructure,"When I want full control over my bare metal infrastructure, I need to manually provision nodes and deploy OpenShift using user-provisioned infrastructure so I can integrate with my existing provisioning workflows.",Install a cluster on user-provisioned infrastructure,full,modules/installation-obtaining-installer.adoc,installing/installing_bare_metal/upi/installing-bare-metal.adoc,existing,leveloffset=+1; assembly context=installing-bare-metal,folds 2 source jobs: Install on bare metal (UPI); Install on bare metal with network customizations (UPI)
Install a bare metal cluster on user-provisioned infrastructure,"When I want full control over my bare metal infrastructure, I need to manually provision nodes and deploy OpenShift using user-provisioned infrastructure so I can integrate with my existing provisioning workflows.",Install a cluster on user-provisioned infrastructure,full,modules/cli-installing-cli-linux.adoc,installing/installing_bare_metal/upi/installing-bare-metal.adoc,existing,leveloffset=+1; assembly context=installing-bare-metal,folds 2 source jobs: Install on bare metal (UPI); Install on bare metal with network customizations (UPI)
Install a bare metal cluster on user-provisioned infrastructure,"When I want full control over my bare metal infrastructure, I need to manually provision nodes and deploy OpenShift using user-provisioned infrastructure so I can integrate with my existing provisioning workflows.",Install a cluster on user-provisioned infrastructure,full,modules/cli-installing-cli-windows.adoc,installing/installing_bare_metal/upi/installing-bare-metal.adoc,existing,leveloffset=+1; assembly context=installing-bare-metal,folds 2 source jobs: Install on bare metal (UPI); Install on bare metal with network customizations (UPI)
Install a bare metal cluster on user-provisioned infrastructure,"When I want full control over my bare metal infrastructure, I need to manually provision nodes and deploy OpenShift using user-provisioned infrastructure so I can integrate with my existing provisioning workflows.",Install a cluster on user-provisioned infrastructure,full,modules/cli-installing-cli-macos.adoc,installing/installing_bare_metal/upi/installing-bare-metal.adoc,existing,leveloffset=+1; assembly context=installing-bare-metal,folds 2 source jobs: Install on bare metal (UPI); Install on bare metal with network customizations (UPI)
Install a bare metal cluster on user-provisioned infrastructure,"When I want full control over my bare metal infrastructure, I need to manually provision nodes and deploy OpenShift using user-provisioned infrastructure so I can integrate with my existing provisioning workflows.",Install a cluster on user-provisioned infrastructure,full,modules/installation-initializing-manual.adoc,installing/installing_bare_metal/upi/installing-bare-metal.adoc,existing,leveloffset=+1; assembly context=installing-bare-metal,folds 2 source jobs: Install on bare metal (UPI); Install on bare metal with network customizations (UPI)
Install a bare metal cluster on user-provisioned infrastructure,"When I want full control over my bare metal infrastructure, I need to manually provision nodes and deploy OpenShift using user-provisioned infrastructure so I can integrate with my existing provisioning workflows.",Install a cluster on user-provisioned infrastructure,full,modules/installation-bare-metal-config-yaml.adoc,installing/installing_bare_metal/upi/installing-bare-metal.adoc,existing,leveloffset=+2; assembly context=installing-bare-metal,folds 2 source jobs: Install on bare metal (UPI); Install on bare metal with network customizations (UPI)
Install a bare metal cluster on user-provisioned infrastructure,"When I want full control over my bare metal infrastructure, I need to manually provision nodes and deploy OpenShift using user-provisioned infrastructure so I can integrate with my existing provisioning workflows.",Install a cluster on user-provisioned infrastructure,full,modules/installation-configure-proxy.adoc,installing/installing_bare_metal/upi/installing-bare-metal.adoc,existing,leveloffset=+2; assembly context=installing-bare-metal,folds 2 source jobs: Install on bare metal (UPI); Install on bare metal with network customizations (UPI)
Install a bare metal cluster on user-provisioned infrastructure,"When I want full control over my bare metal infrastructure, I need to manually provision nodes and deploy OpenShift using user-provisioned infrastructure so I can integrate with my existing provisioning workflows.",Install a cluster on user-provisioned infrastructure,full,modules/installation-three-node-cluster.adoc,installing/installing_bare_metal/upi/installing-bare-metal.adoc,existing,leveloffset=+2; assembly context=installing-bare-metal,folds 2 source jobs: Install on bare metal (UPI); Install on bare metal with network customizations (UPI)
Install a bare metal cluster on user-provisioned infrastructure,"When I want full control over my bare metal infrastructure, I need to manually provision nodes and deploy OpenShift using user-provisioned infrastructure so I can integrate with my existing provisioning workflows.",Install a cluster on user-provisioned infrastructure,full,modules/local-arbiter-node-config-prerequisites.adoc,installing/installing_bare_metal/upi/installing-bare-metal.adoc,existing,leveloffset=+2; assembly context=installing-bare-metal,folds 2 source jobs: Install on bare metal (UPI); Install on bare metal with network customizations (UPI)
Install a bare metal cluster on user-provisioned infrastructure,"When I want full control over my bare metal infrastructure, I need to manually provision nodes and deploy OpenShift using user-provisioned infrastructure so I can integrate with my existing provisioning workflows.",Install a cluster on user-provisioned infrastructure,full,modules/upi-install-config-local-arbiter-node.adoc,installing/installing_bare_metal/upi/installing-bare-metal.adoc,existing,leveloffset=+2; assembly context=installing-bare-metal,folds 2 source jobs: Install on bare metal (UPI); Install on bare metal with network customizations (UPI)
Install a bare metal cluster on user-provisioned infrastructure,"When I want full control over my bare metal infrastructure, I need to manually provision nodes and deploy OpenShift using user-provisioned infrastructure so I can integrate with my existing provisioning workflows.",Install a cluster on user-provisioned infrastructure,full,modules/installation-user-infra-generate-k8s-manifest-ignition.adoc,installing/installing_bare_metal/upi/installing-bare-metal.adoc,existing,leveloffset=+1; assembly context=installing-bare-metal,folds 2 source jobs: Install on bare metal (UPI); Install on bare metal with network customizations (UPI)
Install a bare metal cluster on user-provisioned infrastructure,"When I want full control over my bare metal infrastructure, I need to manually provision nodes and deploy OpenShift using user-provisioned infrastructure so I can integrate with my existing provisioning workflows.",Install a cluster on user-provisioned infrastructure,full,modules/creating-machines-bare-metal.adoc,installing/installing_bare_metal/upi/installing-bare-metal.adoc,existing,leveloffset=+1; assembly context=installing-bare-metal,folds 2 source jobs: Install on bare metal (UPI); Install on bare metal with network customizations (UPI)
Install a bare metal cluster on user-provisioned infrastructure,"When I want full control over my bare metal infrastructure, I need to manually provision nodes and deploy OpenShift using user-provisioned infrastructure so I can integrate with my existing provisioning workflows.",Install a cluster on user-provisioned infrastructure,full,modules/installation-user-infra-machines-iso.adoc,installing/installing_bare_metal/upi/installing-bare-metal.adoc,existing,leveloffset=+2; assembly context=installing-bare-metal,folds 2 source jobs: Install on bare metal (UPI); Install on bare metal with network customizations (UPI)
Install a bare metal cluster on user-provisioned infrastructure,"When I want full control over my bare metal infrastructure, I need to manually provision nodes and deploy OpenShift using user-provisioned infrastructure so I can integrate with my existing provisioning workflows.",Install a cluster on user-provisioned infrastructure,full,modules/installation-user-infra-machines-pxe.adoc,installing/installing_bare_metal/upi/installing-bare-metal.adoc,existing,leveloffset=+2; assembly context=installing-bare-metal,folds 2 source jobs: Install on bare metal (UPI); Install on bare metal with network customizations (UPI)
Install a bare metal cluster on user-provisioned infrastructure,"When I want full control over my bare metal infrastructure, I need to manually provision nodes and deploy OpenShift using user-provisioned infrastructure so I can integrate with my existing provisioning workflows.",Install a cluster on user-provisioned infrastructure,full,modules/installation-user-infra-machines-advanced.adoc,installing/installing_bare_metal/upi/installing-bare-metal.adoc,existing,leveloffset=+2; assembly context=installing-bare-metal,folds 2 source jobs: Install on bare metal (UPI); Install on bare metal with network customizations (UPI)
Install a bare metal cluster on user-provisioned infrastructure,"When I want full control over my bare metal infrastructure, I need to manually provision nodes and deploy OpenShift using user-provisioned infrastructure so I can integrate with my existing provisioning workflows.",Install a cluster on user-provisioned infrastructure,full,modules/installation-user-infra-machines-advanced-network.adoc,installing/installing_bare_metal/upi/installing-bare-metal.adoc,existing,leveloffset=+3; assembly context=installing-bare-metal,folds 2 source jobs: Install on bare metal (UPI); Install on bare metal with network customizations (UPI)
Install a bare metal cluster on user-provisioned infrastructure,"When I want full control over my bare metal infrastructure, I need to manually provision nodes and deploy OpenShift using user-provisioned infrastructure so I can integrate with my existing provisioning workflows.",Install a cluster on user-provisioned infrastructure,full,modules/installation-user-infra-machines-advanced-disk.adoc,installing/installing_bare_metal/upi/installing-bare-metal.adoc,existing,leveloffset=+3; assembly context=installing-bare-metal,folds 2 source jobs: Install on bare metal (UPI); Install on bare metal with network customizations (UPI)
Install a bare metal cluster on user-provisioned infrastructure,"When I want full control over my bare metal infrastructure, I need to manually provision nodes and deploy OpenShift using user-provisioned infrastructure so I can integrate with my existing provisioning workflows.",Install a cluster on user-provisioned infrastructure,full,modules/installation-user-infra-machines-advanced-retain-disk.adoc,installing/installing_bare_metal/upi/installing-bare-metal.adoc,existing,leveloffset=+3; assembly context=installing-bare-metal,folds 2 source jobs: Install on bare metal (UPI); Install on bare metal with network customizations (UPI)
Install a bare metal cluster on user-provisioned infrastructure,"When I want full control over my bare metal infrastructure, I need to manually provision nodes and deploy OpenShift using user-provisioned infrastructure so I can integrate with my existing provisioning workflows.",Install a cluster on user-provisioned infrastructure,full,modules/installation-user-infra-machines-advanced-ignition.adoc,installing/installing_bare_metal/upi/installing-bare-metal.adoc,existing,leveloffset=+3; assembly context=installing-bare-metal,folds 2 source jobs: Install on bare metal (UPI); Install on bare metal with network customizations (UPI)
Install a bare metal cluster on user-provisioned infrastructure,"When I want full control over my bare metal infrastructure, I need to manually provision nodes and deploy OpenShift using user-provisioned infrastructure so I can integrate with my existing provisioning workflows.",Install a cluster on user-provisioned infrastructure,full,modules/installation-user-infra-machines-advanced-console-configuration.adoc,installing/installing_bare_metal/upi/installing-bare-metal.adoc,existing,leveloffset=+3; assembly context=installing-bare-metal,folds 2 source jobs: Install on bare metal (UPI); Install on bare metal with network customizations (UPI)
Install a bare metal cluster on user-provisioned infrastructure,"When I want full control over my bare metal infrastructure, I need to manually provision nodes and deploy OpenShift using user-provisioned infrastructure so I can integrate with my existing provisioning workflows.",Install a cluster on user-provisioned infrastructure,full,modules/installation-user-infra-machines-advanced-enabling-serial-console.adoc,installing/installing_bare_metal/upi/installing-bare-metal.adoc,existing,leveloffset=+3; assembly context=installing-bare-metal,folds 2 source jobs: Install on bare metal (UPI); Install on bare metal with network customizations (UPI)
Install a bare metal cluster on user-provisioned infrastructure,"When I want full control over my bare metal infrastructure, I need to manually provision nodes and deploy OpenShift using user-provisioned infrastructure so I can integrate with my existing provisioning workflows.",Install a cluster on user-provisioned infrastructure,full,modules/installation-user-infra-machines-advanced-customizing-iso-or-pxe.adoc,installing/installing_bare_metal/upi/installing-bare-metal.adoc,existing,leveloffset=+3; assembly context=installing-bare-metal,folds 2 source jobs: Install on bare metal (UPI); Install on bare metal with network customizations (UPI)
Install a bare metal cluster on user-provisioned infrastructure,"When I want full control over my bare metal infrastructure, I need to manually provision nodes and deploy OpenShift using user-provisioned infrastructure so I can integrate with my existing provisioning workflows.",Install a cluster on user-provisioned infrastructure,full,modules/installation-user-infra-machines-advanced-customizing-live.adoc,installing/installing_bare_metal/upi/installing-bare-metal.adoc,existing,leveloffset=+3; assembly context=installing-bare-metal,folds 2 source jobs: Install on bare metal (UPI); Install on bare metal with network customizations (UPI)
Install a bare metal cluster on user-provisioned infrastructure,"When I want full control over my bare metal infrastructure, I need to manually provision nodes and deploy OpenShift using user-provisioned infrastructure so I can integrate with my existing provisioning workflows.",Install a cluster on user-provisioned infrastructure,full,modules/installation-user-infra-machines-advanced-customizing-live-serial-console.adoc,installing/installing_bare_metal/upi/installing-bare-metal.adoc,existing,leveloffset=+3; assembly context=installing-bare-metal,folds 2 source jobs: Install on bare metal (UPI); Install on bare metal with network customizations (UPI)
Install a bare metal cluster on user-provisioned infrastructure,"When I want full control over my bare metal infrastructure, I need to manually provision nodes and deploy OpenShift using user-provisioned infrastructure so I can integrate with my existing provisioning workflows.",Install a cluster on user-provisioned infrastructure,full,modules/installation-user-infra-machines-advanced-customizing-live-ca-certs.adoc,installing/installing_bare_metal/upi/installing-bare-metal.adoc,existing,leveloffset=+3; assembly context=installing-bare-metal,folds 2 source jobs: Install on bare metal (UPI); Install on bare metal with network customizations (UPI)
Install a bare metal cluster on user-provisioned infrastructure,"When I want full control over my bare metal infrastructure, I need to manually provision nodes and deploy OpenShift using user-provisioned infrastructure so I can integrate with my existing provisioning workflows.",Install a cluster on user-provisioned infrastructure,full,modules/installation-user-infra-machines-advanced-customizing-live-network-config.adoc,installing/installing_bare_metal/upi/installing-bare-metal.adoc,existing,leveloffset=+3; assembly context=installing-bare-metal,folds 2 source jobs: Install on bare metal (UPI); Install on bare metal with network customizations (UPI)
Install a bare metal cluster on user-provisioned infrastructure,"When I want full control over my bare metal infrastructure, I need to manually provision nodes and deploy OpenShift using user-provisioned infrastructure so I can integrate with my existing provisioning workflows.",Install a cluster on user-provisioned infrastructure,full,modules/installation-user-infra-machines-advanced-customizing-live-iscsi-manual.adoc,installing/installing_bare_metal/upi/installing-bare-metal.adoc,existing,leveloffset=+3; assembly context=installing-bare-metal,folds 2 source jobs: Install on bare metal (UPI); Install on bare metal with network customizations (UPI)
Install a bare metal cluster on user-provisioned infrastructure,"When I want full control over my bare metal infrastructure, I need to manually provision nodes and deploy OpenShift using user-provisioned infrastructure so I can integrate with my existing provisioning workflows.",Install a cluster on user-provisioned infrastructure,full,modules/installation-user-infra-machines-advanced-customizing-live-iscsi-ibft.adoc,installing/installing_bare_metal/upi/installing-bare-metal.adoc,existing,leveloffset=+3; assembly context=installing-bare-metal,folds 2 source jobs: Install on bare metal (UPI); Install on bare metal with network customizations (UPI)
Install a bare metal cluster on user-provisioned infrastructure,"When I want full control over my bare metal infrastructure, I need to manually provision nodes and deploy OpenShift using user-provisioned infrastructure so I can integrate with my existing provisioning workflows.",Install a cluster on user-provisioned infrastructure,full,modules/installation-user-infra-machines-static-network.adoc,installing/installing_bare_metal/upi/installing-bare-metal.adoc,existing,leveloffset=+2; assembly context=installing-bare-metal,folds 2 source jobs: Install on bare metal (UPI); Install on bare metal with network customizations (UPI)
Install a bare metal cluster on user-provisioned infrastructure,"When I want full control over my bare metal infrastructure, I need to manually provision nodes and deploy OpenShift using user-provisioned infrastructure so I can integrate with my existing provisioning workflows.",Install a cluster on user-provisioned infrastructure,full,modules/configuring-dhcp-or-static-ip-addresses.adoc,installing/installing_bare_metal/upi/installing-bare-metal.adoc,existing,leveloffset=+3; assembly context=installing-bare-metal,folds 2 source jobs: Install on bare metal (UPI); Install on bare metal with network customizations (UPI)
Install a bare metal cluster on user-provisioned infrastructure,"When I want full control over my bare metal infrastructure, I need to manually provision nodes and deploy OpenShift using user-provisioned infrastructure so I can integrate with my existing provisioning workflows.",Install a cluster on user-provisioned infrastructure,full,modules/configuring-ip-address-without-static-hostname.adoc,installing/installing_bare_metal/upi/installing-bare-metal.adoc,existing,leveloffset=+3; assembly context=installing-bare-metal,folds 2 source jobs: Install on bare metal (UPI); Install on bare metal with network customizations (UPI)
Install a bare metal cluster on user-provisioned infrastructure,"When I want full control over my bare metal infrastructure, I need to manually provision nodes and deploy OpenShift using user-provisioned infrastructure so I can integrate with my existing provisioning workflows.",Install a cluster on user-provisioned infrastructure,full,modules/specifying-multiple-network-interfaces.adoc,installing/installing_bare_metal/upi/installing-bare-metal.adoc,existing,leveloffset=+3; assembly context=installing-bare-metal,folds 2 source jobs: Install on bare metal (UPI); Install on bare metal with network customizations (UPI)
Install a bare metal cluster on user-provisioned infrastructure,"When I want full control over my bare metal infrastructure, I need to manually provision nodes and deploy OpenShift using user-provisioned infrastructure so I can integrate with my existing provisioning workflows.",Install a cluster on user-provisioned infrastructure,full,modules/configuring-default-gateway-route.adoc,installing/installing_bare_metal/upi/installing-bare-metal.adoc,existing,leveloffset=+3; assembly context=installing-bare-metal,folds 2 source jobs: Install on bare metal (UPI); Install on bare metal with network customizations (UPI)
Install a bare metal cluster on user-provisioned infrastructure,"When I want full control over my bare metal infrastructure, I need to manually provision nodes and deploy OpenShift using user-provisioned infrastructure so I can integrate with my existing provisioning workflows.",Install a cluster on user-provisioned infrastructure,full,modules/configuring-vlans-individual-interfaces.adoc,installing/installing_bare_metal/upi/installing-bare-metal.adoc,existing,leveloffset=+3; assembly context=installing-bare-metal,folds 2 source jobs: Install on bare metal (UPI); Install on bare metal with network customizations (UPI)
Install a bare metal cluster on user-provisioned infrastructure,"When I want full control over my bare metal infrastructure, I need to manually provision nodes and deploy OpenShift using user-provisioned infrastructure so I can integrate with my existing provisioning workflows.",Install a cluster on user-provisioned infrastructure,full,modules/bonding-multiple-network-interfaces-to-single-interface.adoc,installing/installing_bare_metal/upi/installing-bare-metal.adoc,existing,leveloffset=+3; assembly context=installing-bare-metal,folds 2 source jobs: Install on bare metal (UPI); Install on bare metal with network customizations (UPI)
Install a bare metal cluster on user-provisioned infrastructure,"When I want full control over my bare metal infrastructure, I need to manually provision nodes and deploy OpenShift using user-provisioned infrastructure so I can integrate with my existing provisioning workflows.",Install a cluster on user-provisioned infrastructure,full,modules/bonding-multiple-sriov-network-interfaces-to-dual-port.adoc,installing/installing_bare_metal/upi/installing-bare-metal.adoc,existing,leveloffset=+3; assembly context=installing-bare-metal,folds 2 source jobs: Install on bare metal (UPI); Install on bare metal with network customizations (UPI)
Install a bare metal cluster on user-provisioned infrastructure,"When I want full control over my bare metal infrastructure, I need to manually provision nodes and deploy OpenShift using user-provisioned infrastructure so I can integrate with my existing provisioning workflows.",Install a cluster on user-provisioned infrastructure,full,modules/installation-user-infra-machines-coreos-installer-options.adoc,installing/installing_bare_metal/upi/installing-bare-metal.adoc,existing,leveloffset=+3; assembly context=installing-bare-metal,folds 2 source jobs: Install on bare metal (UPI); Install on bare metal with network customizations (UPI)
Install a bare metal cluster on user-provisioned infrastructure,"When I want full control over my bare metal infrastructure, I need to manually provision nodes and deploy OpenShift using user-provisioned infrastructure so I can integrate with my existing provisioning workflows.",Install a cluster on user-provisioned infrastructure,full,modules/rhcos-enabling-multipath.adoc,installing/installing_bare_metal/upi/installing-bare-metal.adoc,existing,leveloffset=+2; assembly context=installing-bare-metal,folds 2 source jobs: Install on bare metal (UPI); Install on bare metal with network customizations (UPI)
Install a bare metal cluster on user-provisioned infrastructure,"When I want full control over my bare metal infrastructure, I need to manually provision nodes and deploy OpenShift using user-provisioned infrastructure so I can integrate with my existing provisioning workflows.",Install a cluster on user-provisioned infrastructure,full,modules/rhcos-multipath-secondary-disk.adoc,installing/installing_bare_metal/upi/installing-bare-metal.adoc,existing,leveloffset=+3; assembly context=installing-bare-metal,folds 2 source jobs: Install on bare metal (UPI); Install on bare metal with network customizations (UPI)
Install a bare metal cluster on user-provisioned infrastructure,"When I want full control over my bare metal infrastructure, I need to manually provision nodes and deploy OpenShift using user-provisioned infrastructure so I can integrate with my existing provisioning workflows.",Install a cluster on user-provisioned infrastructure,full,modules/rhcos-install-iscsi-manual.adoc,installing/installing_bare_metal/upi/installing-bare-metal.adoc,existing,leveloffset=+2; assembly context=installing-bare-metal,folds 2 source jobs: Install on bare metal (UPI); Install on bare metal with network customizations (UPI)
Install a bare metal cluster on user-provisioned infrastructure,"When I want full control over my bare metal infrastructure, I need to manually provision nodes and deploy OpenShift using user-provisioned infrastructure so I can integrate with my existing provisioning workflows.",Install a cluster on user-provisioned infrastructure,full,modules/rhcos-install-iscsi-ibft.adoc,installing/installing_bare_metal/upi/installing-bare-metal.adoc,existing,leveloffset=+2; assembly context=installing-bare-metal,folds 2 source jobs: Install on bare metal (UPI); Install on bare metal with network customizations (UPI)
Install a bare metal cluster on user-provisioned infrastructure,"When I want full control over my bare metal infrastructure, I need to manually provision nodes and deploy OpenShift using user-provisioned infrastructure so I can integrate with my existing provisioning workflows.",Install a cluster on user-provisioned infrastructure,full,modules/installation-installing-bare-metal.adoc,installing/installing_bare_metal/upi/installing-bare-metal.adoc,existing,leveloffset=+1; assembly context=installing-bare-metal,folds 2 source jobs: Install on bare metal (UPI); Install on bare metal with network customizations (UPI)
Install a bare metal cluster on user-provisioned infrastructure,"When I want full control over my bare metal infrastructure, I need to manually provision nodes and deploy OpenShift using user-provisioned infrastructure so I can integrate with my existing provisioning workflows.",Install a cluster on user-provisioned infrastructure,full,modules/cli-logging-in-kubeadmin.adoc,installing/installing_bare_metal/upi/installing-bare-metal.adoc,existing,leveloffset=+1; assembly context=installing-bare-metal,folds 2 source jobs: Install on bare metal (UPI); Install on bare metal with network customizations (UPI)
Install a bare metal cluster on user-provisioned infrastructure,"When I want full control over my bare metal infrastructure, I need to manually provision nodes and deploy OpenShift using user-provisioned infrastructure so I can integrate with my existing provisioning workflows.",Install a cluster on user-provisioned infrastructure,full,modules/installation-approve-csrs.adoc,installing/installing_bare_metal/upi/installing-bare-metal.adoc,existing,leveloffset=+1; assembly context=installing-bare-metal,folds 2 source jobs: Install on bare metal (UPI); Install on bare metal with network customizations (UPI)
Install a bare metal cluster on user-provisioned infrastructure,"When I want full control over my bare metal infrastructure, I need to manually provision nodes and deploy OpenShift using user-provisioned infrastructure so I can integrate with my existing provisioning workflows.",Install a cluster on user-provisioned infrastructure,full,modules/installation-operators-config.adoc,installing/installing_bare_metal/upi/installing-bare-metal.adoc,existing,leveloffset=+1; assembly context=installing-bare-metal,folds 2 source jobs: Install on bare metal (UPI); Install on bare metal with network customizations (UPI)
Install a bare metal cluster on user-provisioned infrastructure,"When I want full control over my bare metal infrastructure, I need to manually provision nodes and deploy OpenShift using user-provisioned infrastructure so I can integrate with my existing provisioning workflows.",Install a cluster on user-provisioned infrastructure,full,modules/registry-removed.adoc,installing/installing_bare_metal/upi/installing-bare-metal.adoc,existing,leveloffset=+2; assembly context=installing-bare-metal,folds 2 source jobs: Install on bare metal (UPI); Install on bare metal with network customizations (UPI)
Install a bare metal cluster on user-provisioned infrastructure,"When I want full control over my bare metal infrastructure, I need to manually provision nodes and deploy OpenShift using user-provisioned infrastructure so I can integrate with my existing provisioning workflows.",Install a cluster on user-provisioned infrastructure,full,modules/installation-registry-storage-config.adoc,installing/installing_bare_metal/upi/installing-bare-metal.adoc,existing,leveloffset=+2; assembly context=installing-bare-metal,folds 2 source jobs: Install on bare metal (UPI); Install on bare metal with network customizations (UPI)
Install a bare metal cluster on user-provisioned infrastructure,"When I want full control over my bare metal infrastructure, I need to manually provision nodes and deploy OpenShift using user-provisioned infrastructure so I can integrate with my existing provisioning workflows.",Install a cluster on user-provisioned infrastructure,full,modules/registry-configuring-storage-baremetal.adoc,installing/installing_bare_metal/upi/installing-bare-metal.adoc,existing,leveloffset=+3; assembly context=installing-bare-metal,folds 2 source jobs: Install on bare metal (UPI); Install on bare metal with network customizations (UPI)
Install a bare metal cluster on user-provisioned infrastructure,"When I want full control over my bare metal infrastructure, I need to manually provision nodes and deploy OpenShift using user-provisioned infrastructure so I can integrate with my existing provisioning workflows.",Install a cluster on user-provisioned infrastructure,full,modules/installation-registry-storage-non-production.adoc,installing/installing_bare_metal/upi/installing-bare-metal.adoc,existing,leveloffset=+3; assembly context=installing-bare-metal,folds 2 source jobs: Install on bare metal (UPI); Install on bare metal with network customizations (UPI)
Install a bare metal cluster on user-provisioned infrastructure,"When I want full control over my bare metal infrastructure, I need to manually provision nodes and deploy OpenShift using user-provisioned infrastructure so I can integrate with my existing provisioning workflows.",Install a cluster on user-provisioned infrastructure,full,modules/installation-registry-storage-block-recreate-rollout-bare-metal.adoc,installing/installing_bare_metal/upi/installing-bare-metal.adoc,existing,leveloffset=+3; assembly context=installing-bare-metal,folds 2 source jobs: Install on bare metal (UPI); Install on bare metal with network customizations (UPI)
Install a bare metal cluster on user-provisioned infrastructure,"When I want full control over my bare metal infrastructure, I need to manually provision nodes and deploy OpenShift using user-provisioned infrastructure so I can integrate with my existing provisioning workflows.",Install a cluster on user-provisioned infrastructure,full,modules/installation-complete-user-infra.adoc,installing/installing_bare_metal/upi/installing-bare-metal.adoc,existing,leveloffset=+1; assembly context=installing-bare-metal,folds 2 source jobs: Install on bare metal (UPI); Install on bare metal with network customizations (UPI)
Install a bare metal cluster on user-provisioned infrastructure,"When I want full control over my bare metal infrastructure, I need to manually provision nodes and deploy OpenShift using user-provisioned infrastructure so I can integrate with my existing provisioning workflows.",Install a cluster on user-provisioned infrastructure,full,modules/cluster-telemetry.adoc,installing/installing_bare_metal/upi/installing-bare-metal.adoc,existing,leveloffset=+1; assembly context=installing-bare-metal,folds 2 source jobs: Install on bare metal (UPI); Install on bare metal with network customizations (UPI)
Install a bare metal cluster on user-provisioned infrastructure,"When I want full control over my bare metal infrastructure, I need to manually provision nodes and deploy OpenShift using user-provisioned infrastructure so I can integrate with my existing provisioning workflows.",Install a cluster on user-provisioned infrastructure,full,modules/nw-network-config.adoc,installing/installing_bare_metal/upi/installing-bare-metal-network-customizations.adoc,existing,leveloffset=+1; assembly context=installing-bare-metal-network-customizations,folds 2 source jobs: Install on bare metal (UPI); Install on bare metal with network customizations (UPI)
Install a bare metal cluster on user-provisioned infrastructure,"When I want full control over my bare metal infrastructure, I need to manually provision nodes and deploy OpenShift using user-provisioned infrastructure so I can integrate with my existing provisioning workflows.",Install a cluster on user-provisioned infrastructure,full,modules/nw-modifying-operator-install-config.adoc,installing/installing_bare_metal/upi/installing-bare-metal-network-customizations.adoc,existing,leveloffset=+1; assembly context=installing-bare-metal-network-customizations,folds 2 source jobs: Install on bare metal (UPI); Install on bare metal with network customizations (UPI)
Install a bare metal cluster on user-provisioned infrastructure,"When I want full control over my bare metal infrastructure, I need to manually provision nodes and deploy OpenShift using user-provisioned infrastructure so I can integrate with my existing provisioning workflows.",Install a cluster on user-provisioned infrastructure,full,modules/nw-operator-cr.adoc,installing/installing_bare_metal/upi/installing-bare-metal-network-customizations.adoc,existing,leveloffset=+1; assembly context=installing-bare-metal-network-customizations,folds 2 source jobs: Install on bare metal (UPI); Install on bare metal with network customizations (UPI)
Install a bare metal cluster on user-provisioned infrastructure,"When I want full control over my bare metal infrastructure, I need to manually provision nodes and deploy OpenShift using user-provisioned infrastructure so I can integrate with my existing provisioning workflows.",Install a cluster on user-provisioned infrastructure,full,modules/installation-generate-ignition-configs.adoc,installing/installing_bare_metal/upi/installing-bare-metal-network-customizations.adoc,existing,leveloffset=+1; assembly context=installing-bare-metal-network-customizations,folds 2 source jobs: Install on bare metal (UPI); Install on bare metal with network customizations (UPI)
Install a vSphere cluster on user-provisioned infrastructure,"When I want to provision vSphere VMs manually, I need the UPI workflow to deploy OpenShift on pre-created VMs so I can integrate with existing vSphere automation.",Install a cluster on user-provisioned infrastructure,full,modules/cluster-entitlements.adoc,installing/installing_vsphere/upi/installing-vsphere.adoc,existing,leveloffset=+1; assembly context=installing-vsphere,folds 2 source jobs: Install on vSphere (UPI); Install on vSphere with network customizations (UPI)
Install a vSphere cluster on user-provisioned infrastructure,"When I want to provision vSphere VMs manually, I need the UPI workflow to deploy OpenShift on pre-created VMs so I can integrate with existing vSphere automation.",Install a cluster on user-provisioned infrastructure,full,modules/installation-vsphere-regions-zones.adoc,installing/installing_vsphere/upi/installing-vsphere.adoc,existing,leveloffset=+1; assembly context=installing-vsphere,folds 2 source jobs: Install on vSphere (UPI); Install on vSphere with network customizations (UPI)
Install a vSphere cluster on user-provisioned infrastructure,"When I want to provision vSphere VMs manually, I need the UPI workflow to deploy OpenShift on pre-created VMs so I can integrate with existing vSphere automation.",Install a cluster on user-provisioned infrastructure,full,modules/installation-initializing-manual.adoc,installing/installing_vsphere/upi/installing-vsphere.adoc,existing,leveloffset=+1; assembly context=installing-vsphere,folds 2 source jobs: Install on vSphere (UPI); Install on vSphere with network customizations (UPI)
Install a vSphere cluster on user-provisioned infrastructure,"When I want to provision vSphere VMs manually, I need the UPI workflow to deploy OpenShift on pre-created VMs so I can integrate with existing vSphere automation.",Install a cluster on user-provisioned infrastructure,full,modules/installation-vsphere-config-yaml.adoc,installing/installing_vsphere/upi/installing-vsphere.adoc,existing,leveloffset=+2; assembly context=installing-vsphere,folds 2 source jobs: Install on vSphere (UPI); Install on vSphere with network customizations (UPI)
Install a vSphere cluster on user-provisioned infrastructure,"When I want to provision vSphere VMs manually, I need the UPI workflow to deploy OpenShift on pre-created VMs so I can integrate with existing vSphere automation.",Install a cluster on user-provisioned infrastructure,full,modules/installation-configure-proxy.adoc,installing/installing_vsphere/upi/installing-vsphere.adoc,existing,leveloffset=+2; assembly context=installing-vsphere,folds 2 source jobs: Install on vSphere (UPI); Install on vSphere with network customizations (UPI)
Install a vSphere cluster on user-provisioned infrastructure,"When I want to provision vSphere VMs manually, I need the UPI workflow to deploy OpenShift on pre-created VMs so I can integrate with existing vSphere automation.",Install a cluster on user-provisioned infrastructure,full,modules/configuring-vsphere-regions-zones.adoc,installing/installing_vsphere/upi/installing-vsphere.adoc,existing,leveloffset=+2; assembly context=installing-vsphere,folds 2 source jobs: Install on vSphere (UPI); Install on vSphere with network customizations (UPI)
Install a vSphere cluster on user-provisioned infrastructure,"When I want to provision vSphere VMs manually, I need the UPI workflow to deploy OpenShift on pre-created VMs so I can integrate with existing vSphere automation.",Install a cluster on user-provisioned infrastructure,full,modules/installation-user-infra-generate-k8s-manifest-ignition.adoc,installing/installing_vsphere/upi/installing-vsphere.adoc,existing,leveloffset=+1; assembly context=installing-vsphere,folds 2 source jobs: Install on vSphere (UPI); Install on vSphere with network customizations (UPI)
Install a vSphere cluster on user-provisioned infrastructure,"When I want to provision vSphere VMs manually, I need the UPI workflow to deploy OpenShift on pre-created VMs so I can integrate with existing vSphere automation.",Install a cluster on user-provisioned infrastructure,full,modules/installation-extracting-infraid.adoc,installing/installing_vsphere/upi/installing-vsphere.adoc,existing,leveloffset=+1; assembly context=installing-vsphere,folds 2 source jobs: Install on vSphere (UPI); Install on vSphere with network customizations (UPI)
Install a vSphere cluster on user-provisioned infrastructure,"When I want to provision vSphere VMs manually, I need the UPI workflow to deploy OpenShift on pre-created VMs so I can integrate with existing vSphere automation.",Install a cluster on user-provisioned infrastructure,full,modules/installation-vsphere-machines.adoc,installing/installing_vsphere/upi/installing-vsphere.adoc,existing,leveloffset=+1; assembly context=installing-vsphere,folds 2 source jobs: Install on vSphere (UPI); Install on vSphere with network customizations (UPI)
Install a vSphere cluster on user-provisioned infrastructure,"When I want to provision vSphere VMs manually, I need the UPI workflow to deploy OpenShift on pre-created VMs so I can integrate with existing vSphere automation.",Install a cluster on user-provisioned infrastructure,full,modules/machine-vsphere-machines.adoc,installing/installing_vsphere/upi/installing-vsphere.adoc,existing,leveloffset=+1; assembly context=installing-vsphere,folds 2 source jobs: Install on vSphere (UPI); Install on vSphere with network customizations (UPI)
Install a vSphere cluster on user-provisioned infrastructure,"When I want to provision vSphere VMs manually, I need the UPI workflow to deploy OpenShift on pre-created VMs so I can integrate with existing vSphere automation.",Install a cluster on user-provisioned infrastructure,full,modules/installation-disk-partitioning.adoc,installing/installing_vsphere/upi/installing-vsphere.adoc,existing,leveloffset=+1; assembly context=installing-vsphere,folds 2 source jobs: Install on vSphere (UPI); Install on vSphere with network customizations (UPI)
Install a vSphere cluster on user-provisioned infrastructure,"When I want to provision vSphere VMs manually, I need the UPI workflow to deploy OpenShift on pre-created VMs so I can integrate with existing vSphere automation.",Install a cluster on user-provisioned infrastructure,full,modules/installation-installing-bare-metal.adoc,installing/installing_vsphere/upi/installing-vsphere.adoc,existing,leveloffset=+1; assembly context=installing-vsphere,folds 2 source jobs: Install on vSphere (UPI); Install on vSphere with network customizations (UPI)
Install a vSphere cluster on user-provisioned infrastructure,"When I want to provision vSphere VMs manually, I need the UPI workflow to deploy OpenShift on pre-created VMs so I can integrate with existing vSphere automation.",Install a cluster on user-provisioned infrastructure,full,modules/cli-logging-in-kubeadmin.adoc,installing/installing_vsphere/upi/installing-vsphere.adoc,existing,leveloffset=+1; assembly context=installing-vsphere,folds 2 source jobs: Install on vSphere (UPI); Install on vSphere with network customizations (UPI)
Install a vSphere cluster on user-provisioned infrastructure,"When I want to provision vSphere VMs manually, I need the UPI workflow to deploy OpenShift on pre-created VMs so I can integrate with existing vSphere automation.",Install a cluster on user-provisioned infrastructure,full,modules/installation-approve-csrs.adoc,installing/installing_vsphere/upi/installing-vsphere.adoc,existing,leveloffset=+1; assembly context=installing-vsphere,folds 2 source jobs: Install on vSphere (UPI); Install on vSphere with network customizations (UPI)
Install a vSphere cluster on user-provisioned infrastructure,"When I want to provision vSphere VMs manually, I need the UPI workflow to deploy OpenShift on pre-created VMs so I can integrate with existing vSphere automation.",Install a cluster on user-provisioned infrastructure,full,modules/installation-operators-config.adoc,installing/installing_vsphere/upi/installing-vsphere.adoc,existing,leveloffset=+1; assembly context=installing-vsphere,folds 2 source jobs: Install on vSphere (UPI); Install on vSphere with network customizations (UPI)
Install a vSphere cluster on user-provisioned infrastructure,"When I want to provision vSphere VMs manually, I need the UPI workflow to deploy OpenShift on pre-created VMs so I can integrate with existing vSphere automation.",Install a cluster on user-provisioned infrastructure,full,modules/registry-removed.adoc,installing/installing_vsphere/upi/installing-vsphere.adoc,existing,leveloffset=+2; assembly context=installing-vsphere,folds 2 source jobs: Install on vSphere (UPI); Install on vSphere with network customizations (UPI)
Install a vSphere cluster on user-provisioned infrastructure,"When I want to provision vSphere VMs manually, I need the UPI workflow to deploy OpenShift on pre-created VMs so I can integrate with existing vSphere automation.",Install a cluster on user-provisioned infrastructure,full,modules/installation-registry-storage-config.adoc,installing/installing_vsphere/upi/installing-vsphere.adoc,existing,leveloffset=+2; assembly context=installing-vsphere,folds 2 source jobs: Install on vSphere (UPI); Install on vSphere with network customizations (UPI)
Install a vSphere cluster on user-provisioned infrastructure,"When I want to provision vSphere VMs manually, I need the UPI workflow to deploy OpenShift on pre-created VMs so I can integrate with existing vSphere automation.",Install a cluster on user-provisioned infrastructure,full,modules/registry-configuring-storage-vsphere.adoc,installing/installing_vsphere/upi/installing-vsphere.adoc,existing,leveloffset=+3; assembly context=installing-vsphere,folds 2 source jobs: Install on vSphere (UPI); Install on vSphere with network customizations (UPI)
Install a vSphere cluster on user-provisioned infrastructure,"When I want to provision vSphere VMs manually, I need the UPI workflow to deploy OpenShift on pre-created VMs so I can integrate with existing vSphere automation.",Install a cluster on user-provisioned infrastructure,full,modules/installation-registry-storage-non-production.adoc,installing/installing_vsphere/upi/installing-vsphere.adoc,existing,leveloffset=+3; assembly context=installing-vsphere,folds 2 source jobs: Install on vSphere (UPI); Install on vSphere with network customizations (UPI)
Install a vSphere cluster on user-provisioned infrastructure,"When I want to provision vSphere VMs manually, I need the UPI workflow to deploy OpenShift on pre-created VMs so I can integrate with existing vSphere automation.",Install a cluster on user-provisioned infrastructure,full,modules/installation-registry-storage-block-recreate-rollout.adoc,installing/installing_vsphere/upi/installing-vsphere.adoc,existing,leveloffset=+3; assembly context=installing-vsphere,folds 2 source jobs: Install on vSphere (UPI); Install on vSphere with network customizations (UPI)
Install a vSphere cluster on user-provisioned infrastructure,"When I want to provision vSphere VMs manually, I need the UPI workflow to deploy OpenShift on pre-created VMs so I can integrate with existing vSphere automation.",Install a cluster on user-provisioned infrastructure,full,modules/installation-complete-user-infra.adoc,installing/installing_vsphere/upi/installing-vsphere.adoc,existing,leveloffset=+1; assembly context=installing-vsphere,folds 2 source jobs: Install on vSphere (UPI); Install on vSphere with network customizations (UPI)
Install a vSphere cluster on user-provisioned infrastructure,"When I want to provision vSphere VMs manually, I need the UPI workflow to deploy OpenShift on pre-created VMs so I can integrate with existing vSphere automation.",Install a cluster on user-provisioned infrastructure,full,modules/vsphere-anti-affinity.adoc,installing/installing_vsphere/upi/installing-vsphere.adoc,existing,leveloffset=+1; assembly context=installing-vsphere,folds 2 source jobs: Install on vSphere (UPI); Install on vSphere with network customizations (UPI)
Install a vSphere cluster on user-provisioned infrastructure,"When I want to provision vSphere VMs manually, I need the UPI workflow to deploy OpenShift on pre-created VMs so I can integrate with existing vSphere automation.",Install a cluster on user-provisioned infrastructure,full,modules/cluster-telemetry.adoc,installing/installing_vsphere/upi/installing-vsphere.adoc,existing,leveloffset=+1; assembly context=installing-vsphere,folds 2 source jobs: Install on vSphere (UPI); Install on vSphere with network customizations (UPI)
Install a vSphere cluster on user-provisioned infrastructure,"When I want to provision vSphere VMs manually, I need the UPI workflow to deploy OpenShift on pre-created VMs so I can integrate with existing vSphere automation.",Install a cluster on user-provisioned infrastructure,full,modules/nw-network-config.adoc,installing/installing_vsphere/upi/installing-vsphere-network-customizations.adoc,existing,leveloffset=+1; assembly context=installing-vsphere-network-customizations,folds 2 source jobs: Install on vSphere (UPI); Install on vSphere with network customizations (UPI)
Install a vSphere cluster on user-provisioned infrastructure,"When I want to provision vSphere VMs manually, I need the UPI workflow to deploy OpenShift on pre-created VMs so I can integrate with existing vSphere automation.",Install a cluster on user-provisioned infrastructure,full,modules/nw-modifying-operator-install-config.adoc,installing/installing_vsphere/upi/installing-vsphere-network-customizations.adoc,existing,leveloffset=+1; assembly context=installing-vsphere-network-customizations,folds 2 source jobs: Install on vSphere (UPI); Install on vSphere with network customizations (UPI)
Install a vSphere cluster on user-provisioned infrastructure,"When I want to provision vSphere VMs manually, I need the UPI workflow to deploy OpenShift on pre-created VMs so I can integrate with existing vSphere automation.",Install a cluster on user-provisioned infrastructure,full,modules/nw-operator-vsphere-multiple-subnets.adoc,installing/installing_vsphere/upi/installing-vsphere-network-customizations.adoc,existing,leveloffset=+2; assembly context=installing-vsphere-network-customizations,folds 2 source jobs: Install on vSphere (UPI); Install on vSphere with network customizations (UPI)
Install a vSphere cluster on user-provisioned infrastructure,"When I want to provision vSphere VMs manually, I need the UPI workflow to deploy OpenShift on pre-created VMs so I can integrate with existing vSphere automation.",Install a cluster on user-provisioned infrastructure,full,modules/nw-operator-cr.adoc,installing/installing_vsphere/upi/installing-vsphere-network-customizations.adoc,existing,leveloffset=+1; assembly context=installing-vsphere-network-customizations,folds 2 source jobs: Install on vSphere (UPI); Install on vSphere with network customizations (UPI)
Install a vSphere cluster on user-provisioned infrastructure,"When I want to provision vSphere VMs manually, I need the UPI workflow to deploy OpenShift on pre-created VMs so I can integrate with existing vSphere automation.",Install a cluster on user-provisioned infrastructure,full,modules/installation-generate-ignition-configs.adoc,installing/installing_vsphere/upi/installing-vsphere-network-customizations.adoc,existing,leveloffset=+1; assembly context=installing-vsphere-network-customizations,folds 2 source jobs: Install on vSphere (UPI); Install on vSphere with network customizations (UPI)
Create RHCOS machines,"When provisioning bare metal nodes without network boot, I want to extract worker Ignition config and boot RHCOS ISO with coreos-installer, so I can add compute machines to my cluster.",Install a cluster on user-provisioned infrastructure,full,modules/installation-user-infra-machines-iso.adoc,,existing,leveloffset=+1,folds 3 source jobs: Create RHCOS machines using ISO image; Create RHCOS machines by PXE or iPXE booting; Approve certificate signing requests for machines
Create RHCOS machines,"When provisioning bare metal nodes without network boot, I want to extract worker Ignition config and boot RHCOS ISO with coreos-installer, so I can add compute machines to my cluster.",Install a cluster on user-provisioned infrastructure,full,modules/installation-user-infra-machines-pxe.adoc,,existing,leveloffset=+1,folds 3 source jobs: Create RHCOS machines using ISO image; Create RHCOS machines by PXE or iPXE booting; Approve certificate signing requests for machines
Create RHCOS machines,"When provisioning bare metal nodes without network boot, I want to extract worker Ignition config and boot RHCOS ISO with coreos-installer, so I can add compute machines to my cluster.",Install a cluster on user-provisioned infrastructure,full,modules/installation-approve-csrs.adoc,,existing,leveloffset=+1,folds 3 source jobs: Create RHCOS machines using ISO image; Create RHCOS machines by PXE or iPXE booting; Approve certificate signing requests for machines
Install a cluster with the Agent-based Installer,"When I want to use the Agent-based Installer, I need to understand its capabilities, requirements, and differences from other methods so I can determine if it fits my environment.",,full,modules/understanding-agent-install.adoc,installing/installing_with_agent_based_installer/preparing-to-install-with-agent-based-installer.adoc,existing,leveloffset=+1; assembly context=preparing-to-install-with-agent-based-installer,folds 5 source jobs: Prepare to install with Agent-based Installer; Install a cluster with Agent-based Installer (basic); Install a cluster with Agent-based Installer (advanced); Prepare PXE boot assets for Agent-based installation; Install using iSCSI with Agent-based Installer
Install a cluster with the Agent-based Installer,"When I want to use the Agent-based Installer, I need to understand its capabilities, requirements, and differences from other methods so I can determine if it fits my environment.",,full,modules/agent-installer-fips-compliance.adoc,installing/installing_with_agent_based_installer/preparing-to-install-with-agent-based-installer.adoc,existing,leveloffset=+1; assembly context=preparing-to-install-with-agent-based-installer,folds 5 source jobs: Prepare to install with Agent-based Installer; Install a cluster with Agent-based Installer (basic); Install a cluster with Agent-based Installer (advanced); Prepare PXE boot assets for Agent-based installation; Install using iSCSI with Agent-based Installer
Install a cluster with the Agent-based Installer,"When I want to use the Agent-based Installer, I need to understand its capabilities, requirements, and differences from other methods so I can determine if it fits my environment.",,full,modules/agent-installer-configuring-fips-compliance.adoc,installing/installing_with_agent_based_installer/preparing-to-install-with-agent-based-installer.adoc,existing,leveloffset=+1; assembly context=preparing-to-install-with-agent-based-installer,folds 5 source jobs: Prepare to install with Agent-based Installer; Install a cluster with Agent-based Installer (basic); Install a cluster with Agent-based Installer (advanced); Prepare PXE boot assets for Agent-based installation; Install using iSCSI with Agent-based Installer
Install a cluster with the Agent-based Installer,"When I want to use the Agent-based Installer, I need to understand its capabilities, requirements, and differences from other methods so I can determine if it fits my environment.",,full,modules/agent-host-config.adoc,installing/installing_with_agent_based_installer/preparing-to-install-with-agent-based-installer.adoc,existing,leveloffset=+1; assembly context=preparing-to-install-with-agent-based-installer,folds 5 source jobs: Prepare to install with Agent-based Installer; Install a cluster with Agent-based Installer (basic); Install a cluster with Agent-based Installer (advanced); Prepare PXE boot assets for Agent-based installation; Install using iSCSI with Agent-based Installer
Install a cluster with the Agent-based Installer,"When I want to use the Agent-based Installer, I need to understand its capabilities, requirements, and differences from other methods so I can determine if it fits my environment.",,full,modules/agent-host-roles.adoc,installing/installing_with_agent_based_installer/preparing-to-install-with-agent-based-installer.adoc,existing,leveloffset=+2; assembly context=preparing-to-install-with-agent-based-installer,folds 5 source jobs: Prepare to install with Agent-based Installer; Install a cluster with Agent-based Installer (basic); Install a cluster with Agent-based Installer (advanced); Prepare PXE boot assets for Agent-based installation; Install using iSCSI with Agent-based Installer
Install a cluster with the Agent-based Installer,"When I want to use the Agent-based Installer, I need to understand its capabilities, requirements, and differences from other methods so I can determine if it fits my environment.",,full,modules/agent-install-ipi-install-root-device-hints.adoc,installing/installing_with_agent_based_installer/preparing-to-install-with-agent-based-installer.adoc,existing,leveloffset=+2; assembly context=preparing-to-install-with-agent-based-installer,folds 5 source jobs: Prepare to install with Agent-based Installer; Install a cluster with Agent-based Installer (basic); Install a cluster with Agent-based Installer (advanced); Prepare PXE boot assets for Agent-based installation; Install using iSCSI with Agent-based Installer
Install a cluster with the Agent-based Installer,"When I want to use the Agent-based Installer, I need to understand its capabilities, requirements, and differences from other methods so I can determine if it fits my environment.",,full,modules/agent-install-networking.adoc,installing/installing_with_agent_based_installer/preparing-to-install-with-agent-based-installer.adoc,existing,leveloffset=+1; assembly context=preparing-to-install-with-agent-based-installer,folds 5 source jobs: Prepare to install with Agent-based Installer; Install a cluster with Agent-based Installer (basic); Install a cluster with Agent-based Installer (advanced); Prepare PXE boot assets for Agent-based installation; Install using iSCSI with Agent-based Installer
Install a cluster with the Agent-based Installer,"When I want to use the Agent-based Installer, I need to understand its capabilities, requirements, and differences from other methods so I can determine if it fits my environment.",,full,modules/agent-install-requirements-none.adoc,installing/installing_with_agent_based_installer/preparing-to-install-with-agent-based-installer.adoc,existing,leveloffset=+1; assembly context=preparing-to-install-with-agent-based-installer,folds 5 source jobs: Prepare to install with Agent-based Installer; Install a cluster with Agent-based Installer (basic); Install a cluster with Agent-based Installer (advanced); Prepare PXE boot assets for Agent-based installation; Install using iSCSI with Agent-based Installer
Install a cluster with the Agent-based Installer,"When I want to use the Agent-based Installer, I need to understand its capabilities, requirements, and differences from other methods so I can determine if it fits my environment.",,full,modules/agent-install-dns-none.adoc,installing/installing_with_agent_based_installer/preparing-to-install-with-agent-based-installer.adoc,existing,leveloffset=+2; assembly context=preparing-to-install-with-agent-based-installer,folds 5 source jobs: Prepare to install with Agent-based Installer; Install a cluster with Agent-based Installer (basic); Install a cluster with Agent-based Installer (advanced); Prepare PXE boot assets for Agent-based installation; Install using iSCSI with Agent-based Installer
Install a cluster with the Agent-based Installer,"When I want to use the Agent-based Installer, I need to understand its capabilities, requirements, and differences from other methods so I can determine if it fits my environment.",,full,modules/agent-install-load-balancing-none.adoc,installing/installing_with_agent_based_installer/preparing-to-install-with-agent-based-installer.adoc,existing,leveloffset=+2; assembly context=preparing-to-install-with-agent-based-installer,folds 5 source jobs: Prepare to install with Agent-based Installer; Install a cluster with Agent-based Installer (basic); Install a cluster with Agent-based Installer (advanced); Prepare PXE boot assets for Agent-based installation; Install using iSCSI with Agent-based Installer
Install a cluster with the Agent-based Installer,"When I want to use the Agent-based Installer, I need to understand its capabilities, requirements, and differences from other methods so I can determine if it fits my environment.",,full,modules/installing-ocp-agent-local-arbiter-node.adoc,installing/installing_with_agent_based_installer/preparing-to-install-with-agent-based-installer.adoc,existing,leveloffset=+1; assembly context=preparing-to-install-with-agent-based-installer,folds 5 source jobs: Prepare to install with Agent-based Installer; Install a cluster with Agent-based Installer (basic); Install a cluster with Agent-based Installer (advanced); Prepare PXE boot assets for Agent-based installation; Install using iSCSI with Agent-based Installer
Install a cluster with the Agent-based Installer,"When I want to use the Agent-based Installer, I need to understand its capabilities, requirements, and differences from other methods so I can determine if it fits my environment.",,full,modules/agent-install-sample-config-bonds-vlans.adoc,installing/installing_with_agent_based_installer/preparing-to-install-with-agent-based-installer.adoc,existing,leveloffset=+1; assembly context=preparing-to-install-with-agent-based-installer,folds 5 source jobs: Prepare to install with Agent-based Installer; Install a cluster with Agent-based Installer (basic); Install a cluster with Agent-based Installer (advanced); Prepare PXE boot assets for Agent-based installation; Install using iSCSI with Agent-based Installer
Install a cluster with the Agent-based Installer,"When I want to use the Agent-based Installer, I need to understand its capabilities, requirements, and differences from other methods so I can determine if it fits my environment.",,full,modules/agent-install-sample-config-bond-sriov.adoc,installing/installing_with_agent_based_installer/preparing-to-install-with-agent-based-installer.adoc,existing,leveloffset=+1; assembly context=preparing-to-install-with-agent-based-installer,folds 5 source jobs: Prepare to install with Agent-based Installer; Install a cluster with Agent-based Installer (basic); Install a cluster with Agent-based Installer (advanced); Prepare PXE boot assets for Agent-based installation; Install using iSCSI with Agent-based Installer
Install a cluster with the Agent-based Installer,"When I want to use the Agent-based Installer, I need to understand its capabilities, requirements, and differences from other methods so I can determine if it fits my environment.",,full,modules/installation-bare-metal-agent-installer-config-yaml.adoc,installing/installing_with_agent_based_installer/preparing-to-install-with-agent-based-installer.adoc,existing,leveloffset=+1; assembly context=preparing-to-install-with-agent-based-installer,folds 5 source jobs: Prepare to install with Agent-based Installer; Install a cluster with Agent-based Installer (basic); Install a cluster with Agent-based Installer (advanced); Prepare PXE boot assets for Agent-based installation; Install using iSCSI with Agent-based Installer
Install a cluster with the Agent-based Installer,"When I want to use the Agent-based Installer, I need to understand its capabilities, requirements, and differences from other methods so I can determine if it fits my environment.",,full,modules/validations-before-agent-iso-creation.adoc,installing/installing_with_agent_based_installer/preparing-to-install-with-agent-based-installer.adoc,existing,leveloffset=+1; assembly context=preparing-to-install-with-agent-based-installer,folds 5 source jobs: Prepare to install with Agent-based Installer; Install a cluster with Agent-based Installer (basic); Install a cluster with Agent-based Installer (advanced); Prepare PXE boot assets for Agent-based installation; Install using iSCSI with Agent-based Installer
Install a cluster with the Agent-based Installer,"When I want to use the Agent-based Installer, I need to understand its capabilities, requirements, and differences from other methods so I can determine if it fits my environment.",,full,modules/installing-ocp-agent-prereqs.adoc,installing/installing_with_agent_based_installer/installing-with-agent-basic.adoc,existing,leveloffset=+1; assembly context=installing-with-agent-basic,folds 5 source jobs: Prepare to install with Agent-based Installer; Install a cluster with Agent-based Installer (basic); Install a cluster with Agent-based Installer (advanced); Prepare PXE boot assets for Agent-based installation; Install using iSCSI with Agent-based Installer
Install a cluster with the Agent-based Installer,"When I want to use the Agent-based Installer, I need to understand its capabilities, requirements, and differences from other methods so I can determine if it fits my environment.",,full,modules/installing-ocp-agent-download.adoc,installing/installing_with_agent_based_installer/installing-with-agent-basic.adoc,existing,leveloffset=+1; assembly context=installing-with-agent-basic,folds 5 source jobs: Prepare to install with Agent-based Installer; Install a cluster with Agent-based Installer (basic); Install a cluster with Agent-based Installer (advanced); Prepare PXE boot assets for Agent-based installation; Install using iSCSI with Agent-based Installer
Install a cluster with the Agent-based Installer,"When I want to use the Agent-based Installer, I need to understand its capabilities, requirements, and differences from other methods so I can determine if it fits my environment.",,full,modules/installing-ocp-agent-basic-inputs.adoc,installing/installing_with_agent_based_installer/installing-with-agent-basic.adoc,existing,leveloffset=+1; assembly context=installing-with-agent-basic,folds 5 source jobs: Prepare to install with Agent-based Installer; Install a cluster with Agent-based Installer (basic); Install a cluster with Agent-based Installer (advanced); Prepare PXE boot assets for Agent-based installation; Install using iSCSI with Agent-based Installer
Install a cluster with the Agent-based Installer,"When I want to use the Agent-based Installer, I need to understand its capabilities, requirements, and differences from other methods so I can determine if it fits my environment.",,full,modules/installing-ocp-agent-boot.adoc,installing/installing_with_agent_based_installer/installing-with-agent-basic.adoc,existing,leveloffset=+1; assembly context=installing-with-agent-basic,folds 5 source jobs: Prepare to install with Agent-based Installer; Install a cluster with Agent-based Installer (basic); Install a cluster with Agent-based Installer (advanced); Prepare PXE boot assets for Agent-based installation; Install using iSCSI with Agent-based Installer
Install a cluster with the Agent-based Installer,"When I want to use the Agent-based Installer, I need to understand its capabilities, requirements, and differences from other methods so I can determine if it fits my environment.",,full,modules/installing-ocp-agent-tui.adoc,installing/installing_with_agent_based_installer/installing-with-agent-basic.adoc,existing,leveloffset=+1; assembly context=installing-with-agent-basic,folds 5 source jobs: Prepare to install with Agent-based Installer; Install a cluster with Agent-based Installer (basic); Install a cluster with Agent-based Installer (advanced); Prepare PXE boot assets for Agent-based installation; Install using iSCSI with Agent-based Installer
Install a cluster with the Agent-based Installer,"When I want to use the Agent-based Installer, I need to understand its capabilities, requirements, and differences from other methods so I can determine if it fits my environment.",,full,modules/installing-ocp-agent-verify.adoc,installing/installing_with_agent_based_installer/installing-with-agent-basic.adoc,existing,leveloffset=+1; assembly context=installing-with-agent-basic,folds 5 source jobs: Prepare to install with Agent-based Installer; Install a cluster with Agent-based Installer (basic); Install a cluster with Agent-based Installer (advanced); Prepare PXE boot assets for Agent-based installation; Install using iSCSI with Agent-based Installer
Install a cluster with the Agent-based Installer,"When I want to use the Agent-based Installer, I need to understand its capabilities, requirements, and differences from other methods so I can determine if it fits my environment.",,full,modules/installing-ocp-agent-gather-log.adoc,installing/installing_with_agent_based_installer/installing-with-agent-basic.adoc,existing,leveloffset=+1; assembly context=installing-with-agent-basic,folds 5 source jobs: Prepare to install with Agent-based Installer; Install a cluster with Agent-based Installer (basic); Install a cluster with Agent-based Installer (advanced); Prepare PXE boot assets for Agent-based installation; Install using iSCSI with Agent-based Installer
Install a cluster with the Agent-based Installer,"When I want to use the Agent-based Installer, I need to understand its capabilities, requirements, and differences from other methods so I can determine if it fits my environment.",,full,modules/agent-installer-architectures.adoc,installing/installing_with_agent_based_installer/installing-with-agent-based-installer.adoc,existing,leveloffset=+1; assembly context=installing-with-agent-based-installer,folds 5 source jobs: Prepare to install with Agent-based Installer; Install a cluster with Agent-based Installer (basic); Install a cluster with Agent-based Installer (advanced); Prepare PXE boot assets for Agent-based installation; Install using iSCSI with Agent-based Installer
Install a cluster with the Agent-based Installer,"When I want to use the Agent-based Installer, I need to understand its capabilities, requirements, and differences from other methods so I can determine if it fits my environment.",,full,modules/installing-ocp-agent-inputs.adoc,installing/installing_with_agent_based_installer/installing-with-agent-based-installer.adoc,existing,leveloffset=+1; assembly context=installing-with-agent-based-installer,folds 5 source jobs: Prepare to install with Agent-based Installer; Install a cluster with Agent-based Installer (basic); Install a cluster with Agent-based Installer (advanced); Prepare PXE boot assets for Agent-based installation; Install using iSCSI with Agent-based Installer
Install a cluster with the Agent-based Installer,"When I want to use the Agent-based Installer, I need to understand its capabilities, requirements, and differences from other methods so I can determine if it fits my environment.",,full,modules/installing-ocp-agent-additional-manifests.adoc,installing/installing_with_agent_based_installer/installing-with-agent-based-installer.adoc,existing,leveloffset=+1; assembly context=installing-with-agent-based-installer,folds 5 source jobs: Prepare to install with Agent-based Installer; Install a cluster with Agent-based Installer (basic); Install a cluster with Agent-based Installer (advanced); Prepare PXE boot assets for Agent-based installation; Install using iSCSI with Agent-based Installer
Install a cluster with the Agent-based Installer,"When I want to use the Agent-based Installer, I need to understand its capabilities, requirements, and differences from other methods so I can determine if it fits my environment.",,full,modules/installing-ocp-agent-manifest-folder.adoc,installing/installing_with_agent_based_installer/installing-with-agent-based-installer.adoc,existing,leveloffset=+2; assembly context=installing-with-agent-based-installer,folds 5 source jobs: Prepare to install with Agent-based Installer; Install a cluster with Agent-based Installer (basic); Install a cluster with Agent-based Installer (advanced); Prepare PXE boot assets for Agent-based installation; Install using iSCSI with Agent-based Installer
Install a cluster with the Agent-based Installer,"When I want to use the Agent-based Installer, I need to understand its capabilities, requirements, and differences from other methods so I can determine if it fits my environment.",,full,modules/creating-manifest-file-customized-br-ex-bridge.adoc,installing/installing_with_agent_based_installer/installing-with-agent-based-installer.adoc,existing,leveloffset=+2; assembly context=installing-with-agent-based-installer,folds 5 source jobs: Prepare to install with Agent-based Installer; Install a cluster with Agent-based Installer (basic); Install a cluster with Agent-based Installer (advanced); Prepare PXE boot assets for Agent-based installation; Install using iSCSI with Agent-based Installer
Install a cluster with the Agent-based Installer,"When I want to use the Agent-based Installer, I need to understand its capabilities, requirements, and differences from other methods so I can determine if it fits my environment.",,full,modules/installation-user-infra-machines-advanced-disk.adoc,installing/installing_with_agent_based_installer/installing-with-agent-based-installer.adoc,existing,leveloffset=+2; assembly context=installing-with-agent-based-installer,folds 5 source jobs: Prepare to install with Agent-based Installer; Install a cluster with Agent-based Installer (basic); Install a cluster with Agent-based Installer (advanced); Prepare PXE boot assets for Agent-based installation; Install using iSCSI with Agent-based Installer
Install a cluster with the Agent-based Installer,"When I want to use the Agent-based Installer, I need to understand its capabilities, requirements, and differences from other methods so I can determine if it fits my environment.",,full,modules/installing-ocp-agent-ZTP.adoc,installing/installing_with_agent_based_installer/installing-with-agent-based-installer.adoc,existing,leveloffset=+2; assembly context=installing-with-agent-based-installer,folds 5 source jobs: Prepare to install with Agent-based Installer; Install a cluster with Agent-based Installer (basic); Install a cluster with Agent-based Installer (advanced); Prepare PXE boot assets for Agent-based installation; Install using iSCSI with Agent-based Installer
Install a cluster with the Agent-based Installer,"When I want to use the Agent-based Installer, I need to understand its capabilities, requirements, and differences from other methods so I can determine if it fits my environment.",,full,modules/installing-ocp-agent-encrypt.adoc,installing/installing_with_agent_based_installer/installing-with-agent-based-installer.adoc,existing,leveloffset=+2; assembly context=installing-with-agent-based-installer,folds 5 source jobs: Prepare to install with Agent-based Installer; Install a cluster with Agent-based Installer (basic); Install a cluster with Agent-based Installer (advanced); Prepare PXE boot assets for Agent-based installation; Install using iSCSI with Agent-based Installer
Install a cluster with the Agent-based Installer,"When I want to use the Agent-based Installer, I need to understand its capabilities, requirements, and differences from other methods so I can determine if it fits my environment.",,full,modules/installing-ocp-agent-cluster-network-mtu.adoc,installing/installing_with_agent_based_installer/installing-with-agent-based-installer.adoc,existing,leveloffset=+2; assembly context=installing-with-agent-based-installer,folds 5 source jobs: Prepare to install with Agent-based Installer; Install a cluster with Agent-based Installer (basic); Install a cluster with Agent-based Installer (advanced); Prepare PXE boot assets for Agent-based installation; Install using iSCSI with Agent-based Installer
Install a cluster with the Agent-based Installer,"When I want to use the Agent-based Installer, I need to understand its capabilities, requirements, and differences from other methods so I can determine if it fits my environment.",,full,modules/installing-ocp-agent-ibm-z-kvm.adoc,installing/installing_with_agent_based_installer/installing-with-agent-based-installer.adoc,existing,leveloffset=+1; assembly context=installing-with-agent-based-installer,folds 5 source jobs: Prepare to install with Agent-based Installer; Install a cluster with Agent-based Installer (basic); Install a cluster with Agent-based Installer (advanced); Prepare PXE boot assets for Agent-based installation; Install using iSCSI with Agent-based Installer
Install a cluster with the Agent-based Installer,"When I want to use the Agent-based Installer, I need to understand its capabilities, requirements, and differences from other methods so I can determine if it fits my environment.",,full,modules/sample-ztp-custom-resources.adoc,installing/installing_with_agent_based_installer/installing-with-agent-based-installer.adoc,existing,leveloffset=+1; assembly context=installing-with-agent-based-installer,folds 5 source jobs: Prepare to install with Agent-based Installer; Install a cluster with Agent-based Installer (basic); Install a cluster with Agent-based Installer (advanced); Prepare PXE boot assets for Agent-based installation; Install using iSCSI with Agent-based Installer
Install a cluster with the Agent-based Installer,"When I want to use the Agent-based Installer, I need to understand its capabilities, requirements, and differences from other methods so I can determine if it fits my environment.",,full,modules/pxe-assets-ocp-agent.adoc,installing/installing_with_agent_based_installer/prepare-pxe-assets-agent.adoc,existing,leveloffset=+1; assembly context=prepare-pxe-assets-agent,folds 5 source jobs: Prepare to install with Agent-based Installer; Install a cluster with Agent-based Installer (basic); Install a cluster with Agent-based Installer (advanced); Prepare PXE boot assets for Agent-based installation; Install using iSCSI with Agent-based Installer
Install a cluster with the Agent-based Installer,"When I want to use the Agent-based Installer, I need to understand its capabilities, requirements, and differences from other methods so I can determine if it fits my environment.",,full,modules/installing-ocp-agent-ibm-z.adoc,installing/installing_with_agent_based_installer/prepare-pxe-assets-agent.adoc,existing,leveloffset=+1; assembly context=prepare-pxe-assets-agent,folds 5 source jobs: Prepare to install with Agent-based Installer; Install a cluster with Agent-based Installer (basic); Install a cluster with Agent-based Installer (advanced); Prepare PXE boot assets for Agent-based installation; Install using iSCSI with Agent-based Installer
Install a cluster with the Agent-based Installer,"When I want to use the Agent-based Installer, I need to understand its capabilities, requirements, and differences from other methods so I can determine if it fits my environment.",,full,modules/configuring-network-overrides-ibm-z.adoc,installing/installing_with_agent_based_installer/prepare-pxe-assets-agent.adoc,existing,leveloffset=+2; assembly context=prepare-pxe-assets-agent,folds 5 source jobs: Prepare to install with Agent-based Installer; Install a cluster with Agent-based Installer (basic); Install a cluster with Agent-based Installer (advanced); Prepare PXE boot assets for Agent-based installation; Install using iSCSI with Agent-based Installer
Install a cluster with the Agent-based Installer,"When I want to use the Agent-based Installer, I need to understand its capabilities, requirements, and differences from other methods so I can determine if it fits my environment.",,full,modules/installing-ocp-agent-ibm-z-zvm.adoc,installing/installing_with_agent_based_installer/prepare-pxe-assets-agent.adoc,existing,leveloffset=+2; assembly context=prepare-pxe-assets-agent,folds 5 source jobs: Prepare to install with Agent-based Installer; Install a cluster with Agent-based Installer (basic); Install a cluster with Agent-based Installer (advanced); Prepare PXE boot assets for Agent-based installation; Install using iSCSI with Agent-based Installer
Install a cluster with the Agent-based Installer,"When I want to use the Agent-based Installer, I need to understand its capabilities, requirements, and differences from other methods so I can determine if it fits my environment.",,full,modules/adding-ibm-z-lpar-agent.adoc,installing/installing_with_agent_based_installer/prepare-pxe-assets-agent.adoc,existing,leveloffset=+2; assembly context=prepare-pxe-assets-agent,folds 5 source jobs: Prepare to install with Agent-based Installer; Install a cluster with Agent-based Installer (basic); Install a cluster with Agent-based Installer (advanced); Prepare PXE boot assets for Agent-based installation; Install using iSCSI with Agent-based Installer
Install a cluster with the Agent-based Installer,"When I want to use the Agent-based Installer, I need to understand its capabilities, requirements, and differences from other methods so I can determine if it fits my environment.",,full,modules/installing-ocp-agent-iscsi-requirements.adoc,installing/installing_with_agent_based_installer/installing-using-iscsi.adoc,existing,leveloffset=+1; assembly context=installing-using-iscsi,folds 5 source jobs: Prepare to install with Agent-based Installer; Install a cluster with Agent-based Installer (basic); Install a cluster with Agent-based Installer (advanced); Prepare PXE boot assets for Agent-based installation; Install using iSCSI with Agent-based Installer
Install a cluster with the Agent-based Installer,"When I want to use the Agent-based Installer, I need to understand its capabilities, requirements, and differences from other methods so I can determine if it fits my environment.",,full,modules/installing-ocp-agent-iscsi-files.adoc,installing/installing_with_agent_based_installer/installing-using-iscsi.adoc,existing,leveloffset=+1; assembly context=installing-using-iscsi,folds 5 source jobs: Prepare to install with Agent-based Installer; Install a cluster with Agent-based Installer (basic); Install a cluster with Agent-based Installer (advanced); Prepare PXE boot assets for Agent-based installation; Install using iSCSI with Agent-based Installer
Install a vSphere cluster with the Agent-based Installer,"When I want an automated vSphere installation without external services, I need to use the Agent-based Installer so I can deploy in environments where the Assisted Installer service is unavailable.",Install a cluster with the Agent-based Installer,gap,,,gap,no modules exist,"folds 1 source jobs: Install on vSphere with Agent-based Installer -- GAP: the source assembly (installing/installing_vsphere/installing-vsphere-agent-based-installer.adoc) is a pointer page. It carries an abstract and links to the Assisted Installer documentation on the Hybrid Cloud Console but includes no modules, so there is nothing to build a job map from. Needs content written before this job can exist."
Install an Oracle Cloud cluster with the Agent-based Installer,"When I want to deploy on OCI without the Assisted Installer service, I need the Agent-based Installer workflow for OCI.",Install a cluster with the Agent-based Installer,full,modules/installing-oci-distributed-infra-support.adoc,installing/installing_oci/installing-oci-agent-based-installer.adoc,existing,leveloffset=+1; assembly context=installing-oci-agent-based-installer,folds 2 source jobs: Install on Oracle Distributed Cloud with Agent-based Installer; Install on Oracle Edge Cloud with Agent-based Installer
Install an Oracle Cloud cluster with the Agent-based Installer,"When I want to deploy on OCI without the Assisted Installer service, I need the Agent-based Installer workflow for OCI.",Install a cluster with the Agent-based Installer,full,modules/installing-oci-about-agent-based-installer.adoc,installing/installing_oci/installing-oci-agent-based-installer.adoc,existing,leveloffset=+1; assembly context=installing-oci-agent-based-installer,folds 2 source jobs: Install on Oracle Distributed Cloud with Agent-based Installer; Install on Oracle Edge Cloud with Agent-based Installer
Install an Oracle Cloud cluster with the Agent-based Installer,"When I want to deploy on OCI without the Assisted Installer service, I need the Agent-based Installer workflow for OCI.",Install a cluster with the Agent-based Installer,full,modules/installing-oci-agent-workflow.adoc,installing/installing_oci/installing-oci-agent-based-installer.adoc,existing,leveloffset=+1; assembly context=installing-oci-agent-based-installer,folds 2 source jobs: Install on Oracle Distributed Cloud with Agent-based Installer; Install on Oracle Edge Cloud with Agent-based Installer
Install an Oracle Cloud cluster with the Agent-based Installer,"When I want to deploy on OCI without the Assisted Installer service, I need the Agent-based Installer workflow for OCI.",Install a cluster with the Agent-based Installer,full,modules/abi-oci-resources-services.adoc,installing/installing_oci/installing-oci-agent-based-installer.adoc,existing,leveloffset=+1; assembly context=installing-oci-agent-based-installer,folds 2 source jobs: Install on Oracle Distributed Cloud with Agent-based Installer; Install on Oracle Edge Cloud with Agent-based Installer
Install an Oracle Cloud cluster with the Agent-based Installer,"When I want to deploy on OCI without the Assisted Installer service, I need the Agent-based Installer workflow for OCI.",Install a cluster with the Agent-based Installer,full,modules/creating-config-files-cluster-install-oci.adoc,installing/installing_oci/installing-oci-agent-based-installer.adoc,existing,leveloffset=+1; assembly context=installing-oci-agent-based-installer,folds 2 source jobs: Install on Oracle Distributed Cloud with Agent-based Installer; Install on Oracle Edge Cloud with Agent-based Installer
Install an Oracle Cloud cluster with the Agent-based Installer,"When I want to deploy on OCI without the Assisted Installer service, I need the Agent-based Installer workflow for OCI.",Install a cluster with the Agent-based Installer,full,modules/configuring-firewall-module.adoc,installing/installing_oci/installing-oci-agent-based-installer.adoc,existing,leveloffset=+1; assembly context=installing-oci-agent-based-installer,folds 2 source jobs: Install on Oracle Distributed Cloud with Agent-based Installer; Install on Oracle Edge Cloud with Agent-based Installer
Install an Oracle Cloud cluster with the Agent-based Installer,"When I want to deploy on OCI without the Assisted Installer service, I need the Agent-based Installer workflow for OCI.",Install a cluster with the Agent-based Installer,full,modules/running-cluster-oci-agent-based.adoc,installing/installing_oci/installing-oci-agent-based-installer.adoc,existing,leveloffset=+1; assembly context=installing-oci-agent-based-installer,folds 2 source jobs: Install on Oracle Distributed Cloud with Agent-based Installer; Install on Oracle Edge Cloud with Agent-based Installer
Install an Oracle Cloud cluster with the Agent-based Installer,"When I want to deploy on OCI without the Assisted Installer service, I need the Agent-based Installer workflow for OCI.",Install a cluster with the Agent-based Installer,full,modules/verifying-cluster-install-oci-agent-based.adoc,installing/installing_oci/installing-oci-agent-based-installer.adoc,existing,leveloffset=+1; assembly context=installing-oci-agent-based-installer,folds 2 source jobs: Install on Oracle Distributed Cloud with Agent-based Installer; Install on Oracle Edge Cloud with Agent-based Installer
Install an Oracle Cloud cluster with the Agent-based Installer,"When I want to deploy on OCI without the Assisted Installer service, I need the Agent-based Installer workflow for OCI.",Install a cluster with the Agent-based Installer,full,modules/installing-oci-edge-infra-support.adoc,installing/installing_oci_edge/installing-c3-agent-based-installer.adoc,existing,leveloffset=+1; assembly context=installing-c3-agent-based-installer,folds 2 source jobs: Install on Oracle Distributed Cloud with Agent-based Installer; Install on Oracle Edge Cloud with Agent-based Installer
Install an Oracle Cloud cluster with the Agent-based Installer,"When I want to deploy on OCI without the Assisted Installer service, I need the Agent-based Installer workflow for OCI.",Install a cluster with the Agent-based Installer,full,modules/installing-oci-edge-agent-workflow.adoc,installing/installing_oci_edge/installing-c3-agent-based-installer.adoc,existing,leveloffset=+1; assembly context=installing-c3-agent-based-installer,folds 2 source jobs: Install on Oracle Distributed Cloud with Agent-based Installer; Install on Oracle Edge Cloud with Agent-based Installer
Install an Oracle Cloud cluster with the Agent-based Installer,"When I want to deploy on OCI without the Assisted Installer service, I need the Agent-based Installer workflow for OCI.",Install a cluster with the Agent-based Installer,full,modules/abi-c3-resources-services.adoc,installing/installing_oci_edge/installing-c3-agent-based-installer.adoc,existing,leveloffset=+1; assembly context=installing-c3-agent-based-installer,folds 2 source jobs: Install on Oracle Distributed Cloud with Agent-based Installer; Install on Oracle Edge Cloud with Agent-based Installer
Install an Oracle Cloud cluster with the Agent-based Installer,"When I want to deploy on OCI without the Assisted Installer service, I need the Agent-based Installer workflow for OCI.",Install a cluster with the Agent-based Installer,full,modules/running-cluster-oci-c3-agent-based.adoc,installing/installing_oci_edge/installing-c3-agent-based-installer.adoc,existing,leveloffset=+1; assembly context=installing-c3-agent-based-installer,folds 2 source jobs: Install on Oracle Distributed Cloud with Agent-based Installer; Install on Oracle Edge Cloud with Agent-based Installer
Install a cluster without an external registry,"When I want to deploy OpenShift Virtualization Engine, I need to use the Agent-based Installer with OVE-specific configuration so I can create a virtualization-optimized cluster.",Install a cluster with the Agent-based Installer,full,modules/installing-ove-advantages.adoc,installing/installing_with_agent_based_installer/installing-ove.adoc,existing,leveloffset=+1; assembly context=installing-ove,folds 1 source jobs: Install an OVE cluster with Agent-based Installer
Install a cluster without an external registry,"When I want to deploy OpenShift Virtualization Engine, I need to use the Agent-based Installer with OVE-specific configuration so I can create a virtualization-optimized cluster.",Install a cluster with the Agent-based Installer,full,modules/installing-ove-iso.adoc,installing/installing_with_agent_based_installer/installing-ove.adoc,existing,leveloffset=+1; assembly context=installing-ove,folds 1 source jobs: Install an OVE cluster with Agent-based Installer
Install a cluster without an external registry,"When I want to deploy OpenShift Virtualization Engine, I need to use the Agent-based Installer with OVE-specific configuration so I can create a virtualization-optimized cluster.",Install a cluster with the Agent-based Installer,full,modules/installing-ove-rendezvous.adoc,installing/installing_with_agent_based_installer/installing-ove.adoc,existing,leveloffset=+1; assembly context=installing-ove,folds 1 source jobs: Install an OVE cluster with Agent-based Installer
Install a cluster without an external registry,"When I want to deploy OpenShift Virtualization Engine, I need to use the Agent-based Installer with OVE-specific configuration so I can create a virtualization-optimized cluster.",Install a cluster with the Agent-based Installer,full,modules/installing-ove-console-initial.adoc,installing/installing_with_agent_based_installer/installing-ove.adoc,existing,leveloffset=+1; assembly context=installing-ove,folds 1 source jobs: Install an OVE cluster with Agent-based Installer
Install a cluster without an external registry,"When I want to deploy OpenShift Virtualization Engine, I need to use the Agent-based Installer with OVE-specific configuration so I can create a virtualization-optimized cluster.",Install a cluster with the Agent-based Installer,full,modules/installing-ove-hosts.adoc,installing/installing_with_agent_based_installer/installing-ove.adoc,existing,leveloffset=+1; assembly context=installing-ove,folds 1 source jobs: Install an OVE cluster with Agent-based Installer
Install a cluster without an external registry,"When I want to deploy OpenShift Virtualization Engine, I need to use the Agent-based Installer with OVE-specific configuration so I can create a virtualization-optimized cluster.",Install a cluster with the Agent-based Installer,full,modules/installing-ove-console-final.adoc,installing/installing_with_agent_based_installer/installing-ove.adoc,existing,leveloffset=+1; assembly context=installing-ove,folds 1 source jobs: Install an OVE cluster with Agent-based Installer
Prepare an Agent-based cluster for multicluster engine,"When I want to manage multiple clusters, I need to configure my Agent-based installed cluster for multicluster engine so I can use it as a hub cluster.",Install a cluster with the Agent-based Installer,full,modules/preparing-mce-prereqs.adoc,installing/installing_with_agent_based_installer/preparing-an-agent-based-installed-cluster-for-mce.adoc,existing,leveloffset=+1; assembly context=preparing-an-agent-based-installed-cluster-for-mce,folds 1 source jobs: Prepare an Agent-based cluster for multicluster engine
Prepare an Agent-based cluster for multicluster engine,"When I want to manage multiple clusters, I need to configure my Agent-based installed cluster for multicluster engine so I can use it as a hub cluster.",Install a cluster with the Agent-based Installer,full,modules/preparing-an-initial-cluster-deployment-for-mce-disconnected.adoc,installing/installing_with_agent_based_installer/preparing-an-agent-based-installed-cluster-for-mce.adoc,existing,leveloffset=+1; assembly context=preparing-an-agent-based-installed-cluster-for-mce,folds 1 source jobs: Prepare an Agent-based cluster for multicluster engine
Prepare an Agent-based cluster for multicluster engine,"When I want to manage multiple clusters, I need to configure my Agent-based installed cluster for multicluster engine so I can use it as a hub cluster.",Install a cluster with the Agent-based Installer,full,modules/preparing-an-initial-cluster-deployment-for-mce-connected.adoc,installing/installing_with_agent_based_installer/preparing-an-agent-based-installed-cluster-for-mce.adoc,existing,leveloffset=+1; assembly context=preparing-an-agent-based-installed-cluster-for-mce,folds 1 source jobs: Prepare an Agent-based cluster for multicluster engine
Install a cluster with the Assisted Installer,"When I want a guided on-premises installation, I need to use the Assisted Installer to discover nodes, validate prerequisites, and deploy the cluster so I can simplify the deployment process.",,gap,,,gap,no modules exist,"folds 1 source jobs: Install on-premises with Assisted Installer -- GAP: the source assembly (installing/installing_on_prem_assisted/installing-on-prem-assisted.adoc) is a pointer page. It carries an abstract and links to the Assisted Installer documentation on the Hybrid Cloud Console but includes no modules, so there is nothing to build a job map from. Needs content written before this job can exist."
Install a vSphere cluster with the Assisted Installer,"When I want a guided vSphere installation, I need to use the Assisted Installer to simplify node discovery and cluster creation so I can deploy with fewer manual steps.",Install a cluster with the Assisted Installer,gap,,,gap,no modules exist,"folds 1 source jobs: Install on vSphere with Assisted Installer -- GAP: the source assembly (installing/installing_vsphere/installing-vsphere-assisted-installer.adoc) is a pointer page. It carries an abstract and links to the Assisted Installer documentation on the Hybrid Cloud Console but includes no modules, so there is nothing to build a job map from. Needs content written before this job can exist."
Install an Oracle Cloud cluster with the Assisted Installer,"When I want to deploy OpenShift on Oracle Cloud Infrastructure, I need to use the Assisted Installer with OCI-specific configuration.",Install a cluster with the Assisted Installer,full,modules/installing-oci-distributed-infra-support.adoc,installing/installing_oci/installing-oci-assisted-installer.adoc,existing,leveloffset=+1; assembly context=installing-oci-assisted-installer,folds 3 source jobs: Install on Oracle Distributed Cloud with Assisted Installer; Install on Oracle Edge Cloud with Assisted Installer; Install on Oracle Database Appliance
Install an Oracle Cloud cluster with the Assisted Installer,"When I want to deploy OpenShift on Oracle Cloud Infrastructure, I need to use the Assisted Installer with OCI-specific configuration.",Install a cluster with the Assisted Installer,full,modules/installing-oci-about-assisted-installer.adoc,installing/installing_oci/installing-oci-assisted-installer.adoc,existing,leveloffset=+1; assembly context=installing-oci-assisted-installer,folds 3 source jobs: Install on Oracle Distributed Cloud with Assisted Installer; Install on Oracle Edge Cloud with Assisted Installer; Install on Oracle Database Appliance
Install an Oracle Cloud cluster with the Assisted Installer,"When I want to deploy OpenShift on Oracle Cloud Infrastructure, I need to use the Assisted Installer with OCI-specific configuration.",Install a cluster with the Assisted Installer,full,modules/creating-oci-resources-services.adoc,installing/installing_oci/installing-oci-assisted-installer.adoc,existing,leveloffset=+1; assembly context=installing-oci-assisted-installer,folds 3 source jobs: Install on Oracle Distributed Cloud with Assisted Installer; Install on Oracle Edge Cloud with Assisted Installer; Install on Oracle Database Appliance
Install an Oracle Cloud cluster with the Assisted Installer,"When I want to deploy OpenShift on Oracle Cloud Infrastructure, I need to use the Assisted Installer with OCI-specific configuration.",Install a cluster with the Assisted Installer,full,modules/using-assisted-installer-oci-discovery-iso.adoc,installing/installing_oci/installing-oci-assisted-installer.adoc,existing,leveloffset=+1; assembly context=installing-oci-assisted-installer,folds 3 source jobs: Install on Oracle Distributed Cloud with Assisted Installer; Install on Oracle Edge Cloud with Assisted Installer; Install on Oracle Database Appliance
Install an Oracle Cloud cluster with the Assisted Installer,"When I want to deploy OpenShift on Oracle Cloud Infrastructure, I need to use the Assisted Installer with OCI-specific configuration.",Install a cluster with the Assisted Installer,full,modules/using-assisted-installer-oci-create-cluster.adoc,installing/installing_oci/installing-oci-assisted-installer.adoc,existing,leveloffset=+2; assembly context=installing-oci-assisted-installer,folds 3 source jobs: Install on Oracle Distributed Cloud with Assisted Installer; Install on Oracle Edge Cloud with Assisted Installer; Install on Oracle Database Appliance
Install an Oracle Cloud cluster with the Assisted Installer,"When I want to deploy OpenShift on Oracle Cloud Infrastructure, I need to use the Assisted Installer with OCI-specific configuration.",Install a cluster with the Assisted Installer,full,modules/using-assisted-installer-oci-agent-iso.adoc,installing/installing_oci/installing-oci-assisted-installer.adoc,existing,leveloffset=+2; assembly context=installing-oci-assisted-installer,folds 3 source jobs: Install on Oracle Distributed Cloud with Assisted Installer; Install on Oracle Edge Cloud with Assisted Installer; Install on Oracle Database Appliance
Install an Oracle Cloud cluster with the Assisted Installer,"When I want to deploy OpenShift on Oracle Cloud Infrastructure, I need to use the Assisted Installer with OCI-specific configuration.",Install a cluster with the Assisted Installer,full,modules/provision-oci-infrastructure-ocp-cluster.adoc,installing/installing_oci/installing-oci-assisted-installer.adoc,existing,leveloffset=+1; assembly context=installing-oci-assisted-installer,folds 3 source jobs: Install on Oracle Distributed Cloud with Assisted Installer; Install on Oracle Edge Cloud with Assisted Installer; Install on Oracle Database Appliance
Install an Oracle Cloud cluster with the Assisted Installer,"When I want to deploy OpenShift on Oracle Cloud Infrastructure, I need to use the Assisted Installer with OCI-specific configuration.",Install a cluster with the Assisted Installer,full,modules/complete-assisted-installer-remaining-steps.adoc,installing/installing_oci/installing-oci-assisted-installer.adoc,existing,leveloffset=+1; assembly context=installing-oci-assisted-installer,folds 3 source jobs: Install on Oracle Distributed Cloud with Assisted Installer; Install on Oracle Edge Cloud with Assisted Installer; Install on Oracle Database Appliance
Install an Oracle Cloud cluster with the Assisted Installer,"When I want to deploy OpenShift on Oracle Cloud Infrastructure, I need to use the Assisted Installer with OCI-specific configuration.",Install a cluster with the Assisted Installer,full,modules/complete-assisted-installer-oci-node-roles.adoc,installing/installing_oci/installing-oci-assisted-installer.adoc,existing,leveloffset=+2; assembly context=installing-oci-assisted-installer,folds 3 source jobs: Install on Oracle Distributed Cloud with Assisted Installer; Install on Oracle Edge Cloud with Assisted Installer; Install on Oracle Database Appliance
Install an Oracle Cloud cluster with the Assisted Installer,"When I want to deploy OpenShift on Oracle Cloud Infrastructure, I need to use the Assisted Installer with OCI-specific configuration.",Install a cluster with the Assisted Installer,full,modules/complete-assisted-installer-oci-custom-manifests.adoc,installing/installing_oci/installing-oci-assisted-installer.adoc,existing,leveloffset=+2; assembly context=installing-oci-assisted-installer,folds 3 source jobs: Install on Oracle Distributed Cloud with Assisted Installer; Install on Oracle Edge Cloud with Assisted Installer; Install on Oracle Database Appliance
Install an Oracle Cloud cluster with the Assisted Installer,"When I want to deploy OpenShift on Oracle Cloud Infrastructure, I need to use the Assisted Installer with OCI-specific configuration.",Install a cluster with the Assisted Installer,full,modules/verifying-cluster-install-ai-oci.adoc,installing/installing_oci/installing-oci-assisted-installer.adoc,existing,leveloffset=+1; assembly context=installing-oci-assisted-installer,folds 3 source jobs: Install on Oracle Distributed Cloud with Assisted Installer; Install on Oracle Edge Cloud with Assisted Installer; Install on Oracle Database Appliance
Install an Oracle Cloud cluster with the Assisted Installer,"When I want to deploy OpenShift on Oracle Cloud Infrastructure, I need to use the Assisted Installer with OCI-specific configuration.",Install a cluster with the Assisted Installer,full,modules/installing-oci-adding-hosts-day-two.adoc,installing/installing_oci/installing-oci-assisted-installer.adoc,existing,leveloffset=+1; assembly context=installing-oci-assisted-installer,folds 3 source jobs: Install on Oracle Distributed Cloud with Assisted Installer; Install on Oracle Edge Cloud with Assisted Installer; Install on Oracle Database Appliance
Install an Oracle Cloud cluster with the Assisted Installer,"When I want to deploy OpenShift on Oracle Cloud Infrastructure, I need to use the Assisted Installer with OCI-specific configuration.",Install a cluster with the Assisted Installer,full,modules/installing-troubleshooting-assisted-installer-oci.adoc,installing/installing_oci/installing-oci-assisted-installer.adoc,existing,leveloffset=+1; assembly context=installing-oci-assisted-installer,folds 3 source jobs: Install on Oracle Distributed Cloud with Assisted Installer; Install on Oracle Edge Cloud with Assisted Installer; Install on Oracle Database Appliance
Install an Oracle Cloud cluster with the Assisted Installer,"When I want to deploy OpenShift on Oracle Cloud Infrastructure, I need to use the Assisted Installer with OCI-specific configuration.",Install a cluster with the Assisted Installer,full,modules/installing-oci-edge-infra-support.adoc,installing/installing_oci_edge/installing-c3-assisted-installer.adoc,existing,leveloffset=+1; assembly context=installing-c3-assisted-installer,folds 3 source jobs: Install on Oracle Distributed Cloud with Assisted Installer; Install on Oracle Edge Cloud with Assisted Installer; Install on Oracle Database Appliance
Install an Oracle Cloud cluster with the Assisted Installer,"When I want to deploy OpenShift on Oracle Cloud Infrastructure, I need to use the Assisted Installer with OCI-specific configuration.",Install a cluster with the Assisted Installer,full,modules/c3-assisted-installer-overview.adoc,installing/installing_oci_edge/installing-c3-assisted-installer.adoc,existing,leveloffset=+1; assembly context=installing-c3-assisted-installer,folds 3 source jobs: Install on Oracle Distributed Cloud with Assisted Installer; Install on Oracle Edge Cloud with Assisted Installer; Install on Oracle Database Appliance
Install an Oracle Cloud cluster with the Assisted Installer,"When I want to deploy OpenShift on Oracle Cloud Infrastructure, I need to use the Assisted Installer with OCI-specific configuration.",Install a cluster with the Assisted Installer,full,modules/c3-assisted-installer-preparing-bastion-server.adoc,installing/installing_oci_edge/installing-c3-assisted-installer.adoc,existing,leveloffset=+1; assembly context=installing-c3-assisted-installer,folds 3 source jobs: Install on Oracle Distributed Cloud with Assisted Installer; Install on Oracle Edge Cloud with Assisted Installer; Install on Oracle Database Appliance
Install an Oracle Cloud cluster with the Assisted Installer,"When I want to deploy OpenShift on Oracle Cloud Infrastructure, I need to use the Assisted Installer with OCI-specific configuration.",Install a cluster with the Assisted Installer,full,modules/c3-assisted-installer-running-script-via-home.adoc,installing/installing_oci_edge/installing-c3-assisted-installer.adoc,existing,leveloffset=+1; assembly context=installing-c3-assisted-installer,folds 3 source jobs: Install on Oracle Distributed Cloud with Assisted Installer; Install on Oracle Edge Cloud with Assisted Installer; Install on Oracle Database Appliance
Install an Oracle Cloud cluster with the Assisted Installer,"When I want to deploy OpenShift on Oracle Cloud Infrastructure, I need to use the Assisted Installer with OCI-specific configuration.",Install a cluster with the Assisted Installer,full,modules/c3-assisted-installer-preparing-image.adoc,installing/installing_oci_edge/installing-c3-assisted-installer.adoc,existing,leveloffset=+1; assembly context=installing-c3-assisted-installer,folds 3 source jobs: Install on Oracle Distributed Cloud with Assisted Installer; Install on Oracle Edge Cloud with Assisted Installer; Install on Oracle Database Appliance
Install an Oracle Cloud cluster with the Assisted Installer,"When I want to deploy OpenShift on Oracle Cloud Infrastructure, I need to use the Assisted Installer with OCI-specific configuration.",Install a cluster with the Assisted Installer,full,modules/c3-assisted-installer-preparing-image-generating.adoc,installing/installing_oci_edge/installing-c3-assisted-installer.adoc,existing,leveloffset=+2; assembly context=installing-c3-assisted-installer,folds 3 source jobs: Install on Oracle Distributed Cloud with Assisted Installer; Install on Oracle Edge Cloud with Assisted Installer; Install on Oracle Database Appliance
Install an Oracle Cloud cluster with the Assisted Installer,"When I want to deploy OpenShift on Oracle Cloud Infrastructure, I need to use the Assisted Installer with OCI-specific configuration.",Install a cluster with the Assisted Installer,full,modules/c3-assisted-installer-preparing-image-converting.adoc,installing/installing_oci_edge/installing-c3-assisted-installer.adoc,existing,leveloffset=+2; assembly context=installing-c3-assisted-installer,folds 3 source jobs: Install on Oracle Distributed Cloud with Assisted Installer; Install on Oracle Edge Cloud with Assisted Installer; Install on Oracle Database Appliance
Install an Oracle Cloud cluster with the Assisted Installer,"When I want to deploy OpenShift on Oracle Cloud Infrastructure, I need to use the Assisted Installer with OCI-specific configuration.",Install a cluster with the Assisted Installer,full,modules/c3-assisted-installer-running-script-via-region.adoc,installing/installing_oci_edge/installing-c3-assisted-installer.adoc,existing,leveloffset=+1; assembly context=installing-c3-assisted-installer,folds 3 source jobs: Install on Oracle Distributed Cloud with Assisted Installer; Install on Oracle Edge Cloud with Assisted Installer; Install on Oracle Database Appliance
Install an Oracle Cloud cluster with the Assisted Installer,"When I want to deploy OpenShift on Oracle Cloud Infrastructure, I need to use the Assisted Installer with OCI-specific configuration.",Install a cluster with the Assisted Installer,full,modules/c3-assisted-installer-completing-installation.adoc,installing/installing_oci_edge/installing-c3-assisted-installer.adoc,existing,leveloffset=+1; assembly context=installing-c3-assisted-installer,folds 3 source jobs: Install on Oracle Distributed Cloud with Assisted Installer; Install on Oracle Edge Cloud with Assisted Installer; Install on Oracle Database Appliance
Install an Oracle Cloud cluster with the Assisted Installer,"When I want to deploy OpenShift on Oracle Cloud Infrastructure, I need to use the Assisted Installer with OCI-specific configuration.",Install a cluster with the Assisted Installer,full,modules/c3-assisted-installer-completing-installation-nodes.adoc,installing/installing_oci_edge/installing-c3-assisted-installer.adoc,existing,leveloffset=+2; assembly context=installing-c3-assisted-installer,folds 3 source jobs: Install on Oracle Distributed Cloud with Assisted Installer; Install on Oracle Edge Cloud with Assisted Installer; Install on Oracle Database Appliance
Install an Oracle Cloud cluster with the Assisted Installer,"When I want to deploy OpenShift on Oracle Cloud Infrastructure, I need to use the Assisted Installer with OCI-specific configuration.",Install a cluster with the Assisted Installer,full,modules/c3-assisted-installer-completing-installation-networking.adoc,installing/installing_oci_edge/installing-c3-assisted-installer.adoc,existing,leveloffset=+2; assembly context=installing-c3-assisted-installer,folds 3 source jobs: Install on Oracle Distributed Cloud with Assisted Installer; Install on Oracle Edge Cloud with Assisted Installer; Install on Oracle Database Appliance
Install an Oracle Cloud cluster with the Assisted Installer,"When I want to deploy OpenShift on Oracle Cloud Infrastructure, I need to use the Assisted Installer with OCI-specific configuration.",Install a cluster with the Assisted Installer,full,modules/c3-assisted-installer-completing-installation-manifests.adoc,installing/installing_oci_edge/installing-c3-assisted-installer.adoc,existing,leveloffset=+2; assembly context=installing-c3-assisted-installer,folds 3 source jobs: Install on Oracle Distributed Cloud with Assisted Installer; Install on Oracle Edge Cloud with Assisted Installer; Install on Oracle Database Appliance
Install an Oracle Cloud cluster with the Assisted Installer,"When I want to deploy OpenShift on Oracle Cloud Infrastructure, I need to use the Assisted Installer with OCI-specific configuration.",Install a cluster with the Assisted Installer,full,modules/c3-assisted-installer-opening-cluster.adoc,installing/installing_oci_edge/installing-c3-assisted-installer.adoc,existing,leveloffset=+1; assembly context=installing-c3-assisted-installer,folds 3 source jobs: Install on Oracle Distributed Cloud with Assisted Installer; Install on Oracle Edge Cloud with Assisted Installer; Install on Oracle Database Appliance
Install an Oracle Cloud cluster with the Assisted Installer,"When I want to deploy OpenShift on Oracle Cloud Infrastructure, I need to use the Assisted Installer with OCI-specific configuration.",Install a cluster with the Assisted Installer,full,modules/ai-oda-environment.adoc,installing/installing_oda/installing-oda-assisted.adoc,existing,leveloffset=+1; assembly context=installing-oda-assisted-installer,folds 3 source jobs: Install on Oracle Distributed Cloud with Assisted Installer; Install on Oracle Edge Cloud with Assisted Installer; Install on Oracle Database Appliance
Install an Oracle Cloud cluster with the Assisted Installer,"When I want to deploy OpenShift on Oracle Cloud Infrastructure, I need to use the Assisted Installer with OCI-specific configuration.",Install a cluster with the Assisted Installer,full,modules/ai-oda-discovery.adoc,installing/installing_oda/installing-oda-assisted.adoc,existing,leveloffset=+1; assembly context=installing-oda-assisted-installer,folds 3 source jobs: Install on Oracle Distributed Cloud with Assisted Installer; Install on Oracle Edge Cloud with Assisted Installer; Install on Oracle Database Appliance
Install an Oracle Cloud cluster with the Assisted Installer,"When I want to deploy OpenShift on Oracle Cloud Infrastructure, I need to use the Assisted Installer with OCI-specific configuration.",Install a cluster with the Assisted Installer,full,modules/ai-oda-create-nodes.adoc,installing/installing_oda/installing-oda-assisted.adoc,existing,leveloffset=+1; assembly context=installing-oda-assisted-installer,folds 3 source jobs: Install on Oracle Distributed Cloud with Assisted Installer; Install on Oracle Edge Cloud with Assisted Installer; Install on Oracle Database Appliance
Install an Oracle Cloud cluster with the Assisted Installer,"When I want to deploy OpenShift on Oracle Cloud Infrastructure, I need to use the Assisted Installer with OCI-specific configuration.",Install a cluster with the Assisted Installer,full,modules/ai-oda-start-install.adoc,installing/installing_oda/installing-oda-assisted.adoc,existing,leveloffset=+1; assembly context=installing-oda-assisted-installer,folds 3 source jobs: Install on Oracle Distributed Cloud with Assisted Installer; Install on Oracle Edge Cloud with Assisted Installer; Install on Oracle Database Appliance
Install an Oracle Cloud cluster with the Assisted Installer,"When I want to deploy OpenShift on Oracle Cloud Infrastructure, I need to use the Assisted Installer with OCI-specific configuration.",Install a cluster with the Assisted Installer,full,modules/ai-oda-complete-install.adoc,installing/installing_oda/installing-oda-assisted.adoc,existing,leveloffset=+1; assembly context=installing-oda-assisted-installer,folds 3 source jobs: Install on Oracle Distributed Cloud with Assisted Installer; Install on Oracle Edge Cloud with Assisted Installer; Install on Oracle Database Appliance
Install a cluster in a disconnected environment,"When I need to deploy OpenShift without internet connectivity, I need a consolidated procedure for mirroring images and installing from local content so I can deploy in restricted networks regardless of platform.",,full,modules/installing-agent-based-installer.adoc,disconnected/installing.adoc,existing,leveloffset=+1; assembly context=installing-disconnected-environments,folds 2 source jobs: Install in a disconnected environment; Understand disconnected environment update considerations
Install a cluster in a disconnected environment,"When I need to deploy OpenShift without internet connectivity, I need a consolidated procedure for mirroring images and installing from local content so I can deploy in restricted networks regardless of platform.",,full,modules/installing-aws.adoc,disconnected/installing.adoc,existing,leveloffset=+1; assembly context=installing-disconnected-environments,folds 2 source jobs: Install in a disconnected environment; Understand disconnected environment update considerations
Install a cluster in a disconnected environment,"When I need to deploy OpenShift without internet connectivity, I need a consolidated procedure for mirroring images and installing from local content so I can deploy in restricted networks regardless of platform.",,full,modules/installing-azure.adoc,disconnected/installing.adoc,existing,leveloffset=+1; assembly context=installing-disconnected-environments,folds 2 source jobs: Install in a disconnected environment; Understand disconnected environment update considerations
Install a cluster in a disconnected environment,"When I need to deploy OpenShift without internet connectivity, I need a consolidated procedure for mirroring images and installing from local content so I can deploy in restricted networks regardless of platform.",,full,modules/installing-gcp.adoc,disconnected/installing.adoc,existing,leveloffset=+1; assembly context=installing-disconnected-environments,folds 2 source jobs: Install in a disconnected environment; Understand disconnected environment update considerations
Install a cluster in a disconnected environment,"When I need to deploy OpenShift without internet connectivity, I need a consolidated procedure for mirroring images and installing from local content so I can deploy in restricted networks regardless of platform.",,full,modules/installing-ibm-cloud.adoc,disconnected/installing.adoc,existing,leveloffset=+1; assembly context=installing-disconnected-environments,folds 2 source jobs: Install in a disconnected environment; Understand disconnected environment update considerations
Install a cluster in a disconnected environment,"When I need to deploy OpenShift without internet connectivity, I need a consolidated procedure for mirroring images and installing from local content so I can deploy in restricted networks regardless of platform.",,full,modules/installing-nutanix.adoc,disconnected/installing.adoc,existing,leveloffset=+1; assembly context=installing-disconnected-environments,folds 2 source jobs: Install in a disconnected environment; Understand disconnected environment update considerations
Install a cluster in a disconnected environment,"When I need to deploy OpenShift without internet connectivity, I need a consolidated procedure for mirroring images and installing from local content so I can deploy in restricted networks regardless of platform.",,full,modules/installing-baremetal.adoc,disconnected/installing.adoc,existing,leveloffset=+1; assembly context=installing-disconnected-environments,folds 2 source jobs: Install in a disconnected environment; Understand disconnected environment update considerations
Install a cluster in a disconnected environment,"When I need to deploy OpenShift without internet connectivity, I need a consolidated procedure for mirroring images and installing from local content so I can deploy in restricted networks regardless of platform.",,full,modules/installing-ibm-z.adoc,disconnected/installing.adoc,existing,leveloffset=+1; assembly context=installing-disconnected-environments,folds 2 source jobs: Install in a disconnected environment; Understand disconnected environment update considerations
Install a cluster in a disconnected environment,"When I need to deploy OpenShift without internet connectivity, I need a consolidated procedure for mirroring images and installing from local content so I can deploy in restricted networks regardless of platform.",,full,modules/installing-ibm-power.adoc,disconnected/installing.adoc,existing,leveloffset=+1; assembly context=installing-disconnected-environments,folds 2 source jobs: Install in a disconnected environment; Understand disconnected environment update considerations
Install a cluster in a disconnected environment,"When I need to deploy OpenShift without internet connectivity, I need a consolidated procedure for mirroring images and installing from local content so I can deploy in restricted networks regardless of platform.",,full,modules/installing-openstack.adoc,disconnected/installing.adoc,existing,leveloffset=+1; assembly context=installing-disconnected-environments,folds 2 source jobs: Install in a disconnected environment; Understand disconnected environment update considerations
Install a cluster in a disconnected environment,"When I need to deploy OpenShift without internet connectivity, I need a consolidated procedure for mirroring images and installing from local content so I can deploy in restricted networks regardless of platform.",,full,modules/installing-vsphere.adoc,disconnected/installing.adoc,existing,leveloffset=+1; assembly context=installing-disconnected-environments,folds 2 source jobs: Install in a disconnected environment; Understand disconnected environment update considerations
Install a cluster in a disconnected environment,"When I need to deploy OpenShift without internet connectivity, I need a consolidated procedure for mirroring images and installing from local content so I can deploy in restricted networks regardless of platform.",,full,modules/updating-without-osus-prereqs.adoc,disconnected/updating/disconnected-update.adoc,existing,leveloffset=+1; assembly context=updating-disconnected-cluster,folds 2 source jobs: Install in a disconnected environment; Understand disconnected environment update considerations
Install a cluster in a disconnected environment,"When I need to deploy OpenShift without internet connectivity, I need a consolidated procedure for mirroring images and installing from local content so I can deploy in restricted networks regardless of platform.",,full,modules/machine-health-checks-pausing.adoc,disconnected/updating/disconnected-update.adoc,existing,leveloffset=+1; assembly context=updating-disconnected-cluster,folds 2 source jobs: Install in a disconnected environment; Understand disconnected environment update considerations
Install a cluster in a disconnected environment,"When I need to deploy OpenShift without internet connectivity, I need a consolidated procedure for mirroring images and installing from local content so I can deploy in restricted networks regardless of platform.",,full,modules/update-restricted-image-digests.adoc,disconnected/updating/disconnected-update.adoc,existing,leveloffset=+1; assembly context=updating-disconnected-cluster,folds 2 source jobs: Install in a disconnected environment; Understand disconnected environment update considerations
Install a cluster in a disconnected environment,"When I need to deploy OpenShift without internet connectivity, I need a consolidated procedure for mirroring images and installing from local content so I can deploy in restricted networks regardless of platform.",,full,modules/update-restricted.adoc,disconnected/updating/disconnected-update.adoc,existing,leveloffset=+1; assembly context=updating-disconnected-cluster,folds 2 source jobs: Install in a disconnected environment; Understand disconnected environment update considerations
Install a cluster in a disconnected environment,"When I need to deploy OpenShift without internet connectivity, I need a consolidated procedure for mirroring images and installing from local content so I can deploy in restricted networks regardless of platform.",,full,modules/images-configuration-registry-mirror.adoc,disconnected/updating/disconnected-update.adoc,existing,leveloffset=+1; assembly context=updating-disconnected-cluster,folds 2 source jobs: Install in a disconnected environment; Understand disconnected environment update considerations
Install a cluster in a disconnected environment,"When I need to deploy OpenShift without internet connectivity, I need a consolidated procedure for mirroring images and installing from local content so I can deploy in restricted networks regardless of platform.",,full,modules/images-configuration-registry-mirror-configuring.adoc,disconnected/updating/disconnected-update.adoc,existing,leveloffset=+2; assembly context=updating-disconnected-cluster,folds 2 source jobs: Install in a disconnected environment; Understand disconnected environment update considerations
Install a cluster in a disconnected environment,"When I need to deploy OpenShift without internet connectivity, I need a consolidated procedure for mirroring images and installing from local content so I can deploy in restricted networks regardless of platform.",,full,modules/images-configuration-registry-mirror-convert.adoc,disconnected/updating/disconnected-update.adoc,existing,leveloffset=+2; assembly context=updating-disconnected-cluster,folds 2 source jobs: Install in a disconnected environment; Understand disconnected environment update considerations
Install a cluster in a disconnected environment,"When I need to deploy OpenShift without internet connectivity, I need a consolidated procedure for mirroring images and installing from local content so I can deploy in restricted networks regardless of platform.",,full,modules/generating-icsp-object-scoped-to-a-registry.adoc,disconnected/updating/disconnected-update.adoc,existing,leveloffset=+1; assembly context=updating-disconnected-cluster,folds 2 source jobs: Install in a disconnected environment; Understand disconnected environment update considerations
Install an AWS cluster in a disconnected environment,"When my AWS environment has restricted internet, I need to install using mirrored content so I can deploy in isolated AWS accounts.",Install a cluster in a disconnected environment,full,modules/installing-aws-restricted-prereqs.adoc,installing/installing_aws/ipi/installing-restricted-networks-aws-installer-provisioned.adoc,existing,leveloffset=+1; assembly context=installing-restricted-networks-aws-installer-provisioned,folds 2 source jobs: Install on AWS in a disconnected environment (IPI); Install on AWS in a disconnected environment (UPI)
Install an AWS cluster in a disconnected environment,"When my AWS environment has restricted internet, I need to install using mirrored content so I can deploy in isolated AWS accounts.",Install a cluster in a disconnected environment,full,modules/installation-about-restricted-network.adoc,installing/installing_aws/ipi/installing-restricted-networks-aws-installer-provisioned.adoc,existing,leveloffset=+1; assembly context=installing-restricted-networks-aws-installer-provisioned,folds 2 source jobs: Install on AWS in a disconnected environment (IPI); Install on AWS in a disconnected environment (UPI)
Install an AWS cluster in a disconnected environment,"When my AWS environment has restricted internet, I need to install using mirrored content so I can deploy in isolated AWS accounts.",Install a cluster in a disconnected environment,full,modules/installation-custom-aws-vpc.adoc,installing/installing_aws/ipi/installing-restricted-networks-aws-installer-provisioned.adoc,existing,leveloffset=+1; assembly context=installing-restricted-networks-aws-installer-provisioned,folds 2 source jobs: Install on AWS in a disconnected environment (IPI); Install on AWS in a disconnected environment (UPI)
Install an AWS cluster in a disconnected environment,"When my AWS environment has restricted internet, I need to install using mirrored content so I can deploy in isolated AWS accounts.",Install a cluster in a disconnected environment,full,modules/installation-initializing.adoc,installing/installing_aws/ipi/installing-restricted-networks-aws-installer-provisioned.adoc,existing,leveloffset=+1; assembly context=installing-restricted-networks-aws-installer-provisioned,folds 2 source jobs: Install on AWS in a disconnected environment (IPI); Install on AWS in a disconnected environment (UPI)
Install an AWS cluster in a disconnected environment,"When my AWS environment has restricted internet, I need to install using mirrored content so I can deploy in isolated AWS accounts.",Install a cluster in a disconnected environment,full,modules/installation-minimum-resource-requirements.adoc,installing/installing_aws/ipi/installing-restricted-networks-aws-installer-provisioned.adoc,existing,leveloffset=+2; assembly context=installing-restricted-networks-aws-installer-provisioned,folds 2 source jobs: Install on AWS in a disconnected environment (IPI); Install on AWS in a disconnected environment (UPI)
Install an AWS cluster in a disconnected environment,"When my AWS environment has restricted internet, I need to install using mirrored content so I can deploy in isolated AWS accounts.",Install a cluster in a disconnected environment,full,modules/installing-aws-managing-dns-solution.adoc,installing/installing_aws/ipi/installing-restricted-networks-aws-installer-provisioned.adoc,existing,leveloffset=+2; assembly context=installing-restricted-networks-aws-installer-provisioned,folds 2 source jobs: Install on AWS in a disconnected environment (IPI); Install on AWS in a disconnected environment (UPI)
Install an AWS cluster in a disconnected environment,"When my AWS environment has restricted internet, I need to install using mirrored content so I can deploy in isolated AWS accounts.",Install a cluster in a disconnected environment,full,modules/installation-aws-config-yaml-customizations.adoc,installing/installing_aws/ipi/installing-restricted-networks-aws-installer-provisioned.adoc,existing,leveloffset=+2; assembly context=installing-restricted-networks-aws-installer-provisioned,folds 2 source jobs: Install on AWS in a disconnected environment (IPI); Install on AWS in a disconnected environment (UPI)
Install an AWS cluster in a disconnected environment,"When my AWS environment has restricted internet, I need to install using mirrored content so I can deploy in isolated AWS accounts.",Install a cluster in a disconnected environment,full,modules/installation-configure-proxy.adoc,installing/installing_aws/ipi/installing-restricted-networks-aws-installer-provisioned.adoc,existing,leveloffset=+2; assembly context=installing-restricted-networks-aws-installer-provisioned,folds 2 source jobs: Install on AWS in a disconnected environment (IPI); Install on AWS in a disconnected environment (UPI)
Install an AWS cluster in a disconnected environment,"When my AWS environment has restricted internet, I need to install using mirrored content so I can deploy in isolated AWS accounts.",Install a cluster in a disconnected environment,full,modules/installing-aws-alternatives-storing-secrets.adoc,installing/installing_aws/ipi/installing-restricted-networks-aws-installer-provisioned.adoc,existing,leveloffset=+1; assembly context=installing-restricted-networks-aws-installer-provisioned,folds 2 source jobs: Install on AWS in a disconnected environment (IPI); Install on AWS in a disconnected environment (UPI)
Install an AWS cluster in a disconnected environment,"When my AWS environment has restricted internet, I need to install using mirrored content so I can deploy in isolated AWS accounts.",Install a cluster in a disconnected environment,full,modules/manually-create-identity-access-management.adoc,installing/installing_aws/ipi/installing-restricted-networks-aws-installer-provisioned.adoc,existing,leveloffset=+2; assembly context=installing-restricted-networks-aws-installer-provisioned,folds 2 source jobs: Install on AWS in a disconnected environment (IPI); Install on AWS in a disconnected environment (UPI)
Install an AWS cluster in a disconnected environment,"When my AWS environment has restricted internet, I need to install using mirrored content so I can deploy in isolated AWS accounts.",Install a cluster in a disconnected environment,full,modules/config-aws-short-term-creds.adoc,installing/installing_aws/ipi/installing-restricted-networks-aws-installer-provisioned.adoc,existing,leveloffset=+2; assembly context=installing-restricted-networks-aws-installer-provisioned,folds 2 source jobs: Install on AWS in a disconnected environment (IPI); Install on AWS in a disconnected environment (UPI)
Install an AWS cluster in a disconnected environment,"When my AWS environment has restricted internet, I need to install using mirrored content so I can deploy in isolated AWS accounts.",Install a cluster in a disconnected environment,full,modules/cco-ccoctl-configuring.adoc,installing/installing_aws/ipi/installing-restricted-networks-aws-installer-provisioned.adoc,existing,leveloffset=+3; assembly context=installing-restricted-networks-aws-installer-provisioned,folds 2 source jobs: Install on AWS in a disconnected environment (IPI); Install on AWS in a disconnected environment (UPI)
Install an AWS cluster in a disconnected environment,"When my AWS environment has restricted internet, I need to install using mirrored content so I can deploy in isolated AWS accounts.",Install a cluster in a disconnected environment,full,modules/cco-ccoctl-creating-at-once.adoc,installing/installing_aws/ipi/installing-restricted-networks-aws-installer-provisioned.adoc,existing,leveloffset=+3; assembly context=installing-restricted-networks-aws-installer-provisioned,folds 2 source jobs: Install on AWS in a disconnected environment (IPI); Install on AWS in a disconnected environment (UPI)
Install an AWS cluster in a disconnected environment,"When my AWS environment has restricted internet, I need to install using mirrored content so I can deploy in isolated AWS accounts.",Install a cluster in a disconnected environment,full,modules/cco-ccoctl-creating-individually.adoc,installing/installing_aws/ipi/installing-restricted-networks-aws-installer-provisioned.adoc,existing,leveloffset=+3; assembly context=installing-restricted-networks-aws-installer-provisioned,folds 2 source jobs: Install on AWS in a disconnected environment (IPI); Install on AWS in a disconnected environment (UPI)
Install an AWS cluster in a disconnected environment,"When my AWS environment has restricted internet, I need to install using mirrored content so I can deploy in isolated AWS accounts.",Install a cluster in a disconnected environment,full,modules/cco-ccoctl-install-creating-manifests.adoc,installing/installing_aws/ipi/installing-restricted-networks-aws-installer-provisioned.adoc,existing,leveloffset=+3; assembly context=installing-restricted-networks-aws-installer-provisioned,folds 2 source jobs: Install on AWS in a disconnected environment (IPI); Install on AWS in a disconnected environment (UPI)
Install an AWS cluster in a disconnected environment,"When my AWS environment has restricted internet, I need to install using mirrored content so I can deploy in isolated AWS accounts.",Install a cluster in a disconnected environment,full,modules/installation-launching-installer.adoc,installing/installing_aws/ipi/installing-restricted-networks-aws-installer-provisioned.adoc,existing,leveloffset=+1; assembly context=installing-restricted-networks-aws-installer-provisioned,folds 2 source jobs: Install on AWS in a disconnected environment (IPI); Install on AWS in a disconnected environment (UPI)
Install an AWS cluster in a disconnected environment,"When my AWS environment has restricted internet, I need to install using mirrored content so I can deploy in isolated AWS accounts.",Install a cluster in a disconnected environment,full,modules/installation-aws-provisioning-dns-records.adoc,installing/installing_aws/ipi/installing-restricted-networks-aws-installer-provisioned.adoc,existing,leveloffset=+1; assembly context=installing-restricted-networks-aws-installer-provisioned,folds 2 source jobs: Install on AWS in a disconnected environment (IPI); Install on AWS in a disconnected environment (UPI)
Install an AWS cluster in a disconnected environment,"When my AWS environment has restricted internet, I need to install using mirrored content so I can deploy in isolated AWS accounts.",Install a cluster in a disconnected environment,full,modules/cli-logging-in-kubeadmin.adoc,installing/installing_aws/ipi/installing-restricted-networks-aws-installer-provisioned.adoc,existing,leveloffset=+1; assembly context=installing-restricted-networks-aws-installer-provisioned,folds 2 source jobs: Install on AWS in a disconnected environment (IPI); Install on AWS in a disconnected environment (UPI)
Install an AWS cluster in a disconnected environment,"When my AWS environment has restricted internet, I need to install using mirrored content so I can deploy in isolated AWS accounts.",Install a cluster in a disconnected environment,full,modules/olm-restricted-networks-configuring-operatorhub.adoc,installing/installing_aws/ipi/installing-restricted-networks-aws-installer-provisioned.adoc,existing,leveloffset=+1; assembly context=installing-restricted-networks-aws-installer-provisioned,folds 2 source jobs: Install on AWS in a disconnected environment (IPI); Install on AWS in a disconnected environment (UPI)
Install an AWS cluster in a disconnected environment,"When my AWS environment has restricted internet, I need to install using mirrored content so I can deploy in isolated AWS accounts.",Install a cluster in a disconnected environment,full,modules/installing-aws-upi-restricted-prereqs.adoc,installing/installing_aws/upi/installing-restricted-networks-aws.adoc,existing,leveloffset=+1; assembly context=installing-restricted-networks-aws,folds 2 source jobs: Install on AWS in a disconnected environment (IPI); Install on AWS in a disconnected environment (UPI)
Install an AWS cluster in a disconnected environment,"When my AWS environment has restricted internet, I need to install using mirrored content so I can deploy in isolated AWS accounts.",Install a cluster in a disconnected environment,full,modules/installation-user-infra-generate.adoc,installing/installing_aws/upi/installing-restricted-networks-aws.adoc,existing,leveloffset=+1; assembly context=installing-restricted-networks-aws,folds 2 source jobs: Install on AWS in a disconnected environment (IPI); Install on AWS in a disconnected environment (UPI)
Install an AWS cluster in a disconnected environment,"When my AWS environment has restricted internet, I need to install using mirrored content so I can deploy in isolated AWS accounts.",Install a cluster in a disconnected environment,full,modules/installation-disk-partitioning-upi-templates.adoc,installing/installing_aws/upi/installing-restricted-networks-aws.adoc,existing,leveloffset=+2; assembly context=installing-restricted-networks-aws,folds 2 source jobs: Install on AWS in a disconnected environment (IPI); Install on AWS in a disconnected environment (UPI)
Install an AWS cluster in a disconnected environment,"When my AWS environment has restricted internet, I need to install using mirrored content so I can deploy in isolated AWS accounts.",Install a cluster in a disconnected environment,full,modules/installation-generate-aws-user-infra-install-config.adoc,installing/installing_aws/upi/installing-restricted-networks-aws.adoc,existing,leveloffset=+2; assembly context=installing-restricted-networks-aws,folds 2 source jobs: Install on AWS in a disconnected environment (IPI); Install on AWS in a disconnected environment (UPI)
Install an AWS cluster in a disconnected environment,"When my AWS environment has restricted internet, I need to install using mirrored content so I can deploy in isolated AWS accounts.",Install a cluster in a disconnected environment,full,modules/installation-user-infra-generate-k8s-manifest-ignition.adoc,installing/installing_aws/upi/installing-restricted-networks-aws.adoc,existing,leveloffset=+2; assembly context=installing-restricted-networks-aws,folds 2 source jobs: Install on AWS in a disconnected environment (IPI); Install on AWS in a disconnected environment (UPI)
Install an AWS cluster in a disconnected environment,"When my AWS environment has restricted internet, I need to install using mirrored content so I can deploy in isolated AWS accounts.",Install a cluster in a disconnected environment,full,modules/installation-extracting-infraid.adoc,installing/installing_aws/upi/installing-restricted-networks-aws.adoc,existing,leveloffset=+1; assembly context=installing-restricted-networks-aws,folds 2 source jobs: Install on AWS in a disconnected environment (IPI); Install on AWS in a disconnected environment (UPI)
Install an AWS cluster in a disconnected environment,"When my AWS environment has restricted internet, I need to install using mirrored content so I can deploy in isolated AWS accounts.",Install a cluster in a disconnected environment,full,modules/installation-creating-aws-vpc.adoc,installing/installing_aws/upi/installing-restricted-networks-aws.adoc,existing,leveloffset=+1; assembly context=installing-restricted-networks-aws,folds 2 source jobs: Install on AWS in a disconnected environment (IPI); Install on AWS in a disconnected environment (UPI)
Install an AWS cluster in a disconnected environment,"When my AWS environment has restricted internet, I need to install using mirrored content so I can deploy in isolated AWS accounts.",Install a cluster in a disconnected environment,full,modules/installation-cloudformation-vpc.adoc,installing/installing_aws/upi/installing-restricted-networks-aws.adoc,existing,leveloffset=+2; assembly context=installing-restricted-networks-aws,folds 2 source jobs: Install on AWS in a disconnected environment (IPI); Install on AWS in a disconnected environment (UPI)
Install an AWS cluster in a disconnected environment,"When my AWS environment has restricted internet, I need to install using mirrored content so I can deploy in isolated AWS accounts.",Install a cluster in a disconnected environment,full,modules/installation-creating-aws-dns.adoc,installing/installing_aws/upi/installing-restricted-networks-aws.adoc,existing,leveloffset=+1; assembly context=installing-restricted-networks-aws,folds 2 source jobs: Install on AWS in a disconnected environment (IPI); Install on AWS in a disconnected environment (UPI)
Install an AWS cluster in a disconnected environment,"When my AWS environment has restricted internet, I need to install using mirrored content so I can deploy in isolated AWS accounts.",Install a cluster in a disconnected environment,full,modules/installation-cloudformation-dns.adoc,installing/installing_aws/upi/installing-restricted-networks-aws.adoc,existing,leveloffset=+2; assembly context=installing-restricted-networks-aws,folds 2 source jobs: Install on AWS in a disconnected environment (IPI); Install on AWS in a disconnected environment (UPI)
Install an AWS cluster in a disconnected environment,"When my AWS environment has restricted internet, I need to install using mirrored content so I can deploy in isolated AWS accounts.",Install a cluster in a disconnected environment,full,modules/installation-creating-aws-security.adoc,installing/installing_aws/upi/installing-restricted-networks-aws.adoc,existing,leveloffset=+1; assembly context=installing-restricted-networks-aws,folds 2 source jobs: Install on AWS in a disconnected environment (IPI); Install on AWS in a disconnected environment (UPI)
Install an AWS cluster in a disconnected environment,"When my AWS environment has restricted internet, I need to install using mirrored content so I can deploy in isolated AWS accounts.",Install a cluster in a disconnected environment,full,modules/installation-cloudformation-security.adoc,installing/installing_aws/upi/installing-restricted-networks-aws.adoc,existing,leveloffset=+2; assembly context=installing-restricted-networks-aws,folds 2 source jobs: Install on AWS in a disconnected environment (IPI); Install on AWS in a disconnected environment (UPI)
Install an AWS cluster in a disconnected environment,"When my AWS environment has restricted internet, I need to install using mirrored content so I can deploy in isolated AWS accounts.",Install a cluster in a disconnected environment,full,modules/installation-aws-ami-stream-metadata.adoc,installing/installing_aws/upi/installing-restricted-networks-aws.adoc,existing,leveloffset=+1; assembly context=installing-restricted-networks-aws,folds 2 source jobs: Install on AWS in a disconnected environment (IPI); Install on AWS in a disconnected environment (UPI)
Install an AWS cluster in a disconnected environment,"When my AWS environment has restricted internet, I need to install using mirrored content so I can deploy in isolated AWS accounts.",Install a cluster in a disconnected environment,full,modules/installation-aws-user-infra-rhcos-ami.adoc,installing/installing_aws/upi/installing-restricted-networks-aws.adoc,existing,leveloffset=+1; assembly context=installing-restricted-networks-aws,folds 2 source jobs: Install on AWS in a disconnected environment (IPI); Install on AWS in a disconnected environment (UPI)
Install an AWS cluster in a disconnected environment,"When my AWS environment has restricted internet, I need to install using mirrored content so I can deploy in isolated AWS accounts.",Install a cluster in a disconnected environment,full,modules/installation-creating-aws-bootstrap.adoc,installing/installing_aws/upi/installing-restricted-networks-aws.adoc,existing,leveloffset=+1; assembly context=installing-restricted-networks-aws,folds 2 source jobs: Install on AWS in a disconnected environment (IPI); Install on AWS in a disconnected environment (UPI)
Install an AWS cluster in a disconnected environment,"When my AWS environment has restricted internet, I need to install using mirrored content so I can deploy in isolated AWS accounts.",Install a cluster in a disconnected environment,full,modules/installation-cloudformation-bootstrap.adoc,installing/installing_aws/upi/installing-restricted-networks-aws.adoc,existing,leveloffset=+2; assembly context=installing-restricted-networks-aws,folds 2 source jobs: Install on AWS in a disconnected environment (IPI); Install on AWS in a disconnected environment (UPI)
Install an AWS cluster in a disconnected environment,"When my AWS environment has restricted internet, I need to install using mirrored content so I can deploy in isolated AWS accounts.",Install a cluster in a disconnected environment,full,modules/installation-creating-aws-control-plane.adoc,installing/installing_aws/upi/installing-restricted-networks-aws.adoc,existing,leveloffset=+2; assembly context=installing-restricted-networks-aws,folds 2 source jobs: Install on AWS in a disconnected environment (IPI); Install on AWS in a disconnected environment (UPI)
Install an AWS cluster in a disconnected environment,"When my AWS environment has restricted internet, I need to install using mirrored content so I can deploy in isolated AWS accounts.",Install a cluster in a disconnected environment,full,modules/installation-cloudformation-control-plane.adoc,installing/installing_aws/upi/installing-restricted-networks-aws.adoc,existing,leveloffset=+2; assembly context=installing-restricted-networks-aws,folds 2 source jobs: Install on AWS in a disconnected environment (IPI); Install on AWS in a disconnected environment (UPI)
Install an AWS cluster in a disconnected environment,"When my AWS environment has restricted internet, I need to install using mirrored content so I can deploy in isolated AWS accounts.",Install a cluster in a disconnected environment,full,modules/installation-creating-aws-worker.adoc,installing/installing_aws/upi/installing-restricted-networks-aws.adoc,existing,leveloffset=+1; assembly context=installing-restricted-networks-aws,folds 2 source jobs: Install on AWS in a disconnected environment (IPI); Install on AWS in a disconnected environment (UPI)
Install an AWS cluster in a disconnected environment,"When my AWS environment has restricted internet, I need to install using mirrored content so I can deploy in isolated AWS accounts.",Install a cluster in a disconnected environment,full,modules/installation-cloudformation-worker.adoc,installing/installing_aws/upi/installing-restricted-networks-aws.adoc,existing,leveloffset=+2; assembly context=installing-restricted-networks-aws,folds 2 source jobs: Install on AWS in a disconnected environment (IPI); Install on AWS in a disconnected environment (UPI)
Install an AWS cluster in a disconnected environment,"When my AWS environment has restricted internet, I need to install using mirrored content so I can deploy in isolated AWS accounts.",Install a cluster in a disconnected environment,full,modules/installation-aws-creating-cloudformation-stack-compute.adoc,installing/installing_aws/upi/installing-restricted-networks-aws.adoc,existing,leveloffset=+2; assembly context=installing-restricted-networks-aws,folds 2 source jobs: Install on AWS in a disconnected environment (IPI); Install on AWS in a disconnected environment (UPI)
Install an AWS cluster in a disconnected environment,"When my AWS environment has restricted internet, I need to install using mirrored content so I can deploy in isolated AWS accounts.",Install a cluster in a disconnected environment,full,modules/installation-aws-user-infra-bootstrap.adoc,installing/installing_aws/upi/installing-restricted-networks-aws.adoc,existing,leveloffset=+1; assembly context=installing-restricted-networks-aws,folds 2 source jobs: Install on AWS in a disconnected environment (IPI); Install on AWS in a disconnected environment (UPI)
Install an AWS cluster in a disconnected environment,"When my AWS environment has restricted internet, I need to install using mirrored content so I can deploy in isolated AWS accounts.",Install a cluster in a disconnected environment,full,modules/installation-approve-csrs.adoc,installing/installing_aws/upi/installing-restricted-networks-aws.adoc,existing,leveloffset=+1; assembly context=installing-restricted-networks-aws,folds 2 source jobs: Install on AWS in a disconnected environment (IPI); Install on AWS in a disconnected environment (UPI)
Install an AWS cluster in a disconnected environment,"When my AWS environment has restricted internet, I need to install using mirrored content so I can deploy in isolated AWS accounts.",Install a cluster in a disconnected environment,full,modules/installation-operators-config.adoc,installing/installing_aws/upi/installing-restricted-networks-aws.adoc,existing,leveloffset=+1; assembly context=installing-restricted-networks-aws,folds 2 source jobs: Install on AWS in a disconnected environment (IPI); Install on AWS in a disconnected environment (UPI)
Install an AWS cluster in a disconnected environment,"When my AWS environment has restricted internet, I need to install using mirrored content so I can deploy in isolated AWS accounts.",Install a cluster in a disconnected environment,full,modules/installation-registry-storage-config.adoc,installing/installing_aws/upi/installing-restricted-networks-aws.adoc,existing,leveloffset=+2; assembly context=installing-restricted-networks-aws,folds 2 source jobs: Install on AWS in a disconnected environment (IPI); Install on AWS in a disconnected environment (UPI)
Install an AWS cluster in a disconnected environment,"When my AWS environment has restricted internet, I need to install using mirrored content so I can deploy in isolated AWS accounts.",Install a cluster in a disconnected environment,full,modules/registry-configuring-storage-aws-user-infra.adoc,installing/installing_aws/upi/installing-restricted-networks-aws.adoc,existing,leveloffset=+3; assembly context=installing-restricted-networks-aws,folds 2 source jobs: Install on AWS in a disconnected environment (IPI); Install on AWS in a disconnected environment (UPI)
Install an AWS cluster in a disconnected environment,"When my AWS environment has restricted internet, I need to install using mirrored content so I can deploy in isolated AWS accounts.",Install a cluster in a disconnected environment,full,modules/installation-registry-storage-non-production.adoc,installing/installing_aws/upi/installing-restricted-networks-aws.adoc,existing,leveloffset=+3; assembly context=installing-restricted-networks-aws,folds 2 source jobs: Install on AWS in a disconnected environment (IPI); Install on AWS in a disconnected environment (UPI)
Install an AWS cluster in a disconnected environment,"When my AWS environment has restricted internet, I need to install using mirrored content so I can deploy in isolated AWS accounts.",Install a cluster in a disconnected environment,full,modules/installation-aws-user-infra-delete-bootstrap.adoc,installing/installing_aws/upi/installing-restricted-networks-aws.adoc,existing,leveloffset=+1; assembly context=installing-restricted-networks-aws,folds 2 source jobs: Install on AWS in a disconnected environment (IPI); Install on AWS in a disconnected environment (UPI)
Install an AWS cluster in a disconnected environment,"When my AWS environment has restricted internet, I need to install using mirrored content so I can deploy in isolated AWS accounts.",Install a cluster in a disconnected environment,full,modules/installation-create-ingress-dns-records.adoc,installing/installing_aws/upi/installing-restricted-networks-aws.adoc,existing,leveloffset=+1; assembly context=installing-restricted-networks-aws,folds 2 source jobs: Install on AWS in a disconnected environment (IPI); Install on AWS in a disconnected environment (UPI)
Install an AWS cluster in a disconnected environment,"When my AWS environment has restricted internet, I need to install using mirrored content so I can deploy in isolated AWS accounts.",Install a cluster in a disconnected environment,full,modules/installation-aws-user-infra-installation.adoc,installing/installing_aws/upi/installing-restricted-networks-aws.adoc,existing,leveloffset=+1; assembly context=installing-restricted-networks-aws,folds 2 source jobs: Install on AWS in a disconnected environment (IPI); Install on AWS in a disconnected environment (UPI)
Install an AWS cluster in a disconnected environment,"When my AWS environment has restricted internet, I need to install using mirrored content so I can deploy in isolated AWS accounts.",Install a cluster in a disconnected environment,full,modules/logging-in-by-using-the-web-console.adoc,installing/installing_aws/upi/installing-restricted-networks-aws.adoc,existing,leveloffset=+1; assembly context=installing-restricted-networks-aws,folds 2 source jobs: Install on AWS in a disconnected environment (IPI); Install on AWS in a disconnected environment (UPI)
Install an Azure cluster in a disconnected environment,"When my Azure UPI environment has restricted internet, I need disconnected UPI installation procedures so I can deploy in air-gapped Azure subscriptions.",Install a cluster in a disconnected environment,full,modules/installation-restricted-networks-azure-user-provisioned-prerequisites.adoc,installing/installing_azure/upi/installing-restricted-networks-azure-user-provisioned.adoc,existing,leveloffset=+1; assembly context=installing-restricted-networks-azure-user-provisioned,folds 2 source jobs: Install on Azure in a disconnected environment (UPI); Install on Azure in a disconnected environment (IPI)
Install an Azure cluster in a disconnected environment,"When my Azure UPI environment has restricted internet, I need disconnected UPI installation procedures so I can deploy in air-gapped Azure subscriptions.",Install a cluster in a disconnected environment,full,modules/installation-about-restricted-network.adoc,installing/installing_azure/upi/installing-restricted-networks-azure-user-provisioned.adoc,existing,leveloffset=+1; assembly context=installing-restricted-networks-azure-user-provisioned,folds 2 source jobs: Install on Azure in a disconnected environment (UPI); Install on Azure in a disconnected environment (IPI)
Install an Azure cluster in a disconnected environment,"When my Azure UPI environment has restricted internet, I need disconnected UPI installation procedures so I can deploy in air-gapped Azure subscriptions.",Install a cluster in a disconnected environment,full,modules/cluster-entitlements.adoc,installing/installing_azure/upi/installing-restricted-networks-azure-user-provisioned.adoc,existing,leveloffset=+2; assembly context=installing-restricted-networks-azure-user-provisioned,folds 2 source jobs: Install on Azure in a disconnected environment (UPI); Install on Azure in a disconnected environment (IPI)
Install an Azure cluster in a disconnected environment,"When my Azure UPI environment has restricted internet, I need disconnected UPI installation procedures so I can deploy in air-gapped Azure subscriptions.",Install a cluster in a disconnected environment,full,modules/installation-azure-config-project-overview.adoc,installing/installing_azure/upi/installing-restricted-networks-azure-user-provisioned.adoc,existing,leveloffset=+1; assembly context=installing-restricted-networks-azure-user-provisioned,folds 2 source jobs: Install on Azure in a disconnected environment (UPI); Install on Azure in a disconnected environment (IPI)
Install an Azure cluster in a disconnected environment,"When my Azure UPI environment has restricted internet, I need disconnected UPI installation procedures so I can deploy in air-gapped Azure subscriptions.",Install a cluster in a disconnected environment,full,modules/installation-azure-limits.adoc,installing/installing_azure/upi/installing-restricted-networks-azure-user-provisioned.adoc,existing,leveloffset=+2; assembly context=installing-restricted-networks-azure-user-provisioned,folds 2 source jobs: Install on Azure in a disconnected environment (UPI); Install on Azure in a disconnected environment (IPI)
Install an Azure cluster in a disconnected environment,"When my Azure UPI environment has restricted internet, I need disconnected UPI installation procedures so I can deploy in air-gapped Azure subscriptions.",Install a cluster in a disconnected environment,full,modules/installation-azure-network-config.adoc,installing/installing_azure/upi/installing-restricted-networks-azure-user-provisioned.adoc,existing,leveloffset=+2; assembly context=installing-restricted-networks-azure-user-provisioned,folds 2 source jobs: Install on Azure in a disconnected environment (UPI); Install on Azure in a disconnected environment (IPI)
Install an Azure cluster in a disconnected environment,"When my Azure UPI environment has restricted internet, I need disconnected UPI installation procedures so I can deploy in air-gapped Azure subscriptions.",Install a cluster in a disconnected environment,full,modules/csr-management.adoc,installing/installing_azure/upi/installing-restricted-networks-azure-user-provisioned.adoc,existing,leveloffset=+2; assembly context=installing-restricted-networks-azure-user-provisioned,folds 2 source jobs: Install on Azure in a disconnected environment (UPI); Install on Azure in a disconnected environment (IPI)
Install an Azure cluster in a disconnected environment,"When my Azure UPI environment has restricted internet, I need disconnected UPI installation procedures so I can deploy in air-gapped Azure subscriptions.",Install a cluster in a disconnected environment,full,modules/installation-azure-permissions.adoc,installing/installing_azure/upi/installing-restricted-networks-azure-user-provisioned.adoc,existing,leveloffset=+2; assembly context=installing-restricted-networks-azure-user-provisioned,folds 2 source jobs: Install on Azure in a disconnected environment (UPI); Install on Azure in a disconnected environment (IPI)
Install an Azure cluster in a disconnected environment,"When my Azure UPI environment has restricted internet, I need disconnected UPI installation procedures so I can deploy in air-gapped Azure subscriptions.",Install a cluster in a disconnected environment,full,modules/minimum-required-permissions-upi-azure.adoc,installing/installing_azure/upi/installing-restricted-networks-azure-user-provisioned.adoc,existing,leveloffset=+2; assembly context=installing-restricted-networks-azure-user-provisioned,folds 2 source jobs: Install on Azure in a disconnected environment (UPI); Install on Azure in a disconnected environment (IPI)
Install an Azure cluster in a disconnected environment,"When my Azure UPI environment has restricted internet, I need disconnected UPI installation procedures so I can deploy in air-gapped Azure subscriptions.",Install a cluster in a disconnected environment,full,modules/installation-azure-service-principal.adoc,installing/installing_azure/upi/installing-restricted-networks-azure-user-provisioned.adoc,existing,leveloffset=+2; assembly context=installing-restricted-networks-azure-user-provisioned,folds 2 source jobs: Install on Azure in a disconnected environment (UPI); Install on Azure in a disconnected environment (IPI)
Install an Azure cluster in a disconnected environment,"When my Azure UPI environment has restricted internet, I need disconnected UPI installation procedures so I can deploy in air-gapped Azure subscriptions.",Install a cluster in a disconnected environment,full,modules/installation-azure-regions.adoc,installing/installing_azure/upi/installing-restricted-networks-azure-user-provisioned.adoc,existing,leveloffset=+2; assembly context=installing-restricted-networks-azure-user-provisioned,folds 2 source jobs: Install on Azure in a disconnected environment (UPI); Install on Azure in a disconnected environment (IPI)
Install an Azure cluster in a disconnected environment,"When my Azure UPI environment has restricted internet, I need disconnected UPI installation procedures so I can deploy in air-gapped Azure subscriptions.",Install a cluster in a disconnected environment,full,modules/installation-user-infra-requirements-overview.adoc,installing/installing_azure/upi/installing-restricted-networks-azure-user-provisioned.adoc,existing,leveloffset=+1; assembly context=installing-restricted-networks-azure-user-provisioned,folds 2 source jobs: Install on Azure in a disconnected environment (UPI); Install on Azure in a disconnected environment (IPI)
Install an Azure cluster in a disconnected environment,"When my Azure UPI environment has restricted internet, I need disconnected UPI installation procedures so I can deploy in air-gapped Azure subscriptions.",Install a cluster in a disconnected environment,full,modules/installation-machine-requirements.adoc,installing/installing_azure/upi/installing-restricted-networks-azure-user-provisioned.adoc,existing,leveloffset=+2; assembly context=installing-restricted-networks-azure-user-provisioned,folds 2 source jobs: Install on Azure in a disconnected environment (UPI); Install on Azure in a disconnected environment (IPI)
Install an Azure cluster in a disconnected environment,"When my Azure UPI environment has restricted internet, I need disconnected UPI installation procedures so I can deploy in air-gapped Azure subscriptions.",Install a cluster in a disconnected environment,full,modules/installation-minimum-resource-requirements.adoc,installing/installing_azure/upi/installing-restricted-networks-azure-user-provisioned.adoc,existing,leveloffset=+2; assembly context=installing-restricted-networks-azure-user-provisioned,folds 2 source jobs: Install on Azure in a disconnected environment (UPI); Install on Azure in a disconnected environment (IPI)
Install an Azure cluster in a disconnected environment,"When my Azure UPI environment has restricted internet, I need disconnected UPI installation procedures so I can deploy in air-gapped Azure subscriptions.",Install a cluster in a disconnected environment,full,modules/installation-azure-tested-machine-types.adoc,installing/installing_azure/upi/installing-restricted-networks-azure-user-provisioned.adoc,existing,leveloffset=+2; assembly context=installing-restricted-networks-azure-user-provisioned,folds 2 source jobs: Install on Azure in a disconnected environment (UPI); Install on Azure in a disconnected environment (IPI)
Install an Azure cluster in a disconnected environment,"When my Azure UPI environment has restricted internet, I need disconnected UPI installation procedures so I can deploy in air-gapped Azure subscriptions.",Install a cluster in a disconnected environment,full,modules/installation-azure-arm-tested-machine-types.adoc,installing/installing_azure/upi/installing-restricted-networks-azure-user-provisioned.adoc,existing,leveloffset=+2; assembly context=installing-restricted-networks-azure-user-provisioned,folds 2 source jobs: Install on Azure in a disconnected environment (UPI); Install on Azure in a disconnected environment (IPI)
Install an Azure cluster in a disconnected environment,"When my Azure UPI environment has restricted internet, I need disconnected UPI installation procedures so I can deploy in air-gapped Azure subscriptions.",Install a cluster in a disconnected environment,full,modules/installation-azure-marketplace-subscribe.adoc,installing/installing_azure/upi/installing-restricted-networks-azure-user-provisioned.adoc,existing,leveloffset=+1; assembly context=installing-restricted-networks-azure-user-provisioned,folds 2 source jobs: Install on Azure in a disconnected environment (UPI); Install on Azure in a disconnected environment (IPI)
Install an Azure cluster in a disconnected environment,"When my Azure UPI environment has restricted internet, I need disconnected UPI installation procedures so I can deploy in air-gapped Azure subscriptions.",Install a cluster in a disconnected environment,full,modules/installation-obtaining-installer.adoc,installing/installing_azure/upi/installing-restricted-networks-azure-user-provisioned.adoc,existing,leveloffset=+2; assembly context=installing-restricted-networks-azure-user-provisioned,folds 2 source jobs: Install on Azure in a disconnected environment (UPI); Install on Azure in a disconnected environment (IPI)
Install an Azure cluster in a disconnected environment,"When my Azure UPI environment has restricted internet, I need disconnected UPI installation procedures so I can deploy in air-gapped Azure subscriptions.",Install a cluster in a disconnected environment,full,modules/ssh-agent-using.adoc,installing/installing_azure/upi/installing-restricted-networks-azure-user-provisioned.adoc,existing,leveloffset=+2; assembly context=installing-restricted-networks-azure-user-provisioned,folds 2 source jobs: Install on Azure in a disconnected environment (UPI); Install on Azure in a disconnected environment (IPI)
Install an Azure cluster in a disconnected environment,"When my Azure UPI environment has restricted internet, I need disconnected UPI installation procedures so I can deploy in air-gapped Azure subscriptions.",Install a cluster in a disconnected environment,full,modules/installation-user-infra-generate.adoc,installing/installing_azure/upi/installing-restricted-networks-azure-user-provisioned.adoc,existing,leveloffset=+1; assembly context=installing-restricted-networks-azure-user-provisioned,folds 2 source jobs: Install on Azure in a disconnected environment (UPI); Install on Azure in a disconnected environment (IPI)
Install an Azure cluster in a disconnected environment,"When my Azure UPI environment has restricted internet, I need disconnected UPI installation procedures so I can deploy in air-gapped Azure subscriptions.",Install a cluster in a disconnected environment,full,modules/installation-disk-partitioning-upi-templates.adoc,installing/installing_azure/upi/installing-restricted-networks-azure-user-provisioned.adoc,existing,leveloffset=+2; assembly context=installing-restricted-networks-azure-user-provisioned,folds 2 source jobs: Install on Azure in a disconnected environment (UPI); Install on Azure in a disconnected environment (IPI)
Install an Azure cluster in a disconnected environment,"When my Azure UPI environment has restricted internet, I need disconnected UPI installation procedures so I can deploy in air-gapped Azure subscriptions.",Install a cluster in a disconnected environment,full,modules/installation-initializing.adoc,installing/installing_azure/upi/installing-restricted-networks-azure-user-provisioned.adoc,existing,leveloffset=+2; assembly context=installing-restricted-networks-azure-user-provisioned,folds 2 source jobs: Install on Azure in a disconnected environment (UPI); Install on Azure in a disconnected environment (IPI)
Install an Azure cluster in a disconnected environment,"When my Azure UPI environment has restricted internet, I need disconnected UPI installation procedures so I can deploy in air-gapped Azure subscriptions.",Install a cluster in a disconnected environment,full,modules/installation-configure-proxy.adoc,installing/installing_azure/upi/installing-restricted-networks-azure-user-provisioned.adoc,existing,leveloffset=+2; assembly context=installing-restricted-networks-azure-user-provisioned,folds 2 source jobs: Install on Azure in a disconnected environment (UPI); Install on Azure in a disconnected environment (IPI)
Install an Azure cluster in a disconnected environment,"When my Azure UPI environment has restricted internet, I need disconnected UPI installation procedures so I can deploy in air-gapped Azure subscriptions.",Install a cluster in a disconnected environment,full,modules/installation-user-infra-exporting-common-variables-arm-templates.adoc,installing/installing_azure/upi/installing-restricted-networks-azure-user-provisioned.adoc,existing,leveloffset=+2; assembly context=installing-restricted-networks-azure-user-provisioned,folds 2 source jobs: Install on Azure in a disconnected environment (UPI); Install on Azure in a disconnected environment (IPI)
Install an Azure cluster in a disconnected environment,"When my Azure UPI environment has restricted internet, I need disconnected UPI installation procedures so I can deploy in air-gapped Azure subscriptions.",Install a cluster in a disconnected environment,full,modules/installation-user-infra-generate-k8s-manifest-ignition.adoc,installing/installing_azure/upi/installing-restricted-networks-azure-user-provisioned.adoc,existing,leveloffset=+2; assembly context=installing-restricted-networks-azure-user-provisioned,folds 2 source jobs: Install on Azure in a disconnected environment (UPI); Install on Azure in a disconnected environment (IPI)
Install an Azure cluster in a disconnected environment,"When my Azure UPI environment has restricted internet, I need disconnected UPI installation procedures so I can deploy in air-gapped Azure subscriptions.",Install a cluster in a disconnected environment,full,modules/installation-azure-create-resource-group-and-identity.adoc,installing/installing_azure/upi/installing-restricted-networks-azure-user-provisioned.adoc,existing,leveloffset=+1; assembly context=installing-restricted-networks-azure-user-provisioned,folds 2 source jobs: Install on Azure in a disconnected environment (UPI); Install on Azure in a disconnected environment (IPI)
Install an Azure cluster in a disconnected environment,"When my Azure UPI environment has restricted internet, I need disconnected UPI installation procedures so I can deploy in air-gapped Azure subscriptions.",Install a cluster in a disconnected environment,full,modules/installation-azure-user-infra-uploading-rhcos.adoc,installing/installing_azure/upi/installing-restricted-networks-azure-user-provisioned.adoc,existing,leveloffset=+1; assembly context=installing-restricted-networks-azure-user-provisioned,folds 2 source jobs: Install on Azure in a disconnected environment (UPI); Install on Azure in a disconnected environment (IPI)
Install an Azure cluster in a disconnected environment,"When my Azure UPI environment has restricted internet, I need disconnected UPI installation procedures so I can deploy in air-gapped Azure subscriptions.",Install a cluster in a disconnected environment,full,modules/installation-azure-create-dns-zones.adoc,installing/installing_azure/upi/installing-restricted-networks-azure-user-provisioned.adoc,existing,leveloffset=+1; assembly context=installing-restricted-networks-azure-user-provisioned,folds 2 source jobs: Install on Azure in a disconnected environment (UPI); Install on Azure in a disconnected environment (IPI)
Install an Azure cluster in a disconnected environment,"When my Azure UPI environment has restricted internet, I need disconnected UPI installation procedures so I can deploy in air-gapped Azure subscriptions.",Install a cluster in a disconnected environment,full,modules/installation-creating-azure-vnet.adoc,installing/installing_azure/upi/installing-restricted-networks-azure-user-provisioned.adoc,existing,leveloffset=+1; assembly context=installing-restricted-networks-azure-user-provisioned,folds 2 source jobs: Install on Azure in a disconnected environment (UPI); Install on Azure in a disconnected environment (IPI)
Install an Azure cluster in a disconnected environment,"When my Azure UPI environment has restricted internet, I need disconnected UPI installation procedures so I can deploy in air-gapped Azure subscriptions.",Install a cluster in a disconnected environment,full,modules/installation-arm-vnet.adoc,installing/installing_azure/upi/installing-restricted-networks-azure-user-provisioned.adoc,existing,leveloffset=+2; assembly context=installing-restricted-networks-azure-user-provisioned,folds 2 source jobs: Install on Azure in a disconnected environment (UPI); Install on Azure in a disconnected environment (IPI)
Install an Azure cluster in a disconnected environment,"When my Azure UPI environment has restricted internet, I need disconnected UPI installation procedures so I can deploy in air-gapped Azure subscriptions.",Install a cluster in a disconnected environment,full,modules/installation-azure-user-infra-deploying-rhcos.adoc,installing/installing_azure/upi/installing-restricted-networks-azure-user-provisioned.adoc,existing,leveloffset=+1; assembly context=installing-restricted-networks-azure-user-provisioned,folds 2 source jobs: Install on Azure in a disconnected environment (UPI); Install on Azure in a disconnected environment (IPI)
Install an Azure cluster in a disconnected environment,"When my Azure UPI environment has restricted internet, I need disconnected UPI installation procedures so I can deploy in air-gapped Azure subscriptions.",Install a cluster in a disconnected environment,full,modules/installation-arm-image-storage.adoc,installing/installing_azure/upi/installing-restricted-networks-azure-user-provisioned.adoc,existing,leveloffset=+2; assembly context=installing-restricted-networks-azure-user-provisioned,folds 2 source jobs: Install on Azure in a disconnected environment (UPI); Install on Azure in a disconnected environment (IPI)
Install an Azure cluster in a disconnected environment,"When my Azure UPI environment has restricted internet, I need disconnected UPI installation procedures so I can deploy in air-gapped Azure subscriptions.",Install a cluster in a disconnected environment,full,modules/installation-network-user-infra.adoc,installing/installing_azure/upi/installing-restricted-networks-azure-user-provisioned.adoc,existing,leveloffset=+1; assembly context=installing-restricted-networks-azure-user-provisioned,folds 2 source jobs: Install on Azure in a disconnected environment (UPI); Install on Azure in a disconnected environment (IPI)
Install an Azure cluster in a disconnected environment,"When my Azure UPI environment has restricted internet, I need disconnected UPI installation procedures so I can deploy in air-gapped Azure subscriptions.",Install a cluster in a disconnected environment,full,modules/installation-creating-azure-dns.adoc,installing/installing_azure/upi/installing-restricted-networks-azure-user-provisioned.adoc,existing,leveloffset=+1; assembly context=installing-restricted-networks-azure-user-provisioned,folds 2 source jobs: Install on Azure in a disconnected environment (UPI); Install on Azure in a disconnected environment (IPI)
Install an Azure cluster in a disconnected environment,"When my Azure UPI environment has restricted internet, I need disconnected UPI installation procedures so I can deploy in air-gapped Azure subscriptions.",Install a cluster in a disconnected environment,full,modules/installation-arm-dns.adoc,installing/installing_azure/upi/installing-restricted-networks-azure-user-provisioned.adoc,existing,leveloffset=+2; assembly context=installing-restricted-networks-azure-user-provisioned,folds 2 source jobs: Install on Azure in a disconnected environment (UPI); Install on Azure in a disconnected environment (IPI)
Install an Azure cluster in a disconnected environment,"When my Azure UPI environment has restricted internet, I need disconnected UPI installation procedures so I can deploy in air-gapped Azure subscriptions.",Install a cluster in a disconnected environment,full,modules/installation-creating-azure-bootstrap.adoc,installing/installing_azure/upi/installing-restricted-networks-azure-user-provisioned.adoc,existing,leveloffset=+1; assembly context=installing-restricted-networks-azure-user-provisioned,folds 2 source jobs: Install on Azure in a disconnected environment (UPI); Install on Azure in a disconnected environment (IPI)
Install an Azure cluster in a disconnected environment,"When my Azure UPI environment has restricted internet, I need disconnected UPI installation procedures so I can deploy in air-gapped Azure subscriptions.",Install a cluster in a disconnected environment,full,modules/installation-arm-bootstrap.adoc,installing/installing_azure/upi/installing-restricted-networks-azure-user-provisioned.adoc,existing,leveloffset=+2; assembly context=installing-restricted-networks-azure-user-provisioned,folds 2 source jobs: Install on Azure in a disconnected environment (UPI); Install on Azure in a disconnected environment (IPI)
Install an Azure cluster in a disconnected environment,"When my Azure UPI environment has restricted internet, I need disconnected UPI installation procedures so I can deploy in air-gapped Azure subscriptions.",Install a cluster in a disconnected environment,full,modules/installation-creating-azure-control-plane.adoc,installing/installing_azure/upi/installing-restricted-networks-azure-user-provisioned.adoc,existing,leveloffset=+1; assembly context=installing-restricted-networks-azure-user-provisioned,folds 2 source jobs: Install on Azure in a disconnected environment (UPI); Install on Azure in a disconnected environment (IPI)
Install an Azure cluster in a disconnected environment,"When my Azure UPI environment has restricted internet, I need disconnected UPI installation procedures so I can deploy in air-gapped Azure subscriptions.",Install a cluster in a disconnected environment,full,modules/installation-arm-control-plane.adoc,installing/installing_azure/upi/installing-restricted-networks-azure-user-provisioned.adoc,existing,leveloffset=+2; assembly context=installing-restricted-networks-azure-user-provisioned,folds 2 source jobs: Install on Azure in a disconnected environment (UPI); Install on Azure in a disconnected environment (IPI)
Install an Azure cluster in a disconnected environment,"When my Azure UPI environment has restricted internet, I need disconnected UPI installation procedures so I can deploy in air-gapped Azure subscriptions.",Install a cluster in a disconnected environment,full,modules/installation-azure-user-infra-wait-for-bootstrap.adoc,installing/installing_azure/upi/installing-restricted-networks-azure-user-provisioned.adoc,existing,leveloffset=+1; assembly context=installing-restricted-networks-azure-user-provisioned,folds 2 source jobs: Install on Azure in a disconnected environment (UPI); Install on Azure in a disconnected environment (IPI)
Install an Azure cluster in a disconnected environment,"When my Azure UPI environment has restricted internet, I need disconnected UPI installation procedures so I can deploy in air-gapped Azure subscriptions.",Install a cluster in a disconnected environment,full,modules/installation-creating-azure-worker.adoc,installing/installing_azure/upi/installing-restricted-networks-azure-user-provisioned.adoc,existing,leveloffset=+1; assembly context=installing-restricted-networks-azure-user-provisioned,folds 2 source jobs: Install on Azure in a disconnected environment (UPI); Install on Azure in a disconnected environment (IPI)
Install an Azure cluster in a disconnected environment,"When my Azure UPI environment has restricted internet, I need disconnected UPI installation procedures so I can deploy in air-gapped Azure subscriptions.",Install a cluster in a disconnected environment,full,modules/installation-arm-worker.adoc,installing/installing_azure/upi/installing-restricted-networks-azure-user-provisioned.adoc,existing,leveloffset=+2; assembly context=installing-restricted-networks-azure-user-provisioned,folds 2 source jobs: Install on Azure in a disconnected environment (UPI); Install on Azure in a disconnected environment (IPI)
Install an Azure cluster in a disconnected environment,"When my Azure UPI environment has restricted internet, I need disconnected UPI installation procedures so I can deploy in air-gapped Azure subscriptions.",Install a cluster in a disconnected environment,full,modules/cli-installing-cli-linux.adoc,installing/installing_azure/upi/installing-restricted-networks-azure-user-provisioned.adoc,existing,leveloffset=+1; assembly context=installing-restricted-networks-azure-user-provisioned,folds 2 source jobs: Install on Azure in a disconnected environment (UPI); Install on Azure in a disconnected environment (IPI)
Install an Azure cluster in a disconnected environment,"When my Azure UPI environment has restricted internet, I need disconnected UPI installation procedures so I can deploy in air-gapped Azure subscriptions.",Install a cluster in a disconnected environment,full,modules/cli-installing-cli-windows.adoc,installing/installing_azure/upi/installing-restricted-networks-azure-user-provisioned.adoc,existing,leveloffset=+1; assembly context=installing-restricted-networks-azure-user-provisioned,folds 2 source jobs: Install on Azure in a disconnected environment (UPI); Install on Azure in a disconnected environment (IPI)
Install an Azure cluster in a disconnected environment,"When my Azure UPI environment has restricted internet, I need disconnected UPI installation procedures so I can deploy in air-gapped Azure subscriptions.",Install a cluster in a disconnected environment,full,modules/cli-installing-cli-macos.adoc,installing/installing_azure/upi/installing-restricted-networks-azure-user-provisioned.adoc,existing,leveloffset=+1; assembly context=installing-restricted-networks-azure-user-provisioned,folds 2 source jobs: Install on Azure in a disconnected environment (UPI); Install on Azure in a disconnected environment (IPI)
Install an Azure cluster in a disconnected environment,"When my Azure UPI environment has restricted internet, I need disconnected UPI installation procedures so I can deploy in air-gapped Azure subscriptions.",Install a cluster in a disconnected environment,full,modules/cli-logging-in-kubeadmin.adoc,installing/installing_azure/upi/installing-restricted-networks-azure-user-provisioned.adoc,existing,leveloffset=+1; assembly context=installing-restricted-networks-azure-user-provisioned,folds 2 source jobs: Install on Azure in a disconnected environment (UPI); Install on Azure in a disconnected environment (IPI)
Install an Azure cluster in a disconnected environment,"When my Azure UPI environment has restricted internet, I need disconnected UPI installation procedures so I can deploy in air-gapped Azure subscriptions.",Install a cluster in a disconnected environment,full,modules/installation-approve-csrs.adoc,installing/installing_azure/upi/installing-restricted-networks-azure-user-provisioned.adoc,existing,leveloffset=+1; assembly context=installing-restricted-networks-azure-user-provisioned,folds 2 source jobs: Install on Azure in a disconnected environment (UPI); Install on Azure in a disconnected environment (IPI)
Install an Azure cluster in a disconnected environment,"When my Azure UPI environment has restricted internet, I need disconnected UPI installation procedures so I can deploy in air-gapped Azure subscriptions.",Install a cluster in a disconnected environment,full,modules/installation-azure-create-ingress-dns-records.adoc,installing/installing_azure/upi/installing-restricted-networks-azure-user-provisioned.adoc,existing,leveloffset=+1; assembly context=installing-restricted-networks-azure-user-provisioned,folds 2 source jobs: Install on Azure in a disconnected environment (UPI); Install on Azure in a disconnected environment (IPI)
Install an Azure cluster in a disconnected environment,"When my Azure UPI environment has restricted internet, I need disconnected UPI installation procedures so I can deploy in air-gapped Azure subscriptions.",Install a cluster in a disconnected environment,full,modules/installation-azure-user-infra-completing.adoc,installing/installing_azure/upi/installing-restricted-networks-azure-user-provisioned.adoc,existing,leveloffset=+1; assembly context=installing-restricted-networks-azure-user-provisioned,folds 2 source jobs: Install on Azure in a disconnected environment (UPI); Install on Azure in a disconnected environment (IPI)
Install an Azure cluster in a disconnected environment,"When my Azure UPI environment has restricted internet, I need disconnected UPI installation procedures so I can deploy in air-gapped Azure subscriptions.",Install a cluster in a disconnected environment,full,modules/cluster-telemetry.adoc,installing/installing_azure/upi/installing-restricted-networks-azure-user-provisioned.adoc,existing,leveloffset=+1; assembly context=installing-restricted-networks-azure-user-provisioned,folds 2 source jobs: Install on Azure in a disconnected environment (UPI); Install on Azure in a disconnected environment (IPI)
Install an Azure cluster in a disconnected environment,"When my Azure UPI environment has restricted internet, I need disconnected UPI installation procedures so I can deploy in air-gapped Azure subscriptions.",Install a cluster in a disconnected environment,full,modules/installation-azure-user-defined-routing.adoc,installing/installing_azure/ipi/installing-restricted-networks-azure-installer-provisioned.adoc,existing,leveloffset=+2; assembly context=installing-restricted-networks-azure-installer-provisioned,folds 2 source jobs: Install on Azure in a disconnected environment (UPI); Install on Azure in a disconnected environment (IPI)
Install an Azure cluster in a disconnected environment,"When my Azure UPI environment has restricted internet, I need disconnected UPI installation procedures so I can deploy in air-gapped Azure subscriptions.",Install a cluster in a disconnected environment,full,modules/installation-about-custom-azure-vnet.adoc,installing/installing_azure/ipi/installing-restricted-networks-azure-installer-provisioned.adoc,existing,leveloffset=+1; assembly context=installing-restricted-networks-azure-installer-provisioned,folds 2 source jobs: Install on Azure in a disconnected environment (UPI); Install on Azure in a disconnected environment (IPI)
Install an Azure cluster in a disconnected environment,"When my Azure UPI environment has restricted internet, I need disconnected UPI installation procedures so I can deploy in air-gapped Azure subscriptions.",Install a cluster in a disconnected environment,full,modules/installation-about-custom-azure-vnet-requirements.adoc,installing/installing_azure/ipi/installing-restricted-networks-azure-installer-provisioned.adoc,existing,leveloffset=+2; assembly context=installing-restricted-networks-azure-installer-provisioned,folds 2 source jobs: Install on Azure in a disconnected environment (UPI); Install on Azure in a disconnected environment (IPI)
Install an Azure cluster in a disconnected environment,"When my Azure UPI environment has restricted internet, I need disconnected UPI installation procedures so I can deploy in air-gapped Azure subscriptions.",Install a cluster in a disconnected environment,full,modules/installation-about-custom-azure-permissions.adoc,installing/installing_azure/ipi/installing-restricted-networks-azure-installer-provisioned.adoc,existing,leveloffset=+2; assembly context=installing-restricted-networks-azure-installer-provisioned,folds 2 source jobs: Install on Azure in a disconnected environment (UPI); Install on Azure in a disconnected environment (IPI)
Install an Azure cluster in a disconnected environment,"When my Azure UPI environment has restricted internet, I need disconnected UPI installation procedures so I can deploy in air-gapped Azure subscriptions.",Install a cluster in a disconnected environment,full,modules/installation-about-custom-azure-vnet-isolation.adoc,installing/installing_azure/ipi/installing-restricted-networks-azure-installer-provisioned.adoc,existing,leveloffset=+2; assembly context=installing-restricted-networks-azure-installer-provisioned,folds 2 source jobs: Install on Azure in a disconnected environment (UPI); Install on Azure in a disconnected environment (IPI)
Install an Azure cluster in a disconnected environment,"When my Azure UPI environment has restricted internet, I need disconnected UPI installation procedures so I can deploy in air-gapped Azure subscriptions.",Install a cluster in a disconnected environment,full,modules/installation-azure-trusted-launch.adoc,installing/installing_azure/ipi/installing-restricted-networks-azure-installer-provisioned.adoc,existing,leveloffset=+2; assembly context=installing-restricted-networks-azure-installer-provisioned,folds 2 source jobs: Install on Azure in a disconnected environment (UPI); Install on Azure in a disconnected environment (IPI)
Install an Azure cluster in a disconnected environment,"When my Azure UPI environment has restricted internet, I need disconnected UPI installation procedures so I can deploy in air-gapped Azure subscriptions.",Install a cluster in a disconnected environment,full,modules/installation-azure-confidential-vms.adoc,installing/installing_azure/ipi/installing-restricted-networks-azure-installer-provisioned.adoc,existing,leveloffset=+2; assembly context=installing-restricted-networks-azure-installer-provisioned,folds 2 source jobs: Install on Azure in a disconnected environment (UPI); Install on Azure in a disconnected environment (IPI)
Install an Azure cluster in a disconnected environment,"When my Azure UPI environment has restricted internet, I need disconnected UPI installation procedures so I can deploy in air-gapped Azure subscriptions.",Install a cluster in a disconnected environment,full,modules/installation-azure-dedicated-disks.adoc,installing/installing_azure/ipi/installing-restricted-networks-azure-installer-provisioned.adoc,existing,leveloffset=+2; assembly context=installing-restricted-networks-azure-installer-provisioned,folds 2 source jobs: Install on Azure in a disconnected environment (UPI); Install on Azure in a disconnected environment (IPI)
Install an Azure cluster in a disconnected environment,"When my Azure UPI environment has restricted internet, I need disconnected UPI installation procedures so I can deploy in air-gapped Azure subscriptions.",Install a cluster in a disconnected environment,full,modules/installing-azure-managing-dns-solution.adoc,installing/installing_azure/ipi/installing-restricted-networks-azure-installer-provisioned.adoc,existing,leveloffset=+2; assembly context=installing-restricted-networks-azure-installer-provisioned,folds 2 source jobs: Install on Azure in a disconnected environment (UPI); Install on Azure in a disconnected environment (IPI)
Install an Azure cluster in a disconnected environment,"When my Azure UPI environment has restricted internet, I need disconnected UPI installation procedures so I can deploy in air-gapped Azure subscriptions.",Install a cluster in a disconnected environment,full,modules/installation-azure-config-yaml-simple.adoc,installing/installing_azure/ipi/installing-restricted-networks-azure-installer-provisioned.adoc,existing,leveloffset=+2; assembly context=installing-restricted-networks-azure-installer-provisioned,folds 2 source jobs: Install on Azure in a disconnected environment (UPI); Install on Azure in a disconnected environment (IPI)
Install an Azure cluster in a disconnected environment,"When my Azure UPI environment has restricted internet, I need disconnected UPI installation procedures so I can deploy in air-gapped Azure subscriptions.",Install a cluster in a disconnected environment,full,modules/installing-azure-manual-modes.adoc,installing/installing_azure/ipi/installing-restricted-networks-azure-installer-provisioned.adoc,existing,leveloffset=+1; assembly context=installing-restricted-networks-azure-installer-provisioned,folds 2 source jobs: Install on Azure in a disconnected environment (UPI); Install on Azure in a disconnected environment (IPI)
Install an Azure cluster in a disconnected environment,"When my Azure UPI environment has restricted internet, I need disconnected UPI installation procedures so I can deploy in air-gapped Azure subscriptions.",Install a cluster in a disconnected environment,full,modules/manually-create-identity-access-management.adoc,installing/installing_azure/ipi/installing-restricted-networks-azure-installer-provisioned.adoc,existing,leveloffset=+2; assembly context=installing-restricted-networks-azure-installer-provisioned,folds 2 source jobs: Install on Azure in a disconnected environment (UPI); Install on Azure in a disconnected environment (IPI)
Install an Azure cluster in a disconnected environment,"When my Azure UPI environment has restricted internet, I need disconnected UPI installation procedures so I can deploy in air-gapped Azure subscriptions.",Install a cluster in a disconnected environment,full,modules/installing-azure-with-short-term-creds.adoc,installing/installing_azure/ipi/installing-restricted-networks-azure-installer-provisioned.adoc,existing,leveloffset=+2; assembly context=installing-restricted-networks-azure-installer-provisioned,folds 2 source jobs: Install on Azure in a disconnected environment (UPI); Install on Azure in a disconnected environment (IPI)
Install an Azure cluster in a disconnected environment,"When my Azure UPI environment has restricted internet, I need disconnected UPI installation procedures so I can deploy in air-gapped Azure subscriptions.",Install a cluster in a disconnected environment,full,modules/cco-ccoctl-configuring.adoc,installing/installing_azure/ipi/installing-restricted-networks-azure-installer-provisioned.adoc,existing,leveloffset=+3; assembly context=installing-restricted-networks-azure-installer-provisioned,folds 2 source jobs: Install on Azure in a disconnected environment (UPI); Install on Azure in a disconnected environment (IPI)
Install an Azure cluster in a disconnected environment,"When my Azure UPI environment has restricted internet, I need disconnected UPI installation procedures so I can deploy in air-gapped Azure subscriptions.",Install a cluster in a disconnected environment,full,modules/cco-ccoctl-creating-at-once.adoc,installing/installing_azure/ipi/installing-restricted-networks-azure-installer-provisioned.adoc,existing,leveloffset=+3; assembly context=installing-restricted-networks-azure-installer-provisioned,folds 2 source jobs: Install on Azure in a disconnected environment (UPI); Install on Azure in a disconnected environment (IPI)
Install an Azure cluster in a disconnected environment,"When my Azure UPI environment has restricted internet, I need disconnected UPI installation procedures so I can deploy in air-gapped Azure subscriptions.",Install a cluster in a disconnected environment,full,modules/cco-ccoctl-install-creating-manifests.adoc,installing/installing_azure/ipi/installing-restricted-networks-azure-installer-provisioned.adoc,existing,leveloffset=+3; assembly context=installing-restricted-networks-azure-installer-provisioned,folds 2 source jobs: Install on Azure in a disconnected environment (UPI); Install on Azure in a disconnected environment (IPI)
Install an Azure cluster in a disconnected environment,"When my Azure UPI environment has restricted internet, I need disconnected UPI installation procedures so I can deploy in air-gapped Azure subscriptions.",Install a cluster in a disconnected environment,full,modules/installation-launching-installer.adoc,installing/installing_azure/ipi/installing-restricted-networks-azure-installer-provisioned.adoc,existing,leveloffset=+1; assembly context=installing-restricted-networks-azure-installer-provisioned,folds 2 source jobs: Install on Azure in a disconnected environment (UPI); Install on Azure in a disconnected environment (IPI)
Install an Azure cluster in a disconnected environment,"When my Azure UPI environment has restricted internet, I need disconnected UPI installation procedures so I can deploy in air-gapped Azure subscriptions.",Install a cluster in a disconnected environment,full,modules/installing-azure-provisioning-dns-records.adoc,installing/installing_azure/ipi/installing-restricted-networks-azure-installer-provisioned.adoc,existing,leveloffset=+1; assembly context=installing-restricted-networks-azure-installer-provisioned,folds 2 source jobs: Install on Azure in a disconnected environment (UPI); Install on Azure in a disconnected environment (IPI)
Install a Nutanix cluster in a disconnected environment,"When my Nutanix environment has no internet, I need disconnected installation procedures so I can deploy in restricted Nutanix clusters.",Install a cluster in a disconnected environment,full,modules/installation-about-restricted-network.adoc,installing/installing_nutanix/installing-restricted-networks-nutanix-installer-provisioned.adoc,existing,leveloffset=+1; assembly context=installing-restricted-networks-nutanix-installer-provisioned,folds 1 source jobs: Install on Nutanix in a disconnected environment
Install a Nutanix cluster in a disconnected environment,"When my Nutanix environment has no internet, I need disconnected installation procedures so I can deploy in restricted Nutanix clusters.",Install a cluster in a disconnected environment,full,modules/ssh-agent-using.adoc,installing/installing_nutanix/installing-restricted-networks-nutanix-installer-provisioned.adoc,existing,leveloffset=+1; assembly context=installing-restricted-networks-nutanix-installer-provisioned,folds 1 source jobs: Install on Nutanix in a disconnected environment
Install a Nutanix cluster in a disconnected environment,"When my Nutanix environment has no internet, I need disconnected installation procedures so I can deploy in restricted Nutanix clusters.",Install a cluster in a disconnected environment,full,modules/installation-adding-nutanix-root-certificates.adoc,installing/installing_nutanix/installing-restricted-networks-nutanix-installer-provisioned.adoc,existing,leveloffset=+1; assembly context=installing-restricted-networks-nutanix-installer-provisioned,folds 1 source jobs: Install on Nutanix in a disconnected environment
Install a Nutanix cluster in a disconnected environment,"When my Nutanix environment has no internet, I need disconnected installation procedures so I can deploy in restricted Nutanix clusters.",Install a cluster in a disconnected environment,full,modules/installation-nutanix-download-rhcos.adoc,installing/installing_nutanix/installing-restricted-networks-nutanix-installer-provisioned.adoc,existing,leveloffset=+1; assembly context=installing-restricted-networks-nutanix-installer-provisioned,folds 1 source jobs: Install on Nutanix in a disconnected environment
Install a Nutanix cluster in a disconnected environment,"When my Nutanix environment has no internet, I need disconnected installation procedures so I can deploy in restricted Nutanix clusters.",Install a cluster in a disconnected environment,full,modules/installation-initializing.adoc,installing/installing_nutanix/installing-restricted-networks-nutanix-installer-provisioned.adoc,existing,leveloffset=+1; assembly context=installing-restricted-networks-nutanix-installer-provisioned,folds 1 source jobs: Install on Nutanix in a disconnected environment
Install a Nutanix cluster in a disconnected environment,"When my Nutanix environment has no internet, I need disconnected installation procedures so I can deploy in restricted Nutanix clusters.",Install a cluster in a disconnected environment,full,modules/installation-nutanix-config-yaml.adoc,installing/installing_nutanix/installing-restricted-networks-nutanix-installer-provisioned.adoc,existing,leveloffset=+2; assembly context=installing-restricted-networks-nutanix-installer-provisioned,folds 1 source jobs: Install on Nutanix in a disconnected environment
Install a Nutanix cluster in a disconnected environment,"When my Nutanix environment has no internet, I need disconnected installation procedures so I can deploy in restricted Nutanix clusters.",Install a cluster in a disconnected environment,full,modules/installation-configuring-nutanix-failure-domains.adoc,installing/installing_nutanix/installing-restricted-networks-nutanix-installer-provisioned.adoc,existing,leveloffset=+2; assembly context=installing-restricted-networks-nutanix-installer-provisioned,folds 1 source jobs: Install on Nutanix in a disconnected environment
Install a Nutanix cluster in a disconnected environment,"When my Nutanix environment has no internet, I need disconnected installation procedures so I can deploy in restricted Nutanix clusters.",Install a cluster in a disconnected environment,full,modules/installation-configure-proxy.adoc,installing/installing_nutanix/installing-restricted-networks-nutanix-installer-provisioned.adoc,existing,leveloffset=+2; assembly context=installing-restricted-networks-nutanix-installer-provisioned,folds 1 source jobs: Install on Nutanix in a disconnected environment
Install a Nutanix cluster in a disconnected environment,"When my Nutanix environment has no internet, I need disconnected installation procedures so I can deploy in restricted Nutanix clusters.",Install a cluster in a disconnected environment,full,modules/cli-installing-cli-linux.adoc,installing/installing_nutanix/installing-restricted-networks-nutanix-installer-provisioned.adoc,existing,leveloffset=+1; assembly context=installing-restricted-networks-nutanix-installer-provisioned,folds 1 source jobs: Install on Nutanix in a disconnected environment
Install a Nutanix cluster in a disconnected environment,"When my Nutanix environment has no internet, I need disconnected installation procedures so I can deploy in restricted Nutanix clusters.",Install a cluster in a disconnected environment,full,modules/cli-installing-cli-windows.adoc,installing/installing_nutanix/installing-restricted-networks-nutanix-installer-provisioned.adoc,existing,leveloffset=+1; assembly context=installing-restricted-networks-nutanix-installer-provisioned,folds 1 source jobs: Install on Nutanix in a disconnected environment
Install a Nutanix cluster in a disconnected environment,"When my Nutanix environment has no internet, I need disconnected installation procedures so I can deploy in restricted Nutanix clusters.",Install a cluster in a disconnected environment,full,modules/cli-installing-cli-macos.adoc,installing/installing_nutanix/installing-restricted-networks-nutanix-installer-provisioned.adoc,existing,leveloffset=+1; assembly context=installing-restricted-networks-nutanix-installer-provisioned,folds 1 source jobs: Install on Nutanix in a disconnected environment
Install a Nutanix cluster in a disconnected environment,"When my Nutanix environment has no internet, I need disconnected installation procedures so I can deploy in restricted Nutanix clusters.",Install a cluster in a disconnected environment,full,modules/manually-configure-iam-nutanix.adoc,installing/installing_nutanix/installing-restricted-networks-nutanix-installer-provisioned.adoc,existing,leveloffset=+1; assembly context=installing-restricted-networks-nutanix-installer-provisioned,folds 1 source jobs: Install on Nutanix in a disconnected environment
Install a Nutanix cluster in a disconnected environment,"When my Nutanix environment has no internet, I need disconnected installation procedures so I can deploy in restricted Nutanix clusters.",Install a cluster in a disconnected environment,full,modules/installation-launching-installer.adoc,installing/installing_nutanix/installing-restricted-networks-nutanix-installer-provisioned.adoc,existing,leveloffset=+1; assembly context=installing-restricted-networks-nutanix-installer-provisioned,folds 1 source jobs: Install on Nutanix in a disconnected environment
Install a Nutanix cluster in a disconnected environment,"When my Nutanix environment has no internet, I need disconnected installation procedures so I can deploy in restricted Nutanix clusters.",Install a cluster in a disconnected environment,full,modules/olm-restricted-networks-configuring-operatorhub.adoc,installing/installing_nutanix/installing-restricted-networks-nutanix-installer-provisioned.adoc,existing,leveloffset=+1; assembly context=installing-restricted-networks-nutanix-installer-provisioned,folds 1 source jobs: Install on Nutanix in a disconnected environment
Install a Nutanix cluster in a disconnected environment,"When my Nutanix environment has no internet, I need disconnected installation procedures so I can deploy in restricted Nutanix clusters.",Install a cluster in a disconnected environment,full,modules/oc-mirror-updating-restricted-cluster-manifests.adoc,installing/installing_nutanix/installing-restricted-networks-nutanix-installer-provisioned.adoc,existing,leveloffset=+1; assembly context=installing-restricted-networks-nutanix-installer-provisioned,folds 1 source jobs: Install on Nutanix in a disconnected environment
Install a Nutanix cluster in a disconnected environment,"When my Nutanix environment has no internet, I need disconnected installation procedures so I can deploy in restricted Nutanix clusters.",Install a cluster in a disconnected environment,full,modules/registry-configuring-storage-nutanix.adoc,installing/installing_nutanix/installing-restricted-networks-nutanix-installer-provisioned.adoc,existing,leveloffset=+1; assembly context=installing-restricted-networks-nutanix-installer-provisioned,folds 1 source jobs: Install on Nutanix in a disconnected environment
Install a Nutanix cluster in a disconnected environment,"When my Nutanix environment has no internet, I need disconnected installation procedures so I can deploy in restricted Nutanix clusters.",Install a cluster in a disconnected environment,full,modules/cluster-telemetry.adoc,installing/installing_nutanix/installing-restricted-networks-nutanix-installer-provisioned.adoc,existing,leveloffset=+1; assembly context=installing-restricted-networks-nutanix-installer-provisioned,folds 1 source jobs: Install on Nutanix in a disconnected environment
Install an OpenStack cluster in a disconnected environment,"When my OpenStack environment has no internet, I need disconnected installation procedures.",Install a cluster in a disconnected environment,full,modules/installation-about-restricted-network.adoc,installing/installing_openstack/installing-openstack-installer-restricted.adoc,existing,leveloffset=+1; assembly context=installing-openstack-installer-restricted,folds 1 source jobs: Install on OpenStack in a disconnected environment
Install an OpenStack cluster in a disconnected environment,"When my OpenStack environment has no internet, I need disconnected installation procedures.",Install a cluster in a disconnected environment,full,modules/installation-osp-default-deployment.adoc,installing/installing_openstack/installing-openstack-installer-restricted.adoc,existing,leveloffset=+1; assembly context=installing-openstack-installer-restricted,folds 1 source jobs: Install on OpenStack in a disconnected environment
Install an OpenStack cluster in a disconnected environment,"When my OpenStack environment has no internet, I need disconnected installation procedures.",Install a cluster in a disconnected environment,full,modules/installation-osp-control-compute-machines.adoc,installing/installing_openstack/installing-openstack-installer-restricted.adoc,existing,leveloffset=+2; assembly context=installing-openstack-installer-restricted,folds 1 source jobs: Install on OpenStack in a disconnected environment
Install an OpenStack cluster in a disconnected environment,"When my OpenStack environment has no internet, I need disconnected installation procedures.",Install a cluster in a disconnected environment,full,modules/installation-osp-compute-machines.adoc,installing/installing_openstack/installing-openstack-installer-restricted.adoc,existing,leveloffset=+2; assembly context=installing-openstack-installer-restricted,folds 1 source jobs: Install on OpenStack in a disconnected environment
Install an OpenStack cluster in a disconnected environment,"When my OpenStack environment has no internet, I need disconnected installation procedures.",Install a cluster in a disconnected environment,full,modules/installation-osp-bootstrap-machine.adoc,installing/installing_openstack/installing-openstack-installer-restricted.adoc,existing,leveloffset=+2; assembly context=installing-openstack-installer-restricted,folds 1 source jobs: Install on OpenStack in a disconnected environment
Install an OpenStack cluster in a disconnected environment,"When my OpenStack environment has no internet, I need disconnected installation procedures.",Install a cluster in a disconnected environment,full,modules/cluster-entitlements.adoc,installing/installing_openstack/installing-openstack-installer-restricted.adoc,existing,leveloffset=+1; assembly context=installing-openstack-installer-restricted,folds 1 source jobs: Install on OpenStack in a disconnected environment
Install an OpenStack cluster in a disconnected environment,"When my OpenStack environment has no internet, I need disconnected installation procedures.",Install a cluster in a disconnected environment,full,modules/installation-osp-enabling-swift.adoc,installing/installing_openstack/installing-openstack-installer-restricted.adoc,existing,leveloffset=+1; assembly context=installing-openstack-installer-restricted,folds 1 source jobs: Install on OpenStack in a disconnected environment
Install an OpenStack cluster in a disconnected environment,"When my OpenStack environment has no internet, I need disconnected installation procedures.",Install a cluster in a disconnected environment,full,modules/installation-osp-describing-cloud-parameters.adoc,installing/installing_openstack/installing-openstack-installer-restricted.adoc,existing,leveloffset=+1; assembly context=installing-openstack-installer-restricted,folds 1 source jobs: Install on OpenStack in a disconnected environment
Install an OpenStack cluster in a disconnected environment,"When my OpenStack environment has no internet, I need disconnected installation procedures.",Install a cluster in a disconnected environment,full,modules/installation-osp-setting-cloud-provider-options.adoc,installing/installing_openstack/installing-openstack-installer-restricted.adoc,existing,leveloffset=+1; assembly context=installing-openstack-installer-restricted,folds 1 source jobs: Install on OpenStack in a disconnected environment
Install an OpenStack cluster in a disconnected environment,"When my OpenStack environment has no internet, I need disconnected installation procedures.",Install a cluster in a disconnected environment,full,modules/installation-creating-image-restricted.adoc,installing/installing_openstack/installing-openstack-installer-restricted.adoc,existing,leveloffset=+1; assembly context=installing-openstack-installer-restricted,folds 1 source jobs: Install on OpenStack in a disconnected environment
Install an OpenStack cluster in a disconnected environment,"When my OpenStack environment has no internet, I need disconnected installation procedures.",Install a cluster in a disconnected environment,full,modules/installation-initializing.adoc,installing/installing_openstack/installing-openstack-installer-restricted.adoc,existing,leveloffset=+1; assembly context=installing-openstack-installer-restricted,folds 1 source jobs: Install on OpenStack in a disconnected environment
Install an OpenStack cluster in a disconnected environment,"When my OpenStack environment has no internet, I need disconnected installation procedures.",Install a cluster in a disconnected environment,full,modules/installation-configure-proxy.adoc,installing/installing_openstack/installing-openstack-installer-restricted.adoc,existing,leveloffset=+2; assembly context=installing-openstack-installer-restricted,folds 1 source jobs: Install on OpenStack in a disconnected environment
Install an OpenStack cluster in a disconnected environment,"When my OpenStack environment has no internet, I need disconnected installation procedures.",Install a cluster in a disconnected environment,full,modules/installation-osp-restricted-config-yaml.adoc,installing/installing_openstack/installing-openstack-installer-restricted.adoc,existing,leveloffset=+2; assembly context=installing-openstack-installer-restricted,folds 1 source jobs: Install on OpenStack in a disconnected environment
Install an OpenStack cluster in a disconnected environment,"When my OpenStack environment has no internet, I need disconnected installation procedures.",Install a cluster in a disconnected environment,full,modules/ssh-agent-using.adoc,installing/installing_openstack/installing-openstack-installer-restricted.adoc,existing,leveloffset=+1; assembly context=installing-openstack-installer-restricted,folds 1 source jobs: Install on OpenStack in a disconnected environment
Install an OpenStack cluster in a disconnected environment,"When my OpenStack environment has no internet, I need disconnected installation procedures.",Install a cluster in a disconnected environment,full,modules/installation-osp-accessing-api.adoc,installing/installing_openstack/installing-openstack-installer-restricted.adoc,existing,leveloffset=+1; assembly context=installing-openstack-installer-restricted,folds 1 source jobs: Install on OpenStack in a disconnected environment
Install an OpenStack cluster in a disconnected environment,"When my OpenStack environment has no internet, I need disconnected installation procedures.",Install a cluster in a disconnected environment,full,modules/installation-osp-accessing-api-floating.adoc,installing/installing_openstack/installing-openstack-installer-restricted.adoc,existing,leveloffset=+2; assembly context=installing-openstack-installer-restricted,folds 1 source jobs: Install on OpenStack in a disconnected environment
Install an OpenStack cluster in a disconnected environment,"When my OpenStack environment has no internet, I need disconnected installation procedures.",Install a cluster in a disconnected environment,full,modules/installation-osp-accessing-api-no-floating.adoc,installing/installing_openstack/installing-openstack-installer-restricted.adoc,existing,leveloffset=+2; assembly context=installing-openstack-installer-restricted,folds 1 source jobs: Install on OpenStack in a disconnected environment
Install an OpenStack cluster in a disconnected environment,"When my OpenStack environment has no internet, I need disconnected installation procedures.",Install a cluster in a disconnected environment,full,modules/installation-launching-installer.adoc,installing/installing_openstack/installing-openstack-installer-restricted.adoc,existing,leveloffset=+1; assembly context=installing-openstack-installer-restricted,folds 1 source jobs: Install on OpenStack in a disconnected environment
Install an OpenStack cluster in a disconnected environment,"When my OpenStack environment has no internet, I need disconnected installation procedures.",Install a cluster in a disconnected environment,full,modules/installation-osp-verifying-cluster-status.adoc,installing/installing_openstack/installing-openstack-installer-restricted.adoc,existing,leveloffset=+1; assembly context=installing-openstack-installer-restricted,folds 1 source jobs: Install on OpenStack in a disconnected environment
Install an OpenStack cluster in a disconnected environment,"When my OpenStack environment has no internet, I need disconnected installation procedures.",Install a cluster in a disconnected environment,full,modules/cli-logging-in-kubeadmin.adoc,installing/installing_openstack/installing-openstack-installer-restricted.adoc,existing,leveloffset=+1; assembly context=installing-openstack-installer-restricted,folds 1 source jobs: Install on OpenStack in a disconnected environment
Install an OpenStack cluster in a disconnected environment,"When my OpenStack environment has no internet, I need disconnected installation procedures.",Install a cluster in a disconnected environment,full,modules/olm-restricted-networks-configuring-operatorhub.adoc,installing/installing_openstack/installing-openstack-installer-restricted.adoc,existing,leveloffset=+1; assembly context=installing-openstack-installer-restricted,folds 1 source jobs: Install on OpenStack in a disconnected environment
Install an OpenStack cluster in a disconnected environment,"When my OpenStack environment has no internet, I need disconnected installation procedures.",Install a cluster in a disconnected environment,full,modules/cluster-telemetry.adoc,installing/installing_openstack/installing-openstack-installer-restricted.adoc,existing,leveloffset=+1; assembly context=installing-openstack-installer-restricted,folds 1 source jobs: Install on OpenStack in a disconnected environment
Install a bare metal cluster in a disconnected environment,"When my bare metal environment has no internet access, I need to install OpenShift using mirrored content so I can deploy in air-gapped or restricted networks.",Install a cluster in a disconnected environment,full,modules/installation-about-restricted-network.adoc,installing/installing_bare_metal/upi/installing-restricted-networks-bare-metal.adoc,existing,leveloffset=+1; assembly context=installing-restricted-networks-bare-metal,folds 1 source jobs: Install on bare metal in a disconnected environment (UPI)
Install a bare metal cluster in a disconnected environment,"When my bare metal environment has no internet access, I need to install OpenShift using mirrored content so I can deploy in air-gapped or restricted networks.",Install a cluster in a disconnected environment,full,modules/cluster-entitlements.adoc,installing/installing_bare_metal/upi/installing-restricted-networks-bare-metal.adoc,existing,leveloffset=+1; assembly context=installing-restricted-networks-bare-metal,folds 1 source jobs: Install on bare metal in a disconnected environment (UPI)
Install a bare metal cluster in a disconnected environment,"When my bare metal environment has no internet access, I need to install OpenShift using mirrored content so I can deploy in air-gapped or restricted networks.",Install a cluster in a disconnected environment,full,modules/installation-machine-requirements.adoc,installing/installing_bare_metal/upi/installing-restricted-networks-bare-metal.adoc,existing,leveloffset=+2; assembly context=installing-restricted-networks-bare-metal,folds 1 source jobs: Install on bare metal in a disconnected environment (UPI)
Install a bare metal cluster in a disconnected environment,"When my bare metal environment has no internet access, I need to install OpenShift using mirrored content so I can deploy in air-gapped or restricted networks.",Install a cluster in a disconnected environment,full,modules/installation-minimum-resource-requirements.adoc,installing/installing_bare_metal/upi/installing-restricted-networks-bare-metal.adoc,existing,leveloffset=+2; assembly context=installing-restricted-networks-bare-metal,folds 1 source jobs: Install on bare metal in a disconnected environment (UPI)
Install a bare metal cluster in a disconnected environment,"When my bare metal environment has no internet access, I need to install OpenShift using mirrored content so I can deploy in air-gapped or restricted networks.",Install a cluster in a disconnected environment,full,modules/csr-management.adoc,installing/installing_bare_metal/upi/installing-restricted-networks-bare-metal.adoc,existing,leveloffset=+2; assembly context=installing-restricted-networks-bare-metal,folds 1 source jobs: Install on bare metal in a disconnected environment (UPI)
Install a bare metal cluster in a disconnected environment,"When my bare metal environment has no internet access, I need to install OpenShift using mirrored content so I can deploy in air-gapped or restricted networks.",Install a cluster in a disconnected environment,full,modules/installation-network-user-infra.adoc,installing/installing_bare_metal/upi/installing-restricted-networks-bare-metal.adoc,existing,leveloffset=+2; assembly context=installing-restricted-networks-bare-metal,folds 1 source jobs: Install on bare metal in a disconnected environment (UPI)
Install a bare metal cluster in a disconnected environment,"When my bare metal environment has no internet access, I need to install OpenShift using mirrored content so I can deploy in air-gapped or restricted networks.",Install a cluster in a disconnected environment,full,modules/installation-dns-user-infra.adoc,installing/installing_bare_metal/upi/installing-restricted-networks-bare-metal.adoc,existing,leveloffset=+2; assembly context=installing-restricted-networks-bare-metal,folds 1 source jobs: Install on bare metal in a disconnected environment (UPI)
Install a bare metal cluster in a disconnected environment,"When my bare metal environment has no internet access, I need to install OpenShift using mirrored content so I can deploy in air-gapped or restricted networks.",Install a cluster in a disconnected environment,full,modules/installation-dns-user-infra-example.adoc,installing/installing_bare_metal/upi/installing-restricted-networks-bare-metal.adoc,existing,leveloffset=+3; assembly context=installing-restricted-networks-bare-metal,folds 1 source jobs: Install on bare metal in a disconnected environment (UPI)
Install a bare metal cluster in a disconnected environment,"When my bare metal environment has no internet access, I need to install OpenShift using mirrored content so I can deploy in air-gapped or restricted networks.",Install a cluster in a disconnected environment,full,modules/installation-bare-metal-dns-record-type.adoc,installing/installing_bare_metal/upi/installing-restricted-networks-bare-metal.adoc,existing,leveloffset=+2; assembly context=installing-restricted-networks-bare-metal,folds 1 source jobs: Install on bare metal in a disconnected environment (UPI)
Install a bare metal cluster in a disconnected environment,"When my bare metal environment has no internet access, I need to install OpenShift using mirrored content so I can deploy in air-gapped or restricted networks.",Install a cluster in a disconnected environment,full,modules/installation-load-balancing-user-infra.adoc,installing/installing_bare_metal/upi/installing-restricted-networks-bare-metal.adoc,existing,leveloffset=+2; assembly context=installing-restricted-networks-bare-metal,folds 1 source jobs: Install on bare metal in a disconnected environment (UPI)
Install a bare metal cluster in a disconnected environment,"When my bare metal environment has no internet access, I need to install OpenShift using mirrored content so I can deploy in air-gapped or restricted networks.",Install a cluster in a disconnected environment,full,modules/installation-load-balancing-user-infra-example.adoc,installing/installing_bare_metal/upi/installing-restricted-networks-bare-metal.adoc,existing,leveloffset=+3; assembly context=installing-restricted-networks-bare-metal,folds 1 source jobs: Install on bare metal in a disconnected environment (UPI)
Install a bare metal cluster in a disconnected environment,"When my bare metal environment has no internet access, I need to install OpenShift using mirrored content so I can deploy in air-gapped or restricted networks.",Install a cluster in a disconnected environment,full,modules/creating-manifest-file-customized-br-ex-bridge.adoc,installing/installing_bare_metal/upi/installing-restricted-networks-bare-metal.adoc,existing,leveloffset=+1; assembly context=installing-restricted-networks-bare-metal,folds 1 source jobs: Install on bare metal in a disconnected environment (UPI)
Install a bare metal cluster in a disconnected environment,"When my bare metal environment has no internet access, I need to install OpenShift using mirrored content so I can deploy in air-gapped or restricted networks.",Install a cluster in a disconnected environment,full,modules/creating-scaling-machine-sets-compute-nodes-networking.adoc,installing/installing_bare_metal/upi/installing-restricted-networks-bare-metal.adoc,existing,leveloffset=+2; assembly context=installing-restricted-networks-bare-metal,folds 1 source jobs: Install on bare metal in a disconnected environment (UPI)
Install a bare metal cluster in a disconnected environment,"When my bare metal environment has no internet access, I need to install OpenShift using mirrored content so I can deploy in air-gapped or restricted networks.",Install a cluster in a disconnected environment,full,modules/installation-infrastructure-user-infra.adoc,installing/installing_bare_metal/upi/installing-restricted-networks-bare-metal.adoc,existing,leveloffset=+1; assembly context=installing-restricted-networks-bare-metal,folds 1 source jobs: Install on bare metal in a disconnected environment (UPI)
Install a bare metal cluster in a disconnected environment,"When my bare metal environment has no internet access, I need to install OpenShift using mirrored content so I can deploy in air-gapped or restricted networks.",Install a cluster in a disconnected environment,full,modules/installation-user-provisioned-validating-dns.adoc,installing/installing_bare_metal/upi/installing-restricted-networks-bare-metal.adoc,existing,leveloffset=+1; assembly context=installing-restricted-networks-bare-metal,folds 1 source jobs: Install on bare metal in a disconnected environment (UPI)
Install a bare metal cluster in a disconnected environment,"When my bare metal environment has no internet access, I need to install OpenShift using mirrored content so I can deploy in air-gapped or restricted networks.",Install a cluster in a disconnected environment,full,modules/ssh-agent-using.adoc,installing/installing_bare_metal/upi/installing-restricted-networks-bare-metal.adoc,existing,leveloffset=+1; assembly context=installing-restricted-networks-bare-metal,folds 1 source jobs: Install on bare metal in a disconnected environment (UPI)
Install a bare metal cluster in a disconnected environment,"When my bare metal environment has no internet access, I need to install OpenShift using mirrored content so I can deploy in air-gapped or restricted networks.",Install a cluster in a disconnected environment,full,modules/installation-initializing-manual.adoc,installing/installing_bare_metal/upi/installing-restricted-networks-bare-metal.adoc,existing,leveloffset=+1; assembly context=installing-restricted-networks-bare-metal,folds 1 source jobs: Install on bare metal in a disconnected environment (UPI)
Install a bare metal cluster in a disconnected environment,"When my bare metal environment has no internet access, I need to install OpenShift using mirrored content so I can deploy in air-gapped or restricted networks.",Install a cluster in a disconnected environment,full,modules/installation-bare-metal-config-yaml.adoc,installing/installing_bare_metal/upi/installing-restricted-networks-bare-metal.adoc,existing,leveloffset=+2; assembly context=installing-restricted-networks-bare-metal,folds 1 source jobs: Install on bare metal in a disconnected environment (UPI)
Install a bare metal cluster in a disconnected environment,"When my bare metal environment has no internet access, I need to install OpenShift using mirrored content so I can deploy in air-gapped or restricted networks.",Install a cluster in a disconnected environment,full,modules/installation-configure-proxy.adoc,installing/installing_bare_metal/upi/installing-restricted-networks-bare-metal.adoc,existing,leveloffset=+2; assembly context=installing-restricted-networks-bare-metal,folds 1 source jobs: Install on bare metal in a disconnected environment (UPI)
Install a bare metal cluster in a disconnected environment,"When my bare metal environment has no internet access, I need to install OpenShift using mirrored content so I can deploy in air-gapped or restricted networks.",Install a cluster in a disconnected environment,full,modules/installation-three-node-cluster.adoc,installing/installing_bare_metal/upi/installing-restricted-networks-bare-metal.adoc,existing,leveloffset=+2; assembly context=installing-restricted-networks-bare-metal,folds 1 source jobs: Install on bare metal in a disconnected environment (UPI)
Install a bare metal cluster in a disconnected environment,"When my bare metal environment has no internet access, I need to install OpenShift using mirrored content so I can deploy in air-gapped or restricted networks.",Install a cluster in a disconnected environment,full,modules/installation-user-infra-generate-k8s-manifest-ignition.adoc,installing/installing_bare_metal/upi/installing-restricted-networks-bare-metal.adoc,existing,leveloffset=+1; assembly context=installing-restricted-networks-bare-metal,folds 1 source jobs: Install on bare metal in a disconnected environment (UPI)
Install a bare metal cluster in a disconnected environment,"When my bare metal environment has no internet access, I need to install OpenShift using mirrored content so I can deploy in air-gapped or restricted networks.",Install a cluster in a disconnected environment,full,modules/installation-special-config-chrony.adoc,installing/installing_bare_metal/upi/installing-restricted-networks-bare-metal.adoc,existing,leveloffset=+1; assembly context=installing-restricted-networks-bare-metal,folds 1 source jobs: Install on bare metal in a disconnected environment (UPI)
Install a bare metal cluster in a disconnected environment,"When my bare metal environment has no internet access, I need to install OpenShift using mirrored content so I can deploy in air-gapped or restricted networks.",Install a cluster in a disconnected environment,full,modules/creating-machines-bare-metal.adoc,installing/installing_bare_metal/upi/installing-restricted-networks-bare-metal.adoc,existing,leveloffset=+1; assembly context=installing-restricted-networks-bare-metal,folds 1 source jobs: Install on bare metal in a disconnected environment (UPI)
Install a bare metal cluster in a disconnected environment,"When my bare metal environment has no internet access, I need to install OpenShift using mirrored content so I can deploy in air-gapped or restricted networks.",Install a cluster in a disconnected environment,full,modules/installation-user-infra-machines-iso.adoc,installing/installing_bare_metal/upi/installing-restricted-networks-bare-metal.adoc,existing,leveloffset=+2; assembly context=installing-restricted-networks-bare-metal,folds 1 source jobs: Install on bare metal in a disconnected environment (UPI)
Install a bare metal cluster in a disconnected environment,"When my bare metal environment has no internet access, I need to install OpenShift using mirrored content so I can deploy in air-gapped or restricted networks.",Install a cluster in a disconnected environment,full,modules/installation-user-infra-machines-pxe.adoc,installing/installing_bare_metal/upi/installing-restricted-networks-bare-metal.adoc,existing,leveloffset=+2; assembly context=installing-restricted-networks-bare-metal,folds 1 source jobs: Install on bare metal in a disconnected environment (UPI)
Install a bare metal cluster in a disconnected environment,"When my bare metal environment has no internet access, I need to install OpenShift using mirrored content so I can deploy in air-gapped or restricted networks.",Install a cluster in a disconnected environment,full,modules/installation-user-infra-machines-advanced.adoc,installing/installing_bare_metal/upi/installing-restricted-networks-bare-metal.adoc,existing,leveloffset=+2; assembly context=installing-restricted-networks-bare-metal,folds 1 source jobs: Install on bare metal in a disconnected environment (UPI)
Install a bare metal cluster in a disconnected environment,"When my bare metal environment has no internet access, I need to install OpenShift using mirrored content so I can deploy in air-gapped or restricted networks.",Install a cluster in a disconnected environment,full,modules/installation-user-infra-machines-advanced-network.adoc,installing/installing_bare_metal/upi/installing-restricted-networks-bare-metal.adoc,existing,leveloffset=+3; assembly context=installing-restricted-networks-bare-metal,folds 1 source jobs: Install on bare metal in a disconnected environment (UPI)
Install a bare metal cluster in a disconnected environment,"When my bare metal environment has no internet access, I need to install OpenShift using mirrored content so I can deploy in air-gapped or restricted networks.",Install a cluster in a disconnected environment,full,modules/installation-user-infra-machines-advanced-disk.adoc,installing/installing_bare_metal/upi/installing-restricted-networks-bare-metal.adoc,existing,leveloffset=+3; assembly context=installing-restricted-networks-bare-metal,folds 1 source jobs: Install on bare metal in a disconnected environment (UPI)
Install a bare metal cluster in a disconnected environment,"When my bare metal environment has no internet access, I need to install OpenShift using mirrored content so I can deploy in air-gapped or restricted networks.",Install a cluster in a disconnected environment,full,modules/installation-user-infra-machines-advanced-retain-disk.adoc,installing/installing_bare_metal/upi/installing-restricted-networks-bare-metal.adoc,existing,leveloffset=+3; assembly context=installing-restricted-networks-bare-metal,folds 1 source jobs: Install on bare metal in a disconnected environment (UPI)
Install a bare metal cluster in a disconnected environment,"When my bare metal environment has no internet access, I need to install OpenShift using mirrored content so I can deploy in air-gapped or restricted networks.",Install a cluster in a disconnected environment,full,modules/installation-user-infra-machines-advanced-ignition.adoc,installing/installing_bare_metal/upi/installing-restricted-networks-bare-metal.adoc,existing,leveloffset=+3; assembly context=installing-restricted-networks-bare-metal,folds 1 source jobs: Install on bare metal in a disconnected environment (UPI)
Install a bare metal cluster in a disconnected environment,"When my bare metal environment has no internet access, I need to install OpenShift using mirrored content so I can deploy in air-gapped or restricted networks.",Install a cluster in a disconnected environment,full,modules/installation-user-infra-machines-advanced-console-configuration.adoc,installing/installing_bare_metal/upi/installing-restricted-networks-bare-metal.adoc,existing,leveloffset=+3; assembly context=installing-restricted-networks-bare-metal,folds 1 source jobs: Install on bare metal in a disconnected environment (UPI)
Install a bare metal cluster in a disconnected environment,"When my bare metal environment has no internet access, I need to install OpenShift using mirrored content so I can deploy in air-gapped or restricted networks.",Install a cluster in a disconnected environment,full,modules/installation-user-infra-machines-advanced-enabling-serial-console.adoc,installing/installing_bare_metal/upi/installing-restricted-networks-bare-metal.adoc,existing,leveloffset=+3; assembly context=installing-restricted-networks-bare-metal,folds 1 source jobs: Install on bare metal in a disconnected environment (UPI)
Install a bare metal cluster in a disconnected environment,"When my bare metal environment has no internet access, I need to install OpenShift using mirrored content so I can deploy in air-gapped or restricted networks.",Install a cluster in a disconnected environment,full,modules/installation-user-infra-machines-advanced-customizing-iso-or-pxe.adoc,installing/installing_bare_metal/upi/installing-restricted-networks-bare-metal.adoc,existing,leveloffset=+3; assembly context=installing-restricted-networks-bare-metal,folds 1 source jobs: Install on bare metal in a disconnected environment (UPI)
Install a bare metal cluster in a disconnected environment,"When my bare metal environment has no internet access, I need to install OpenShift using mirrored content so I can deploy in air-gapped or restricted networks.",Install a cluster in a disconnected environment,full,modules/installation-user-infra-machines-advanced-customizing-live.adoc,installing/installing_bare_metal/upi/installing-restricted-networks-bare-metal.adoc,existing,leveloffset=+3; assembly context=installing-restricted-networks-bare-metal,folds 1 source jobs: Install on bare metal in a disconnected environment (UPI)
Install a bare metal cluster in a disconnected environment,"When my bare metal environment has no internet access, I need to install OpenShift using mirrored content so I can deploy in air-gapped or restricted networks.",Install a cluster in a disconnected environment,full,modules/installation-user-infra-machines-advanced-customizing-live-serial-console.adoc,installing/installing_bare_metal/upi/installing-restricted-networks-bare-metal.adoc,existing,leveloffset=+4; assembly context=installing-restricted-networks-bare-metal,folds 1 source jobs: Install on bare metal in a disconnected environment (UPI)
Install a bare metal cluster in a disconnected environment,"When my bare metal environment has no internet access, I need to install OpenShift using mirrored content so I can deploy in air-gapped or restricted networks.",Install a cluster in a disconnected environment,full,modules/installation-user-infra-machines-advanced-customizing-live-ca-certs.adoc,installing/installing_bare_metal/upi/installing-restricted-networks-bare-metal.adoc,existing,leveloffset=+4; assembly context=installing-restricted-networks-bare-metal,folds 1 source jobs: Install on bare metal in a disconnected environment (UPI)
Install a bare metal cluster in a disconnected environment,"When my bare metal environment has no internet access, I need to install OpenShift using mirrored content so I can deploy in air-gapped or restricted networks.",Install a cluster in a disconnected environment,full,modules/installation-user-infra-machines-advanced-customizing-live-network-config.adoc,installing/installing_bare_metal/upi/installing-restricted-networks-bare-metal.adoc,existing,leveloffset=+4; assembly context=installing-restricted-networks-bare-metal,folds 1 source jobs: Install on bare metal in a disconnected environment (UPI)
Install a bare metal cluster in a disconnected environment,"When my bare metal environment has no internet access, I need to install OpenShift using mirrored content so I can deploy in air-gapped or restricted networks.",Install a cluster in a disconnected environment,full,modules/installation-user-infra-machines-advanced-customizing-live-iscsi-manual.adoc,installing/installing_bare_metal/upi/installing-restricted-networks-bare-metal.adoc,existing,leveloffset=+4; assembly context=installing-restricted-networks-bare-metal,folds 1 source jobs: Install on bare metal in a disconnected environment (UPI)
Install a bare metal cluster in a disconnected environment,"When my bare metal environment has no internet access, I need to install OpenShift using mirrored content so I can deploy in air-gapped or restricted networks.",Install a cluster in a disconnected environment,full,modules/installation-user-infra-machines-advanced-customizing-live-iscsi-ibft.adoc,installing/installing_bare_metal/upi/installing-restricted-networks-bare-metal.adoc,existing,leveloffset=+4; assembly context=installing-restricted-networks-bare-metal,folds 1 source jobs: Install on bare metal in a disconnected environment (UPI)
Install a bare metal cluster in a disconnected environment,"When my bare metal environment has no internet access, I need to install OpenShift using mirrored content so I can deploy in air-gapped or restricted networks.",Install a cluster in a disconnected environment,full,modules/installation-user-infra-machines-static-network.adoc,installing/installing_bare_metal/upi/installing-restricted-networks-bare-metal.adoc,existing,leveloffset=+2; assembly context=installing-restricted-networks-bare-metal,folds 1 source jobs: Install on bare metal in a disconnected environment (UPI)
Install a bare metal cluster in a disconnected environment,"When my bare metal environment has no internet access, I need to install OpenShift using mirrored content so I can deploy in air-gapped or restricted networks.",Install a cluster in a disconnected environment,full,modules/configuring-dhcp-or-static-ip-addresses.adoc,installing/installing_bare_metal/upi/installing-restricted-networks-bare-metal.adoc,existing,leveloffset=+3; assembly context=installing-restricted-networks-bare-metal,folds 1 source jobs: Install on bare metal in a disconnected environment (UPI)
Install a bare metal cluster in a disconnected environment,"When my bare metal environment has no internet access, I need to install OpenShift using mirrored content so I can deploy in air-gapped or restricted networks.",Install a cluster in a disconnected environment,full,modules/configuring-ip-address-without-static-hostname.adoc,installing/installing_bare_metal/upi/installing-restricted-networks-bare-metal.adoc,existing,leveloffset=+3; assembly context=installing-restricted-networks-bare-metal,folds 1 source jobs: Install on bare metal in a disconnected environment (UPI)
Install a bare metal cluster in a disconnected environment,"When my bare metal environment has no internet access, I need to install OpenShift using mirrored content so I can deploy in air-gapped or restricted networks.",Install a cluster in a disconnected environment,full,modules/specifying-multiple-network-interfaces.adoc,installing/installing_bare_metal/upi/installing-restricted-networks-bare-metal.adoc,existing,leveloffset=+3; assembly context=installing-restricted-networks-bare-metal,folds 1 source jobs: Install on bare metal in a disconnected environment (UPI)
Install a bare metal cluster in a disconnected environment,"When my bare metal environment has no internet access, I need to install OpenShift using mirrored content so I can deploy in air-gapped or restricted networks.",Install a cluster in a disconnected environment,full,modules/configuring-default-gateway-route.adoc,installing/installing_bare_metal/upi/installing-restricted-networks-bare-metal.adoc,existing,leveloffset=+3; assembly context=installing-restricted-networks-bare-metal,folds 1 source jobs: Install on bare metal in a disconnected environment (UPI)
Install a bare metal cluster in a disconnected environment,"When my bare metal environment has no internet access, I need to install OpenShift using mirrored content so I can deploy in air-gapped or restricted networks.",Install a cluster in a disconnected environment,full,modules/configuring-vlans-individual-interfaces.adoc,installing/installing_bare_metal/upi/installing-restricted-networks-bare-metal.adoc,existing,leveloffset=+3; assembly context=installing-restricted-networks-bare-metal,folds 1 source jobs: Install on bare metal in a disconnected environment (UPI)
Install a bare metal cluster in a disconnected environment,"When my bare metal environment has no internet access, I need to install OpenShift using mirrored content so I can deploy in air-gapped or restricted networks.",Install a cluster in a disconnected environment,full,modules/bonding-multiple-network-interfaces-to-single-interface.adoc,installing/installing_bare_metal/upi/installing-restricted-networks-bare-metal.adoc,existing,leveloffset=+3; assembly context=installing-restricted-networks-bare-metal,folds 1 source jobs: Install on bare metal in a disconnected environment (UPI)
Install a bare metal cluster in a disconnected environment,"When my bare metal environment has no internet access, I need to install OpenShift using mirrored content so I can deploy in air-gapped or restricted networks.",Install a cluster in a disconnected environment,full,modules/bonding-multiple-sriov-network-interfaces-to-dual-port.adoc,installing/installing_bare_metal/upi/installing-restricted-networks-bare-metal.adoc,existing,leveloffset=+3; assembly context=installing-restricted-networks-bare-metal,folds 1 source jobs: Install on bare metal in a disconnected environment (UPI)
Install a bare metal cluster in a disconnected environment,"When my bare metal environment has no internet access, I need to install OpenShift using mirrored content so I can deploy in air-gapped or restricted networks.",Install a cluster in a disconnected environment,full,modules/installation-user-infra-machines-coreos-installer-options.adoc,installing/installing_bare_metal/upi/installing-restricted-networks-bare-metal.adoc,existing,leveloffset=+3; assembly context=installing-restricted-networks-bare-metal,folds 1 source jobs: Install on bare metal in a disconnected environment (UPI)
Install a bare metal cluster in a disconnected environment,"When my bare metal environment has no internet access, I need to install OpenShift using mirrored content so I can deploy in air-gapped or restricted networks.",Install a cluster in a disconnected environment,full,modules/rhcos-enabling-multipath.adoc,installing/installing_bare_metal/upi/installing-restricted-networks-bare-metal.adoc,existing,leveloffset=+2; assembly context=installing-restricted-networks-bare-metal,folds 1 source jobs: Install on bare metal in a disconnected environment (UPI)
Install a bare metal cluster in a disconnected environment,"When my bare metal environment has no internet access, I need to install OpenShift using mirrored content so I can deploy in air-gapped or restricted networks.",Install a cluster in a disconnected environment,full,modules/rhcos-multipath-secondary-disk.adoc,installing/installing_bare_metal/upi/installing-restricted-networks-bare-metal.adoc,existing,leveloffset=+3; assembly context=installing-restricted-networks-bare-metal,folds 1 source jobs: Install on bare metal in a disconnected environment (UPI)
Install a bare metal cluster in a disconnected environment,"When my bare metal environment has no internet access, I need to install OpenShift using mirrored content so I can deploy in air-gapped or restricted networks.",Install a cluster in a disconnected environment,full,modules/rhcos-install-iscsi-manual.adoc,installing/installing_bare_metal/upi/installing-restricted-networks-bare-metal.adoc,existing,leveloffset=+2; assembly context=installing-restricted-networks-bare-metal,folds 1 source jobs: Install on bare metal in a disconnected environment (UPI)
Install a bare metal cluster in a disconnected environment,"When my bare metal environment has no internet access, I need to install OpenShift using mirrored content so I can deploy in air-gapped or restricted networks.",Install a cluster in a disconnected environment,full,modules/rhcos-install-iscsi-ibft.adoc,installing/installing_bare_metal/upi/installing-restricted-networks-bare-metal.adoc,existing,leveloffset=+2; assembly context=installing-restricted-networks-bare-metal,folds 1 source jobs: Install on bare metal in a disconnected environment (UPI)
Install a bare metal cluster in a disconnected environment,"When my bare metal environment has no internet access, I need to install OpenShift using mirrored content so I can deploy in air-gapped or restricted networks.",Install a cluster in a disconnected environment,full,modules/installation-installing-bare-metal.adoc,installing/installing_bare_metal/upi/installing-restricted-networks-bare-metal.adoc,existing,leveloffset=+1; assembly context=installing-restricted-networks-bare-metal,folds 1 source jobs: Install on bare metal in a disconnected environment (UPI)
Install a bare metal cluster in a disconnected environment,"When my bare metal environment has no internet access, I need to install OpenShift using mirrored content so I can deploy in air-gapped or restricted networks.",Install a cluster in a disconnected environment,full,modules/cli-logging-in-kubeadmin.adoc,installing/installing_bare_metal/upi/installing-restricted-networks-bare-metal.adoc,existing,leveloffset=+1; assembly context=installing-restricted-networks-bare-metal,folds 1 source jobs: Install on bare metal in a disconnected environment (UPI)
Install a bare metal cluster in a disconnected environment,"When my bare metal environment has no internet access, I need to install OpenShift using mirrored content so I can deploy in air-gapped or restricted networks.",Install a cluster in a disconnected environment,full,modules/installation-approve-csrs.adoc,installing/installing_bare_metal/upi/installing-restricted-networks-bare-metal.adoc,existing,leveloffset=+1; assembly context=installing-restricted-networks-bare-metal,folds 1 source jobs: Install on bare metal in a disconnected environment (UPI)
Install a bare metal cluster in a disconnected environment,"When my bare metal environment has no internet access, I need to install OpenShift using mirrored content so I can deploy in air-gapped or restricted networks.",Install a cluster in a disconnected environment,full,modules/installation-operators-config.adoc,installing/installing_bare_metal/upi/installing-restricted-networks-bare-metal.adoc,existing,leveloffset=+1; assembly context=installing-restricted-networks-bare-metal,folds 1 source jobs: Install on bare metal in a disconnected environment (UPI)
Install a bare metal cluster in a disconnected environment,"When my bare metal environment has no internet access, I need to install OpenShift using mirrored content so I can deploy in air-gapped or restricted networks.",Install a cluster in a disconnected environment,full,modules/olm-restricted-networks-configuring-operatorhub.adoc,installing/installing_bare_metal/upi/installing-restricted-networks-bare-metal.adoc,existing,leveloffset=+2; assembly context=installing-restricted-networks-bare-metal,folds 1 source jobs: Install on bare metal in a disconnected environment (UPI)
Install a bare metal cluster in a disconnected environment,"When my bare metal environment has no internet access, I need to install OpenShift using mirrored content so I can deploy in air-gapped or restricted networks.",Install a cluster in a disconnected environment,full,modules/installation-registry-storage-config.adoc,installing/installing_bare_metal/upi/installing-restricted-networks-bare-metal.adoc,existing,leveloffset=+2; assembly context=installing-restricted-networks-bare-metal,folds 1 source jobs: Install on bare metal in a disconnected environment (UPI)
Install a bare metal cluster in a disconnected environment,"When my bare metal environment has no internet access, I need to install OpenShift using mirrored content so I can deploy in air-gapped or restricted networks.",Install a cluster in a disconnected environment,full,modules/registry-change-management-state.adoc,installing/installing_bare_metal/upi/installing-restricted-networks-bare-metal.adoc,existing,leveloffset=+3; assembly context=installing-restricted-networks-bare-metal,folds 1 source jobs: Install on bare metal in a disconnected environment (UPI)
Install a bare metal cluster in a disconnected environment,"When my bare metal environment has no internet access, I need to install OpenShift using mirrored content so I can deploy in air-gapped or restricted networks.",Install a cluster in a disconnected environment,full,modules/registry-configuring-storage-baremetal.adoc,installing/installing_bare_metal/upi/installing-restricted-networks-bare-metal.adoc,existing,leveloffset=+3; assembly context=installing-restricted-networks-bare-metal,folds 1 source jobs: Install on bare metal in a disconnected environment (UPI)
Install a bare metal cluster in a disconnected environment,"When my bare metal environment has no internet access, I need to install OpenShift using mirrored content so I can deploy in air-gapped or restricted networks.",Install a cluster in a disconnected environment,full,modules/installation-registry-storage-non-production.adoc,installing/installing_bare_metal/upi/installing-restricted-networks-bare-metal.adoc,existing,leveloffset=+3; assembly context=installing-restricted-networks-bare-metal,folds 1 source jobs: Install on bare metal in a disconnected environment (UPI)
Install a bare metal cluster in a disconnected environment,"When my bare metal environment has no internet access, I need to install OpenShift using mirrored content so I can deploy in air-gapped or restricted networks.",Install a cluster in a disconnected environment,full,modules/installation-registry-storage-block-recreate-rollout-bare-metal.adoc,installing/installing_bare_metal/upi/installing-restricted-networks-bare-metal.adoc,existing,leveloffset=+3; assembly context=installing-restricted-networks-bare-metal,folds 1 source jobs: Install on bare metal in a disconnected environment (UPI)
Install a bare metal cluster in a disconnected environment,"When my bare metal environment has no internet access, I need to install OpenShift using mirrored content so I can deploy in air-gapped or restricted networks.",Install a cluster in a disconnected environment,full,modules/installation-complete-user-infra.adoc,installing/installing_bare_metal/upi/installing-restricted-networks-bare-metal.adoc,existing,leveloffset=+1; assembly context=installing-restricted-networks-bare-metal,folds 1 source jobs: Install on bare metal in a disconnected environment (UPI)
Install a bare metal cluster in a disconnected environment,"When my bare metal environment has no internet access, I need to install OpenShift using mirrored content so I can deploy in air-gapped or restricted networks.",Install a cluster in a disconnected environment,full,modules/cluster-telemetry.adoc,installing/installing_bare_metal/upi/installing-restricted-networks-bare-metal.adoc,existing,leveloffset=+1; assembly context=installing-restricted-networks-bare-metal,folds 1 source jobs: Install on bare metal in a disconnected environment (UPI)
Install a vSphere cluster in a disconnected environment,"When my vSphere UPI environment has no internet, I need disconnected installation procedures so I can deploy without external connectivity.",Install a cluster in a disconnected environment,full,modules/installation-about-restricted-network.adoc,installing/installing_vsphere/upi/installing-restricted-networks-vsphere.adoc,existing,leveloffset=+1; assembly context=installing-restricted-networks-vsphere,folds 2 source jobs: Install on vSphere in a disconnected environment (UPI); Install on vSphere in a disconnected environment (IPI)
Install a vSphere cluster in a disconnected environment,"When my vSphere UPI environment has no internet, I need disconnected installation procedures so I can deploy without external connectivity.",Install a cluster in a disconnected environment,full,modules/cluster-entitlements.adoc,installing/installing_vsphere/upi/installing-restricted-networks-vsphere.adoc,existing,leveloffset=+1; assembly context=installing-restricted-networks-vsphere,folds 2 source jobs: Install on vSphere in a disconnected environment (UPI); Install on vSphere in a disconnected environment (IPI)
Install a vSphere cluster in a disconnected environment,"When my vSphere UPI environment has no internet, I need disconnected installation procedures so I can deploy without external connectivity.",Install a cluster in a disconnected environment,full,modules/installation-vsphere-regions-zones.adoc,installing/installing_vsphere/upi/installing-restricted-networks-vsphere.adoc,existing,leveloffset=+1; assembly context=installing-restricted-networks-vsphere,folds 2 source jobs: Install on vSphere in a disconnected environment (UPI); Install on vSphere in a disconnected environment (IPI)
Install a vSphere cluster in a disconnected environment,"When my vSphere UPI environment has no internet, I need disconnected installation procedures so I can deploy without external connectivity.",Install a cluster in a disconnected environment,full,modules/installation-initializing-manual.adoc,installing/installing_vsphere/upi/installing-restricted-networks-vsphere.adoc,existing,leveloffset=+1; assembly context=installing-restricted-networks-vsphere,folds 2 source jobs: Install on vSphere in a disconnected environment (UPI); Install on vSphere in a disconnected environment (IPI)
Install a vSphere cluster in a disconnected environment,"When my vSphere UPI environment has no internet, I need disconnected installation procedures so I can deploy without external connectivity.",Install a cluster in a disconnected environment,full,modules/installation-vsphere-config-yaml.adoc,installing/installing_vsphere/upi/installing-restricted-networks-vsphere.adoc,existing,leveloffset=+2; assembly context=installing-restricted-networks-vsphere,folds 2 source jobs: Install on vSphere in a disconnected environment (UPI); Install on vSphere in a disconnected environment (IPI)
Install a vSphere cluster in a disconnected environment,"When my vSphere UPI environment has no internet, I need disconnected installation procedures so I can deploy without external connectivity.",Install a cluster in a disconnected environment,full,modules/installation-configure-proxy.adoc,installing/installing_vsphere/upi/installing-restricted-networks-vsphere.adoc,existing,leveloffset=+2; assembly context=installing-restricted-networks-vsphere,folds 2 source jobs: Install on vSphere in a disconnected environment (UPI); Install on vSphere in a disconnected environment (IPI)
Install a vSphere cluster in a disconnected environment,"When my vSphere UPI environment has no internet, I need disconnected installation procedures so I can deploy without external connectivity.",Install a cluster in a disconnected environment,full,modules/configuring-vsphere-regions-zones.adoc,installing/installing_vsphere/upi/installing-restricted-networks-vsphere.adoc,existing,leveloffset=+2; assembly context=installing-restricted-networks-vsphere,folds 2 source jobs: Install on vSphere in a disconnected environment (UPI); Install on vSphere in a disconnected environment (IPI)
Install a vSphere cluster in a disconnected environment,"When my vSphere UPI environment has no internet, I need disconnected installation procedures so I can deploy without external connectivity.",Install a cluster in a disconnected environment,full,modules/installation-user-infra-generate-k8s-manifest-ignition.adoc,installing/installing_vsphere/upi/installing-restricted-networks-vsphere.adoc,existing,leveloffset=+1; assembly context=installing-restricted-networks-vsphere,folds 2 source jobs: Install on vSphere in a disconnected environment (UPI); Install on vSphere in a disconnected environment (IPI)
Install a vSphere cluster in a disconnected environment,"When my vSphere UPI environment has no internet, I need disconnected installation procedures so I can deploy without external connectivity.",Install a cluster in a disconnected environment,full,modules/installation-special-config-chrony.adoc,installing/installing_vsphere/upi/installing-restricted-networks-vsphere.adoc,existing,leveloffset=+1; assembly context=installing-restricted-networks-vsphere,folds 2 source jobs: Install on vSphere in a disconnected environment (UPI); Install on vSphere in a disconnected environment (IPI)
Install a vSphere cluster in a disconnected environment,"When my vSphere UPI environment has no internet, I need disconnected installation procedures so I can deploy without external connectivity.",Install a cluster in a disconnected environment,full,modules/installation-extracting-infraid.adoc,installing/installing_vsphere/upi/installing-restricted-networks-vsphere.adoc,existing,leveloffset=+1; assembly context=installing-restricted-networks-vsphere,folds 2 source jobs: Install on vSphere in a disconnected environment (UPI); Install on vSphere in a disconnected environment (IPI)
Install a vSphere cluster in a disconnected environment,"When my vSphere UPI environment has no internet, I need disconnected installation procedures so I can deploy without external connectivity.",Install a cluster in a disconnected environment,full,modules/installation-vsphere-machines.adoc,installing/installing_vsphere/upi/installing-restricted-networks-vsphere.adoc,existing,leveloffset=+1; assembly context=installing-restricted-networks-vsphere,folds 2 source jobs: Install on vSphere in a disconnected environment (UPI); Install on vSphere in a disconnected environment (IPI)
Install a vSphere cluster in a disconnected environment,"When my vSphere UPI environment has no internet, I need disconnected installation procedures so I can deploy without external connectivity.",Install a cluster in a disconnected environment,full,modules/machine-vsphere-machines.adoc,installing/installing_vsphere/upi/installing-restricted-networks-vsphere.adoc,existing,leveloffset=+1; assembly context=installing-restricted-networks-vsphere,folds 2 source jobs: Install on vSphere in a disconnected environment (UPI); Install on vSphere in a disconnected environment (IPI)
Install a vSphere cluster in a disconnected environment,"When my vSphere UPI environment has no internet, I need disconnected installation procedures so I can deploy without external connectivity.",Install a cluster in a disconnected environment,full,modules/installation-disk-partitioning.adoc,installing/installing_vsphere/upi/installing-restricted-networks-vsphere.adoc,existing,leveloffset=+1; assembly context=installing-restricted-networks-vsphere,folds 2 source jobs: Install on vSphere in a disconnected environment (UPI); Install on vSphere in a disconnected environment (IPI)
Install a vSphere cluster in a disconnected environment,"When my vSphere UPI environment has no internet, I need disconnected installation procedures so I can deploy without external connectivity.",Install a cluster in a disconnected environment,full,modules/installation-installing-bare-metal.adoc,installing/installing_vsphere/upi/installing-restricted-networks-vsphere.adoc,existing,leveloffset=+1; assembly context=installing-restricted-networks-vsphere,folds 2 source jobs: Install on vSphere in a disconnected environment (UPI); Install on vSphere in a disconnected environment (IPI)
Install a vSphere cluster in a disconnected environment,"When my vSphere UPI environment has no internet, I need disconnected installation procedures so I can deploy without external connectivity.",Install a cluster in a disconnected environment,full,modules/cli-logging-in-kubeadmin.adoc,installing/installing_vsphere/upi/installing-restricted-networks-vsphere.adoc,existing,leveloffset=+1; assembly context=installing-restricted-networks-vsphere,folds 2 source jobs: Install on vSphere in a disconnected environment (UPI); Install on vSphere in a disconnected environment (IPI)
Install a vSphere cluster in a disconnected environment,"When my vSphere UPI environment has no internet, I need disconnected installation procedures so I can deploy without external connectivity.",Install a cluster in a disconnected environment,full,modules/installation-approve-csrs.adoc,installing/installing_vsphere/upi/installing-restricted-networks-vsphere.adoc,existing,leveloffset=+1; assembly context=installing-restricted-networks-vsphere,folds 2 source jobs: Install on vSphere in a disconnected environment (UPI); Install on vSphere in a disconnected environment (IPI)
Install a vSphere cluster in a disconnected environment,"When my vSphere UPI environment has no internet, I need disconnected installation procedures so I can deploy without external connectivity.",Install a cluster in a disconnected environment,full,modules/installation-operators-config.adoc,installing/installing_vsphere/upi/installing-restricted-networks-vsphere.adoc,existing,leveloffset=+1; assembly context=installing-restricted-networks-vsphere,folds 2 source jobs: Install on vSphere in a disconnected environment (UPI); Install on vSphere in a disconnected environment (IPI)
Install a vSphere cluster in a disconnected environment,"When my vSphere UPI environment has no internet, I need disconnected installation procedures so I can deploy without external connectivity.",Install a cluster in a disconnected environment,full,modules/olm-restricted-networks-configuring-operatorhub.adoc,installing/installing_vsphere/upi/installing-restricted-networks-vsphere.adoc,existing,leveloffset=+2; assembly context=installing-restricted-networks-vsphere,folds 2 source jobs: Install on vSphere in a disconnected environment (UPI); Install on vSphere in a disconnected environment (IPI)
Install a vSphere cluster in a disconnected environment,"When my vSphere UPI environment has no internet, I need disconnected installation procedures so I can deploy without external connectivity.",Install a cluster in a disconnected environment,full,modules/installation-registry-storage-config.adoc,installing/installing_vsphere/upi/installing-restricted-networks-vsphere.adoc,existing,leveloffset=+2; assembly context=installing-restricted-networks-vsphere,folds 2 source jobs: Install on vSphere in a disconnected environment (UPI); Install on vSphere in a disconnected environment (IPI)
Install a vSphere cluster in a disconnected environment,"When my vSphere UPI environment has no internet, I need disconnected installation procedures so I can deploy without external connectivity.",Install a cluster in a disconnected environment,full,modules/registry-configuring-storage-vsphere.adoc,installing/installing_vsphere/upi/installing-restricted-networks-vsphere.adoc,existing,leveloffset=+3; assembly context=installing-restricted-networks-vsphere,folds 2 source jobs: Install on vSphere in a disconnected environment (UPI); Install on vSphere in a disconnected environment (IPI)
Install a vSphere cluster in a disconnected environment,"When my vSphere UPI environment has no internet, I need disconnected installation procedures so I can deploy without external connectivity.",Install a cluster in a disconnected environment,full,modules/installation-registry-storage-non-production.adoc,installing/installing_vsphere/upi/installing-restricted-networks-vsphere.adoc,existing,leveloffset=+3; assembly context=installing-restricted-networks-vsphere,folds 2 source jobs: Install on vSphere in a disconnected environment (UPI); Install on vSphere in a disconnected environment (IPI)
Install a vSphere cluster in a disconnected environment,"When my vSphere UPI environment has no internet, I need disconnected installation procedures so I can deploy without external connectivity.",Install a cluster in a disconnected environment,full,modules/installation-registry-storage-block-recreate-rollout.adoc,installing/installing_vsphere/upi/installing-restricted-networks-vsphere.adoc,existing,leveloffset=+3; assembly context=installing-restricted-networks-vsphere,folds 2 source jobs: Install on vSphere in a disconnected environment (UPI); Install on vSphere in a disconnected environment (IPI)
Install a vSphere cluster in a disconnected environment,"When my vSphere UPI environment has no internet, I need disconnected installation procedures so I can deploy without external connectivity.",Install a cluster in a disconnected environment,full,modules/installation-complete-user-infra.adoc,installing/installing_vsphere/upi/installing-restricted-networks-vsphere.adoc,existing,leveloffset=+1; assembly context=installing-restricted-networks-vsphere,folds 2 source jobs: Install on vSphere in a disconnected environment (UPI); Install on vSphere in a disconnected environment (IPI)
Install a vSphere cluster in a disconnected environment,"When my vSphere UPI environment has no internet, I need disconnected installation procedures so I can deploy without external connectivity.",Install a cluster in a disconnected environment,full,modules/vsphere-anti-affinity.adoc,installing/installing_vsphere/upi/installing-restricted-networks-vsphere.adoc,existing,leveloffset=+1; assembly context=installing-restricted-networks-vsphere,folds 2 source jobs: Install on vSphere in a disconnected environment (UPI); Install on vSphere in a disconnected environment (IPI)
Install a vSphere cluster in a disconnected environment,"When my vSphere UPI environment has no internet, I need disconnected installation procedures so I can deploy without external connectivity.",Install a cluster in a disconnected environment,full,modules/cluster-telemetry.adoc,installing/installing_vsphere/upi/installing-restricted-networks-vsphere.adoc,existing,leveloffset=+1; assembly context=installing-restricted-networks-vsphere,folds 2 source jobs: Install on vSphere in a disconnected environment (UPI); Install on vSphere in a disconnected environment (IPI)
Install a vSphere cluster in a disconnected environment,"When my vSphere UPI environment has no internet, I need disconnected installation procedures so I can deploy without external connectivity.",Install a cluster in a disconnected environment,full,modules/installation-creating-image-restricted.adoc,installing/installing_vsphere/ipi/installing-restricted-networks-installer-provisioned-vsphere.adoc,existing,leveloffset=+1; assembly context=installing-restricted-networks-installer-provisioned-vsphere,folds 2 source jobs: Install on vSphere in a disconnected environment (UPI); Install on vSphere in a disconnected environment (IPI)
Install a vSphere cluster in a disconnected environment,"When my vSphere UPI environment has no internet, I need disconnected installation procedures so I can deploy without external connectivity.",Install a cluster in a disconnected environment,full,modules/installation-vsphere-regions-zones-host-groups.adoc,installing/installing_vsphere/ipi/installing-restricted-networks-installer-provisioned-vsphere.adoc,existing,leveloffset=+1; assembly context=installing-restricted-networks-installer-provisioned-vsphere,folds 2 source jobs: Install on vSphere in a disconnected environment (UPI); Install on vSphere in a disconnected environment (IPI)
Install a vSphere cluster in a disconnected environment,"When my vSphere UPI environment has no internet, I need disconnected installation procedures so I can deploy without external connectivity.",Install a cluster in a disconnected environment,full,modules/installation-initializing.adoc,installing/installing_vsphere/ipi/installing-restricted-networks-installer-provisioned-vsphere.adoc,existing,leveloffset=+1; assembly context=installing-restricted-networks-installer-provisioned-vsphere,folds 2 source jobs: Install on vSphere in a disconnected environment (UPI); Install on vSphere in a disconnected environment (IPI)
Install a vSphere cluster in a disconnected environment,"When my vSphere UPI environment has no internet, I need disconnected installation procedures so I can deploy without external connectivity.",Install a cluster in a disconnected environment,full,modules/configuring-vsphere-host-groups.adoc,installing/installing_vsphere/ipi/installing-restricted-networks-installer-provisioned-vsphere.adoc,existing,leveloffset=+2; assembly context=installing-restricted-networks-installer-provisioned-vsphere,folds 2 source jobs: Install on vSphere in a disconnected environment (UPI); Install on vSphere in a disconnected environment (IPI)
Install a vSphere cluster in a disconnected environment,"When my vSphere UPI environment has no internet, I need disconnected installation procedures so I can deploy without external connectivity.",Install a cluster in a disconnected environment,full,modules/nw-osp-services-external-load-balancer.adoc,installing/installing_vsphere/ipi/installing-restricted-networks-installer-provisioned-vsphere.adoc,existing,leveloffset=+1; assembly context=installing-restricted-networks-installer-provisioned-vsphere,folds 2 source jobs: Install on vSphere in a disconnected environment (UPI); Install on vSphere in a disconnected environment (IPI)
Install a vSphere cluster in a disconnected environment,"When my vSphere UPI environment has no internet, I need disconnected installation procedures so I can deploy without external connectivity.",Install a cluster in a disconnected environment,full,modules/nw-osp-configuring-external-load-balancer.adoc,installing/installing_vsphere/ipi/installing-restricted-networks-installer-provisioned-vsphere.adoc,existing,leveloffset=+2; assembly context=installing-restricted-networks-installer-provisioned-vsphere,folds 2 source jobs: Install on vSphere in a disconnected environment (UPI); Install on vSphere in a disconnected environment (IPI)
Install a vSphere cluster in a disconnected environment,"When my vSphere UPI environment has no internet, I need disconnected installation procedures so I can deploy without external connectivity.",Install a cluster in a disconnected environment,full,modules/installation-launching-installer.adoc,installing/installing_vsphere/ipi/installing-restricted-networks-installer-provisioned-vsphere.adoc,existing,leveloffset=+1; assembly context=installing-restricted-networks-installer-provisioned-vsphere,folds 2 source jobs: Install on vSphere in a disconnected environment (UPI); Install on vSphere in a disconnected environment (IPI)
Install a vSphere cluster in a disconnected environment,"When my vSphere UPI environment has no internet, I need disconnected installation procedures so I can deploy without external connectivity.",Install a cluster in a disconnected environment,full,modules/registry-removed.adoc,installing/installing_vsphere/ipi/installing-restricted-networks-installer-provisioned-vsphere.adoc,existing,leveloffset=+1; assembly context=installing-restricted-networks-installer-provisioned-vsphere,folds 2 source jobs: Install on vSphere in a disconnected environment (UPI); Install on vSphere in a disconnected environment (IPI)
Install single-node OpenShift,"When I need OpenShift on a single server, I need to deploy a single-node cluster that runs both control plane and workloads so I can operate at the edge or in constrained environments.",Install a cluster with a reduced footprint,full,modules/install-sno-assisted-installer.adoc,installing/installing_sno/install-sno-installing-sno.adoc,existing,leveloffset=+1; assembly context=install-sno-installing-sno-with-the-assisted-installer,folds 2 source jobs: Install single-node OpenShift; Prepare to install single-node OpenShift
Install single-node OpenShift,"When I need OpenShift on a single server, I need to deploy a single-node cluster that runs both control plane and workloads so I can operate at the edge or in constrained environments.",Install a cluster with a reduced footprint,full,modules/install-sno-generating-the-discovery-iso-with-the-assisted-installer.adoc,installing/installing_sno/install-sno-installing-sno.adoc,existing,leveloffset=+2; assembly context=install-sno-installing-sno-with-the-assisted-installer,folds 2 source jobs: Install single-node OpenShift; Prepare to install single-node OpenShift
Install single-node OpenShift,"When I need OpenShift on a single server, I need to deploy a single-node cluster that runs both control plane and workloads so I can operate at the edge or in constrained environments.",Install a cluster with a reduced footprint,full,modules/install-sno-installing-with-the-assisted-installer.adoc,installing/installing_sno/install-sno-installing-sno.adoc,existing,leveloffset=+2; assembly context=install-sno-installing-sno-with-the-assisted-installer,folds 2 source jobs: Install single-node OpenShift; Prepare to install single-node OpenShift
Install single-node OpenShift,"When I need OpenShift on a single server, I need to deploy a single-node cluster that runs both control plane and workloads so I can operate at the edge or in constrained environments.",Install a cluster with a reduced footprint,full,modules/install-sno-okd-assisted-service.adoc,installing/installing_sno/install-sno-installing-sno.adoc,existing,leveloffset=+1; assembly context=install-sno-installing-sno-with-the-assisted-installer,folds 2 source jobs: Install single-node OpenShift; Prepare to install single-node OpenShift
Install single-node OpenShift,"When I need OpenShift on a single server, I need to deploy a single-node cluster that runs both control plane and workloads so I can operate at the edge or in constrained environments.",Install a cluster with a reduced footprint,full,modules/install-sno-manual.adoc,installing/installing_sno/install-sno-installing-sno.adoc,existing,leveloffset=+1; assembly context=install-sno-installing-sno-with-the-assisted-installer,folds 2 source jobs: Install single-node OpenShift; Prepare to install single-node OpenShift
Install single-node OpenShift,"When I need OpenShift on a single server, I need to deploy a single-node cluster that runs both control plane and workloads so I can operate at the edge or in constrained environments.",Install a cluster with a reduced footprint,full,modules/install-sno-okd-manual.adoc,installing/installing_sno/install-sno-installing-sno.adoc,existing,leveloffset=+1; assembly context=install-sno-installing-sno-with-the-assisted-installer,folds 2 source jobs: Install single-node OpenShift; Prepare to install single-node OpenShift
Install single-node OpenShift,"When I need OpenShift on a single server, I need to deploy a single-node cluster that runs both control plane and workloads so I can operate at the edge or in constrained environments.",Install a cluster with a reduced footprint,full,modules/install-sno-generating-the-install-iso-manually.adoc,installing/installing_sno/install-sno-installing-sno.adoc,existing,leveloffset=+2; assembly context=install-sno-installing-sno-with-the-assisted-installer,folds 2 source jobs: Install single-node OpenShift; Prepare to install single-node OpenShift
Install single-node OpenShift,"When I need OpenShift on a single server, I need to deploy a single-node cluster that runs both control plane and workloads so I can operate at the edge or in constrained environments.",Install a cluster with a reduced footprint,full,modules/install-sno-monitoring-the-installation-manually.adoc,installing/installing_sno/install-sno-installing-sno.adoc,existing,leveloffset=+2; assembly context=install-sno-installing-sno-with-the-assisted-installer,folds 2 source jobs: Install single-node OpenShift; Prepare to install single-node OpenShift
Install single-node OpenShift,"When I need OpenShift on a single server, I need to deploy a single-node cluster that runs both control plane and workloads so I can operate at the edge or in constrained environments.",Install a cluster with a reduced footprint,full,modules/install-sno-agent.adoc,installing/installing_sno/install-sno-installing-sno.adoc,existing,leveloffset=+1; assembly context=install-sno-installing-sno-with-the-assisted-installer,folds 2 source jobs: Install single-node OpenShift; Prepare to install single-node OpenShift
Install single-node OpenShift,"When I need OpenShift on a single server, I need to deploy a single-node cluster that runs both control plane and workloads so I can operate at the edge or in constrained environments.",Install a cluster with a reduced footprint,full,modules/install-sno-installing-with-agent-based-installer.adoc,installing/installing_sno/install-sno-installing-sno.adoc,existing,leveloffset=+2; assembly context=install-sno-installing-sno-with-the-assisted-installer,folds 2 source jobs: Install single-node OpenShift; Prepare to install single-node OpenShift
Install single-node OpenShift,"When I need OpenShift on a single server, I need to deploy a single-node cluster that runs both control plane and workloads so I can operate at the edge or in constrained environments.",Install a cluster with a reduced footprint,full,modules/install-sno-additional-requirements-for-installing-sno-on-a-cloud-provider.adoc,installing/installing_sno/install-sno-installing-sno.adoc,existing,leveloffset=+1; assembly context=install-sno-installing-sno-with-the-assisted-installer,folds 2 source jobs: Install single-node OpenShift; Prepare to install single-node OpenShift
Install single-node OpenShift,"When I need OpenShift on a single server, I need to deploy a single-node cluster that runs both control plane and workloads so I can operate at the edge or in constrained environments.",Install a cluster with a reduced footprint,full,modules/install-sno-supported-cloud-providers-for-single-node-openshift.adoc,installing/installing_sno/install-sno-installing-sno.adoc,existing,leveloffset=+1; assembly context=install-sno-installing-sno-with-the-assisted-installer,folds 2 source jobs: Install single-node OpenShift; Prepare to install single-node OpenShift
Install single-node OpenShift,"When I need OpenShift on a single server, I need to deploy a single-node cluster that runs both control plane and workloads so I can operate at the edge or in constrained environments.",Install a cluster with a reduced footprint,full,modules/installation-aws_con_installing-sno-on-aws.adoc,installing/installing_sno/install-sno-installing-sno.adoc,existing,leveloffset=+1; assembly context=install-sno-installing-sno-with-the-assisted-installer,folds 2 source jobs: Install single-node OpenShift; Prepare to install single-node OpenShift
Install single-node OpenShift,"When I need OpenShift on a single server, I need to deploy a single-node cluster that runs both control plane and workloads so I can operate at the edge or in constrained environments.",Install a cluster with a reduced footprint,full,modules/install-sno-installing-sno-on-azure.adoc,installing/installing_sno/install-sno-installing-sno.adoc,existing,leveloffset=+1; assembly context=install-sno-installing-sno-with-the-assisted-installer,folds 2 source jobs: Install single-node OpenShift; Prepare to install single-node OpenShift
Install single-node OpenShift,"When I need OpenShift on a single server, I need to deploy a single-node cluster that runs both control plane and workloads so I can operate at the edge or in constrained environments.",Install a cluster with a reduced footprint,full,modules/install-sno-installing-sno-on-gcp.adoc,installing/installing_sno/install-sno-installing-sno.adoc,existing,leveloffset=+1; assembly context=install-sno-installing-sno-with-the-assisted-installer,folds 2 source jobs: Install single-node OpenShift; Prepare to install single-node OpenShift
Install single-node OpenShift,"When I need OpenShift on a single server, I need to deploy a single-node cluster that runs both control plane and workloads so I can operate at the edge or in constrained environments.",Install a cluster with a reduced footprint,full,modules/install-sno-installing-with-usb-media.adoc,installing/installing_sno/install-sno-installing-sno.adoc,existing,leveloffset=+1; assembly context=install-sno-installing-sno-with-the-assisted-installer,folds 2 source jobs: Install single-node OpenShift; Prepare to install single-node OpenShift
Install single-node OpenShift,"When I need OpenShift on a single server, I need to deploy a single-node cluster that runs both control plane and workloads so I can operate at the edge or in constrained environments.",Install a cluster with a reduced footprint,full,modules/install-booting-from-an-iso-over-http-redfish.adoc,installing/installing_sno/install-sno-installing-sno.adoc,existing,leveloffset=+1; assembly context=install-sno-installing-sno-with-the-assisted-installer,folds 2 source jobs: Install single-node OpenShift; Prepare to install single-node OpenShift
Install single-node OpenShift,"When I need OpenShift on a single server, I need to deploy a single-node cluster that runs both control plane and workloads so I can operate at the edge or in constrained environments.",Install a cluster with a reduced footprint,full,modules/creating-custom-live-rhcos-iso.adoc,installing/installing_sno/install-sno-installing-sno.adoc,existing,leveloffset=+1; assembly context=install-sno-installing-sno-with-the-assisted-installer,folds 2 source jobs: Install single-node OpenShift; Prepare to install single-node OpenShift
Install single-node OpenShift,"When I need OpenShift on a single server, I need to deploy a single-node cluster that runs both control plane and workloads so I can operate at the edge or in constrained environments.",Install a cluster with a reduced footprint,full,modules/install-sno-ibm-z-linuxone.adoc,installing/installing_sno/install-sno-installing-sno.adoc,existing,leveloffset=+1; assembly context=install-sno-installing-sno-with-the-assisted-installer,folds 2 source jobs: Install single-node OpenShift; Prepare to install single-node OpenShift
Install single-node OpenShift,"When I need OpenShift on a single server, I need to deploy a single-node cluster that runs both control plane and workloads so I can operate at the edge or in constrained environments.",Install a cluster with a reduced footprint,full,modules/install-sno-ibm-z.adoc,installing/installing_sno/install-sno-installing-sno.adoc,existing,leveloffset=+2; assembly context=install-sno-installing-sno-with-the-assisted-installer,folds 2 source jobs: Install single-node OpenShift; Prepare to install single-node OpenShift
Install single-node OpenShift,"When I need OpenShift on a single server, I need to deploy a single-node cluster that runs both control plane and workloads so I can operate at the edge or in constrained environments.",Install a cluster with a reduced footprint,full,modules/install-sno-ibm-z-kvm.adoc,installing/installing_sno/install-sno-installing-sno.adoc,existing,leveloffset=+2; assembly context=install-sno-installing-sno-with-the-assisted-installer,folds 2 source jobs: Install single-node OpenShift; Prepare to install single-node OpenShift
Install single-node OpenShift,"When I need OpenShift on a single server, I need to deploy a single-node cluster that runs both control plane and workloads so I can operate at the edge or in constrained environments.",Install a cluster with a reduced footprint,full,modules/install-sno-ibm-z-lpar.adoc,installing/installing_sno/install-sno-installing-sno.adoc,existing,leveloffset=+2; assembly context=install-sno-installing-sno-with-the-assisted-installer,folds 2 source jobs: Install single-node OpenShift; Prepare to install single-node OpenShift
Install single-node OpenShift,"When I need OpenShift on a single server, I need to deploy a single-node cluster that runs both control plane and workloads so I can operate at the edge or in constrained environments.",Install a cluster with a reduced footprint,full,modules/install-sno-ibm-power-stub.adoc,installing/installing_sno/install-sno-installing-sno.adoc,existing,leveloffset=+1; assembly context=install-sno-installing-sno-with-the-assisted-installer,folds 2 source jobs: Install single-node OpenShift; Prepare to install single-node OpenShift
Install single-node OpenShift,"When I need OpenShift on a single server, I need to deploy a single-node cluster that runs both control plane and workloads so I can operate at the edge or in constrained environments.",Install a cluster with a reduced footprint,full,modules/setting-up-bastion-for-sno.adoc,installing/installing_sno/install-sno-installing-sno.adoc,existing,leveloffset=+2; assembly context=install-sno-installing-sno-with-the-assisted-installer,folds 2 source jobs: Install single-node OpenShift; Prepare to install single-node OpenShift
Install single-node OpenShift,"When I need OpenShift on a single server, I need to deploy a single-node cluster that runs both control plane and workloads so I can operate at the edge or in constrained environments.",Install a cluster with a reduced footprint,full,modules/install-sno-ibm-power.adoc,installing/installing_sno/install-sno-installing-sno.adoc,existing,leveloffset=+2; assembly context=install-sno-installing-sno-with-the-assisted-installer,folds 2 source jobs: Install single-node OpenShift; Prepare to install single-node OpenShift
Install single-node OpenShift,"When I need OpenShift on a single server, I need to deploy a single-node cluster that runs both control plane and workloads so I can operate at the edge or in constrained environments.",Install a cluster with a reduced footprint,full,modules/install-sno-about-installing-on-a-single-node.adoc,installing/installing_sno/install-sno-preparing-to-install-sno.adoc,existing,leveloffset=+1; assembly context=install-sno-preparing,folds 2 source jobs: Install single-node OpenShift; Prepare to install single-node OpenShift
Install single-node OpenShift,"When I need OpenShift on a single server, I need to deploy a single-node cluster that runs both control plane and workloads so I can operate at the edge or in constrained environments.",Install a cluster with a reduced footprint,full,modules/install-sno-requirements-for-installing-on-a-single-node.adoc,installing/installing_sno/install-sno-preparing-to-install-sno.adoc,existing,leveloffset=+1; assembly context=install-sno-preparing,folds 2 source jobs: Install single-node OpenShift; Prepare to install single-node OpenShift
Install a two-node cluster with fencing,"When I need a minimal HA deployment, I need to install a two-node OpenShift cluster with fencing for quorum so I can run workloads with high availability on minimal hardware.",Install a cluster with a reduced footprint,full,modules/sample-install-config-two-node-fencing-ipi.adoc,installing/installing_two_node_cluster/installing_tnf/install-tnf.adoc,existing,leveloffset=+1; assembly context=install-tnf,folds 1 source jobs: Install a two-node cluster with fencing
Install a two-node cluster with fencing,"When I need a minimal HA deployment, I need to install a two-node OpenShift cluster with fencing for quorum so I can run workloads with high availability on minimal hardware.",Install a cluster with a reduced footprint,full,modules/sample-install-config-two-node-fencing-upi.adoc,installing/installing_two_node_cluster/installing_tnf/install-tnf.adoc,existing,leveloffset=+1; assembly context=install-tnf,folds 1 source jobs: Install a two-node cluster with fencing
Install a two-node cluster with fencing,"When I need a minimal HA deployment, I need to install a two-node OpenShift cluster with fencing for quorum so I can run workloads with high availability on minimal hardware.",Install a cluster with a reduced footprint,full,modules/sample-install-config-two-node-fencing-abi.adoc,installing/installing_two_node_cluster/installing_tnf/install-tnf.adoc,existing,leveloffset=+1; assembly context=install-tnf,folds 1 source jobs: Install a two-node cluster with fencing
Install a two-node cluster with fencing,"When I need a minimal HA deployment, I need to install a two-node OpenShift cluster with fencing for quorum so I can run workloads with high availability on minimal hardware.",Install a cluster with a reduced footprint,full,modules/sample-agent-config-two-node-fencing-abi.adoc,installing/installing_two_node_cluster/installing_tnf/install-tnf.adoc,existing,leveloffset=+1; assembly context=install-tnf,folds 1 source jobs: Install a two-node cluster with fencing
Install a three-node cluster,"When I want a compact vSphere deployment, I need to install a three-node cluster where control plane nodes also run workloads so I can minimize infrastructure costs.",Install a cluster with a reduced footprint,full,modules/installation-three-node-cluster-cloud-provider.adoc,installing/installing_vsphere/installing-vsphere-three-node.adoc,existing,leveloffset=+1; assembly context=installing-vsphere-three-node,folds 5 source jobs: Install a three-node cluster on vSphere; Install a three-node cluster on AWS; Install a three-node cluster on Azure; Install a three-node cluster on Nutanix; Install a three-node cluster on OpenStack
Install a cluster on AWS Local Zones,"When I need low-latency edge compute on AWS, I need to deploy worker nodes in AWS Local Zones so workloads run closer to end users.",Install a cluster at the edge,full,modules/installing-aws-localzone-prereqs.adoc,installing/installing_aws/ipi/installing-aws-localzone.adoc,existing,leveloffset=+1; assembly context=installing-aws-localzone,folds 2 source jobs: Install on AWS Local Zones; Configure AWS compute edge zone tasks
Install a cluster on AWS Local Zones,"When I need low-latency edge compute on AWS, I need to deploy worker nodes in AWS Local Zones so workloads run closer to end users.",Install a cluster at the edge,full,modules/cluster-limitations-aws-zone.adoc,installing/installing_aws/ipi/installing-aws-localzone.adoc,existing,leveloffset=+1; assembly context=installing-aws-localzone,folds 2 source jobs: Install on AWS Local Zones; Configure AWS compute edge zone tasks
Install a cluster on AWS Local Zones,"When I need low-latency edge compute on AWS, I need to deploy worker nodes in AWS Local Zones so workloads run closer to end users.",Install a cluster at the edge,full,modules/edge-machine-pools-aws-local-zones.adoc,installing/installing_aws/ipi/installing-aws-localzone.adoc,existing,leveloffset=+1; assembly context=installing-aws-localzone,folds 2 source jobs: Install on AWS Local Zones; Configure AWS compute edge zone tasks
Install a cluster on AWS Local Zones,"When I need low-latency edge compute on AWS, I need to deploy worker nodes in AWS Local Zones so workloads run closer to end users.",Install a cluster at the edge,full,modules/installation-aws-add-zone-locations.adoc,installing/installing_aws/ipi/installing-aws-localzone.adoc,existing,leveloffset=+1; assembly context=installing-aws-localzone,folds 2 source jobs: Install on AWS Local Zones; Configure AWS compute edge zone tasks
Install a cluster on AWS Local Zones,"When I need low-latency edge compute on AWS, I need to deploy worker nodes in AWS Local Zones so workloads run closer to end users.",Install a cluster at the edge,full,modules/installation-aws-marketplace-subscribe.adoc,installing/installing_aws/ipi/installing-aws-localzone.adoc,existing,leveloffset=+1; assembly context=installing-aws-localzone,folds 2 source jobs: Install on AWS Local Zones; Configure AWS compute edge zone tasks
Install a cluster on AWS Local Zones,"When I need low-latency edge compute on AWS, I need to deploy worker nodes in AWS Local Zones so workloads run closer to end users.",Install a cluster at the edge,full,modules/installation-minimum-resource-requirements.adoc,installing/installing_aws/ipi/installing-aws-localzone.adoc,existing,leveloffset=+1; assembly context=installing-aws-localzone,folds 2 source jobs: Install on AWS Local Zones; Configure AWS compute edge zone tasks
Install a cluster on AWS Local Zones,"When I need low-latency edge compute on AWS, I need to deploy worker nodes in AWS Local Zones so workloads run closer to end users.",Install a cluster at the edge,full,modules/installation-aws-tested-machine-types.adoc,installing/installing_aws/ipi/installing-aws-localzone.adoc,existing,leveloffset=+1; assembly context=installing-aws-localzone,folds 2 source jobs: Install on AWS Local Zones; Configure AWS compute edge zone tasks
Install a cluster on AWS Local Zones,"When I need low-latency edge compute on AWS, I need to deploy worker nodes in AWS Local Zones so workloads run closer to end users.",Install a cluster at the edge,full,modules/installation-generate-aws-user-infra-install-config.adoc,installing/installing_aws/ipi/installing-aws-localzone.adoc,existing,leveloffset=+1; assembly context=installing-aws-localzone,folds 2 source jobs: Install on AWS Local Zones; Configure AWS compute edge zone tasks
Install a cluster on AWS Local Zones,"When I need low-latency edge compute on AWS, I need to deploy worker nodes in AWS Local Zones so workloads run closer to end users.",Install a cluster at the edge,full,modules/installation-aws-edge-compute-pools-examples.adoc,installing/installing_aws/ipi/installing-aws-localzone.adoc,existing,leveloffset=+1; assembly context=installing-aws-localzone,folds 2 source jobs: Install on AWS Local Zones; Configure AWS compute edge zone tasks
Install a cluster on AWS Local Zones,"When I need low-latency edge compute on AWS, I need to deploy worker nodes in AWS Local Zones so workloads run closer to end users.",Install a cluster at the edge,full,modules/installation-aws-cluster-network-mtu.adoc,installing/installing_aws/ipi/installing-aws-localzone.adoc,existing,leveloffset=+1; assembly context=installing-aws-localzone,folds 2 source jobs: Install on AWS Local Zones; Configure AWS compute edge zone tasks
Install a cluster on AWS Local Zones,"When I need low-latency edge compute on AWS, I need to deploy worker nodes in AWS Local Zones so workloads run closer to end users.",Install a cluster at the edge,full,modules/aws-cluster-installation-options-aws-lzs.adoc,installing/installing_aws/ipi/installing-aws-localzone.adoc,existing,leveloffset=+1; assembly context=installing-aws-localzone,folds 2 source jobs: Install on AWS Local Zones; Configure AWS compute edge zone tasks
Install a cluster on AWS Local Zones,"When I need low-latency edge compute on AWS, I need to deploy worker nodes in AWS Local Zones so workloads run closer to end users.",Install a cluster at the edge,full,modules/installation-cluster-quickly-extend-compute-nodes.adoc,installing/installing_aws/ipi/installing-aws-localzone.adoc,existing,leveloffset=+1; assembly context=installing-aws-localzone,folds 2 source jobs: Install on AWS Local Zones; Configure AWS compute edge zone tasks
Install a cluster on AWS Local Zones,"When I need low-latency edge compute on AWS, I need to deploy worker nodes in AWS Local Zones so workloads run closer to end users.",Install a cluster at the edge,full,modules/install-creating-install-config-aws-edge-zones.adoc,installing/installing_aws/ipi/installing-aws-localzone.adoc,existing,leveloffset=+2; assembly context=installing-aws-localzone,folds 2 source jobs: Install on AWS Local Zones; Configure AWS compute edge zone tasks
Install a cluster on AWS Local Zones,"When I need low-latency edge compute on AWS, I need to deploy worker nodes in AWS Local Zones so workloads run closer to end users.",Install a cluster at the edge,full,modules/install-aws-localzone-existing.adoc,installing/installing_aws/ipi/installing-aws-localzone.adoc,existing,leveloffset=+1; assembly context=installing-aws-localzone,folds 2 source jobs: Install on AWS Local Zones; Configure AWS compute edge zone tasks
Install a cluster on AWS Local Zones,"When I need low-latency edge compute on AWS, I need to deploy worker nodes in AWS Local Zones so workloads run closer to end users.",Install a cluster at the edge,full,modules/installation-creating-aws-vpc-localzone.adoc,installing/installing_aws/ipi/installing-aws-localzone.adoc,existing,leveloffset=+2; assembly context=installing-aws-localzone,folds 2 source jobs: Install on AWS Local Zones; Configure AWS compute edge zone tasks
Install a cluster on AWS Local Zones,"When I need low-latency edge compute on AWS, I need to deploy worker nodes in AWS Local Zones so workloads run closer to end users.",Install a cluster at the edge,full,modules/installation-cloudformation-vpc-localzone.adoc,installing/installing_aws/ipi/installing-aws-localzone.adoc,existing,leveloffset=+2; assembly context=installing-aws-localzone,folds 2 source jobs: Install on AWS Local Zones; Configure AWS compute edge zone tasks
Install a cluster on AWS Local Zones,"When I need low-latency edge compute on AWS, I need to deploy worker nodes in AWS Local Zones so workloads run closer to end users.",Install a cluster at the edge,full,modules/installation-creating-aws-vpc-subnets-lz.adoc,installing/installing_aws/ipi/installing-aws-localzone.adoc,existing,leveloffset=+2; assembly context=installing-aws-localzone,folds 2 source jobs: Install on AWS Local Zones; Configure AWS compute edge zone tasks
Install a cluster on AWS Local Zones,"When I need low-latency edge compute on AWS, I need to deploy worker nodes in AWS Local Zones so workloads run closer to end users.",Install a cluster at the edge,full,modules/installation-cloudformation-subnet-localzone.adoc,installing/installing_aws/ipi/installing-aws-localzone.adoc,existing,leveloffset=+2; assembly context=installing-aws-localzone,folds 2 source jobs: Install on AWS Local Zones; Configure AWS compute edge zone tasks
Install a cluster on AWS Local Zones,"When I need low-latency edge compute on AWS, I need to deploy worker nodes in AWS Local Zones so workloads run closer to end users.",Install a cluster at the edge,full,modules/installing-aws-edge-zones-custom-vpc-config.adoc,installing/installing_aws/ipi/installing-aws-localzone.adoc,existing,leveloffset=+2; assembly context=installing-aws-localzone,folds 2 source jobs: Install on AWS Local Zones; Configure AWS compute edge zone tasks
Install a cluster on AWS Local Zones,"When I need low-latency edge compute on AWS, I need to deploy worker nodes in AWS Local Zones so workloads run closer to end users.",Install a cluster at the edge,full,modules/installation-aws-security-groups.adoc,installing/installing_aws/ipi/installing-aws-localzone.adoc,existing,leveloffset=+1; assembly context=installing-aws-localzone,folds 2 source jobs: Install on AWS Local Zones; Configure AWS compute edge zone tasks
Install a cluster on AWS Local Zones,"When I need low-latency edge compute on AWS, I need to deploy worker nodes in AWS Local Zones so workloads run closer to end users.",Install a cluster at the edge,full,modules/installing-with-edge-node-public.adoc,installing/installing_aws/ipi/installing-aws-localzone.adoc,existing,leveloffset=+1; assembly context=installing-aws-localzone,folds 2 source jobs: Install on AWS Local Zones; Configure AWS compute edge zone tasks
Install a cluster on AWS Local Zones,"When I need low-latency edge compute on AWS, I need to deploy worker nodes in AWS Local Zones so workloads run closer to end users.",Install a cluster at the edge,full,modules/installation-launching-installer.adoc,installing/installing_aws/ipi/installing-aws-localzone.adoc,existing,leveloffset=+1; assembly context=installing-aws-localzone,folds 2 source jobs: Install on AWS Local Zones; Configure AWS compute edge zone tasks
Install a cluster on AWS Local Zones,"When I need low-latency edge compute on AWS, I need to deploy worker nodes in AWS Local Zones so workloads run closer to end users.",Install a cluster at the edge,full,modules/cli-logging-in-kubeadmin.adoc,installing/installing_aws/ipi/installing-aws-localzone.adoc,existing,leveloffset=+1; assembly context=installing-aws-localzone,folds 2 source jobs: Install on AWS Local Zones; Configure AWS compute edge zone tasks
Install a cluster on AWS Local Zones,"When I need low-latency edge compute on AWS, I need to deploy worker nodes in AWS Local Zones so workloads run closer to end users.",Install a cluster at the edge,full,modules/logging-in-by-using-the-web-console.adoc,installing/installing_aws/ipi/installing-aws-localzone.adoc,existing,leveloffset=+1; assembly context=installing-aws-localzone,folds 2 source jobs: Install on AWS Local Zones; Configure AWS compute edge zone tasks
Install a cluster on AWS Local Zones,"When I need low-latency edge compute on AWS, I need to deploy worker nodes in AWS Local Zones so workloads run closer to end users.",Install a cluster at the edge,full,modules/machine-edge-pool-review-nodes.adoc,installing/installing_aws/ipi/installing-aws-localzone.adoc,existing,leveloffset=+1; assembly context=installing-aws-localzone,folds 2 source jobs: Install on AWS Local Zones; Configure AWS compute edge zone tasks
Install a cluster on AWS Local Zones,"When I need low-latency edge compute on AWS, I need to deploy worker nodes in AWS Local Zones so workloads run closer to end users.",Install a cluster at the edge,full,modules/post-install-edge-aws-extend-cluster.adoc,installing/installing_aws/aws-compute-edge-zone-tasks.adoc,existing,leveloffset=+1; assembly context=aws-compute-edge-zone-tasks,folds 2 source jobs: Install on AWS Local Zones; Configure AWS compute edge zone tasks
Install a cluster on AWS Local Zones,"When I need low-latency edge compute on AWS, I need to deploy worker nodes in AWS Local Zones so workloads run closer to end users.",Install a cluster at the edge,full,modules/installation-changing-cluster-mtu-zones-about.adoc,installing/installing_aws/aws-compute-edge-zone-tasks.adoc,existing,leveloffset=+1; assembly context=aws-compute-edge-zone-tasks,folds 2 source jobs: Install on AWS Local Zones; Configure AWS compute edge zone tasks
Install a cluster on AWS Local Zones,"When I need low-latency edge compute on AWS, I need to deploy worker nodes in AWS Local Zones so workloads run closer to end users.",Install a cluster at the edge,full,modules/nw-cluster-mtu-change-about.adoc,installing/installing_aws/aws-compute-edge-zone-tasks.adoc,existing,leveloffset=+2; assembly context=aws-compute-edge-zone-tasks,folds 2 source jobs: Install on AWS Local Zones; Configure AWS compute edge zone tasks
Install a cluster on AWS Local Zones,"When I need low-latency edge compute on AWS, I need to deploy worker nodes in AWS Local Zones so workloads run closer to end users.",Install a cluster at the edge,full,modules/nw-cluster-mtu-change.adoc,installing/installing_aws/aws-compute-edge-zone-tasks.adoc,existing,leveloffset=+2; assembly context=aws-compute-edge-zone-tasks,folds 2 source jobs: Install on AWS Local Zones; Configure AWS compute edge zone tasks
Install a cluster on AWS Local Zones,"When I need low-latency edge compute on AWS, I need to deploy worker nodes in AWS Local Zones so workloads run closer to end users.",Install a cluster at the edge,full,modules/nw-cluster-mtu-change-prerequisites.adoc,installing/installing_aws/aws-compute-edge-zone-tasks.adoc,existing,leveloffset=+2; assembly context=aws-compute-edge-zone-tasks,folds 2 source jobs: Install on AWS Local Zones; Configure AWS compute edge zone tasks
Install a cluster on AWS Local Zones,"When I need low-latency edge compute on AWS, I need to deploy worker nodes in AWS Local Zones so workloads run closer to end users.",Install a cluster at the edge,full,modules/nw-cluster-mtu-checking.adoc,installing/installing_aws/aws-compute-edge-zone-tasks.adoc,existing,leveloffset=+3; assembly context=aws-compute-edge-zone-tasks,folds 2 source jobs: Install on AWS Local Zones; Configure AWS compute edge zone tasks
Install a cluster on AWS Local Zones,"When I need low-latency edge compute on AWS, I need to deploy worker nodes in AWS Local Zones so workloads run closer to end users.",Install a cluster at the edge,full,modules/nw-cluster-mtu-migration.adoc,installing/installing_aws/aws-compute-edge-zone-tasks.adoc,existing,leveloffset=+3; assembly context=aws-compute-edge-zone-tasks,folds 2 source jobs: Install on AWS Local Zones; Configure AWS compute edge zone tasks
Install a cluster on AWS Local Zones,"When I need low-latency edge compute on AWS, I need to deploy worker nodes in AWS Local Zones so workloads run closer to end users.",Install a cluster at the edge,full,modules/nw-cluster-mtu-verifying-configuration.adoc,installing/installing_aws/aws-compute-edge-zone-tasks.adoc,existing,leveloffset=+3; assembly context=aws-compute-edge-zone-tasks,folds 2 source jobs: Install on AWS Local Zones; Configure AWS compute edge zone tasks
Install a cluster on AWS Local Zones,"When I need low-latency edge compute on AWS, I need to deploy worker nodes in AWS Local Zones so workloads run closer to end users.",Install a cluster at the edge,full,modules/nw-cluster-mtu-finalizing-migration.adoc,installing/installing_aws/aws-compute-edge-zone-tasks.adoc,existing,leveloffset=+3; assembly context=aws-compute-edge-zone-tasks,folds 2 source jobs: Install on AWS Local Zones; Configure AWS compute edge zone tasks
Install a cluster on AWS Local Zones,"When I need low-latency edge compute on AWS, I need to deploy worker nodes in AWS Local Zones so workloads run closer to end users.",Install a cluster at the edge,full,modules/post-install-extend-existing-to-zone-type.adoc,installing/installing_aws/aws-compute-edge-zone-tasks.adoc,existing,leveloffset=+2; assembly context=aws-compute-edge-zone-tasks,folds 2 source jobs: Install on AWS Local Zones; Configure AWS compute edge zone tasks
Install a cluster on AWS Local Zones,"When I need low-latency edge compute on AWS, I need to deploy worker nodes in AWS Local Zones so workloads run closer to end users.",Install a cluster at the edge,full,modules/installation-creating-aws-vpc-carrier-gw.adoc,installing/installing_aws/aws-compute-edge-zone-tasks.adoc,existing,leveloffset=+2; assembly context=aws-compute-edge-zone-tasks,folds 2 source jobs: Install on AWS Local Zones; Configure AWS compute edge zone tasks
Install a cluster on AWS Local Zones,"When I need low-latency edge compute on AWS, I need to deploy worker nodes in AWS Local Zones so workloads run closer to end users.",Install a cluster at the edge,full,modules/installation-cloudformation-vpc-carrier-gw.adoc,installing/installing_aws/aws-compute-edge-zone-tasks.adoc,existing,leveloffset=+2; assembly context=aws-compute-edge-zone-tasks,folds 2 source jobs: Install on AWS Local Zones; Configure AWS compute edge zone tasks
Install a cluster on AWS Local Zones,"When I need low-latency edge compute on AWS, I need to deploy worker nodes in AWS Local Zones so workloads run closer to end users.",Install a cluster at the edge,full,modules/installation-creating-aws-vpc-subnets-edge.adoc,installing/installing_aws/aws-compute-edge-zone-tasks.adoc,existing,leveloffset=+2; assembly context=aws-compute-edge-zone-tasks,folds 2 source jobs: Install on AWS Local Zones; Configure AWS compute edge zone tasks
Install a cluster on AWS Local Zones,"When I need low-latency edge compute on AWS, I need to deploy worker nodes in AWS Local Zones so workloads run closer to end users.",Install a cluster at the edge,full,modules/post-install-edge-aws-extend-machineset.adoc,installing/installing_aws/aws-compute-edge-zone-tasks.adoc,existing,leveloffset=+2; assembly context=aws-compute-edge-zone-tasks,folds 2 source jobs: Install on AWS Local Zones; Configure AWS compute edge zone tasks
Install a cluster on AWS Local Zones,"When I need low-latency edge compute on AWS, I need to deploy worker nodes in AWS Local Zones so workloads run closer to end users.",Install a cluster at the edge,full,modules/machineset-yaml-aws.adoc,installing/installing_aws/aws-compute-edge-zone-tasks.adoc,existing,leveloffset=+3; assembly context=aws-compute-edge-zone-tasks,folds 2 source jobs: Install on AWS Local Zones; Configure AWS compute edge zone tasks
Install a cluster on AWS Local Zones,"When I need low-latency edge compute on AWS, I need to deploy worker nodes in AWS Local Zones so workloads run closer to end users.",Install a cluster at the edge,full,modules/machineset-creating.adoc,installing/installing_aws/aws-compute-edge-zone-tasks.adoc,existing,leveloffset=+3; assembly context=aws-compute-edge-zone-tasks,folds 2 source jobs: Install on AWS Local Zones; Configure AWS compute edge zone tasks
Install a cluster on AWS Local Zones,"When I need low-latency edge compute on AWS, I need to deploy worker nodes in AWS Local Zones so workloads run closer to end users.",Install a cluster at the edge,full,modules/installation-extend-edge-nodes-aws-local-zones-about.adoc,installing/installing_aws/aws-compute-edge-zone-tasks.adoc,existing,leveloffset=+1; assembly context=aws-compute-edge-zone-tasks,folds 2 source jobs: Install on AWS Local Zones; Configure AWS compute edge zone tasks
Install a cluster on AWS Local Zones,"When I need low-latency edge compute on AWS, I need to deploy worker nodes in AWS Local Zones so workloads run closer to end users.",Install a cluster at the edge,full,modules/installation-extend-edge-nodes-aws-local-zones.adoc,installing/installing_aws/aws-compute-edge-zone-tasks.adoc,existing,leveloffset=+2; assembly context=aws-compute-edge-zone-tasks,folds 2 source jobs: Install on AWS Local Zones; Configure AWS compute edge zone tasks
Install a cluster on AWS Wavelength Zones,"When I need ultra-low-latency 5G edge compute, I need to deploy workers in AWS Wavelength Zones so I can serve mobile and IoT workloads.",Install a cluster at the edge,full,modules/installing-aws-wavelength-zone-prereqs.adoc,installing/installing_aws/ipi/installing-aws-wavelength-zone.adoc,existing,leveloffset=+1; assembly context=installing-aws-wavelength-zone,folds 1 source jobs: Install on AWS Wavelength Zones
Install a cluster on AWS Wavelength Zones,"When I need ultra-low-latency 5G edge compute, I need to deploy workers in AWS Wavelength Zones so I can serve mobile and IoT workloads.",Install a cluster at the edge,full,modules/cluster-limitations-aws-zone.adoc,installing/installing_aws/ipi/installing-aws-wavelength-zone.adoc,existing,leveloffset=+1; assembly context=installing-aws-wavelength-zone,folds 1 source jobs: Install on AWS Wavelength Zones
Install a cluster on AWS Wavelength Zones,"When I need ultra-low-latency 5G edge compute, I need to deploy workers in AWS Wavelength Zones so I can serve mobile and IoT workloads.",Install a cluster at the edge,full,modules/edge-machine-pools-aws-local-zones.adoc,installing/installing_aws/ipi/installing-aws-wavelength-zone.adoc,existing,leveloffset=+1; assembly context=installing-aws-wavelength-zone,folds 1 source jobs: Install on AWS Wavelength Zones
Install a cluster on AWS Wavelength Zones,"When I need ultra-low-latency 5G edge compute, I need to deploy workers in AWS Wavelength Zones so I can serve mobile and IoT workloads.",Install a cluster at the edge,full,modules/installation-aws-add-zone-locations.adoc,installing/installing_aws/ipi/installing-aws-wavelength-zone.adoc,existing,leveloffset=+1; assembly context=installing-aws-wavelength-zone,folds 1 source jobs: Install on AWS Wavelength Zones
Install a cluster on AWS Wavelength Zones,"When I need ultra-low-latency 5G edge compute, I need to deploy workers in AWS Wavelength Zones so I can serve mobile and IoT workloads.",Install a cluster at the edge,full,modules/installation-aws-marketplace-subscribe.adoc,installing/installing_aws/ipi/installing-aws-wavelength-zone.adoc,existing,leveloffset=+1; assembly context=installing-aws-wavelength-zone,folds 1 source jobs: Install on AWS Wavelength Zones
Install a cluster on AWS Wavelength Zones,"When I need ultra-low-latency 5G edge compute, I need to deploy workers in AWS Wavelength Zones so I can serve mobile and IoT workloads.",Install a cluster at the edge,full,modules/installation-minimum-resource-requirements.adoc,installing/installing_aws/ipi/installing-aws-wavelength-zone.adoc,existing,leveloffset=+1; assembly context=installing-aws-wavelength-zone,folds 1 source jobs: Install on AWS Wavelength Zones
Install a cluster on AWS Wavelength Zones,"When I need ultra-low-latency 5G edge compute, I need to deploy workers in AWS Wavelength Zones so I can serve mobile and IoT workloads.",Install a cluster at the edge,full,modules/installation-aws-tested-machine-types.adoc,installing/installing_aws/ipi/installing-aws-wavelength-zone.adoc,existing,leveloffset=+1; assembly context=installing-aws-wavelength-zone,folds 1 source jobs: Install on AWS Wavelength Zones
Install a cluster on AWS Wavelength Zones,"When I need ultra-low-latency 5G edge compute, I need to deploy workers in AWS Wavelength Zones so I can serve mobile and IoT workloads.",Install a cluster at the edge,full,modules/installation-generate-aws-user-infra-install-config.adoc,installing/installing_aws/ipi/installing-aws-wavelength-zone.adoc,existing,leveloffset=+1; assembly context=installing-aws-wavelength-zone,folds 1 source jobs: Install on AWS Wavelength Zones
Install a cluster on AWS Wavelength Zones,"When I need ultra-low-latency 5G edge compute, I need to deploy workers in AWS Wavelength Zones so I can serve mobile and IoT workloads.",Install a cluster at the edge,full,modules/installation-aws-edge-compute-pools-examples.adoc,installing/installing_aws/ipi/installing-aws-wavelength-zone.adoc,existing,leveloffset=+1; assembly context=installing-aws-wavelength-zone,folds 1 source jobs: Install on AWS Wavelength Zones
Install a cluster on AWS Wavelength Zones,"When I need ultra-low-latency 5G edge compute, I need to deploy workers in AWS Wavelength Zones so I can serve mobile and IoT workloads.",Install a cluster at the edge,full,modules/aws-cluster-installation-options-aws-lzs.adoc,installing/installing_aws/ipi/installing-aws-wavelength-zone.adoc,existing,leveloffset=+1; assembly context=installing-aws-wavelength-zone,folds 1 source jobs: Install on AWS Wavelength Zones
Install a cluster on AWS Wavelength Zones,"When I need ultra-low-latency 5G edge compute, I need to deploy workers in AWS Wavelength Zones so I can serve mobile and IoT workloads.",Install a cluster at the edge,full,modules/installation-cluster-quickly-extend-compute-nodes.adoc,installing/installing_aws/ipi/installing-aws-wavelength-zone.adoc,existing,leveloffset=+1; assembly context=installing-aws-wavelength-zone,folds 1 source jobs: Install on AWS Wavelength Zones
Install a cluster on AWS Wavelength Zones,"When I need ultra-low-latency 5G edge compute, I need to deploy workers in AWS Wavelength Zones so I can serve mobile and IoT workloads.",Install a cluster at the edge,full,modules/install-creating-install-config-aws-edge-zones.adoc,installing/installing_aws/ipi/installing-aws-wavelength-zone.adoc,existing,leveloffset=+2; assembly context=installing-aws-wavelength-zone,folds 1 source jobs: Install on AWS Wavelength Zones
Install a cluster on AWS Wavelength Zones,"When I need ultra-low-latency 5G edge compute, I need to deploy workers in AWS Wavelength Zones so I can serve mobile and IoT workloads.",Install a cluster at the edge,full,modules/install-aws-wavelength-zone-existing.adoc,installing/installing_aws/ipi/installing-aws-wavelength-zone.adoc,existing,leveloffset=+1; assembly context=installing-aws-wavelength-zone,folds 1 source jobs: Install on AWS Wavelength Zones
Install a cluster on AWS Wavelength Zones,"When I need ultra-low-latency 5G edge compute, I need to deploy workers in AWS Wavelength Zones so I can serve mobile and IoT workloads.",Install a cluster at the edge,full,modules/installation-creating-aws-vpc-localzone.adoc,installing/installing_aws/ipi/installing-aws-wavelength-zone.adoc,existing,leveloffset=+2; assembly context=installing-aws-wavelength-zone,folds 1 source jobs: Install on AWS Wavelength Zones
Install a cluster on AWS Wavelength Zones,"When I need ultra-low-latency 5G edge compute, I need to deploy workers in AWS Wavelength Zones so I can serve mobile and IoT workloads.",Install a cluster at the edge,full,modules/installation-cloudformation-vpc-localzone.adoc,installing/installing_aws/ipi/installing-aws-wavelength-zone.adoc,existing,leveloffset=+2; assembly context=installing-aws-wavelength-zone,folds 1 source jobs: Install on AWS Wavelength Zones
Install a cluster on AWS Wavelength Zones,"When I need ultra-low-latency 5G edge compute, I need to deploy workers in AWS Wavelength Zones so I can serve mobile and IoT workloads.",Install a cluster at the edge,full,modules/installation-creating-aws-vpc-carrier-gw.adoc,installing/installing_aws/ipi/installing-aws-wavelength-zone.adoc,existing,leveloffset=+2; assembly context=installing-aws-wavelength-zone,folds 1 source jobs: Install on AWS Wavelength Zones
Install a cluster on AWS Wavelength Zones,"When I need ultra-low-latency 5G edge compute, I need to deploy workers in AWS Wavelength Zones so I can serve mobile and IoT workloads.",Install a cluster at the edge,full,modules/installation-cloudformation-vpc-carrier-gw.adoc,installing/installing_aws/ipi/installing-aws-wavelength-zone.adoc,existing,leveloffset=+2; assembly context=installing-aws-wavelength-zone,folds 1 source jobs: Install on AWS Wavelength Zones
Install a cluster on AWS Wavelength Zones,"When I need ultra-low-latency 5G edge compute, I need to deploy workers in AWS Wavelength Zones so I can serve mobile and IoT workloads.",Install a cluster at the edge,full,modules/installation-creating-aws-vpc-subnets-wz.adoc,installing/installing_aws/ipi/installing-aws-wavelength-zone.adoc,existing,leveloffset=+2; assembly context=installing-aws-wavelength-zone,folds 1 source jobs: Install on AWS Wavelength Zones
Install a cluster on AWS Wavelength Zones,"When I need ultra-low-latency 5G edge compute, I need to deploy workers in AWS Wavelength Zones so I can serve mobile and IoT workloads.",Install a cluster at the edge,full,modules/installation-cloudformation-subnet-localzone.adoc,installing/installing_aws/ipi/installing-aws-wavelength-zone.adoc,existing,leveloffset=+2; assembly context=installing-aws-wavelength-zone,folds 1 source jobs: Install on AWS Wavelength Zones
Install a cluster on AWS Wavelength Zones,"When I need ultra-low-latency 5G edge compute, I need to deploy workers in AWS Wavelength Zones so I can serve mobile and IoT workloads.",Install a cluster at the edge,full,modules/installing-aws-edge-zones-custom-vpc-config.adoc,installing/installing_aws/ipi/installing-aws-wavelength-zone.adoc,existing,leveloffset=+2; assembly context=installing-aws-wavelength-zone,folds 1 source jobs: Install on AWS Wavelength Zones
Install a cluster on AWS Wavelength Zones,"When I need ultra-low-latency 5G edge compute, I need to deploy workers in AWS Wavelength Zones so I can serve mobile and IoT workloads.",Install a cluster at the edge,full,modules/installing-with-edge-node-public.adoc,installing/installing_aws/ipi/installing-aws-wavelength-zone.adoc,existing,leveloffset=+1; assembly context=installing-aws-wavelength-zone,folds 1 source jobs: Install on AWS Wavelength Zones
Install a cluster on AWS Wavelength Zones,"When I need ultra-low-latency 5G edge compute, I need to deploy workers in AWS Wavelength Zones so I can serve mobile and IoT workloads.",Install a cluster at the edge,full,modules/installation-launching-installer.adoc,installing/installing_aws/ipi/installing-aws-wavelength-zone.adoc,existing,leveloffset=+1; assembly context=installing-aws-wavelength-zone,folds 1 source jobs: Install on AWS Wavelength Zones
Install a cluster on AWS Wavelength Zones,"When I need ultra-low-latency 5G edge compute, I need to deploy workers in AWS Wavelength Zones so I can serve mobile and IoT workloads.",Install a cluster at the edge,full,modules/cli-logging-in-kubeadmin.adoc,installing/installing_aws/ipi/installing-aws-wavelength-zone.adoc,existing,leveloffset=+1; assembly context=installing-aws-wavelength-zone,folds 1 source jobs: Install on AWS Wavelength Zones
Install a cluster on AWS Wavelength Zones,"When I need ultra-low-latency 5G edge compute, I need to deploy workers in AWS Wavelength Zones so I can serve mobile and IoT workloads.",Install a cluster at the edge,full,modules/logging-in-by-using-the-web-console.adoc,installing/installing_aws/ipi/installing-aws-wavelength-zone.adoc,existing,leveloffset=+1; assembly context=installing-aws-wavelength-zone,folds 1 source jobs: Install on AWS Wavelength Zones
Install a cluster on AWS Wavelength Zones,"When I need ultra-low-latency 5G edge compute, I need to deploy workers in AWS Wavelength Zones so I can serve mobile and IoT workloads.",Install a cluster at the edge,full,modules/machine-edge-pool-review-nodes.adoc,installing/installing_aws/ipi/installing-aws-wavelength-zone.adoc,existing,leveloffset=+1; assembly context=installing-aws-wavelength-zone,folds 1 source jobs: Install on AWS Wavelength Zones
Extend a cluster into an AWS Outpost,"When I need on-premises AWS infrastructure, I need to deploy OpenShift on AWS Outposts so I can run workloads locally while using AWS services.",Install a cluster at the edge,full,modules/aws-outposts-requirements-limitations.adoc,installing/installing_aws/ipi/installing-aws-outposts.adoc,existing,leveloffset=+1; assembly context=installing-aws-outposts,folds 1 source jobs: Install on AWS Outposts
Extend a cluster into an AWS Outpost,"When I need on-premises AWS infrastructure, I need to deploy OpenShift on AWS Outposts so I can run workloads locally while using AWS services.",Install a cluster at the edge,full,modules/aws-outposts-environment-info.adoc,installing/installing_aws/ipi/installing-aws-outposts.adoc,existing,leveloffset=+1; assembly context=installing-aws-outposts,folds 1 source jobs: Install on AWS Outposts
Extend a cluster into an AWS Outpost,"When I need on-premises AWS infrastructure, I need to deploy OpenShift on AWS Outposts so I can run workloads locally while using AWS services.",Install a cluster at the edge,full,modules/aws-outposts-environment-info-oc.adoc,installing/installing_aws/ipi/installing-aws-outposts.adoc,existing,leveloffset=+2; assembly context=installing-aws-outposts,folds 1 source jobs: Install on AWS Outposts
Extend a cluster into an AWS Outpost,"When I need on-premises AWS infrastructure, I need to deploy OpenShift on AWS Outposts so I can run workloads locally while using AWS services.",Install a cluster at the edge,full,modules/aws-outposts-environment-info-aws.adoc,installing/installing_aws/ipi/installing-aws-outposts.adoc,existing,leveloffset=+2; assembly context=installing-aws-outposts,folds 1 source jobs: Install on AWS Outposts
Extend a cluster into an AWS Outpost,"When I need on-premises AWS infrastructure, I need to deploy OpenShift on AWS Outposts so I can run workloads locally while using AWS services.",Install a cluster at the edge,full,modules/aws-outposts-config-network.adoc,installing/installing_aws/ipi/installing-aws-outposts.adoc,existing,leveloffset=+1; assembly context=installing-aws-outposts,folds 1 source jobs: Install on AWS Outposts
Extend a cluster into an AWS Outpost,"When I need on-premises AWS infrastructure, I need to deploy OpenShift on AWS Outposts so I can run workloads locally while using AWS services.",Install a cluster at the edge,full,modules/nw-cluster-mtu-change.adoc,installing/installing_aws/ipi/installing-aws-outposts.adoc,existing,leveloffset=+2; assembly context=installing-aws-outposts,folds 1 source jobs: Install on AWS Outposts
Extend a cluster into an AWS Outpost,"When I need on-premises AWS infrastructure, I need to deploy OpenShift on AWS Outposts so I can run workloads locally while using AWS services.",Install a cluster at the edge,full,modules/nw-cluster-mtu-change-prerequisites.adoc,installing/installing_aws/ipi/installing-aws-outposts.adoc,existing,leveloffset=+2; assembly context=installing-aws-outposts,folds 1 source jobs: Install on AWS Outposts
Extend a cluster into an AWS Outpost,"When I need on-premises AWS infrastructure, I need to deploy OpenShift on AWS Outposts so I can run workloads locally while using AWS services.",Install a cluster at the edge,full,modules/nw-cluster-mtu-checking.adoc,installing/installing_aws/ipi/installing-aws-outposts.adoc,existing,leveloffset=+3; assembly context=installing-aws-outposts,folds 1 source jobs: Install on AWS Outposts
Extend a cluster into an AWS Outpost,"When I need on-premises AWS infrastructure, I need to deploy OpenShift on AWS Outposts so I can run workloads locally while using AWS services.",Install a cluster at the edge,full,modules/nw-cluster-mtu-migration.adoc,installing/installing_aws/ipi/installing-aws-outposts.adoc,existing,leveloffset=+3; assembly context=installing-aws-outposts,folds 1 source jobs: Install on AWS Outposts
Extend a cluster into an AWS Outpost,"When I need on-premises AWS infrastructure, I need to deploy OpenShift on AWS Outposts so I can run workloads locally while using AWS services.",Install a cluster at the edge,full,modules/nw-cluster-mtu-verifying-configuration.adoc,installing/installing_aws/ipi/installing-aws-outposts.adoc,existing,leveloffset=+3; assembly context=installing-aws-outposts,folds 1 source jobs: Install on AWS Outposts
Extend a cluster into an AWS Outpost,"When I need on-premises AWS infrastructure, I need to deploy OpenShift on AWS Outposts so I can run workloads locally while using AWS services.",Install a cluster at the edge,full,modules/nw-cluster-mtu-finalizing-migration.adoc,installing/installing_aws/ipi/installing-aws-outposts.adoc,existing,leveloffset=+3; assembly context=installing-aws-outposts,folds 1 source jobs: Install on AWS Outposts
Extend a cluster into an AWS Outpost,"When I need on-premises AWS infrastructure, I need to deploy OpenShift on AWS Outposts so I can run workloads locally while using AWS services.",Install a cluster at the edge,full,modules/installation-creating-aws-vpc-subnets-edge.adoc,installing/installing_aws/ipi/installing-aws-outposts.adoc,existing,leveloffset=+2; assembly context=installing-aws-outposts,folds 1 source jobs: Install on AWS Outposts
Extend a cluster into an AWS Outpost,"When I need on-premises AWS infrastructure, I need to deploy OpenShift on AWS Outposts so I can run workloads locally while using AWS services.",Install a cluster at the edge,full,modules/installation-cloudformation-subnet-localzone.adoc,installing/installing_aws/ipi/installing-aws-outposts.adoc,existing,leveloffset=+2; assembly context=installing-aws-outposts,folds 1 source jobs: Install on AWS Outposts
Extend a cluster into an AWS Outpost,"When I need on-premises AWS infrastructure, I need to deploy OpenShift on AWS Outposts so I can run workloads locally while using AWS services.",Install a cluster at the edge,full,modules/aws-outposts-machine-set.adoc,installing/installing_aws/ipi/installing-aws-outposts.adoc,existing,leveloffset=+1; assembly context=installing-aws-outposts,folds 1 source jobs: Install on AWS Outposts
Extend a cluster into an AWS Outpost,"When I need on-premises AWS infrastructure, I need to deploy OpenShift on AWS Outposts so I can run workloads locally while using AWS services.",Install a cluster at the edge,full,modules/create-user-workloads-aws-edge.adoc,installing/installing_aws/ipi/installing-aws-outposts.adoc,existing,leveloffset=+1; assembly context=installing-aws-outposts,folds 1 source jobs: Install on AWS Outposts
Extend a cluster into an AWS Outpost,"When I need on-premises AWS infrastructure, I need to deploy OpenShift on AWS Outposts so I can run workloads locally while using AWS services.",Install a cluster at the edge,full,modules/aws-outposts-schedule-workloads.adoc,installing/installing_aws/ipi/installing-aws-outposts.adoc,existing,leveloffset=+1; assembly context=installing-aws-outposts,folds 1 source jobs: Install on AWS Outposts
Extend a cluster into an AWS Outpost,"When I need on-premises AWS infrastructure, I need to deploy OpenShift on AWS Outposts so I can run workloads locally while using AWS services.",Install a cluster at the edge,full,modules/aws-outposts-load-balancer-clb.adoc,installing/installing_aws/ipi/installing-aws-outposts.adoc,existing,leveloffset=+2; assembly context=installing-aws-outposts,folds 1 source jobs: Install on AWS Outposts
Extend a cluster into an AWS Outpost,"When I need on-premises AWS infrastructure, I need to deploy OpenShift on AWS Outposts so I can run workloads locally while using AWS services.",Install a cluster at the edge,full,modules/nw-aws-load-balancer-with-outposts.adoc,installing/installing_aws/ipi/installing-aws-outposts.adoc,existing,leveloffset=+2; assembly context=installing-aws-outposts,folds 1 source jobs: Install on AWS Outposts
Install a cluster in an AWS specialized region,"When I need to deploy in AWS GovCloud or China regions, I need region-specific installation procedures so I can comply with data sovereignty requirements.",Install a cluster at the edge,full,modules/installing-aws-specialized-region-prereqs.adoc,installing/installing_aws/ipi/installing-aws-specialized-region.adoc,existing,leveloffset=+1; assembly context=installing-aws-specialized-region,folds 1 source jobs: Install on AWS in a specialized region
Install a cluster in an AWS specialized region,"When I need to deploy in AWS GovCloud or China regions, I need region-specific installation procedures so I can comply with data sovereignty requirements.",Install a cluster at the edge,full,modules/installation-aws-about-government-region.adoc,installing/installing_aws/ipi/installing-aws-specialized-region.adoc,existing,leveloffset=+1; assembly context=installing-aws-specialized-region,folds 1 source jobs: Install on AWS in a specialized region
Install a cluster in an AWS specialized region,"When I need to deploy in AWS GovCloud or China regions, I need region-specific installation procedures so I can comply with data sovereignty requirements.",Install a cluster at the edge,full,modules/installation-aws-marketplace-government.adoc,installing/installing_aws/ipi/installing-aws-specialized-region.adoc,existing,leveloffset=+1; assembly context=installing-aws-specialized-region,folds 1 source jobs: Install on AWS in a specialized region
Install a cluster in an AWS specialized region,"When I need to deploy in AWS GovCloud or China regions, I need region-specific installation procedures so I can comply with data sovereignty requirements.",Install a cluster at the edge,full,modules/installation-aws-regions-with-no-ami.adoc,installing/installing_aws/ipi/installing-aws-specialized-region.adoc,existing,leveloffset=+1; assembly context=installing-aws-specialized-region,folds 1 source jobs: Install on AWS in a specialized region
Install a cluster in an AWS specialized region,"When I need to deploy in AWS GovCloud or China regions, I need region-specific installation procedures so I can comply with data sovereignty requirements.",Install a cluster at the edge,full,modules/private-clusters-default.adoc,installing/installing_aws/ipi/installing-aws-specialized-region.adoc,existing,leveloffset=+1; assembly context=installing-aws-specialized-region,folds 1 source jobs: Install on AWS in a specialized region
Install a cluster in an AWS specialized region,"When I need to deploy in AWS GovCloud or China regions, I need region-specific installation procedures so I can comply with data sovereignty requirements.",Install a cluster at the edge,full,modules/private-clusters-about-aws.adoc,installing/installing_aws/ipi/installing-aws-specialized-region.adoc,existing,leveloffset=+2; assembly context=installing-aws-specialized-region,folds 1 source jobs: Install on AWS in a specialized region
Install a cluster in an AWS specialized region,"When I need to deploy in AWS GovCloud or China regions, I need region-specific installation procedures so I can comply with data sovereignty requirements.",Install a cluster at the edge,full,modules/installation-custom-aws-vpc.adoc,installing/installing_aws/ipi/installing-aws-specialized-region.adoc,existing,leveloffset=+1; assembly context=installing-aws-specialized-region,folds 1 source jobs: Install on AWS in a specialized region
Install a cluster in an AWS specialized region,"When I need to deploy in AWS GovCloud or China regions, I need region-specific installation procedures so I can comply with data sovereignty requirements.",Install a cluster at the edge,full,modules/installation-aws-security-groups.adoc,installing/installing_aws/ipi/installing-aws-specialized-region.adoc,existing,leveloffset=+2; assembly context=installing-aws-specialized-region,folds 1 source jobs: Install on AWS in a specialized region
Install a cluster in an AWS specialized region,"When I need to deploy in AWS GovCloud or China regions, I need region-specific installation procedures so I can comply with data sovereignty requirements.",Install a cluster at the edge,full,modules/installation-aws-upload-custom-rhcos-ami.adoc,installing/installing_aws/ipi/installing-aws-specialized-region.adoc,existing,leveloffset=+1; assembly context=installing-aws-specialized-region,folds 1 source jobs: Install on AWS in a specialized region
Install a cluster in an AWS specialized region,"When I need to deploy in AWS GovCloud or China regions, I need region-specific installation procedures so I can comply with data sovereignty requirements.",Install a cluster at the edge,full,modules/installation-initializing-manual.adoc,installing/installing_aws/ipi/installing-aws-specialized-region.adoc,existing,leveloffset=+1; assembly context=installing-aws-specialized-region,folds 1 source jobs: Install on AWS in a specialized region
Install a cluster in an AWS specialized region,"When I need to deploy in AWS GovCloud or China regions, I need region-specific installation procedures so I can comply with data sovereignty requirements.",Install a cluster at the edge,full,modules/installation-aws-config-yaml-customizations.adoc,installing/installing_aws/ipi/installing-aws-specialized-region.adoc,existing,leveloffset=+2; assembly context=installing-aws-specialized-region,folds 1 source jobs: Install on AWS in a specialized region
Install a cluster in an AWS specialized region,"When I need to deploy in AWS GovCloud or China regions, I need region-specific installation procedures so I can comply with data sovereignty requirements.",Install a cluster at the edge,full,modules/installation-minimum-resource-requirements.adoc,installing/installing_aws/ipi/installing-aws-specialized-region.adoc,existing,leveloffset=+2; assembly context=installing-aws-specialized-region,folds 1 source jobs: Install on AWS in a specialized region
Install a cluster in an AWS specialized region,"When I need to deploy in AWS GovCloud or China regions, I need region-specific installation procedures so I can comply with data sovereignty requirements.",Install a cluster at the edge,full,modules/installation-aws-tested-machine-types.adoc,installing/installing_aws/ipi/installing-aws-specialized-region.adoc,existing,leveloffset=+2; assembly context=installing-aws-specialized-region,folds 1 source jobs: Install on AWS in a specialized region
Install a cluster in an AWS specialized region,"When I need to deploy in AWS GovCloud or China regions, I need region-specific installation procedures so I can comply with data sovereignty requirements.",Install a cluster at the edge,full,modules/installation-aws-arm-tested-machine-types.adoc,installing/installing_aws/ipi/installing-aws-specialized-region.adoc,existing,leveloffset=+2; assembly context=installing-aws-specialized-region,folds 1 source jobs: Install on AWS in a specialized region
Install a cluster in an AWS specialized region,"When I need to deploy in AWS GovCloud or China regions, I need region-specific installation procedures so I can comply with data sovereignty requirements.",Install a cluster at the edge,full,modules/installation-configure-proxy.adoc,installing/installing_aws/ipi/installing-aws-specialized-region.adoc,existing,leveloffset=+2; assembly context=installing-aws-specialized-region,folds 1 source jobs: Install on AWS in a specialized region
Install a cluster in an AWS specialized region,"When I need to deploy in AWS GovCloud or China regions, I need region-specific installation procedures so I can comply with data sovereignty requirements.",Install a cluster at the edge,full,modules/installation-applying-aws-security-groups.adoc,installing/installing_aws/ipi/installing-aws-specialized-region.adoc,existing,leveloffset=+2; assembly context=installing-aws-specialized-region,folds 1 source jobs: Install on AWS in a specialized region
Install a cluster in an AWS specialized region,"When I need to deploy in AWS GovCloud or China regions, I need region-specific installation procedures so I can comply with data sovereignty requirements.",Install a cluster at the edge,full,modules/installing-aws-alternatives-storing-secrets.adoc,installing/installing_aws/ipi/installing-aws-specialized-region.adoc,existing,leveloffset=+1; assembly context=installing-aws-specialized-region,folds 1 source jobs: Install on AWS in a specialized region
Install a cluster in an AWS specialized region,"When I need to deploy in AWS GovCloud or China regions, I need region-specific installation procedures so I can comply with data sovereignty requirements.",Install a cluster at the edge,full,modules/manually-create-identity-access-management.adoc,installing/installing_aws/ipi/installing-aws-specialized-region.adoc,existing,leveloffset=+2; assembly context=installing-aws-specialized-region,folds 1 source jobs: Install on AWS in a specialized region
Install a cluster in an AWS specialized region,"When I need to deploy in AWS GovCloud or China regions, I need region-specific installation procedures so I can comply with data sovereignty requirements.",Install a cluster at the edge,full,modules/config-aws-short-term-creds.adoc,installing/installing_aws/ipi/installing-aws-specialized-region.adoc,existing,leveloffset=+2; assembly context=installing-aws-specialized-region,folds 1 source jobs: Install on AWS in a specialized region
Install a cluster in an AWS specialized region,"When I need to deploy in AWS GovCloud or China regions, I need region-specific installation procedures so I can comply with data sovereignty requirements.",Install a cluster at the edge,full,modules/cco-ccoctl-configuring.adoc,installing/installing_aws/ipi/installing-aws-specialized-region.adoc,existing,leveloffset=+3; assembly context=installing-aws-specialized-region,folds 1 source jobs: Install on AWS in a specialized region
Install a cluster in an AWS specialized region,"When I need to deploy in AWS GovCloud or China regions, I need region-specific installation procedures so I can comply with data sovereignty requirements.",Install a cluster at the edge,full,modules/cco-ccoctl-creating-at-once.adoc,installing/installing_aws/ipi/installing-aws-specialized-region.adoc,existing,leveloffset=+3; assembly context=installing-aws-specialized-region,folds 1 source jobs: Install on AWS in a specialized region
Install a cluster in an AWS specialized region,"When I need to deploy in AWS GovCloud or China regions, I need region-specific installation procedures so I can comply with data sovereignty requirements.",Install a cluster at the edge,full,modules/cco-ccoctl-creating-individually.adoc,installing/installing_aws/ipi/installing-aws-specialized-region.adoc,existing,leveloffset=+3; assembly context=installing-aws-specialized-region,folds 1 source jobs: Install on AWS in a specialized region
Install a cluster in an AWS specialized region,"When I need to deploy in AWS GovCloud or China regions, I need region-specific installation procedures so I can comply with data sovereignty requirements.",Install a cluster at the edge,full,modules/cco-ccoctl-install-creating-manifests.adoc,installing/installing_aws/ipi/installing-aws-specialized-region.adoc,existing,leveloffset=+3; assembly context=installing-aws-specialized-region,folds 1 source jobs: Install on AWS in a specialized region
Install a cluster in an AWS specialized region,"When I need to deploy in AWS GovCloud or China regions, I need region-specific installation procedures so I can comply with data sovereignty requirements.",Install a cluster at the edge,full,modules/installation-launching-installer.adoc,installing/installing_aws/ipi/installing-aws-specialized-region.adoc,existing,leveloffset=+1; assembly context=installing-aws-specialized-region,folds 1 source jobs: Install on AWS in a specialized region
Install a cluster in an AWS specialized region,"When I need to deploy in AWS GovCloud or China regions, I need region-specific installation procedures so I can comply with data sovereignty requirements.",Install a cluster at the edge,full,modules/cli-logging-in-kubeadmin.adoc,installing/installing_aws/ipi/installing-aws-specialized-region.adoc,existing,leveloffset=+1; assembly context=installing-aws-specialized-region,folds 1 source jobs: Install on AWS in a specialized region
Install a cluster in an AWS specialized region,"When I need to deploy in AWS GovCloud or China regions, I need region-specific installation procedures so I can comply with data sovereignty requirements.",Install a cluster at the edge,full,modules/logging-in-by-using-the-web-console.adoc,installing/installing_aws/ipi/installing-aws-specialized-region.adoc,existing,leveloffset=+1; assembly context=installing-aws-specialized-region,folds 1 source jobs: Install on AWS in a specialized region
Install a hosted control plane cluster,"When my management cluster is prepared, I want to review the available installation methods, so I can select the best deployment strategy for my environment.",,full,modules/hosted-control-planes-overview.adoc,hosted_control_planes/index.adoc,existing,leveloffset=+1; assembly context=hcp-overview,folds 2 source jobs: Install Hosted Control Planes; Installing the hosted control planes command-line interface
Install a hosted control plane cluster,"When my management cluster is prepared, I want to review the available installation methods, so I can select the best deployment strategy for my environment.",,full,modules/hcp-ocp-differences.adoc,hosted_control_planes/index.adoc,existing,leveloffset=+1; assembly context=hcp-overview,folds 2 source jobs: Install Hosted Control Planes; Installing the hosted control planes command-line interface
Install a hosted control plane cluster,"When my management cluster is prepared, I want to review the available installation methods, so I can select the best deployment strategy for my environment.",,full,modules/hcp-mce-acm-relationship-intro.adoc,hosted_control_planes/index.adoc,existing,leveloffset=+1; assembly context=hcp-overview,folds 2 source jobs: Install Hosted Control Planes; Installing the hosted control planes command-line interface
Install a hosted control plane cluster,"When my management cluster is prepared, I want to review the available installation methods, so I can select the best deployment strategy for my environment.",,full,modules/hcp-acm-discover.adoc,hosted_control_planes/index.adoc,existing,leveloffset=+2; assembly context=hcp-overview,folds 2 source jobs: Install Hosted Control Planes; Installing the hosted control planes command-line interface
Install a hosted control plane cluster,"When my management cluster is prepared, I want to review the available installation methods, so I can select the best deployment strategy for my environment.",,full,modules/hosted-control-planes-version-support.adoc,hosted_control_planes/index.adoc,existing,leveloffset=+1; assembly context=hcp-overview,folds 2 source jobs: Install Hosted Control Planes; Installing the hosted control planes command-line interface
Install a hosted control plane cluster,"When my management cluster is prepared, I want to review the available installation methods, so I can select the best deployment strategy for my environment.",,full,modules/hosted-control-planes-concepts-personas.adoc,hosted_control_planes/index.adoc,existing,leveloffset=+1; assembly context=hcp-overview,folds 2 source jobs: Install Hosted Control Planes; Installing the hosted control planes command-line interface
Install a hosted control plane cluster,"When my management cluster is prepared, I want to review the available installation methods, so I can select the best deployment strategy for my environment.",,full,modules/hcp-cli-terminal.adoc,hosted_control_planes/hcp-prepare/hcp-cli.adoc,existing,leveloffset=+1; assembly context=hcp-cli,folds 2 source jobs: Install Hosted Control Planes; Installing the hosted control planes command-line interface
Install a hosted control plane cluster,"When my management cluster is prepared, I want to review the available installation methods, so I can select the best deployment strategy for my environment.",,full,modules/hcp-cli-console.adoc,hosted_control_planes/hcp-prepare/hcp-cli.adoc,existing,leveloffset=+1; assembly context=hcp-cli,folds 2 source jobs: Install Hosted Control Planes; Installing the hosted control planes command-line interface
Install a hosted control plane cluster,"When my management cluster is prepared, I want to review the available installation methods, so I can select the best deployment strategy for my environment.",,full,modules/hcp-cli-gateway.adoc,hosted_control_planes/hcp-prepare/hcp-cli.adoc,existing,leveloffset=+1; assembly context=hcp-cli,folds 2 source jobs: Install Hosted Control Planes; Installing the hosted control planes command-line interface
Deploy hosted control planes on AWS,Already jobified,Install a hosted control plane cluster,full,modules/hcp-aws-prepare.adoc,hosted_control_planes/hcp-deploy/hcp-deploy-aws.adoc,existing,leveloffset=+1; assembly context=hcp-deploy-aws,folds 1 source jobs: Deploying hosted control planes on AWS
Deploy hosted control planes on AWS,Already jobified,Install a hosted control plane cluster,full,modules/hcp-aws-prereqs.adoc,hosted_control_planes/hcp-deploy/hcp-deploy-aws.adoc,existing,leveloffset=+2; assembly context=hcp-deploy-aws,folds 1 source jobs: Deploying hosted control planes on AWS
Deploy hosted control planes on AWS,Already jobified,Install a hosted control plane cluster,full,modules/hcp-aws-create-secret-s3.adoc,hosted_control_planes/hcp-deploy/hcp-deploy-aws.adoc,existing,leveloffset=+2; assembly context=hcp-deploy-aws,folds 1 source jobs: Deploying hosted control planes on AWS
Deploy hosted control planes on AWS,Already jobified,Install a hosted control plane cluster,full,modules/hcp-aws-create-public-zone.adoc,hosted_control_planes/hcp-deploy/hcp-deploy-aws.adoc,existing,leveloffset=+2; assembly context=hcp-deploy-aws,folds 1 source jobs: Deploying hosted control planes on AWS
Deploy hosted control planes on AWS,Already jobified,Install a hosted control plane cluster,full,modules/hcp-aws-create-role-sts-creds.adoc,hosted_control_planes/hcp-deploy/hcp-deploy-aws.adoc,existing,leveloffset=+2; assembly context=hcp-deploy-aws,folds 1 source jobs: Deploying hosted control planes on AWS
Deploy hosted control planes on AWS,Already jobified,Install a hosted control plane cluster,full,modules/hcp-aws-enable-private-link.adoc,hosted_control_planes/hcp-deploy/hcp-deploy-aws.adoc,existing,leveloffset=+2; assembly context=hcp-deploy-aws,folds 1 source jobs: Deploying hosted control planes on AWS
Deploy hosted control planes on AWS,Already jobified,Install a hosted control plane cluster,full,modules/hcp-aws-enable-ext-dns.adoc,hosted_control_planes/hcp-deploy/hcp-deploy-aws.adoc,existing,leveloffset=+1; assembly context=hcp-deploy-aws,folds 1 source jobs: Deploying hosted control planes on AWS
Deploy hosted control planes on AWS,Already jobified,Install a hosted control plane cluster,full,modules/hcp-aws-set-up-ext-dns.adoc,hosted_control_planes/hcp-deploy/hcp-deploy-aws.adoc,existing,leveloffset=+2; assembly context=hcp-deploy-aws,folds 1 source jobs: Deploying hosted control planes on AWS
Deploy hosted control planes on AWS,Already jobified,Install a hosted control plane cluster,full,modules/hcp-aws-create-dns-hosted-zone.adoc,hosted_control_planes/hcp-deploy/hcp-deploy-aws.adoc,existing,leveloffset=+2; assembly context=hcp-deploy-aws,folds 1 source jobs: Deploying hosted control planes on AWS
Deploy hosted control planes on AWS,Already jobified,Install a hosted control plane cluster,full,modules/hcp-aws-hc-ext-dns.adoc,hosted_control_planes/hcp-deploy/hcp-deploy-aws.adoc,existing,leveloffset=+2; assembly context=hcp-deploy-aws,folds 1 source jobs: Deploying hosted control planes on AWS
Deploy hosted control planes on AWS,Already jobified,Install a hosted control plane cluster,full,modules/hcp-custom-dns.adoc,hosted_control_planes/hcp-deploy/hcp-deploy-aws.adoc,existing,leveloffset=+2; assembly context=hcp-deploy-aws,folds 1 source jobs: Deploying hosted control planes on AWS
Deploy hosted control planes on AWS,Already jobified,Install a hosted control plane cluster,full,modules/hcp-create-hc-aws.adoc,hosted_control_planes/hcp-deploy/hcp-deploy-aws.adoc,existing,leveloffset=+1; assembly context=hcp-deploy-aws,folds 1 source jobs: Deploying hosted control planes on AWS
Deploy hosted control planes on AWS,Already jobified,Install a hosted control plane cluster,full,modules/hcp-aws-deploy-hc.adoc,hosted_control_planes/hcp-deploy/hcp-deploy-aws.adoc,existing,leveloffset=+2; assembly context=hcp-deploy-aws,folds 1 source jobs: Deploying hosted control planes on AWS
Deploy hosted control planes on AWS,Already jobified,Install a hosted control plane cluster,full,modules/hcp-create-hc-multi-zone-aws-creds.adoc,hosted_control_planes/hcp-deploy/hcp-deploy-aws.adoc,existing,leveloffset=+2; assembly context=hcp-deploy-aws,folds 1 source jobs: Deploying hosted control planes on AWS
Deploy hosted control planes on AWS,Already jobified,Install a hosted control plane cluster,full,modules/hc-create-aws-multi-zones.adoc,hosted_control_planes/hcp-deploy/hcp-deploy-aws.adoc,existing,leveloffset=+2; assembly context=hcp-deploy-aws,folds 1 source jobs: Deploying hosted control planes on AWS
Deploy hosted control planes on AWS,Already jobified,Install a hosted control plane cluster,full,modules/hcp-cluster-capabilities.adoc,hosted_control_planes/hcp-deploy/hcp-deploy-aws.adoc,existing,leveloffset=+1; assembly context=hcp-deploy-aws,folds 1 source jobs: Deploying hosted control planes on AWS
Deploy hosted control planes on AWS,Already jobified,Install a hosted control plane cluster,full,modules/hcp-cluster-capabilities-ref.adoc,hosted_control_planes/hcp-deploy/hcp-deploy-aws.adoc,existing,leveloffset=+2; assembly context=hcp-deploy-aws,folds 1 source jobs: Deploying hosted control planes on AWS
Deploy hosted control planes on AWS,Already jobified,Install a hosted control plane cluster,full,modules/hcp-cluster-capabilities-proc.adoc,hosted_control_planes/hcp-deploy/hcp-deploy-aws.adoc,existing,leveloffset=+2; assembly context=hcp-deploy-aws,folds 1 source jobs: Deploying hosted control planes on AWS
Deploy hosted control planes on AWS,Already jobified,Install a hosted control plane cluster,full,modules/hcp-access-hc-aws.adoc,hosted_control_planes/hcp-deploy/hcp-deploy-aws.adoc,existing,leveloffset=+1; assembly context=hcp-deploy-aws,folds 1 source jobs: Deploying hosted control planes on AWS
Deploy hosted control planes on AWS,Already jobified,Install a hosted control plane cluster,full,modules/hcp-enable-arm-amd.adoc,hosted_control_planes/hcp-deploy/hcp-deploy-aws.adoc,existing,leveloffset=+1; assembly context=hcp-deploy-aws,folds 1 source jobs: Deploying hosted control planes on AWS
Deploy hosted control planes on AWS,Already jobified,Install a hosted control plane cluster,full,modules/hcp-create-hc-arm64-aws.adoc,hosted_control_planes/hcp-deploy/hcp-deploy-aws.adoc,existing,leveloffset=+2; assembly context=hcp-deploy-aws,folds 1 source jobs: Deploying hosted control planes on AWS
Deploy hosted control planes on AWS,Already jobified,Install a hosted control plane cluster,full,modules/hcp-create-np-arm64-aws.adoc,hosted_control_planes/hcp-deploy/hcp-deploy-aws.adoc,existing,leveloffset=+2; assembly context=hcp-deploy-aws,folds 1 source jobs: Deploying hosted control planes on AWS
Deploy hosted control planes on AWS,Already jobified,Install a hosted control plane cluster,full,modules/hcp-create-private-hc-aws.adoc,hosted_control_planes/hcp-deploy/hcp-deploy-aws.adoc,existing,leveloffset=+1; assembly context=hcp-deploy-aws,folds 1 source jobs: Deploying hosted control planes on AWS
Deploy hosted control planes on AWS,Already jobified,Install a hosted control plane cluster,full,modules/hcp-access-priv-mgmt-aws.adoc,hosted_control_planes/hcp-deploy/hcp-deploy-aws.adoc,existing,leveloffset=+2; assembly context=hcp-deploy-aws,folds 1 source jobs: Deploying hosted control planes on AWS
Deploy hosted control planes on IBM Power,Already jobified,Install a hosted control plane cluster,full,modules/hcp-ibm-power-prereqs.adoc,hosted_control_planes/hcp-deploy/hcp-deploy-ibm-power.adoc,existing,leveloffset=+1; assembly context=hcp-deploy-ibm-power,folds 1 source jobs: Deploying hosted control planes on IBM Power
Deploy hosted control planes on IBM Power,Already jobified,Install a hosted control plane cluster,full,modules/hcp-ibm-power-infra-reqs.adoc,hosted_control_planes/hcp-deploy/hcp-deploy-ibm-power.adoc,existing,leveloffset=+1; assembly context=hcp-deploy-ibm-power,folds 1 source jobs: Deploying hosted control planes on IBM Power
Deploy hosted control planes on IBM Power,Already jobified,Install a hosted control plane cluster,full,modules/hcp-ibm-power-dns.adoc,hosted_control_planes/hcp-deploy/hcp-deploy-ibm-power.adoc,existing,leveloffset=+1; assembly context=hcp-deploy-ibm-power,folds 1 source jobs: Deploying hosted control planes on IBM Power
Deploy hosted control planes on IBM Power,Already jobified,Install a hosted control plane cluster,full,modules/hcp-custom-dns.adoc,hosted_control_planes/hcp-deploy/hcp-deploy-ibm-power.adoc,existing,leveloffset=+2; assembly context=hcp-deploy-ibm-power,folds 1 source jobs: Deploying hosted control planes on IBM Power
Deploy hosted control planes on IBM Power,Already jobified,Install a hosted control plane cluster,full,modules/hcp-bm-hc.adoc,hosted_control_planes/hcp-deploy/hcp-deploy-ibm-power.adoc,existing,leveloffset=+1; assembly context=hcp-deploy-ibm-power,folds 1 source jobs: Deploying hosted control planes on IBM Power
Deploy hosted control planes on IBM Power,Already jobified,Install a hosted control plane cluster,full,modules/hcp-cluster-capabilities.adoc,hosted_control_planes/hcp-deploy/hcp-deploy-ibm-power.adoc,existing,leveloffset=+1; assembly context=hcp-deploy-ibm-power,folds 1 source jobs: Deploying hosted control planes on IBM Power
Deploy hosted control planes on IBM Power,Already jobified,Install a hosted control plane cluster,full,modules/hcp-cluster-capabilities-ref.adoc,hosted_control_planes/hcp-deploy/hcp-deploy-ibm-power.adoc,existing,leveloffset=+2; assembly context=hcp-deploy-ibm-power,folds 1 source jobs: Deploying hosted control planes on IBM Power
Deploy hosted control planes on IBM Power,Already jobified,Install a hosted control plane cluster,full,modules/hcp-cluster-capabilities-proc.adoc,hosted_control_planes/hcp-deploy/hcp-deploy-ibm-power.adoc,existing,leveloffset=+2; assembly context=hcp-deploy-ibm-power,folds 1 source jobs: Deploying hosted control planes on IBM Power
Deploy hosted control planes on IBM Power,Already jobified,Install a hosted control plane cluster,full,modules/hcp-ibm-power-create-heterogeneous-nodepools-agent-hc-con.adoc,hosted_control_planes/hcp-deploy/hcp-deploy-ibm-power.adoc,existing,leveloffset=+1; assembly context=hcp-deploy-ibm-power,folds 1 source jobs: Deploying hosted control planes on IBM Power
Deploy hosted control planes on IBM Power,Already jobified,Install a hosted control plane cluster,full,modules/hcp-ibm-power-create-heterogeneous-nodepools-agent-hc.adoc,hosted_control_planes/hcp-deploy/hcp-deploy-ibm-power.adoc,existing,leveloffset=+2; assembly context=hcp-deploy-ibm-power,folds 1 source jobs: Deploying hosted control planes on IBM Power
Deploy hosted control planes on IBM Power,Already jobified,Install a hosted control plane cluster,full,modules/hcp-ibm-power-heterogeneous-nodepools-create-agent-cluster.adoc,hosted_control_planes/hcp-deploy/hcp-deploy-ibm-power.adoc,existing,leveloffset=+2; assembly context=hcp-deploy-ibm-power,folds 1 source jobs: Deploying hosted control planes on IBM Power
Deploy hosted control planes on IBM Power,Already jobified,Install a hosted control plane cluster,full,modules/hcp-create-heterogeneous-nodepools.adoc,hosted_control_planes/hcp-deploy/hcp-deploy-ibm-power.adoc,existing,leveloffset=+2; assembly context=hcp-deploy-ibm-power,folds 1 source jobs: Deploying hosted control planes on IBM Power
Deploy hosted control planes on IBM Power,Already jobified,Install a hosted control plane cluster,full,modules/hcp-ibm-power-heterogeneous-nodepools-agent-hc-dns.adoc,hosted_control_planes/hcp-deploy/hcp-deploy-ibm-power.adoc,existing,leveloffset=+2; assembly context=hcp-deploy-ibm-power,folds 1 source jobs: Deploying hosted control planes on IBM Power
Deploy hosted control planes on IBM Power,Already jobified,Install a hosted control plane cluster,full,modules/hcp-create-infraenv.adoc,hosted_control_planes/hcp-deploy/hcp-deploy-ibm-power.adoc,existing,leveloffset=+2; assembly context=hcp-deploy-ibm-power,folds 1 source jobs: Deploying hosted control planes on IBM Power
Deploy hosted control planes on IBM Power,Already jobified,Install a hosted control plane cluster,full,modules/hcp-adding-agents.adoc,hosted_control_planes/hcp-deploy/hcp-deploy-ibm-power.adoc,existing,leveloffset=+2; assembly context=hcp-deploy-ibm-power,folds 1 source jobs: Deploying hosted control planes on IBM Power
Deploy hosted control planes on IBM Power,Already jobified,Install a hosted control plane cluster,full,modules/hcp-scale-the-nodepool.adoc,hosted_control_planes/hcp-deploy/hcp-deploy-ibm-power.adoc,existing,leveloffset=+2; assembly context=hcp-deploy-ibm-power,folds 1 source jobs: Deploying hosted control planes on IBM Power
Deploy hosted control planes on IBM Z,Already jobified,Install a hosted control plane cluster,full,modules/hcp-ibm-z-prereqs.adoc,hosted_control_planes/hcp-deploy/hcp-deploy-ibmz.adoc,existing,leveloffset=+1; assembly context=hcp-deploy-ibmz,folds 1 source jobs: Deploying hosted control planes on IBM Z
Deploy hosted control planes on IBM Z,Already jobified,Install a hosted control plane cluster,full,modules/hcp-ibm-z-infra-reqs.adoc,hosted_control_planes/hcp-deploy/hcp-deploy-ibmz.adoc,existing,leveloffset=+1; assembly context=hcp-deploy-ibmz,folds 1 source jobs: Deploying hosted control planes on IBM Z
Deploy hosted control planes on IBM Z,Already jobified,Install a hosted control plane cluster,full,modules/hcp-ibm-z-dns.adoc,hosted_control_planes/hcp-deploy/hcp-deploy-ibmz.adoc,existing,leveloffset=+1; assembly context=hcp-deploy-ibmz,folds 1 source jobs: Deploying hosted control planes on IBM Z
Deploy hosted control planes on IBM Z,Already jobified,Install a hosted control plane cluster,full,modules/hcp-custom-dns.adoc,hosted_control_planes/hcp-deploy/hcp-deploy-ibmz.adoc,existing,leveloffset=+2; assembly context=hcp-deploy-ibmz,folds 1 source jobs: Deploying hosted control planes on IBM Z
Deploy hosted control planes on IBM Z,Already jobified,Install a hosted control plane cluster,full,modules/hcp-ibmz-create-hc.adoc,hosted_control_planes/hcp-deploy/hcp-deploy-ibmz.adoc,existing,leveloffset=+1; assembly context=hcp-deploy-ibmz,folds 1 source jobs: Deploying hosted control planes on IBM Z
Deploy hosted control planes on IBM Z,Already jobified,Install a hosted control plane cluster,full,modules/hcp-cluster-capabilities.adoc,hosted_control_planes/hcp-deploy/hcp-deploy-ibmz.adoc,existing,leveloffset=+1; assembly context=hcp-deploy-ibmz,folds 1 source jobs: Deploying hosted control planes on IBM Z
Deploy hosted control planes on IBM Z,Already jobified,Install a hosted control plane cluster,full,modules/hcp-cluster-capabilities-ref.adoc,hosted_control_planes/hcp-deploy/hcp-deploy-ibmz.adoc,existing,leveloffset=+2; assembly context=hcp-deploy-ibmz,folds 1 source jobs: Deploying hosted control planes on IBM Z
Deploy hosted control planes on IBM Z,Already jobified,Install a hosted control plane cluster,full,modules/hcp-cluster-capabilities-proc.adoc,hosted_control_planes/hcp-deploy/hcp-deploy-ibmz.adoc,existing,leveloffset=+2; assembly context=hcp-deploy-ibmz,folds 1 source jobs: Deploying hosted control planes on IBM Z
Deploy hosted control planes on IBM Z,Already jobified,Install a hosted control plane cluster,full,modules/hcp-ibm-z-infraenv.adoc,hosted_control_planes/hcp-deploy/hcp-deploy-ibmz.adoc,existing,leveloffset=+1; assembly context=hcp-deploy-ibmz,folds 1 source jobs: Deploying hosted control planes on IBM Z
Deploy hosted control planes on IBM Z,Already jobified,Install a hosted control plane cluster,full,modules/hcp-ibm-z-kvm-agents.adoc,hosted_control_planes/hcp-deploy/hcp-deploy-ibmz.adoc,existing,leveloffset=+1; assembly context=hcp-deploy-ibmz,folds 1 source jobs: Deploying hosted control planes on IBM Z
Deploy hosted control planes on IBM Z,Already jobified,Install a hosted control plane cluster,full,modules/hcp-ibm-z-lpar-agents.adoc,hosted_control_planes/hcp-deploy/hcp-deploy-ibmz.adoc,existing,leveloffset=+1; assembly context=hcp-deploy-ibmz,folds 1 source jobs: Deploying hosted control planes on IBM Z
Deploy hosted control planes on IBM Z,Already jobified,Install a hosted control plane cluster,full,modules/hcp-ibm-z-zvm-agents.adoc,hosted_control_planes/hcp-deploy/hcp-deploy-ibmz.adoc,existing,leveloffset=+2; assembly context=hcp-deploy-ibmz,folds 1 source jobs: Deploying hosted control planes on IBM Z
Deploy hosted control planes on IBM Z,Already jobified,Install a hosted control plane cluster,full,modules/hcp-ibm-z-scale-np.adoc,hosted_control_planes/hcp-deploy/hcp-deploy-ibmz.adoc,existing,leveloffset=+1; assembly context=hcp-deploy-ibmz,folds 1 source jobs: Deploying hosted control planes on IBM Z
Deploy hosted control planes on OpenStack,Already jobified,Install a hosted control plane cluster,full,modules/hosted-clusters-openstack-prerequisites.adoc,hosted_control_planes/hcp-deploy/hcp-deploy-openstack.adoc,existing,leveloffset=+1; assembly context=hcp-deploy-openstack,folds 1 source jobs: Deploying hosted control planes on OpenStack
Deploy hosted control planes on OpenStack,Already jobified,Install a hosted control plane cluster,full,modules/hosted-clusters-openstack-prepare-etcd.adoc,hosted_control_planes/hcp-deploy/hcp-deploy-openstack.adoc,existing,leveloffset=+1; assembly context=hcp-deploy-openstack,folds 1 source jobs: Deploying hosted control planes on OpenStack
Deploy hosted control planes on OpenStack,Already jobified,Install a hosted control plane cluster,full,modules/hosted-clusters-openstack-create-floating-ip.adoc,hosted_control_planes/hcp-deploy/hcp-deploy-openstack.adoc,existing,leveloffset=+1; assembly context=hcp-deploy-openstack,folds 1 source jobs: Deploying hosted control planes on OpenStack
Deploy hosted control planes on OpenStack,Already jobified,Install a hosted control plane cluster,full,modules/hosted-clusters-openstack-upload-rhcos.adoc,hosted_control_planes/hcp-deploy/hcp-deploy-openstack.adoc,existing,leveloffset=+1; assembly context=hcp-deploy-openstack,folds 1 source jobs: Deploying hosted control planes on OpenStack
Deploy hosted control planes on OpenStack,Already jobified,Install a hosted control plane cluster,full,modules/hcp-deploy-openstack-create.adoc,hosted_control_planes/hcp-deploy/hcp-deploy-openstack.adoc,existing,leveloffset=+1; assembly context=hcp-deploy-openstack,folds 1 source jobs: Deploying hosted control planes on OpenStack
Deploy hosted control planes on OpenStack,Already jobified,Install a hosted control plane cluster,full,modules/hcp-deploy-openstack-parameters.adoc,hosted_control_planes/hcp-deploy/hcp-deploy-openstack.adoc,existing,leveloffset=+2; assembly context=hcp-deploy-openstack,folds 1 source jobs: Deploying hosted control planes on OpenStack
Deploy hosted control planes on OpenShift Virtualization,Already jobified,Install a hosted control plane cluster,full,modules/hcp-virt-prereqs.adoc,hosted_control_planes/hcp-deploy/hcp-deploy-virt.adoc,existing,leveloffset=+1; assembly context=hcp-deploy-virt,folds 1 source jobs: Deploying hosted control planes on OpenShift Virtualization
Deploy hosted control planes on OpenShift Virtualization,Already jobified,Install a hosted control plane cluster,full,modules/hcp-virt-firewall-port.adoc,hosted_control_planes/hcp-deploy/hcp-deploy-virt.adoc,existing,leveloffset=+2; assembly context=hcp-deploy-virt,folds 1 source jobs: Deploying hosted control planes on OpenShift Virtualization
Deploy hosted control planes on OpenShift Virtualization,Already jobified,Install a hosted control plane cluster,full,modules/hcp-virt-live-migration.adoc,hosted_control_planes/hcp-deploy/hcp-deploy-virt.adoc,existing,leveloffset=+1; assembly context=hcp-deploy-virt,folds 1 source jobs: Deploying hosted control planes on OpenShift Virtualization
Deploy hosted control planes on OpenShift Virtualization,Already jobified,Install a hosted control plane cluster,full,modules/hcp-metallb.adoc,hosted_control_planes/hcp-deploy/hcp-deploy-virt.adoc,existing,leveloffset=+1; assembly context=hcp-deploy-virt,folds 1 source jobs: Deploying hosted control planes on OpenShift Virtualization
Deploy hosted control planes on OpenShift Virtualization,Already jobified,Install a hosted control plane cluster,full,modules/hcp-virt-create-hc.adoc,hosted_control_planes/hcp-deploy/hcp-deploy-virt.adoc,existing,leveloffset=+1; assembly context=hcp-deploy-virt,folds 1 source jobs: Deploying hosted control planes on OpenShift Virtualization
Deploy hosted control planes on OpenShift Virtualization,Already jobified,Install a hosted control plane cluster,full,modules/hcp-virt-create-hc-cli.adoc,hosted_control_planes/hcp-deploy/hcp-deploy-virt.adoc,existing,leveloffset=+2; assembly context=hcp-deploy-virt,folds 1 source jobs: Deploying hosted control planes on OpenShift Virtualization
Deploy hosted control planes on OpenShift Virtualization,Already jobified,Install a hosted control plane cluster,full,modules/hcp-virt-create-hc-ext-infra.adoc,hosted_control_planes/hcp-deploy/hcp-deploy-virt.adoc,existing,leveloffset=+2; assembly context=hcp-deploy-virt,folds 1 source jobs: Deploying hosted control planes on OpenShift Virtualization
Deploy hosted control planes on OpenShift Virtualization,Already jobified,Install a hosted control plane cluster,full,modules/hcp-virt-create-hc-console.adoc,hosted_control_planes/hcp-deploy/hcp-deploy-virt.adoc,existing,leveloffset=+2; assembly context=hcp-deploy-virt,folds 1 source jobs: Deploying hosted control planes on OpenShift Virtualization
Deploy hosted control planes on OpenShift Virtualization,Already jobified,Install a hosted control plane cluster,full,modules/hcp-cluster-capabilities.adoc,hosted_control_planes/hcp-deploy/hcp-deploy-virt.adoc,existing,leveloffset=+1; assembly context=hcp-deploy-virt,folds 1 source jobs: Deploying hosted control planes on OpenShift Virtualization
Deploy hosted control planes on OpenShift Virtualization,Already jobified,Install a hosted control plane cluster,full,modules/hcp-cluster-capabilities-ref.adoc,hosted_control_planes/hcp-deploy/hcp-deploy-virt.adoc,existing,leveloffset=+2; assembly context=hcp-deploy-virt,folds 1 source jobs: Deploying hosted control planes on OpenShift Virtualization
Deploy hosted control planes on OpenShift Virtualization,Already jobified,Install a hosted control plane cluster,full,modules/hcp-cluster-capabilities-proc.adoc,hosted_control_planes/hcp-deploy/hcp-deploy-virt.adoc,existing,leveloffset=+2; assembly context=hcp-deploy-virt,folds 1 source jobs: Deploying hosted control planes on OpenShift Virtualization
Deploy hosted control planes on OpenShift Virtualization,Already jobified,Install a hosted control plane cluster,full,modules/hcp-virt-ingress-dns.adoc,hosted_control_planes/hcp-deploy/hcp-deploy-virt.adoc,existing,leveloffset=+1; assembly context=hcp-deploy-virt,folds 1 source jobs: Deploying hosted control planes on OpenShift Virtualization
Deploy hosted control planes on OpenShift Virtualization,Already jobified,Install a hosted control plane cluster,full,modules/hcp-custom-dns.adoc,hosted_control_planes/hcp-deploy/hcp-deploy-virt.adoc,existing,leveloffset=+2; assembly context=hcp-deploy-virt,folds 1 source jobs: Deploying hosted control planes on OpenShift Virtualization
Deploy hosted control planes on OpenShift Virtualization,Already jobified,Install a hosted control plane cluster,full,modules/hcp-virt-ingress-dns-custom.adoc,hosted_control_planes/hcp-deploy/hcp-deploy-virt.adoc,existing,leveloffset=+1; assembly context=hcp-deploy-virt,folds 1 source jobs: Deploying hosted control planes on OpenShift Virtualization
Deploy hosted control planes on OpenShift Virtualization,Already jobified,Install a hosted control plane cluster,full,modules/hcp-virt-hc-base-domain.adoc,hosted_control_planes/hcp-deploy/hcp-deploy-virt.adoc,existing,leveloffset=+2; assembly context=hcp-deploy-virt,folds 1 source jobs: Deploying hosted control planes on OpenShift Virtualization
Deploy hosted control planes on OpenShift Virtualization,Already jobified,Install a hosted control plane cluster,full,modules/hcp-virt-load-balancer.adoc,hosted_control_planes/hcp-deploy/hcp-deploy-virt.adoc,existing,leveloffset=+2; assembly context=hcp-deploy-virt,folds 1 source jobs: Deploying hosted control planes on OpenShift Virtualization
Deploy hosted control planes on OpenShift Virtualization,Already jobified,Install a hosted control plane cluster,full,modules/hcp-virt-wildcard-dns.adoc,hosted_control_planes/hcp-deploy/hcp-deploy-virt.adoc,existing,leveloffset=+2; assembly context=hcp-deploy-virt,folds 1 source jobs: Deploying hosted control planes on OpenShift Virtualization
Deploy hosted control planes on OpenShift Virtualization,Already jobified,Install a hosted control plane cluster,full,modules/hcp-virt-addl-config.adoc,hosted_control_planes/hcp-deploy/hcp-deploy-virt.adoc,existing,leveloffset=+1; assembly context=hcp-deploy-virt,folds 1 source jobs: Deploying hosted control planes on OpenShift Virtualization
Deploy hosted control planes on OpenShift Virtualization,Already jobified,Install a hosted control plane cluster,full,modules/hcp-virt-add-networks.adoc,hosted_control_planes/hcp-deploy/hcp-deploy-virt.adoc,existing,leveloffset=+2; assembly context=hcp-deploy-virt,folds 1 source jobs: Deploying hosted control planes on OpenShift Virtualization
Deploy hosted control planes on OpenShift Virtualization,Already jobified,Install a hosted control plane cluster,full,modules/hcp-virt-addl-network.adoc,hosted_control_planes/hcp-deploy/hcp-deploy-virt.adoc,existing,leveloffset=+3; assembly context=hcp-deploy-virt,folds 1 source jobs: Deploying hosted control planes on OpenShift Virtualization
Deploy hosted control planes on OpenShift Virtualization,Already jobified,Install a hosted control plane cluster,full,modules/hcp-virt-guaranteed-cpus.adoc,hosted_control_planes/hcp-deploy/hcp-deploy-virt.adoc,existing,leveloffset=+2; assembly context=hcp-deploy-virt,folds 1 source jobs: Deploying hosted control planes on OpenShift Virtualization
Deploy hosted control planes on OpenShift Virtualization,Already jobified,Install a hosted control plane cluster,full,modules/hcp-virt-sched-vms.adoc,hosted_control_planes/hcp-deploy/hcp-deploy-virt.adoc,existing,leveloffset=+2; assembly context=hcp-deploy-virt,folds 1 source jobs: Deploying hosted control planes on OpenShift Virtualization
Deploy hosted control planes on OpenShift Virtualization,Already jobified,Install a hosted control plane cluster,full,modules/hcp-virt-scale-nodepool.adoc,hosted_control_planes/hcp-deploy/hcp-deploy-virt.adoc,existing,leveloffset=+1; assembly context=hcp-deploy-virt,folds 1 source jobs: Deploying hosted control planes on OpenShift Virtualization
Deploy hosted control planes on OpenShift Virtualization,Already jobified,Install a hosted control plane cluster,full,modules/hcp-virt-add-node.adoc,hosted_control_planes/hcp-deploy/hcp-deploy-virt.adoc,existing,leveloffset=+2; assembly context=hcp-deploy-virt,folds 1 source jobs: Deploying hosted control planes on OpenShift Virtualization
Deploy hosted control planes on OpenShift Virtualization,Already jobified,Install a hosted control plane cluster,full,modules/hcp-virt-verify-hc.adoc,hosted_control_planes/hcp-deploy/hcp-deploy-virt.adoc,existing,leveloffset=+1; assembly context=hcp-deploy-virt,folds 1 source jobs: Deploying hosted control planes on OpenShift Virtualization
Deploy hosted control planes on bare metal,Already jobified,Install a hosted control plane cluster,full,modules/hcp-bm-overview.adoc,hosted_control_planes/hcp-deploy/hcp-deploy-bm.adoc,existing,leveloffset=+1; assembly context=hcp-deploy-bm,folds 2 source jobs: Deploying hosted control planes on bare metal with the Agent platform; Deploying hosted control planes on non-bare-metal agent machines
Deploy hosted control planes on bare metal,Already jobified,Install a hosted control plane cluster,full,modules/hcp-bm-prepare.adoc,hosted_control_planes/hcp-deploy/hcp-deploy-bm.adoc,existing,leveloffset=+1; assembly context=hcp-deploy-bm,folds 2 source jobs: Deploying hosted control planes on bare metal with the Agent platform; Deploying hosted control planes on non-bare-metal agent machines
Deploy hosted control planes on bare metal,Already jobified,Install a hosted control plane cluster,full,modules/hcp-bm-firewall-port-svc-reqs.adoc,hosted_control_planes/hcp-deploy/hcp-deploy-bm.adoc,existing,leveloffset=+2; assembly context=hcp-deploy-bm,folds 2 source jobs: Deploying hosted control planes on bare metal with the Agent platform; Deploying hosted control planes on non-bare-metal agent machines
Deploy hosted control planes on bare metal,Already jobified,Install a hosted control plane cluster,full,modules/hcp-bm-infra-reqs.adoc,hosted_control_planes/hcp-deploy/hcp-deploy-bm.adoc,existing,leveloffset=+2; assembly context=hcp-deploy-bm,folds 2 source jobs: Deploying hosted control planes on bare metal with the Agent platform; Deploying hosted control planes on non-bare-metal agent machines
Deploy hosted control planes on bare metal,Already jobified,Install a hosted control plane cluster,full,modules/hcp-bm-prereqs.adoc,hosted_control_planes/hcp-deploy/hcp-deploy-bm.adoc,existing,leveloffset=+1; assembly context=hcp-deploy-bm,folds 2 source jobs: Deploying hosted control planes on bare metal with the Agent platform; Deploying hosted control planes on non-bare-metal agent machines
Deploy hosted control planes on bare metal,Already jobified,Install a hosted control plane cluster,full,modules/hcp-bm-dns.adoc,hosted_control_planes/hcp-deploy/hcp-deploy-bm.adoc,existing,leveloffset=+1; assembly context=hcp-deploy-bm,folds 2 source jobs: Deploying hosted control planes on bare metal with the Agent platform; Deploying hosted control planes on non-bare-metal agent machines
Deploy hosted control planes on bare metal,Already jobified,Install a hosted control plane cluster,full,modules/hcp-custom-dns.adoc,hosted_control_planes/hcp-deploy/hcp-deploy-bm.adoc,existing,leveloffset=+2; assembly context=hcp-deploy-bm,folds 2 source jobs: Deploying hosted control planes on bare metal with the Agent platform; Deploying hosted control planes on non-bare-metal agent machines
Deploy hosted control planes on bare metal,Already jobified,Install a hosted control plane cluster,full,modules/hcp-bm-infraenv.adoc,hosted_control_planes/hcp-deploy/hcp-deploy-bm.adoc,existing,leveloffset=+1; assembly context=hcp-deploy-bm,folds 2 source jobs: Deploying hosted control planes on bare metal with the Agent platform; Deploying hosted control planes on non-bare-metal agent machines
Deploy hosted control planes on bare metal,Already jobified,Install a hosted control plane cluster,full,modules/hcp-bm-add-nodes-to-inventory.adoc,hosted_control_planes/hcp-deploy/hcp-deploy-bm.adoc,existing,leveloffset=+2; assembly context=hcp-deploy-bm,folds 2 source jobs: Deploying hosted control planes on bare metal with the Agent platform; Deploying hosted control planes on non-bare-metal agent machines
Deploy hosted control planes on bare metal,Already jobified,Install a hosted control plane cluster,full,modules/hcp-bm-create-infra-console.adoc,hosted_control_planes/hcp-deploy/hcp-deploy-bm.adoc,existing,leveloffset=+2; assembly context=hcp-deploy-bm,folds 2 source jobs: Deploying hosted control planes on bare metal with the Agent platform; Deploying hosted control planes on non-bare-metal agent machines
Deploy hosted control planes on bare metal,Already jobified,Install a hosted control plane cluster,full,modules/hcp-bm-hc-create.adoc,hosted_control_planes/hcp-deploy/hcp-deploy-bm.adoc,existing,leveloffset=+1; assembly context=hcp-deploy-bm,folds 2 source jobs: Deploying hosted control planes on bare metal with the Agent platform; Deploying hosted control planes on non-bare-metal agent machines
Deploy hosted control planes on bare metal,Already jobified,Install a hosted control plane cluster,full,modules/hcp-bm-hc.adoc,hosted_control_planes/hcp-deploy/hcp-deploy-bm.adoc,existing,leveloffset=+2; assembly context=hcp-deploy-bm,folds 2 source jobs: Deploying hosted control planes on bare metal with the Agent platform; Deploying hosted control planes on non-bare-metal agent machines
Deploy hosted control planes on bare metal,Already jobified,Install a hosted control plane cluster,full,modules/hcp-bm-hc-console.adoc,hosted_control_planes/hcp-deploy/hcp-deploy-bm.adoc,existing,leveloffset=+2; assembly context=hcp-deploy-bm,folds 2 source jobs: Deploying hosted control planes on bare metal with the Agent platform; Deploying hosted control planes on non-bare-metal agent machines
Deploy hosted control planes on bare metal,Already jobified,Install a hosted control plane cluster,full,modules/hcp-bm-hc-mirror.adoc,hosted_control_planes/hcp-deploy/hcp-deploy-bm.adoc,existing,leveloffset=+2; assembly context=hcp-deploy-bm,folds 2 source jobs: Deploying hosted control planes on bare metal with the Agent platform; Deploying hosted control planes on non-bare-metal agent machines
Deploy hosted control planes on bare metal,Already jobified,Install a hosted control plane cluster,full,modules/hcp-cluster-capabilities.adoc,hosted_control_planes/hcp-deploy/hcp-deploy-bm.adoc,existing,leveloffset=+1; assembly context=hcp-deploy-bm,folds 2 source jobs: Deploying hosted control planes on bare metal with the Agent platform; Deploying hosted control planes on non-bare-metal agent machines
Deploy hosted control planes on bare metal,Already jobified,Install a hosted control plane cluster,full,modules/hcp-cluster-capabilities-ref.adoc,hosted_control_planes/hcp-deploy/hcp-deploy-bm.adoc,existing,leveloffset=+2; assembly context=hcp-deploy-bm,folds 2 source jobs: Deploying hosted control planes on bare metal with the Agent platform; Deploying hosted control planes on non-bare-metal agent machines
Deploy hosted control planes on bare metal,Already jobified,Install a hosted control plane cluster,full,modules/hcp-cluster-capabilities-proc.adoc,hosted_control_planes/hcp-deploy/hcp-deploy-bm.adoc,existing,leveloffset=+2; assembly context=hcp-deploy-bm,folds 2 source jobs: Deploying hosted control planes on bare metal with the Agent platform; Deploying hosted control planes on non-bare-metal agent machines
Deploy hosted control planes on bare metal,Already jobified,Install a hosted control plane cluster,full,modules/hcp-bm-verify.adoc,hosted_control_planes/hcp-deploy/hcp-deploy-bm.adoc,existing,leveloffset=+1; assembly context=hcp-deploy-bm,folds 2 source jobs: Deploying hosted control planes on bare metal with the Agent platform; Deploying hosted control planes on non-bare-metal agent machines
Deploy hosted control planes on bare metal,Already jobified,Install a hosted control plane cluster,full,modules/hcp-non-bm-prepare.adoc,hosted_control_planes/hcp-deploy/hcp-deploy-non-bm.adoc,existing,leveloffset=+1; assembly context=hcp-deploy-non-bm,folds 2 source jobs: Deploying hosted control planes on bare metal with the Agent platform; Deploying hosted control planes on non-bare-metal agent machines
Deploy hosted control planes on bare metal,Already jobified,Install a hosted control plane cluster,full,modules/hcp-non-bm-prereqs.adoc,hosted_control_planes/hcp-deploy/hcp-deploy-non-bm.adoc,existing,leveloffset=+2; assembly context=hcp-deploy-non-bm,folds 2 source jobs: Deploying hosted control planes on bare metal with the Agent platform; Deploying hosted control planes on non-bare-metal agent machines
Deploy hosted control planes on bare metal,Already jobified,Install a hosted control plane cluster,full,modules/hcp-non-bm-firewall-port-svc-reqs.adoc,hosted_control_planes/hcp-deploy/hcp-deploy-non-bm.adoc,existing,leveloffset=+2; assembly context=hcp-deploy-non-bm,folds 2 source jobs: Deploying hosted control planes on bare metal with the Agent platform; Deploying hosted control planes on non-bare-metal agent machines
Deploy hosted control planes on bare metal,Already jobified,Install a hosted control plane cluster,full,modules/hcp-non-bm-infra-reqs.adoc,hosted_control_planes/hcp-deploy/hcp-deploy-non-bm.adoc,existing,leveloffset=+2; assembly context=hcp-deploy-non-bm,folds 2 source jobs: Deploying hosted control planes on bare metal with the Agent platform; Deploying hosted control planes on non-bare-metal agent machines
Deploy hosted control planes on bare metal,Already jobified,Install a hosted control plane cluster,full,modules/hcp-non-bm-dns.adoc,hosted_control_planes/hcp-deploy/hcp-deploy-non-bm.adoc,existing,leveloffset=+1; assembly context=hcp-deploy-non-bm,folds 2 source jobs: Deploying hosted control planes on bare metal with the Agent platform; Deploying hosted control planes on non-bare-metal agent machines
Deploy hosted control planes on bare metal,Already jobified,Install a hosted control plane cluster,full,modules/hcp-non-bm-hc.adoc,hosted_control_planes/hcp-deploy/hcp-deploy-non-bm.adoc,existing,leveloffset=+1; assembly context=hcp-deploy-non-bm,folds 2 source jobs: Deploying hosted control planes on bare metal with the Agent platform; Deploying hosted control planes on non-bare-metal agent machines
Deploy hosted control planes on bare metal,Already jobified,Install a hosted control plane cluster,full,modules/hcp-non-bm-hc-console.adoc,hosted_control_planes/hcp-deploy/hcp-deploy-non-bm.adoc,existing,leveloffset=+1; assembly context=hcp-deploy-non-bm,folds 2 source jobs: Deploying hosted control planes on bare metal with the Agent platform; Deploying hosted control planes on non-bare-metal agent machines
Deploy hosted control planes on bare metal,Already jobified,Install a hosted control plane cluster,full,modules/hcp-non-bm-hc-mirror.adoc,hosted_control_planes/hcp-deploy/hcp-deploy-non-bm.adoc,existing,leveloffset=+1; assembly context=hcp-deploy-non-bm,folds 2 source jobs: Deploying hosted control planes on bare metal with the Agent platform; Deploying hosted control planes on non-bare-metal agent machines
Deploy hosted control planes on bare metal,Already jobified,Install a hosted control plane cluster,full,modules/hcp-non-bm-verify.adoc,hosted_control_planes/hcp-deploy/hcp-deploy-non-bm.adoc,existing,leveloffset=+1; assembly context=hcp-deploy-non-bm,folds 2 source jobs: Deploying hosted control planes on bare metal with the Agent platform; Deploying hosted control planes on non-bare-metal agent machines
Deploy hosted control planes in a disconnected environment,Already jobified,Install a hosted control plane cluster,full,modules/hcp-dc-bm-arch.adoc,hosted_control_planes/hcp-disconnected/hcp-deploy-dc-bm.adoc,existing,leveloffset=+1; assembly context=hcp-deploy-dc-bm,folds 1 source jobs: Deploying hosted control planes in a disconnected environment
Deploy hosted control planes in a disconnected environment,Already jobified,Install a hosted control plane cluster,full,modules/hcp-dc-bm-reqs.adoc,hosted_control_planes/hcp-disconnected/hcp-deploy-dc-bm.adoc,existing,leveloffset=+1; assembly context=hcp-deploy-dc-bm,folds 1 source jobs: Deploying hosted control planes in a disconnected environment
Deploy hosted control planes in a disconnected environment,Already jobified,Install a hosted control plane cluster,full,modules/hcp-dc-extract.adoc,hosted_control_planes/hcp-disconnected/hcp-deploy-dc-bm.adoc,existing,leveloffset=+1; assembly context=hcp-deploy-dc-bm,folds 1 source jobs: Deploying hosted control planes in a disconnected environment
Deploy hosted control planes in a disconnected environment,Already jobified,Install a hosted control plane cluster,full,modules/hcp-bm-dns.adoc,hosted_control_planes/hcp-disconnected/hcp-deploy-dc-bm.adoc,existing,leveloffset=+1; assembly context=hcp-deploy-dc-bm,folds 1 source jobs: Deploying hosted control planes in a disconnected environment
Deploy hosted control planes in a disconnected environment,Already jobified,Install a hosted control plane cluster,full,modules/hcp-dc-registry.adoc,hosted_control_planes/hcp-disconnected/hcp-deploy-dc-bm.adoc,existing,leveloffset=+1; assembly context=hcp-deploy-dc-bm,folds 1 source jobs: Deploying hosted control planes in a disconnected environment
Deploy hosted control planes in a disconnected environment,Already jobified,Install a hosted control plane cluster,full,modules/hcp-dc-mgmt-cluster.adoc,hosted_control_planes/hcp-disconnected/hcp-deploy-dc-bm.adoc,existing,leveloffset=+1; assembly context=hcp-deploy-dc-bm,folds 1 source jobs: Deploying hosted control planes in a disconnected environment
Deploy hosted control planes in a disconnected environment,Already jobified,Install a hosted control plane cluster,full,modules/hcp-dc-web-server.adoc,hosted_control_planes/hcp-disconnected/hcp-deploy-dc-bm.adoc,existing,leveloffset=+1; assembly context=hcp-deploy-dc-bm,folds 1 source jobs: Deploying hosted control planes in a disconnected environment
Deploy hosted control planes in a disconnected environment,Already jobified,Install a hosted control plane cluster,full,modules/hcp-dc-image-mirror.adoc,hosted_control_planes/hcp-disconnected/hcp-deploy-dc-bm.adoc,existing,leveloffset=+1; assembly context=hcp-deploy-dc-bm,folds 1 source jobs: Deploying hosted control planes in a disconnected environment
Deploy hosted control planes in a disconnected environment,Already jobified,Install a hosted control plane cluster,full,modules/hcp-dc-apply-objects.adoc,hosted_control_planes/hcp-disconnected/hcp-deploy-dc-bm.adoc,existing,leveloffset=+1; assembly context=hcp-deploy-dc-bm,folds 1 source jobs: Deploying hosted control planes in a disconnected environment
Deploy hosted control planes in a disconnected environment,Already jobified,Install a hosted control plane cluster,full,modules/hcp-agentserviceconfig.adoc,hosted_control_planes/hcp-disconnected/hcp-deploy-dc-bm.adoc,existing,leveloffset=+1; assembly context=hcp-deploy-dc-bm,folds 1 source jobs: Deploying hosted control planes in a disconnected environment
Deploy hosted control planes in a disconnected environment,Already jobified,Install a hosted control plane cluster,full,modules/hcp-dc-tls-mgmt.adoc,hosted_control_planes/hcp-disconnected/hcp-deploy-dc-bm.adoc,existing,leveloffset=+1; assembly context=hcp-deploy-dc-bm,folds 1 source jobs: Deploying hosted control planes in a disconnected environment
Deploy hosted control planes in a disconnected environment,Already jobified,Install a hosted control plane cluster,full,modules/hcp-dc-tls-hosted.adoc,hosted_control_planes/hcp-disconnected/hcp-deploy-dc-bm.adoc,existing,leveloffset=+1; assembly context=hcp-deploy-dc-bm,folds 1 source jobs: Deploying hosted control planes in a disconnected environment
Deploy hosted control planes in a disconnected environment,Already jobified,Install a hosted control plane cluster,full,modules/hcp-dc-bm-hosted.adoc,hosted_control_planes/hcp-disconnected/hcp-deploy-dc-bm.adoc,existing,leveloffset=+1; assembly context=hcp-deploy-dc-bm,folds 1 source jobs: Deploying hosted control planes in a disconnected environment
Deploy hosted control planes in a disconnected environment,Already jobified,Install a hosted control plane cluster,full,modules/hcp-hc-objects.adoc,hosted_control_planes/hcp-disconnected/hcp-deploy-dc-bm.adoc,existing,leveloffset=+2; assembly context=hcp-deploy-dc-bm,folds 1 source jobs: Deploying hosted control planes in a disconnected environment
Deploy hosted control planes in a disconnected environment,Already jobified,Install a hosted control plane cluster,full,modules/hcp-nodepool-hc.adoc,hosted_control_planes/hcp-disconnected/hcp-deploy-dc-bm.adoc,existing,leveloffset=+2; assembly context=hcp-deploy-dc-bm,folds 1 source jobs: Deploying hosted control planes in a disconnected environment
Deploy hosted control planes in a disconnected environment,Already jobified,Install a hosted control plane cluster,full,modules/hcp-dc-infraenv.adoc,hosted_control_planes/hcp-disconnected/hcp-deploy-dc-bm.adoc,existing,leveloffset=+2; assembly context=hcp-deploy-dc-bm,folds 1 source jobs: Deploying hosted control planes in a disconnected environment
Deploy hosted control planes in a disconnected environment,Already jobified,Install a hosted control plane cluster,full,modules/hcp-bm-hosts.adoc,hosted_control_planes/hcp-disconnected/hcp-deploy-dc-bm.adoc,existing,leveloffset=+2; assembly context=hcp-deploy-dc-bm,folds 1 source jobs: Deploying hosted control planes in a disconnected environment
Deploy hosted control planes in a disconnected environment,Already jobified,Install a hosted control plane cluster,full,modules/hcp-dc-scale-np.adoc,hosted_control_planes/hcp-disconnected/hcp-deploy-dc-bm.adoc,existing,leveloffset=+2; assembly context=hcp-deploy-dc-bm,folds 1 source jobs: Deploying hosted control planes in a disconnected environment
Deploy hosted control planes in a disconnected environment,Already jobified,Install a hosted control plane cluster,full,modules/hcp-dc-mce-virt.adoc,hosted_control_planes/hcp-disconnected/hcp-deploy-dc-virt.adoc,existing,leveloffset=+1; assembly context=hcp-deploy-dc-virt,folds 1 source jobs: Deploying hosted control planes in a disconnected environment
Deploy hosted control planes in a disconnected environment,Already jobified,Install a hosted control plane cluster,full,modules/hcp-dc-tls-virt.adoc,hosted_control_planes/hcp-disconnected/hcp-deploy-dc-virt.adoc,existing,leveloffset=+1; assembly context=hcp-deploy-dc-virt,folds 1 source jobs: Deploying hosted control planes in a disconnected environment
Deploy hosted control planes in a disconnected environment,Already jobified,Install a hosted control plane cluster,full,modules/hcp-dc-virt-hosted.adoc,hosted_control_planes/hcp-disconnected/hcp-deploy-dc-virt.adoc,existing,leveloffset=+1; assembly context=hcp-deploy-dc-virt,folds 1 source jobs: Deploying hosted control planes in a disconnected environment
Deploy hosted control planes in a disconnected environment,Already jobified,Install a hosted control plane cluster,full,modules/hcp-virt-prereqs.adoc,hosted_control_planes/hcp-disconnected/hcp-deploy-dc-virt.adoc,existing,leveloffset=+2; assembly context=hcp-deploy-dc-virt,folds 1 source jobs: Deploying hosted control planes in a disconnected environment
Deploy hosted control planes in a disconnected environment,Already jobified,Install a hosted control plane cluster,full,modules/hcp-virt-create-hc-cli.adoc,hosted_control_planes/hcp-disconnected/hcp-deploy-dc-virt.adoc,existing,leveloffset=+2; assembly context=hcp-deploy-dc-virt,folds 1 source jobs: Deploying hosted control planes in a disconnected environment
Deploy hosted control planes in a disconnected environment,Already jobified,Install a hosted control plane cluster,full,modules/hcp-virt-ingress-dns.adoc,hosted_control_planes/hcp-disconnected/hcp-deploy-dc-virt.adoc,existing,leveloffset=+1; assembly context=hcp-deploy-dc-virt,folds 1 source jobs: Deploying hosted control planes in a disconnected environment
Deploy hosted control planes in a disconnected environment,Already jobified,Install a hosted control plane cluster,full,modules/hcp-dc-virt-ingress-dns-custom.adoc,hosted_control_planes/hcp-disconnected/hcp-deploy-dc-virt.adoc,existing,leveloffset=+1; assembly context=hcp-deploy-dc-virt,folds 1 source jobs: Deploying hosted control planes in a disconnected environment
Deploy hosted control planes in a disconnected environment,Already jobified,Install a hosted control plane cluster,full,modules/hcp-virt-hc-base-domain.adoc,hosted_control_planes/hcp-disconnected/hcp-deploy-dc-virt.adoc,existing,leveloffset=+1; assembly context=hcp-deploy-dc-virt,folds 1 source jobs: Deploying hosted control planes in a disconnected environment
Deploy hosted control planes in a disconnected environment,Already jobified,Install a hosted control plane cluster,full,modules/hcp-virt-load-balancer.adoc,hosted_control_planes/hcp-disconnected/hcp-deploy-dc-virt.adoc,existing,leveloffset=+1; assembly context=hcp-deploy-dc-virt,folds 1 source jobs: Deploying hosted control planes in a disconnected environment
Deploy hosted control planes in a disconnected environment,Already jobified,Install a hosted control plane cluster,full,modules/hcp-virt-wildcard-dns.adoc,hosted_control_planes/hcp-disconnected/hcp-deploy-dc-virt.adoc,existing,leveloffset=+1; assembly context=hcp-deploy-dc-virt,folds 1 source jobs: Deploying hosted control planes in a disconnected environment
Deploy hosted control planes in a disconnected environment,Already jobified,Install a hosted control plane cluster,full,modules/hcp-dc-finish.adoc,hosted_control_planes/hcp-disconnected/hcp-deploy-dc-virt.adoc,existing,leveloffset=+1; assembly context=hcp-deploy-dc-virt,folds 1 source jobs: Deploying hosted control planes in a disconnected environment
Deploy hosted control planes in a disconnected environment,Already jobified,Install a hosted control plane cluster,full,modules/hcp-monitor-cp.adoc,hosted_control_planes/hcp-disconnected/hcp-deploy-dc-virt.adoc,existing,leveloffset=+2; assembly context=hcp-deploy-dc-virt,folds 1 source jobs: Deploying hosted control planes in a disconnected environment
Deploy hosted control planes in a disconnected environment,Already jobified,Install a hosted control plane cluster,full,modules/hcp-monitor-dp.adoc,hosted_control_planes/hcp-disconnected/hcp-deploy-dc-virt.adoc,existing,leveloffset=+2; assembly context=hcp-deploy-dc-virt,folds 1 source jobs: Deploying hosted control planes in a disconnected environment
Verify and troubleshoot an installation,"When my installation completes, I need to verify cluster health, operator status, and node readiness so I can confirm the cluster is ready for workloads.",,full,modules/rhcos-validate-live-media.adoc,installing/validation_and_troubleshooting/validating-an-installation.adoc,existing,leveloffset=+1; assembly context=validating-an-installation,folds 4 source jobs: Validate an installation; Troubleshoot installation issues; Consolidate installation troubleshooting; Troubleshoot bare metal IPI installation
Verify and troubleshoot an installation,"When my installation completes, I need to verify cluster health, operator status, and node readiness so I can confirm the cluster is ready for workloads.",,full,modules/reviewing-the-installation-log.adoc,installing/validation_and_troubleshooting/validating-an-installation.adoc,existing,leveloffset=+1; assembly context=validating-an-installation,folds 4 source jobs: Validate an installation; Troubleshoot installation issues; Consolidate installation troubleshooting; Troubleshoot bare metal IPI installation
Verify and troubleshoot an installation,"When my installation completes, I need to verify cluster health, operator status, and node readiness so I can confirm the cluster is ready for workloads.",,full,modules/viewing-the-image-pull-source.adoc,installing/validation_and_troubleshooting/validating-an-installation.adoc,existing,leveloffset=+1; assembly context=validating-an-installation,folds 4 source jobs: Validate an installation; Troubleshoot installation issues; Consolidate installation troubleshooting; Troubleshoot bare metal IPI installation
Verify and troubleshoot an installation,"When my installation completes, I need to verify cluster health, operator status, and node readiness so I can confirm the cluster is ready for workloads.",,full,modules/getting-cluster-version-status-and-update-details.adoc,installing/validation_and_troubleshooting/validating-an-installation.adoc,existing,leveloffset=+1; assembly context=validating-an-installation,folds 4 source jobs: Validate an installation; Troubleshoot installation issues; Consolidate installation troubleshooting; Troubleshoot bare metal IPI installation
Verify and troubleshoot an installation,"When my installation completes, I need to verify cluster health, operator status, and node readiness so I can confirm the cluster is ready for workloads.",,full,modules/cco-ccoctl-install-verifying.adoc,installing/validation_and_troubleshooting/validating-an-installation.adoc,existing,leveloffset=+1; assembly context=validating-an-installation,folds 4 source jobs: Validate an installation; Troubleshoot installation issues; Consolidate installation troubleshooting; Troubleshoot bare metal IPI installation
Verify and troubleshoot an installation,"When my installation completes, I need to verify cluster health, operator status, and node readiness so I can confirm the cluster is ready for workloads.",,full,modules/querying-the-status-of-cluster-nodes-using-the-cli.adoc,installing/validation_and_troubleshooting/validating-an-installation.adoc,existing,leveloffset=+1; assembly context=validating-an-installation,folds 4 source jobs: Validate an installation; Troubleshoot installation issues; Consolidate installation troubleshooting; Troubleshoot bare metal IPI installation
Verify and troubleshoot an installation,"When my installation completes, I need to verify cluster health, operator status, and node readiness so I can confirm the cluster is ready for workloads.",,full,modules/reviewing-cluster-status-from-the-openshift-web-console.adoc,installing/validation_and_troubleshooting/validating-an-installation.adoc,existing,leveloffset=+1; assembly context=validating-an-installation,folds 4 source jobs: Validate an installation; Troubleshoot installation issues; Consolidate installation troubleshooting; Troubleshoot bare metal IPI installation
Verify and troubleshoot an installation,"When my installation completes, I need to verify cluster health, operator status, and node readiness so I can confirm the cluster is ready for workloads.",,full,modules/reviewing-cluster-status-from-the-openshift-cluster-manager.adoc,installing/validation_and_troubleshooting/validating-an-installation.adoc,existing,leveloffset=+1; assembly context=validating-an-installation,folds 4 source jobs: Validate an installation; Troubleshoot installation issues; Consolidate installation troubleshooting; Troubleshoot bare metal IPI installation
Verify and troubleshoot an installation,"When my installation completes, I need to verify cluster health, operator status, and node readiness so I can confirm the cluster is ready for workloads.",,full,modules/checking-cluster-resource-availability-and-utilization.adoc,installing/validation_and_troubleshooting/validating-an-installation.adoc,existing,leveloffset=+1; assembly context=validating-an-installation,folds 4 source jobs: Validate an installation; Troubleshoot installation issues; Consolidate installation troubleshooting; Troubleshoot bare metal IPI installation
Verify and troubleshoot an installation,"When my installation completes, I need to verify cluster health, operator status, and node readiness so I can confirm the cluster is ready for workloads.",,full,modules/listing-alerts-that-are-firing.adoc,installing/validation_and_troubleshooting/validating-an-installation.adoc,existing,leveloffset=+1; assembly context=validating-an-installation,folds 4 source jobs: Validate an installation; Troubleshoot installation issues; Consolidate installation troubleshooting; Troubleshoot bare metal IPI installation
Verify and troubleshoot an installation,"When my installation completes, I need to verify cluster health, operator status, and node readiness so I can confirm the cluster is ready for workloads.",,full,modules/installation-bootstrap-gather.adoc,installing/validation_and_troubleshooting/installing-troubleshooting.adoc,existing,leveloffset=+1; assembly context=installing-troubleshooting,folds 4 source jobs: Validate an installation; Troubleshoot installation issues; Consolidate installation troubleshooting; Troubleshoot bare metal IPI installation
Verify and troubleshoot an installation,"When my installation completes, I need to verify cluster health, operator status, and node readiness so I can confirm the cluster is ready for workloads.",,full,modules/manually-gathering-logs-with-ssh.adoc,installing/validation_and_troubleshooting/installing-troubleshooting.adoc,existing,leveloffset=+1; assembly context=installing-troubleshooting,folds 4 source jobs: Validate an installation; Troubleshoot installation issues; Consolidate installation troubleshooting; Troubleshoot bare metal IPI installation
Verify and troubleshoot an installation,"When my installation completes, I need to verify cluster health, operator status, and node readiness so I can confirm the cluster is ready for workloads.",,full,modules/manually-gathering-logs-without-ssh.adoc,installing/validation_and_troubleshooting/installing-troubleshooting.adoc,existing,leveloffset=+1; assembly context=installing-troubleshooting,folds 4 source jobs: Validate an installation; Troubleshoot installation issues; Consolidate installation troubleshooting; Troubleshoot bare metal IPI installation
Verify and troubleshoot an installation,"When my installation completes, I need to verify cluster health, operator status, and node readiness so I can confirm the cluster is ready for workloads.",,full,modules/installing-getting-debug-information.adoc,installing/validation_and_troubleshooting/installing-troubleshooting.adoc,existing,leveloffset=+1; assembly context=installing-troubleshooting,folds 4 source jobs: Validate an installation; Troubleshoot installation issues; Consolidate installation troubleshooting; Troubleshoot bare metal IPI installation
Verify and troubleshoot an installation,"When my installation completes, I need to verify cluster health, operator status, and node readiness so I can confirm the cluster is ready for workloads.",,full,modules/restarting-installation.adoc,installing/validation_and_troubleshooting/installing-troubleshooting.adoc,existing,leveloffset=+1; assembly context=installing-troubleshooting,folds 4 source jobs: Validate an installation; Troubleshoot installation issues; Consolidate installation troubleshooting; Troubleshoot bare metal IPI installation
Verify and troubleshoot an installation,"When my installation completes, I need to verify cluster health, operator status, and node readiness so I can confirm the cluster is ready for workloads.",,full,modules/ipi-install-troubleshooting-install-program-workflow.adoc,installing/installing_bare_metal/ipi/ipi-install-troubleshooting.adoc,existing,leveloffset=+1; assembly context=ipi-install-troubleshooting,folds 4 source jobs: Validate an installation; Troubleshoot installation issues; Consolidate installation troubleshooting; Troubleshoot bare metal IPI installation
Verify and troubleshoot an installation,"When my installation completes, I need to verify cluster health, operator status, and node readiness so I can confirm the cluster is ready for workloads.",,full,modules/ipi-install-troubleshooting-install-config.adoc,installing/installing_bare_metal/ipi/ipi-install-troubleshooting.adoc,existing,leveloffset=+1; assembly context=ipi-install-troubleshooting,folds 4 source jobs: Validate an installation; Troubleshoot installation issues; Consolidate installation troubleshooting; Troubleshoot bare metal IPI installation
Verify and troubleshoot an installation,"When my installation completes, I need to verify cluster health, operator status, and node readiness so I can confirm the cluster is ready for workloads.",,full,modules/ipi-install-troubleshooting-bootstrap-vm.adoc,installing/installing_bare_metal/ipi/ipi-install-troubleshooting.adoc,existing,leveloffset=+1; assembly context=ipi-install-troubleshooting,folds 4 source jobs: Validate an installation; Troubleshoot installation issues; Consolidate installation troubleshooting; Troubleshoot bare metal IPI installation
Verify and troubleshoot an installation,"When my installation completes, I need to verify cluster health, operator status, and node readiness so I can confirm the cluster is ready for workloads.",,full,modules/ipi-install-troubleshooting-bootstrap-vm-cannot-boot.adoc,installing/installing_bare_metal/ipi/ipi-install-troubleshooting.adoc,existing,leveloffset=+2; assembly context=ipi-install-troubleshooting,folds 4 source jobs: Validate an installation; Troubleshoot installation issues; Consolidate installation troubleshooting; Troubleshoot bare metal IPI installation
Verify and troubleshoot an installation,"When my installation completes, I need to verify cluster health, operator status, and node readiness so I can confirm the cluster is ready for workloads.",,full,modules/ipi-install-troubleshooting-bootstrap-vm-inspecting-logs.adoc,installing/installing_bare_metal/ipi/ipi-install-troubleshooting.adoc,existing,leveloffset=+2; assembly context=ipi-install-troubleshooting,folds 4 source jobs: Validate an installation; Troubleshoot installation issues; Consolidate installation troubleshooting; Troubleshoot bare metal IPI installation
Verify and troubleshoot an installation,"When my installation completes, I need to verify cluster health, operator status, and node readiness so I can confirm the cluster is ready for workloads.",,full,modules/ipi-install-troubleshooting-investigating-an-unavailable-kubernetes-api.adoc,installing/installing_bare_metal/ipi/ipi-install-troubleshooting.adoc,existing,leveloffset=+1; assembly context=ipi-install-troubleshooting,folds 4 source jobs: Validate an installation; Troubleshoot installation issues; Consolidate installation troubleshooting; Troubleshoot bare metal IPI installation
Verify and troubleshoot an installation,"When my installation completes, I need to verify cluster health, operator status, and node readiness so I can confirm the cluster is ready for workloads.",,full,modules/ipi-install-troubleshooting-troubleshooting-failure-to-initialize-the-cluster.adoc,installing/installing_bare_metal/ipi/ipi-install-troubleshooting.adoc,existing,leveloffset=+1; assembly context=ipi-install-troubleshooting,folds 4 source jobs: Validate an installation; Troubleshoot installation issues; Consolidate installation troubleshooting; Troubleshoot bare metal IPI installation
Verify and troubleshoot an installation,"When my installation completes, I need to verify cluster health, operator status, and node readiness so I can confirm the cluster is ready for workloads.",,full,modules/ipi-install-troubleshooting-troubleshooting-failure-to-fetch-the-console-url.adoc,installing/installing_bare_metal/ipi/ipi-install-troubleshooting.adoc,existing,leveloffset=+1; assembly context=ipi-install-troubleshooting,folds 4 source jobs: Validate an installation; Troubleshoot installation issues; Consolidate installation troubleshooting; Troubleshoot bare metal IPI installation
Verify and troubleshoot an installation,"When my installation completes, I need to verify cluster health, operator status, and node readiness so I can confirm the cluster is ready for workloads.",,full,modules/ipi-install-troubleshooting-troubleshooting-failure-to-add-the-ingress-certificate-to-kubeconfig.adoc,installing/installing_bare_metal/ipi/ipi-install-troubleshooting.adoc,existing,leveloffset=+1; assembly context=ipi-install-troubleshooting,folds 4 source jobs: Validate an installation; Troubleshoot installation issues; Consolidate installation troubleshooting; Troubleshoot bare metal IPI installation
Verify and troubleshoot an installation,"When my installation completes, I need to verify cluster health, operator status, and node readiness so I can confirm the cluster is ready for workloads.",,full,modules/ipi-install-troubleshooting-troubleshooting-ssh-access-to-cluster-nodes.adoc,installing/installing_bare_metal/ipi/ipi-install-troubleshooting.adoc,existing,leveloffset=+1; assembly context=ipi-install-troubleshooting,folds 4 source jobs: Validate an installation; Troubleshoot installation issues; Consolidate installation troubleshooting; Troubleshoot bare metal IPI installation
Verify and troubleshoot an installation,"When my installation completes, I need to verify cluster health, operator status, and node readiness so I can confirm the cluster is ready for workloads.",,full,modules/ipi-install-troubleshooting-cluster-nodes-will-not-pxe.adoc,installing/installing_bare_metal/ipi/ipi-install-troubleshooting.adoc,existing,leveloffset=+1; assembly context=ipi-install-troubleshooting,folds 4 source jobs: Validate an installation; Troubleshoot installation issues; Consolidate installation troubleshooting; Troubleshoot bare metal IPI installation
Verify and troubleshoot an installation,"When my installation completes, I need to verify cluster health, operator status, and node readiness so I can confirm the cluster is ready for workloads.",,full,modules/ipi-install-troubleshooting-installing-creates-no-worker-nodes.adoc,installing/installing_bare_metal/ipi/ipi-install-troubleshooting.adoc,existing,leveloffset=+1; assembly context=ipi-install-troubleshooting,folds 4 source jobs: Validate an installation; Troubleshoot installation issues; Consolidate installation troubleshooting; Troubleshoot bare metal IPI installation
Verify and troubleshoot an installation,"When my installation completes, I need to verify cluster health, operator status, and node readiness so I can confirm the cluster is ready for workloads.",,full,modules/ipi-install-troubleshooting-troubleshooting-the-cluster-network-operator.adoc,installing/installing_bare_metal/ipi/ipi-install-troubleshooting.adoc,existing,leveloffset=+1; assembly context=ipi-install-troubleshooting,folds 4 source jobs: Validate an installation; Troubleshoot installation issues; Consolidate installation troubleshooting; Troubleshoot bare metal IPI installation
Verify and troubleshoot an installation,"When my installation completes, I need to verify cluster health, operator status, and node readiness so I can confirm the cluster is ready for workloads.",,full,modules/ipi-install-troubleshooting_unable-to-discover-new-bare-metal-hosts-using-the-bmc.adoc,installing/installing_bare_metal/ipi/ipi-install-troubleshooting.adoc,existing,leveloffset=+1; assembly context=ipi-install-troubleshooting,folds 4 source jobs: Validate an installation; Troubleshoot installation issues; Consolidate installation troubleshooting; Troubleshoot bare metal IPI installation
Verify and troubleshoot an installation,"When my installation completes, I need to verify cluster health, operator status, and node readiness so I can confirm the cluster is ready for workloads.",,full,modules/ipi-install-troubleshooting_proc_worker-nodes-cannot-join-the-cluster.adoc,installing/installing_bare_metal/ipi/ipi-install-troubleshooting.adoc,existing,leveloffset=+1; assembly context=ipi-install-troubleshooting,folds 4 source jobs: Validate an installation; Troubleshoot installation issues; Consolidate installation troubleshooting; Troubleshoot bare metal IPI installation
Verify and troubleshoot an installation,"When my installation completes, I need to verify cluster health, operator status, and node readiness so I can confirm the cluster is ready for workloads.",,full,modules/ipi-install-troubleshooting-cleaning-up-previous-installations.adoc,installing/installing_bare_metal/ipi/ipi-install-troubleshooting.adoc,existing,leveloffset=+1; assembly context=ipi-install-troubleshooting,folds 4 source jobs: Validate an installation; Troubleshoot installation issues; Consolidate installation troubleshooting; Troubleshoot bare metal IPI installation
Verify and troubleshoot an installation,"When my installation completes, I need to verify cluster health, operator status, and node readiness so I can confirm the cluster is ready for workloads.",,full,modules/ipi-install-troubleshooting-registry-issues.adoc,installing/installing_bare_metal/ipi/ipi-install-troubleshooting.adoc,existing,leveloffset=+1; assembly context=ipi-install-troubleshooting,folds 4 source jobs: Validate an installation; Troubleshoot installation issues; Consolidate installation troubleshooting; Troubleshoot bare metal IPI installation
Verify and troubleshoot an installation,"When my installation completes, I need to verify cluster health, operator status, and node readiness so I can confirm the cluster is ready for workloads.",,full,modules/ipi-install-troubleshooting-misc-issues.adoc,installing/installing_bare_metal/ipi/ipi-install-troubleshooting.adoc,existing,leveloffset=+1; assembly context=ipi-install-troubleshooting,folds 4 source jobs: Validate an installation; Troubleshoot installation issues; Consolidate installation troubleshooting; Troubleshoot bare metal IPI installation
Verify and troubleshoot an installation,"When my installation completes, I need to verify cluster health, operator status, and node readiness so I can confirm the cluster is ready for workloads.",,full,modules/ipi-install-troubleshooting-runtime-network-not-ready.adoc,installing/installing_bare_metal/ipi/ipi-install-troubleshooting.adoc,existing,leveloffset=+2; assembly context=ipi-install-troubleshooting,folds 4 source jobs: Validate an installation; Troubleshoot installation issues; Consolidate installation troubleshooting; Troubleshoot bare metal IPI installation
Verify and troubleshoot an installation,"When my installation completes, I need to verify cluster health, operator status, and node readiness so I can confirm the cluster is ready for workloads.",,full,modules/ipi-install-troubleshooting-no-matching-rootdevicehints.adoc,installing/installing_bare_metal/ipi/ipi-install-troubleshooting.adoc,existing,leveloffset=+2; assembly context=ipi-install-troubleshooting,folds 4 source jobs: Validate an installation; Troubleshoot installation issues; Consolidate installation troubleshooting; Troubleshoot bare metal IPI installation
Verify and troubleshoot an installation,"When my installation completes, I need to verify cluster health, operator status, and node readiness so I can confirm the cluster is ready for workloads.",,full,modules/ipi-install-troubleshooting-incorrect-ipv6-dhcp.adoc,installing/installing_bare_metal/ipi/ipi-install-troubleshooting.adoc,existing,leveloffset=+2; assembly context=ipi-install-troubleshooting,folds 4 source jobs: Validate an installation; Troubleshoot installation issues; Consolidate installation troubleshooting; Troubleshoot bare metal IPI installation
Verify and troubleshoot an installation,"When my installation completes, I need to verify cluster health, operator status, and node readiness so I can confirm the cluster is ready for workloads.",,full,modules/ipi-install-troubleshooting-incorrect-hostname-dhcp.adoc,installing/installing_bare_metal/ipi/ipi-install-troubleshooting.adoc,existing,leveloffset=+2; assembly context=ipi-install-troubleshooting,folds 4 source jobs: Validate an installation; Troubleshoot installation issues; Consolidate installation troubleshooting; Troubleshoot bare metal IPI installation
Verify and troubleshoot an installation,"When my installation completes, I need to verify cluster health, operator status, and node readiness so I can confirm the cluster is ready for workloads.",,full,modules/ipi-install-troubleshooting-unreachable-routes.adoc,installing/installing_bare_metal/ipi/ipi-install-troubleshooting.adoc,existing,leveloffset=+2; assembly context=ipi-install-troubleshooting,folds 4 source jobs: Validate an installation; Troubleshoot installation issues; Consolidate installation troubleshooting; Troubleshoot bare metal IPI installation
Verify and troubleshoot an installation,"When my installation completes, I need to verify cluster health, operator status, and node readiness so I can confirm the cluster is ready for workloads.",,full,modules/ipi-install-troubleshooting-failed-ignition-during-firstboot.adoc,installing/installing_bare_metal/ipi/ipi-install-troubleshooting.adoc,existing,leveloffset=+2; assembly context=ipi-install-troubleshooting,folds 4 source jobs: Validate an installation; Troubleshoot installation issues; Consolidate installation troubleshooting; Troubleshoot bare metal IPI installation
Verify and troubleshoot an installation,"When my installation completes, I need to verify cluster health, operator status, and node readiness so I can confirm the cluster is ready for workloads.",,full,modules/ipi-install-troubleshooting-ntp-out-of-sync.adoc,installing/installing_bare_metal/ipi/ipi-install-troubleshooting.adoc,existing,leveloffset=+2; assembly context=ipi-install-troubleshooting,folds 4 source jobs: Validate an installation; Troubleshoot installation issues; Consolidate installation troubleshooting; Troubleshoot bare metal IPI installation
Verify and troubleshoot an installation,"When my installation completes, I need to verify cluster health, operator status, and node readiness so I can confirm the cluster is ready for workloads.",,full,modules/ipi-install-troubleshooting-reviewing-the-installation.adoc,installing/installing_bare_metal/ipi/ipi-install-troubleshooting.adoc,existing,leveloffset=+1; assembly context=ipi-install-troubleshooting,folds 4 source jobs: Validate an installation; Troubleshoot installation issues; Consolidate installation troubleshooting; Troubleshoot bare metal IPI installation
Complete bare metal post-installation configuration,"When my bare metal cluster is running, I need to complete post-installation configuration tasks (storage, networking, registry) so the cluster is production-ready.",Complete post-installation configuration,full,modules/bare-metal-about-the-cluster-api.adoc,installing/installing_bare_metal/bare-metal-postinstallation-configuration.adoc,existing,leveloffset=+1; assembly context=bare-metal-postinstallation-configuration,folds 1 source jobs: Configure bare metal post-installation
Complete bare metal post-installation configuration,"When my bare metal cluster is running, I need to complete post-installation configuration tasks (storage, networking, registry) so the cluster is production-ready.",Complete post-installation configuration,full,modules/ipi-install-configuring-ntp-for-disconnected-clusters.adoc,installing/installing_bare_metal/bare-metal-postinstallation-configuration.adoc,existing,leveloffset=+1; assembly context=bare-metal-postinstallation-configuration,folds 1 source jobs: Configure bare metal post-installation
Complete bare metal post-installation configuration,"When my bare metal cluster is running, I need to complete post-installation configuration tasks (storage, networking, registry) so the cluster is production-ready.",Complete post-installation configuration,full,modules/bare-metal-self-signed-cert-post-install.adoc,installing/installing_bare_metal/bare-metal-postinstallation-configuration.adoc,existing,leveloffset=+1; assembly context=bare-metal-postinstallation-configuration,folds 1 source jobs: Configure bare metal post-installation
Complete bare metal post-installation configuration,"When my bare metal cluster is running, I need to complete post-installation configuration tasks (storage, networking, registry) so the cluster is production-ready.",Complete post-installation configuration,full,modules/bare-metal-replace-existing-bmc-ca.adoc,installing/installing_bare_metal/bare-metal-postinstallation-configuration.adoc,existing,leveloffset=+2; assembly context=bare-metal-postinstallation-configuration,folds 1 source jobs: Configure bare metal post-installation
Complete bare metal post-installation configuration,"When my bare metal cluster is running, I need to complete post-installation configuration tasks (storage, networking, registry) so the cluster is production-ready.",Complete post-installation configuration,full,modules/bare-metal-install-new-bmc-ca.adoc,installing/installing_bare_metal/bare-metal-postinstallation-configuration.adoc,existing,leveloffset=+2; assembly context=bare-metal-postinstallation-configuration,folds 1 source jobs: Configure bare metal post-installation
Complete bare metal post-installation configuration,"When my bare metal cluster is running, I need to complete post-installation configuration tasks (storage, networking, registry) so the cluster is production-ready.",Complete post-installation configuration,full,modules/nw-enabling-a-provisioning-network-after-installation.adoc,installing/installing_bare_metal/bare-metal-postinstallation-configuration.adoc,existing,leveloffset=+1; assembly context=bare-metal-postinstallation-configuration,folds 1 source jobs: Configure bare metal post-installation
Complete bare metal post-installation configuration,"When my bare metal cluster is running, I need to complete post-installation configuration tasks (storage, networking, registry) so the cluster is production-ready.",Complete post-installation configuration,full,modules/creating-manifest-file-customized-br-ex-bridge-post.adoc,installing/installing_bare_metal/bare-metal-postinstallation-configuration.adoc,existing,leveloffset=+1; assembly context=bare-metal-postinstallation-configuration,folds 1 source jobs: Configure bare metal post-installation
Complete bare metal post-installation configuration,"When my bare metal cluster is running, I need to complete post-installation configuration tasks (storage, networking, registry) so the cluster is production-ready.",Complete post-installation configuration,full,modules/making-disruptive-changes-br-ex-bridge.adoc,installing/installing_bare_metal/bare-metal-postinstallation-configuration.adoc,existing,leveloffset=+1; assembly context=bare-metal-postinstallation-configuration,folds 1 source jobs: Configure bare metal post-installation
Complete bare metal post-installation configuration,"When my bare metal cluster is running, I need to complete post-installation configuration tasks (storage, networking, registry) so the cluster is production-ready.",Complete post-installation configuration,full,modules/migrating-br-ex-bridge-nmstate.adoc,installing/installing_bare_metal/bare-metal-postinstallation-configuration.adoc,existing,leveloffset=+1; assembly context=bare-metal-postinstallation-configuration,folds 1 source jobs: Configure bare metal post-installation
Complete bare metal post-installation configuration,"When my bare metal cluster is running, I need to complete post-installation configuration tasks (storage, networking, registry) so the cluster is production-ready.",Complete post-installation configuration,full,modules/nw-osp-services-external-load-balancer.adoc,installing/installing_bare_metal/bare-metal-postinstallation-configuration.adoc,existing,leveloffset=+1; assembly context=bare-metal-postinstallation-configuration,folds 1 source jobs: Configure bare metal post-installation
Complete bare metal post-installation configuration,"When my bare metal cluster is running, I need to complete post-installation configuration tasks (storage, networking, registry) so the cluster is production-ready.",Complete post-installation configuration,full,modules/nw-osp-configuring-external-load-balancer.adoc,installing/installing_bare_metal/bare-metal-postinstallation-configuration.adoc,existing,leveloffset=+2; assembly context=bare-metal-postinstallation-configuration,folds 1 source jobs: Configure bare metal post-installation
Complete bare metal post-installation configuration,"When my bare metal cluster is running, I need to complete post-installation configuration tasks (storage, networking, registry) so the cluster is production-ready.",Complete post-installation configuration,full,modules/bm-about-ipe.adoc,installing/installing_bare_metal/bare-metal-postinstallation-configuration.adoc,existing,leveloffset=+1; assembly context=bare-metal-postinstallation-configuration,folds 1 source jobs: Configure bare metal post-installation
Complete bare metal post-installation configuration,"When my bare metal cluster is running, I need to complete post-installation configuration tasks (storage, networking, registry) so the cluster is production-ready.",Complete post-installation configuration,full,modules/bm-configuring-ipe.adoc,installing/installing_bare_metal/bare-metal-postinstallation-configuration.adoc,existing,leveloffset=+2; assembly context=bare-metal-postinstallation-configuration,folds 1 source jobs: Configure bare metal post-installation
Complete bare metal post-installation configuration,"When my bare metal cluster is running, I need to complete post-installation configuration tasks (storage, networking, registry) so the cluster is production-ready.",Complete post-installation configuration,full,modules/bmo-config-using-bare-metal-operator.adoc,installing/installing_bare_metal/bare-metal-postinstallation-configuration.adoc,existing,leveloffset=+1; assembly context=bare-metal-postinstallation-configuration,folds 1 source jobs: Configure bare metal post-installation
Complete bare metal post-installation configuration,"When my bare metal cluster is running, I need to complete post-installation configuration tasks (storage, networking, registry) so the cluster is production-ready.",Complete post-installation configuration,full,modules/bmo-bare-metal-operator-architecture.adoc,installing/installing_bare_metal/bare-metal-postinstallation-configuration.adoc,existing,leveloffset=+2; assembly context=bare-metal-postinstallation-configuration,folds 1 source jobs: Configure bare metal post-installation
Complete bare metal post-installation configuration,"When my bare metal cluster is running, I need to complete post-installation configuration tasks (storage, networking, registry) so the cluster is production-ready.",Complete post-installation configuration,full,modules/bmo-about-the-baremetalhost-resource.adoc,installing/installing_bare_metal/bare-metal-postinstallation-configuration.adoc,existing,leveloffset=+2; assembly context=bare-metal-postinstallation-configuration,folds 1 source jobs: Configure bare metal post-installation
Complete bare metal post-installation configuration,"When my bare metal cluster is running, I need to complete post-installation configuration tasks (storage, networking, registry) so the cluster is production-ready.",Complete post-installation configuration,full,modules/bmo-getting-the-baremetalhost-resource.adoc,installing/installing_bare_metal/bare-metal-postinstallation-configuration.adoc,existing,leveloffset=+2; assembly context=bare-metal-postinstallation-configuration,folds 1 source jobs: Configure bare metal post-installation
Complete bare metal post-installation configuration,"When my bare metal cluster is running, I need to complete post-installation configuration tasks (storage, networking, registry) so the cluster is production-ready.",Complete post-installation configuration,full,modules/bmo-editing-a-baremetalhost-resource.adoc,installing/installing_bare_metal/bare-metal-postinstallation-configuration.adoc,existing,leveloffset=+2; assembly context=bare-metal-postinstallation-configuration,folds 1 source jobs: Configure bare metal post-installation
Complete bare metal post-installation configuration,"When my bare metal cluster is running, I need to complete post-installation configuration tasks (storage, networking, registry) so the cluster is production-ready.",Complete post-installation configuration,full,modules/bmo-troubleshooting-latency-when-deleting-a-baremetalhost-resource.adoc,installing/installing_bare_metal/bare-metal-postinstallation-configuration.adoc,existing,leveloffset=+2; assembly context=bare-metal-postinstallation-configuration,folds 1 source jobs: Configure bare metal post-installation
Complete bare metal post-installation configuration,"When my bare metal cluster is running, I need to complete post-installation configuration tasks (storage, networking, registry) so the cluster is production-ready.",Complete post-installation configuration,full,modules/bmo-attaching-a-non-bootable-iso-to-a-bare-metal-node.adoc,installing/installing_bare_metal/bare-metal-postinstallation-configuration.adoc,existing,leveloffset=+2; assembly context=bare-metal-postinstallation-configuration,folds 1 source jobs: Configure bare metal post-installation
Complete bare metal post-installation configuration,"When my bare metal cluster is running, I need to complete post-installation configuration tasks (storage, networking, registry) so the cluster is production-ready.",Complete post-installation configuration,full,modules/bmo-configuring-ncsi-disable-poweroff.adoc,installing/installing_bare_metal/bare-metal-postinstallation-configuration.adoc,existing,leveloffset=+2; assembly context=bare-metal-postinstallation-configuration,folds 1 source jobs: Configure bare metal post-installation
Complete bare metal post-installation configuration,"When my bare metal cluster is running, I need to complete post-installation configuration tasks (storage, networking, registry) so the cluster is production-ready.",Complete post-installation configuration,full,modules/bmo-about-the-hostfirmwaresettings-resource.adoc,installing/installing_bare_metal/bare-metal-postinstallation-configuration.adoc,existing,leveloffset=+2; assembly context=bare-metal-postinstallation-configuration,folds 1 source jobs: Configure bare metal post-installation
Complete bare metal post-installation configuration,"When my bare metal cluster is running, I need to complete post-installation configuration tasks (storage, networking, registry) so the cluster is production-ready.",Complete post-installation configuration,full,modules/bmo-getting-the-hostfirmwaresettings-resource.adoc,installing/installing_bare_metal/bare-metal-postinstallation-configuration.adoc,existing,leveloffset=+2; assembly context=bare-metal-postinstallation-configuration,folds 1 source jobs: Configure bare metal post-installation
Complete bare metal post-installation configuration,"When my bare metal cluster is running, I need to complete post-installation configuration tasks (storage, networking, registry) so the cluster is production-ready.",Complete post-installation configuration,full,modules/bmo-editing-the-hostfirmwaresettings-resource-of-a-provisioned-host.adoc,installing/installing_bare_metal/bare-metal-postinstallation-configuration.adoc,existing,leveloffset=+2; assembly context=bare-metal-postinstallation-configuration,folds 1 source jobs: Configure bare metal post-installation
Complete bare metal post-installation configuration,"When my bare metal cluster is running, I need to complete post-installation configuration tasks (storage, networking, registry) so the cluster is production-ready.",Complete post-installation configuration,full,modules/bmo-performing-a-live-update-to-the-hostfirmwaresettings-resource.adoc,installing/installing_bare_metal/bare-metal-postinstallation-configuration.adoc,existing,leveloffset=+2; assembly context=bare-metal-postinstallation-configuration,folds 1 source jobs: Configure bare metal post-installation
Complete bare metal post-installation configuration,"When my bare metal cluster is running, I need to complete post-installation configuration tasks (storage, networking, registry) so the cluster is production-ready.",Complete post-installation configuration,full,modules/bmo-verifying-the-hostfirmware-settings-resource-is-valid.adoc,installing/installing_bare_metal/bare-metal-postinstallation-configuration.adoc,existing,leveloffset=+2; assembly context=bare-metal-postinstallation-configuration,folds 1 source jobs: Configure bare metal post-installation
Complete bare metal post-installation configuration,"When my bare metal cluster is running, I need to complete post-installation configuration tasks (storage, networking, registry) so the cluster is production-ready.",Complete post-installation configuration,full,modules/bmo-about-the-firmwareschema-resource.adoc,installing/installing_bare_metal/bare-metal-postinstallation-configuration.adoc,existing,leveloffset=+2; assembly context=bare-metal-postinstallation-configuration,folds 1 source jobs: Configure bare metal post-installation
Complete bare metal post-installation configuration,"When my bare metal cluster is running, I need to complete post-installation configuration tasks (storage, networking, registry) so the cluster is production-ready.",Complete post-installation configuration,full,modules/bmo-getting-the-firmwareschema-resource.adoc,installing/installing_bare_metal/bare-metal-postinstallation-configuration.adoc,existing,leveloffset=+2; assembly context=bare-metal-postinstallation-configuration,folds 1 source jobs: Configure bare metal post-installation
Complete bare metal post-installation configuration,"When my bare metal cluster is running, I need to complete post-installation configuration tasks (storage, networking, registry) so the cluster is production-ready.",Complete post-installation configuration,full,modules/bmo-about-the-hostfirmwarecomponents-resource.adoc,installing/installing_bare_metal/bare-metal-postinstallation-configuration.adoc,existing,leveloffset=+2; assembly context=bare-metal-postinstallation-configuration,folds 1 source jobs: Configure bare metal post-installation
Complete bare metal post-installation configuration,"When my bare metal cluster is running, I need to complete post-installation configuration tasks (storage, networking, registry) so the cluster is production-ready.",Complete post-installation configuration,full,modules/bmo-getting-the-hostfirmwarecomponents-resource.adoc,installing/installing_bare_metal/bare-metal-postinstallation-configuration.adoc,existing,leveloffset=+2; assembly context=bare-metal-postinstallation-configuration,folds 1 source jobs: Configure bare metal post-installation
Complete bare metal post-installation configuration,"When my bare metal cluster is running, I need to complete post-installation configuration tasks (storage, networking, registry) so the cluster is production-ready.",Complete post-installation configuration,full,modules/bmo-editing-the-hostfirmwarecomponents-resource-of-a-provisioned-host.adoc,installing/installing_bare_metal/bare-metal-postinstallation-configuration.adoc,existing,leveloffset=+2; assembly context=bare-metal-postinstallation-configuration,folds 1 source jobs: Configure bare metal post-installation
Complete bare metal post-installation configuration,"When my bare metal cluster is running, I need to complete post-installation configuration tasks (storage, networking, registry) so the cluster is production-ready.",Complete post-installation configuration,full,modules/bmo-performing-a-live-update-to-the-hostfirmwarecomponents-resource.adoc,installing/installing_bare_metal/bare-metal-postinstallation-configuration.adoc,existing,leveloffset=+2; assembly context=bare-metal-postinstallation-configuration,folds 1 source jobs: Configure bare metal post-installation
Complete bare metal post-installation configuration,"When my bare metal cluster is running, I need to complete post-installation configuration tasks (storage, networking, registry) so the cluster is production-ready.",Complete post-installation configuration,full,modules/bmo-getting-the-hostfirmwarecomponents-resource_nic.adoc,installing/installing_bare_metal/bare-metal-postinstallation-configuration.adoc,existing,leveloffset=+2; assembly context=bare-metal-postinstallation-configuration,folds 1 source jobs: Configure bare metal post-installation
Complete bare metal post-installation configuration,"When my bare metal cluster is running, I need to complete post-installation configuration tasks (storage, networking, registry) so the cluster is production-ready.",Complete post-installation configuration,full,modules/bmo-about-the-hostupdatepolicy-resource.adoc,installing/installing_bare_metal/bare-metal-postinstallation-configuration.adoc,existing,leveloffset=+2; assembly context=bare-metal-postinstallation-configuration,folds 1 source jobs: Configure bare metal post-installation
Complete bare metal post-installation configuration,"When my bare metal cluster is running, I need to complete post-installation configuration tasks (storage, networking, registry) so the cluster is production-ready.",Complete post-installation configuration,full,modules/bmo-setting-the-hostupdatepolicy-resource.adoc,installing/installing_bare_metal/bare-metal-postinstallation-configuration.adoc,existing,leveloffset=+2; assembly context=bare-metal-postinstallation-configuration,folds 1 source jobs: Configure bare metal post-installation
Complete IBM Z post-installation configuration,"When my IBM Z cluster is running, I need to perform Z-specific post-installation configuration.",Complete post-installation configuration,full,modules/ibm-z-configure-devices-mco.adoc,installing/installing_ibm_z/ibmz-post-install.adoc,existing,leveloffset=+1; assembly context=post-install-configure-additional-devices-ibm-z,folds 1 source jobs: Complete IBM Z post-installation tasks
Complete IBM Z post-installation configuration,"When my IBM Z cluster is running, I need to perform Z-specific post-installation configuration.",Complete post-installation configuration,full,modules/ibm-z-configure-devices-manually.adoc,installing/installing_ibm_z/ibmz-post-install.adoc,existing,leveloffset=+1; assembly context=post-install-configure-additional-devices-ibm-z,folds 1 source jobs: Complete IBM Z post-installation tasks
Complete IBM Z post-installation configuration,"When my IBM Z cluster is running, I need to perform Z-specific post-installation configuration.",Complete post-installation configuration,full,modules/ibm-z-roce-network-cards.adoc,installing/installing_ibm_z/ibmz-post-install.adoc,existing,leveloffset=+1; assembly context=post-install-configure-additional-devices-ibm-z,folds 1 source jobs: Complete IBM Z post-installation tasks
Complete IBM Z post-installation configuration,"When my IBM Z cluster is running, I need to perform Z-specific post-installation configuration.",Complete post-installation configuration,full,modules/ibm-z-enable-multipathing-fcp-luns.adoc,installing/installing_ibm_z/ibmz-post-install.adoc,existing,leveloffset=+1; assembly context=post-install-configure-additional-devices-ibm-z,folds 1 source jobs: Complete IBM Z post-installation tasks
Complete vSphere post-installation configuration,"When I need workload distribution across vSphere failure domains, I need to configure zones and regions after installation so I can improve availability.",Complete post-installation configuration,full,modules/specifying-regions-zones-infrastructure-vsphere.adoc,installing/installing_vsphere/post-install-vsphere-zones-regions-configuration.adoc,existing,leveloffset=+1; assembly context=post-install-vsphere-zones-regions-configuration,folds 2 source jobs: Configure vSphere zones and regions post-installation; Configure vSphere post-installation settings
Complete vSphere post-installation configuration,"When I need workload distribution across vSphere failure domains, I need to configure zones and regions after installation so I can improve availability.",Complete post-installation configuration,full,modules/vsphere-enabling-multiple-layer2-networks.adoc,installing/installing_vsphere/post-install-vsphere-zones-regions-configuration.adoc,existing,leveloffset=+1; assembly context=post-install-vsphere-zones-regions-configuration,folds 2 source jobs: Configure vSphere zones and regions post-installation; Configure vSphere post-installation settings
Complete vSphere post-installation configuration,"When I need workload distribution across vSphere failure domains, I need to configure zones and regions after installation so I can improve availability.",Complete post-installation configuration,full,modules/references-regions-zones-infrastructure-vsphere.adoc,installing/installing_vsphere/post-install-vsphere-zones-regions-configuration.adoc,existing,leveloffset=+1; assembly context=post-install-vsphere-zones-regions-configuration,folds 2 source jobs: Configure vSphere zones and regions post-installation; Configure vSphere post-installation settings
Complete vSphere post-installation configuration,"When I need workload distribution across vSphere failure domains, I need to configure zones and regions after installation so I can improve availability.",Complete post-installation configuration,full,modules/specifying-host-groups-vsphere.adoc,installing/installing_vsphere/post-install-vsphere-zones-regions-configuration.adoc,existing,leveloffset=+1; assembly context=post-install-vsphere-zones-regions-configuration,folds 2 source jobs: Configure vSphere zones and regions post-installation; Configure vSphere post-installation settings
Complete vSphere post-installation configuration,"When I need workload distribution across vSphere failure domains, I need to configure zones and regions after installation so I can improve availability.",Complete post-installation configuration,full,modules/configuring-vsphere-connection-settings.adoc,installing/installing_vsphere/installing-vsphere-post-installation-configuration.adoc,existing,leveloffset=+1; assembly context=installing-vsphere-post-installation-configuration,folds 2 source jobs: Configure vSphere zones and regions post-installation; Configure vSphere post-installation settings
Complete vSphere post-installation configuration,"When I need workload distribution across vSphere failure domains, I need to configure zones and regions after installation so I can improve availability.",Complete post-installation configuration,full,modules/configuring-vsphere-verifying-configuration.adoc,installing/installing_vsphere/installing-vsphere-post-installation-configuration.adoc,existing,leveloffset=+1; assembly context=installing-vsphere-post-installation-configuration,folds 2 source jobs: Configure vSphere zones and regions post-installation; Configure vSphere post-installation settings
Expand a cluster after installation,"When I have a UPI bare metal cluster, I need to use the Bare Metal Operator to add nodes so I can automate scaling without re-provisioning.",,full,modules/about-scaling-a-user-provisioned-installation-with-the-bare-metal-operator.adoc,installing/installing_bare_metal/upi/scaling-a-user-provisioned-cluster-with-the-bare-metal-operator.adoc,existing,leveloffset=+1; assembly context=scaling-a-user-provisioned-cluster-with-the-bare-metal-operator,folds 4 source jobs: Scale a UPI cluster with the Bare Metal Operator; Expand a bare metal cluster; Add compute machines to a bare metal cluster; Add a worker node with custom /var partition in AWS
Expand a cluster after installation,"When I have a UPI bare metal cluster, I need to use the Bare Metal Operator to add nodes so I can automate scaling without re-provisioning.",,full,modules/upi-prerequisites-for-scaling-a-upi-cluster.adoc,installing/installing_bare_metal/upi/scaling-a-user-provisioned-cluster-with-the-bare-metal-operator.adoc,existing,leveloffset=+2; assembly context=scaling-a-user-provisioned-cluster-with-the-bare-metal-operator,folds 4 source jobs: Scale a UPI cluster with the Bare Metal Operator; Expand a bare metal cluster; Add compute machines to a bare metal cluster; Add a worker node with custom /var partition in AWS
Expand a cluster after installation,"When I have a UPI bare metal cluster, I need to use the Bare Metal Operator to add nodes so I can automate scaling without re-provisioning.",,full,modules/upi-limitations-for-scaling-a-upi-cluster.adoc,installing/installing_bare_metal/upi/scaling-a-user-provisioned-cluster-with-the-bare-metal-operator.adoc,existing,leveloffset=+2; assembly context=scaling-a-user-provisioned-cluster-with-the-bare-metal-operator,folds 4 source jobs: Scale a UPI cluster with the Bare Metal Operator; Expand a bare metal cluster; Add compute machines to a bare metal cluster; Add a worker node with custom /var partition in AWS
Expand a cluster after installation,"When I have a UPI bare metal cluster, I need to use the Bare Metal Operator to add nodes so I can automate scaling without re-provisioning.",,full,modules/configuring-a-provisioning-resource-to-scale-user-provisioned-clusters.adoc,installing/installing_bare_metal/upi/scaling-a-user-provisioned-cluster-with-the-bare-metal-operator.adoc,existing,leveloffset=+1; assembly context=scaling-a-user-provisioned-cluster-with-the-bare-metal-operator,folds 4 source jobs: Scale a UPI cluster with the Bare Metal Operator; Expand a bare metal cluster; Add compute machines to a bare metal cluster; Add a worker node with custom /var partition in AWS
Expand a cluster after installation,"When I have a UPI bare metal cluster, I need to use the Bare Metal Operator to add nodes so I can automate scaling without re-provisioning.",,full,modules/upi-provisioning-new-hosts-in-a-upi-cluster.adoc,installing/installing_bare_metal/upi/scaling-a-user-provisioned-cluster-with-the-bare-metal-operator.adoc,existing,leveloffset=+1; assembly context=scaling-a-user-provisioned-cluster-with-the-bare-metal-operator,folds 4 source jobs: Scale a UPI cluster with the Bare Metal Operator; Expand a bare metal cluster; Add compute machines to a bare metal cluster; Add a worker node with custom /var partition in AWS
Expand a cluster after installation,"When I have a UPI bare metal cluster, I need to use the Bare Metal Operator to add nodes so I can automate scaling without re-provisioning.",,full,modules/upi-managing-existing-hosts-in-a-upi-cluster.adoc,installing/installing_bare_metal/upi/scaling-a-user-provisioned-cluster-with-the-bare-metal-operator.adoc,existing,leveloffset=+1; assembly context=scaling-a-user-provisioned-cluster-with-the-bare-metal-operator,folds 4 source jobs: Scale a UPI cluster with the Bare Metal Operator; Expand a bare metal cluster; Add compute machines to a bare metal cluster; Add a worker node with custom /var partition in AWS
Expand a cluster after installation,"When I have a UPI bare metal cluster, I need to use the Bare Metal Operator to add nodes so I can automate scaling without re-provisioning.",,full,modules/upi-removing-hosts-from-a-upi-cluster.adoc,installing/installing_bare_metal/upi/scaling-a-user-provisioned-cluster-with-the-bare-metal-operator.adoc,existing,leveloffset=+1; assembly context=scaling-a-user-provisioned-cluster-with-the-bare-metal-operator,folds 4 source jobs: Scale a UPI cluster with the Bare Metal Operator; Expand a bare metal cluster; Add compute machines to a bare metal cluster; Add a worker node with custom /var partition in AWS
Expand a cluster after installation,"When I have a UPI bare metal cluster, I need to use the Bare Metal Operator to add nodes so I can automate scaling without re-provisioning.",,full,modules/ipi-install-preparing-the-bare-metal-node.adoc,installing/installing_bare_metal/bare-metal-expanding-the-cluster.adoc,existing,leveloffset=+1; assembly context=bare-metal-expanding,folds 4 source jobs: Scale a UPI cluster with the Bare Metal Operator; Expand a bare metal cluster; Add compute machines to a bare metal cluster; Add a worker node with custom /var partition in AWS
Expand a cluster after installation,"When I have a UPI bare metal cluster, I need to use the Bare Metal Operator to add nodes so I can automate scaling without re-provisioning.",,full,modules/ipi-install-replacing-a-bare-metal-control-plane-node.adoc,installing/installing_bare_metal/bare-metal-expanding-the-cluster.adoc,existing,leveloffset=+1; assembly context=bare-metal-expanding,folds 4 source jobs: Scale a UPI cluster with the Bare Metal Operator; Expand a bare metal cluster; Add compute machines to a bare metal cluster; Add a worker node with custom /var partition in AWS
Expand a cluster after installation,"When I have a UPI bare metal cluster, I need to use the Bare Metal Operator to add nodes so I can automate scaling without re-provisioning.",,full,modules/ipi-install-preparing-to-deploy-with-virtual-media-on-the-baremetal-network.adoc,installing/installing_bare_metal/bare-metal-expanding-the-cluster.adoc,existing,leveloffset=+1; assembly context=bare-metal-expanding,folds 4 source jobs: Scale a UPI cluster with the Bare Metal Operator; Expand a bare metal cluster; Add compute machines to a bare metal cluster; Add a worker node with custom /var partition in AWS
Expand a cluster after installation,"When I have a UPI bare metal cluster, I need to use the Bare Metal Operator to add nodes so I can automate scaling without re-provisioning.",,full,modules/ipi-install-diagnosing-duplicate-mac-address.adoc,installing/installing_bare_metal/bare-metal-expanding-the-cluster.adoc,existing,leveloffset=+1; assembly context=bare-metal-expanding,folds 4 source jobs: Scale a UPI cluster with the Bare Metal Operator; Expand a bare metal cluster; Add compute machines to a bare metal cluster; Add a worker node with custom /var partition in AWS
Expand a cluster after installation,"When I have a UPI bare metal cluster, I need to use the Bare Metal Operator to add nodes so I can automate scaling without re-provisioning.",,full,modules/ipi-install-provisioning-the-bare-metal-node.adoc,installing/installing_bare_metal/bare-metal-expanding-the-cluster.adoc,existing,leveloffset=+1; assembly context=bare-metal-expanding,folds 4 source jobs: Scale a UPI cluster with the Bare Metal Operator; Expand a bare metal cluster; Add compute machines to a bare metal cluster; Add a worker node with custom /var partition in AWS
Expand a cluster after installation,"When I have a UPI bare metal cluster, I need to use the Bare Metal Operator to add nodes so I can automate scaling without re-provisioning.",,full,modules/machine-node-custom-partition.adoc,,existing,leveloffset=+1,folds 4 source jobs: Scale a UPI cluster with the Bare Metal Operator; Expand a bare metal cluster; Add compute machines to a bare metal cluster; Add a worker node with custom /var partition in AWS
Uninstall a cluster on AWS,"When I need to remove a cluster from AWS, I need to run the uninstall procedure that cleans up all AWS resources so I avoid orphaned resources and ongoing costs.",Uninstall a cluster,full,modules/installation-uninstall-clouds.adoc,installing/installing_aws/uninstalling-cluster-aws.adoc,existing,leveloffset=+1; assembly context=uninstall-cluster-aws,folds 1 source jobs: Uninstall a cluster on AWS
Uninstall a cluster on AWS,"When I need to remove a cluster from AWS, I need to run the uninstall procedure that cleans up all AWS resources so I avoid orphaned resources and ongoing costs.",Uninstall a cluster,full,modules/cco-ccoctl-deleting-sts-resources.adoc,installing/installing_aws/uninstalling-cluster-aws.adoc,existing,leveloffset=+1; assembly context=uninstall-cluster-aws,folds 1 source jobs: Uninstall a cluster on AWS
Uninstall a cluster on AWS,"When I need to remove a cluster from AWS, I need to run the uninstall procedure that cleans up all AWS resources so I avoid orphaned resources and ongoing costs.",Uninstall a cluster,full,modules/installation-aws-delete-cluster.adoc,installing/installing_aws/uninstalling-cluster-aws.adoc,existing,leveloffset=+1; assembly context=uninstall-cluster-aws,folds 1 source jobs: Uninstall a cluster on AWS
Uninstall a cluster on Azure,"When I need to remove a cluster from Azure, I need to run the uninstall procedure so I can clean up Azure resources.",Uninstall a cluster,full,modules/installation-uninstall-clouds.adoc,installing/installing_azure/uninstalling-cluster-azure.adoc,existing,leveloffset=+1; assembly context=uninstall-cluster-azure,folds 1 source jobs: Uninstall a cluster on Azure
Uninstall a cluster on Azure,"When I need to remove a cluster from Azure, I need to run the uninstall procedure so I can clean up Azure resources.",Uninstall a cluster,full,modules/cco-ccoctl-deleting-sts-resources.adoc,installing/installing_azure/uninstalling-cluster-azure.adoc,existing,leveloffset=+1; assembly context=uninstall-cluster-azure,folds 1 source jobs: Uninstall a cluster on Azure
Uninstall a cluster on Google Cloud,"When I need to remove a cluster from GCP, I need the uninstall procedure.",Uninstall a cluster,full,modules/installation-uninstall-clouds.adoc,installing/installing_gcp/uninstalling-cluster-gcp.adoc,existing,leveloffset=+1; assembly context=uninstalling-cluster-gcp,folds 1 source jobs: Uninstall a cluster on GCP
Uninstall a cluster on Google Cloud,"When I need to remove a cluster from GCP, I need the uninstall procedure.",Uninstall a cluster,full,modules/cco-ccoctl-deleting-sts-resources.adoc,installing/installing_gcp/uninstalling-cluster-gcp.adoc,existing,leveloffset=+1; assembly context=uninstalling-cluster-gcp,folds 1 source jobs: Uninstall a cluster on GCP
Uninstall a cluster on IBM Cloud,"When I need to remove a cluster from IBM Cloud, I need the uninstall procedure.",Uninstall a cluster,full,modules/installation-uninstall-clouds.adoc,installing/installing_ibm_cloud/uninstalling-cluster-ibm-cloud.adoc,existing,leveloffset=+1; assembly context=uninstalling-cluster-ibm-cloud,folds 1 source jobs: Uninstall a cluster on IBM Cloud
Uninstall a cluster on IBM PowerVC,"When I need to remove a cluster from PowerVC, I need the uninstall procedure.",Uninstall a cluster,full,modules/installation-uninstall-clouds.adoc,installing/installing_ibm_powervc/uninstalling-cluster-powervc.adoc,existing,leveloffset=+1; assembly context=uninstalling-cluster-ibm-powervc,folds 1 source jobs: Uninstall a cluster on IBM PowerVC
Uninstall a cluster on Nutanix,"When I need to remove a cluster from Nutanix, I need the uninstall procedure to clean up VMs and resources.",Uninstall a cluster,full,modules/installation-uninstall-clouds.adoc,installing/installing_nutanix/uninstalling-cluster-nutanix.adoc,existing,leveloffset=+1; assembly context=uninstalling-cluster-nutanix,folds 1 source jobs: Uninstall a cluster on Nutanix
Uninstall a cluster on OpenStack,"When I need to remove a cluster from OpenStack, I need the uninstall procedure.",Uninstall a cluster,full,modules/installation-uninstall-clouds.adoc,installing/installing_openstack/uninstalling-cluster-openstack.adoc,existing,leveloffset=+1; assembly context=uninstalling-cluster-openstack,folds 1 source jobs: Uninstall a cluster on OpenStack
Uninstall a cluster on OpenStack,"When I need to remove a cluster from OpenStack, I need the uninstall procedure.",Uninstall a cluster,full,modules/installation-osp-downloading-modules.adoc,installing/installing_openstack/uninstalling-openstack-user.adoc,existing,leveloffset=+1; assembly context=uninstalling-openstack-user,folds 1 source jobs: Uninstall a cluster on OpenStack
Uninstall a cluster on OpenStack,"When I need to remove a cluster from OpenStack, I need the uninstall procedure.",Uninstall a cluster,full,modules/installation-uninstall-infra.adoc,installing/installing_openstack/uninstalling-openstack-user.adoc,existing,leveloffset=+1; assembly context=uninstalling-openstack-user,folds 1 source jobs: Uninstall a cluster on OpenStack
Uninstall a cluster on vSphere,"When I need to remove an OpenShift cluster from vSphere, I need to run the uninstall procedure that cleans up VMs and resources so I can reclaim infrastructure.",Uninstall a cluster,full,modules/installation-uninstall-clouds.adoc,installing/installing_vsphere/uninstalling-cluster-vsphere-installer-provisioned.adoc,existing,leveloffset=+1; assembly context=uninstalling-cluster-vsphere-installer-provisioned,folds 1 source jobs: Uninstall a cluster on vSphere
