job_name,job_statement,parent_job,job_coverage,module_file,source_assembly,module_status,module_note,job_notes
Understand Networking Architecture,"When I need to understand OpenShift networking, I want to learn about core network layers and traffic management, so I can properly design and troubleshoot cluster networking",,full,modules/nw-understanding-networking-core-layers-and-components.adoc,networking/networking_overview/understanding-networking.adoc,full,,
Understand Networking Architecture,"When I need to understand OpenShift networking, I want to learn about core network layers and traffic management, so I can properly design and troubleshoot cluster networking",,full,modules/nw-understanding-networking-managing-traffic-within.adoc,networking/networking_overview/understanding-networking.adoc,full,,
Understand Networking Architecture,"When I need to understand OpenShift networking, I want to learn about core network layers and traffic management, so I can properly design and troubleshoot cluster networking",,full,modules/nw-understanding-networking-securing-network-traffic.adoc,networking/networking_overview/understanding-networking.adoc,full,,
Understand Networking Architecture,"When I need to understand OpenShift networking, I want to learn about core network layers and traffic management, so I can properly design and troubleshoot cluster networking",,full,modules/nw-ovn-kubernetes-features.adoc,networking/ovn_kubernetes_network_provider/about-ovn-kubernetes.adoc,full,,
Understand Networking Architecture,"When I need to understand OpenShift networking, I want to learn about core network layers and traffic management, so I can properly design and troubleshoot cluster networking",,full,modules/nw-ovn-kubernetes-limitations.adoc,networking/ovn_kubernetes_network_provider/about-ovn-kubernetes.adoc,full,,
Understand Networking Architecture,"When I need to understand OpenShift networking, I want to learn about core network layers and traffic management, so I can properly design and troubleshoot cluster networking",,full,modules/ovn-kubernetes-architecture-con.adoc,networking/ovn_kubernetes_network_provider/ovn-kubernetes-architecture-assembly.adoc,full,,
Understand Networking Architecture,"When I need to understand OpenShift networking, I want to learn about core network layers and traffic management, so I can properly design and troubleshoot cluster networking",,full,modules/ovn-kubernetes-logical-architecture-con.adoc,networking/ovn_kubernetes_network_provider/ovn-kubernetes-architecture-assembly.adoc,full,,
Understand traffic management entering and leaving the cluster,"When I need to expose applications and connect to external systems, I want to understand how traffic enters and exits the cluster, so I can securely and reliably manage ingress and egress communications.",orphan,full,modules/nw-understanding-networking-managing-traffic-entering-leaving.adoc,networking/networking_overview/understanding-networking.adoc,full,,
Understand traffic management entering and leaving the cluster,"When I need to expose applications and connect to external systems, I want to understand how traffic enters and exits the cluster, so I can securely and reliably manage ingress and egress communications.",orphan,full,modules/nw-ingresscontroller-communication-service-methods.adoc,networking/ingress_load_balancing/configuring_ingress_cluster_traffic/overview-traffic.adoc,full,,
Understand traffic management entering and leaving the cluster,"When I need to expose applications and connect to external systems, I want to understand how traffic enters and exits the cluster, so I can securely and reliably manage ingress and egress communications.",orphan,full,modules/nw-ingresscontroller-overview-traffic-comparision.adoc,networking/ingress_load_balancing/configuring_ingress_cluster_traffic/overview-traffic.adoc,full,,
Configure and Maintain the Pod Network (CNI),"When I deploy a cluster, I want to define CIDR ranges and network configuration, so I can prevent IP conflicts and meet organizational requirements",,partial,modules/nw-cluster-network-operator.adoc,networking/networking_operators/cluster-network-operator.adoc,full,,"Folded in the former sub-job 'Ensure every pod gets a unique IP in a flat network' (2.1.3), which had no modules of its own. The CIDR and host-prefix modules mapped here cover how address space is carved up, but no module states the flat L3 pod network and the per-pod unique routable IP guarantee. Write a concept module covering the flat pod network and per-node host prefix allocation; modules/nw-ovn-kubernetes-features.adoc implies it but is owned by 'Understand Networking Architecture'."
Configure and Maintain the Pod Network (CNI),"When I deploy a cluster, I want to define CIDR ranges and network configuration, so I can prevent IP conflicts and meet organizational requirements",,partial,modules/nw-operator-cr.adoc,networking/networking_operators/cluster-network-operator.adoc,full,"Cluster Network Operator config object: where clusterNetwork, serviceNetwork, and hostPrefix are set","Folded in the former sub-job 'Ensure every pod gets a unique IP in a flat network' (2.1.3), which had no modules of its own. The CIDR and host-prefix modules mapped here cover how address space is carved up, but no module states the flat L3 pod network and the per-pod unique routable IP guarantee. Write a concept module covering the flat pod network and per-node host prefix allocation; modules/nw-ovn-kubernetes-features.adoc implies it but is owned by 'Understand Networking Architecture'."
Configure and Maintain the Pod Network (CNI),"When I deploy a cluster, I want to define CIDR ranges and network configuration, so I can prevent IP conflicts and meet organizational requirements",,partial,modules/nw-cno-view.adoc,networking/networking_operators/cluster-network-operator.adoc,full,,"Folded in the former sub-job 'Ensure every pod gets a unique IP in a flat network' (2.1.3), which had no modules of its own. The CIDR and host-prefix modules mapped here cover how address space is carved up, but no module states the flat L3 pod network and the per-pod unique routable IP guarantee. Write a concept module covering the flat pod network and per-node host prefix allocation; modules/nw-ovn-kubernetes-features.adoc implies it but is owned by 'Understand Networking Architecture'."
Configure and Maintain the Pod Network (CNI),"When I deploy a cluster, I want to define CIDR ranges and network configuration, so I can prevent IP conflicts and meet organizational requirements",,partial,modules/nw-cno-status.adoc,networking/networking_operators/cluster-network-operator.adoc,full,,"Folded in the former sub-job 'Ensure every pod gets a unique IP in a flat network' (2.1.3), which had no modules of its own. The CIDR and host-prefix modules mapped here cover how address space is carved up, but no module states the flat L3 pod network and the per-pod unique routable IP guarantee. Write a concept module covering the flat pod network and per-node host prefix allocation; modules/nw-ovn-kubernetes-features.adoc implies it but is owned by 'Understand Networking Architecture'."
Configure and Maintain the Pod Network (CNI),"When I deploy a cluster, I want to define CIDR ranges and network configuration, so I can prevent IP conflicts and meet organizational requirements",,partial,modules/machine-cidr-description.adoc,networking/networking_overview/cidr-range-definitions.adoc,full,,"Folded in the former sub-job 'Ensure every pod gets a unique IP in a flat network' (2.1.3), which had no modules of its own. The CIDR and host-prefix modules mapped here cover how address space is carved up, but no module states the flat L3 pod network and the per-pod unique routable IP guarantee. Write a concept module covering the flat pod network and per-node host prefix allocation; modules/nw-ovn-kubernetes-features.adoc implies it but is owned by 'Understand Networking Architecture'."
Configure and Maintain the Pod Network (CNI),"When I deploy a cluster, I want to define CIDR ranges and network configuration, so I can prevent IP conflicts and meet organizational requirements",,partial,modules/service-cidr-description.adoc,networking/networking_overview/cidr-range-definitions.adoc,full,,"Folded in the former sub-job 'Ensure every pod gets a unique IP in a flat network' (2.1.3), which had no modules of its own. The CIDR and host-prefix modules mapped here cover how address space is carved up, but no module states the flat L3 pod network and the per-pod unique routable IP guarantee. Write a concept module covering the flat pod network and per-node host prefix allocation; modules/nw-ovn-kubernetes-features.adoc implies it but is owned by 'Understand Networking Architecture'."
Configure and Maintain the Pod Network (CNI),"When I deploy a cluster, I want to define CIDR ranges and network configuration, so I can prevent IP conflicts and meet organizational requirements",,partial,modules/pod-cidr-description.adoc,networking/networking_overview/cidr-range-definitions.adoc,full,,"Folded in the former sub-job 'Ensure every pod gets a unique IP in a flat network' (2.1.3), which had no modules of its own. The CIDR and host-prefix modules mapped here cover how address space is carved up, but no module states the flat L3 pod network and the per-pod unique routable IP guarantee. Write a concept module covering the flat pod network and per-node host prefix allocation; modules/nw-ovn-kubernetes-features.adoc implies it but is owned by 'Understand Networking Architecture'."
Configure and Maintain the Pod Network (CNI),"When I deploy a cluster, I want to define CIDR ranges and network configuration, so I can prevent IP conflicts and meet organizational requirements",,partial,modules/host-prefix-description.adoc,networking/networking_overview/cidr-range-definitions.adoc,full,,"Folded in the former sub-job 'Ensure every pod gets a unique IP in a flat network' (2.1.3), which had no modules of its own. The CIDR and host-prefix modules mapped here cover how address space is carved up, but no module states the flat L3 pod network and the per-pod unique routable IP guarantee. Write a concept module covering the flat pod network and per-node host prefix allocation; modules/nw-ovn-kubernetes-features.adoc implies it but is owned by 'Understand Networking Architecture'."
Configuring OVN-Kubernetes internal IP address subnets,"When I need to provide network connectivity for workloads, I want to configure OVN-Kubernetes internal IP address subnets, so pods can receive unique IP addresses and communicate reliably across the cluster.",Configure and Maintain the Pod Network (CNI),full,modules/nw-ovn-kubernetes-change-join-subnet.adoc,networking/ovn_kubernetes_network_provider/configure-ovn-kubernetes-subnets.adoc,full,,
Configuring OVN-Kubernetes internal IP address subnets,"When I need to provide network connectivity for workloads, I want to configure OVN-Kubernetes internal IP address subnets, so pods can receive unique IP addresses and communicate reliably across the cluster.",Configure and Maintain the Pod Network (CNI),full,modules/nw-ovn-k-day-2-masq-subnet.adoc,networking/ovn_kubernetes_network_provider/configure-ovn-kubernetes-subnets.adoc,full,,
Configuring OVN-Kubernetes internal IP address subnets,"When I need to provide network connectivity for workloads, I want to configure OVN-Kubernetes internal IP address subnets, so pods can receive unique IP addresses and communicate reliably across the cluster.",Configure and Maintain the Pod Network (CNI),full,modules/nw-ovn-kubernetes-change-transit-subnet.adoc,networking/ovn_kubernetes_network_provider/configure-ovn-kubernetes-subnets.adoc,full,,
Configuring the cluster network range,"When I need to establish cluster networking, I want to configure the cluster network range, so I can provide scalable and non-overlapping IP address space for workload communication.",Configure and Maintain the Pod Network (CNI),full,modules/nw-cluster-network-range-edit.adoc,networking/configuring_network_settings/configuring-cluster-network-range.adoc,full,,
Configure Node Network Interfaces,"When I need cluster nodes to communicate reliably with workloads and external networks, I want to configure node network interfaces, so I can ensure consistent connectivity, routing, and network performance across the cluster.",Configure and Maintain the Pod Network (CNI),full,modules/node-network-configuration-policy-file.adoc,networking/k8s_nmstate/k8s-nmstate-updating-node-network-config.adoc,full,,
Configure Node Network Interfaces,"When I need cluster nodes to communicate reliably with workloads and external networks, I want to configure node network interfaces, so I can ensure consistent connectivity, routing, and network performance across the cluster.",Configure and Maintain the Pod Network (CNI),full,modules/virt-manage-nncp-cli.adoc,networking/k8s_nmstate/k8s-nmstate-updating-node-network-config.adoc,full,,
Configure Node Network Interfaces,"When I need cluster nodes to communicate reliably with workloads and external networks, I want to configure node network interfaces, so I can ensure consistent connectivity, routing, and network performance across the cluster.",Configure and Maintain the Pod Network (CNI),full,modules/virt-creating-interface-on-nodes.adoc,networking/k8s_nmstate/k8s-nmstate-updating-node-network-config.adoc,full,,
Configure Node Network Interfaces,"When I need cluster nodes to communicate reliably with workloads and external networks, I want to configure node network interfaces, so I can ensure consistent connectivity, routing, and network performance across the cluster.",Configure and Maintain the Pod Network (CNI),full,modules/virt-confirming-policy-updates-on-nodes.adoc,networking/k8s_nmstate/k8s-nmstate-updating-node-network-config.adoc,full,,
Configure Node Network Interfaces,"When I need cluster nodes to communicate reliably with workloads and external networks, I want to configure node network interfaces, so I can ensure consistent connectivity, routing, and network performance across the cluster.",Configure and Maintain the Pod Network (CNI),full,modules/virt-removing-interface-from-nodes.adoc,networking/k8s_nmstate/k8s-nmstate-updating-node-network-config.adoc,full,,
Configure Node Network Interfaces,"When I need cluster nodes to communicate reliably with workloads and external networks, I want to configure node network interfaces, so I can ensure consistent connectivity, routing, and network performance across the cluster.",Configure and Maintain the Pod Network (CNI),full,modules/virt-node-network-config-console.adoc,networking/k8s_nmstate/k8s-nmstate-updating-node-network-config.adoc,full,,
Configure Node Network Interfaces,"When I need cluster nodes to communicate reliably with workloads and external networks, I want to configure node network interfaces, so I can ensure consistent connectivity, routing, and network performance across the cluster.",Configure and Maintain the Pod Network (CNI),full,modules/virt-create-node-network-config-console.adoc,networking/k8s_nmstate/k8s-nmstate-updating-node-network-config.adoc,full,,
Configure Node Network Interfaces,"When I need cluster nodes to communicate reliably with workloads and external networks, I want to configure node network interfaces, so I can ensure consistent connectivity, routing, and network performance across the cluster.",Configure and Maintain the Pod Network (CNI),full,modules/virt-updating-node-network-configuration-policy-file.adoc,networking/k8s_nmstate/k8s-nmstate-updating-node-network-config.adoc,full,,
Configure Node Network Interfaces,"When I need cluster nodes to communicate reliably with workloads and external networks, I want to configure node network interfaces, so I can ensure consistent connectivity, routing, and network performance across the cluster.",Configure and Maintain the Pod Network (CNI),full,modules/virt-update-node-network-config-form.adoc,networking/k8s_nmstate/k8s-nmstate-updating-node-network-config.adoc,full,,
Configure Node Network Interfaces,"When I need cluster nodes to communicate reliably with workloads and external networks, I want to configure node network interfaces, so I can ensure consistent connectivity, routing, and network performance across the cluster.",Configure and Maintain the Pod Network (CNI),full,modules/virt-update-node-network-config-yaml.adoc,networking/k8s_nmstate/k8s-nmstate-updating-node-network-config.adoc,full,,
Configure Node Network Interfaces,"When I need cluster nodes to communicate reliably with workloads and external networks, I want to configure node network interfaces, so I can ensure consistent connectivity, routing, and network performance across the cluster.",Configure and Maintain the Pod Network (CNI),full,modules/virt-delete-node-network-config.adoc,networking/k8s_nmstate/k8s-nmstate-updating-node-network-config.adoc,full,,
Configure Node Network Interfaces,"When I need cluster nodes to communicate reliably with workloads and external networks, I want to configure node network interfaces, so I can ensure consistent connectivity, routing, and network performance across the cluster.",Configure and Maintain the Pod Network (CNI),full,modules/virt-troubleshooting-incorrect-policy-config.adoc,networking/k8s_nmstate/k8s-nmstate-troubleshooting-node-network.adoc,partial,Troubleshooting support for the job,
Verify network configurations by observing interface states,"When auditing cluster infrastructure, I want to view the current applied state and topology of my node network interfaces, so I can verify that my network configurations match my desired setup.",Configure Node Network Interfaces,full,modules/virt-viewing-network-state-of-node.adoc,networking/k8s_nmstate/k8s-nmstate-updating-node-network-config.adoc,full,,
Verify network configurations by observing interface states,"When auditing cluster infrastructure, I want to view the current applied state and topology of my node network interfaces, so I can verify that my network configurations match my desired setup.",Configure Node Network Interfaces,full,modules/virt-viewing-graphical-representation-of-network-state-of-node-console.adoc,networking/k8s_nmstate/k8s-nmstate-updating-node-network-config.adoc,full,,
Verify network configurations by observing interface states,"When auditing cluster infrastructure, I want to view the current applied state and topology of my node network interfaces, so I can verify that my network configurations match my desired setup.",Configure Node Network Interfaces,full,modules/virt-viewing-list-of-nodenetworkstate-resources-console.adoc,networking/k8s_nmstate/k8s-nmstate-updating-node-network-config.adoc,full,,
Verify network configurations by observing interface states,"When auditing cluster infrastructure, I want to view the current applied state and topology of my node network interfaces, so I can verify that my network configurations match my desired setup.",Configure Node Network Interfaces,full,modules/virt-monitor-node-network-config-console.adoc,networking/k8s_nmstate/k8s-nmstate-updating-node-network-config.adoc,full,,
Verify network configurations by observing interface states,"When auditing cluster infrastructure, I want to view the current applied state and topology of my node network interfaces, so I can verify that my network configurations match my desired setup.",Configure Node Network Interfaces,full,modules/viewing-stats-collected-kubernetes-nmtate-op.adoc,networking/networking_operators/k8s-nmstate-about-the-k8s-nmstate-operator.adoc,partial,"Operator metrics, adjacent to interface-state observation",
Segment traffic by configuring specific network interfaces,"When setting up host networking, I want to define specific network interfaces (like bridges, VLANs, or bonds), so I can segment traffic and ensure high availability for my workloads.",Configure Node Network Interfaces,full,modules/virt-nmstate-example-policy-configurations.adoc,networking/k8s_nmstate/k8s-nmstate-updating-node-network-config.adoc,full,,
Segment traffic by configuring specific network interfaces,"When setting up host networking, I want to define specific network interfaces (like bridges, VLANs, or bonds), so I can segment traffic and ensure high availability for my workloads.",Configure Node Network Interfaces,full,modules/virt-example-ethernet-nncp.adoc,networking/k8s_nmstate/k8s-nmstate-updating-node-network-config.adoc,full,,
Segment traffic by configuring specific network interfaces,"When setting up host networking, I want to define specific network interfaces (like bridges, VLANs, or bonds), so I can segment traffic and ensure high availability for my workloads.",Configure Node Network Interfaces,full,modules/virt-example-bridge-nncp.adoc,networking/k8s_nmstate/k8s-nmstate-updating-node-network-config.adoc,full,,
Segment traffic by configuring specific network interfaces,"When setting up host networking, I want to define specific network interfaces (like bridges, VLANs, or bonds), so I can segment traffic and ensure high availability for my workloads.",Configure Node Network Interfaces,full,modules/virt-example-vlan-nncp.adoc,networking/k8s_nmstate/k8s-nmstate-updating-node-network-config.adoc,full,,
Segment traffic by configuring specific network interfaces,"When setting up host networking, I want to define specific network interfaces (like bridges, VLANs, or bonds), so I can segment traffic and ensure high availability for my workloads.",Configure Node Network Interfaces,full,modules/virt-example-bond-nncp.adoc,networking/k8s_nmstate/k8s-nmstate-updating-node-network-config.adoc,full,,
Segment traffic by configuring specific network interfaces,"When setting up host networking, I want to define specific network interfaces (like bridges, VLANs, or bonds), so I can segment traffic and ensure high availability for my workloads.",Configure Node Network Interfaces,full,modules/virt-example-nmstate-multiple-interfaces.adoc,networking/k8s_nmstate/k8s-nmstate-updating-node-network-config.adoc,full,,
Segment traffic by configuring specific network interfaces,"When setting up host networking, I want to define specific network interfaces (like bridges, VLANs, or bonds), so I can segment traffic and ensure high availability for my workloads.",Configure Node Network Interfaces,full,modules/virt-example-host-vrf.adoc,networking/k8s_nmstate/k8s-nmstate-updating-node-network-config.adoc,full,,
Segment traffic by configuring specific network interfaces,"When setting up host networking, I want to define specific network interfaces (like bridges, VLANs, or bonds), so I can segment traffic and ensure high availability for my workloads.",Configure Node Network Interfaces,full,modules/virt-example-vf-host-services.adoc,networking/k8s_nmstate/k8s-nmstate-updating-node-network-config.adoc,full,,
Segment traffic by configuring specific network interfaces,"When setting up host networking, I want to define specific network interfaces (like bridges, VLANs, or bonds), so I can segment traffic and ensure high availability for my workloads.",Configure Node Network Interfaces,full,modules/virt-creating-infiniband-interface-on-nodes.adoc,networking/k8s_nmstate/k8s-nmstate-updating-node-network-config.adoc,full,,
Segment traffic by configuring specific network interfaces,"When setting up host networking, I want to define specific network interfaces (like bridges, VLANs, or bonds), so I can segment traffic and ensure high availability for my workloads.",Configure Node Network Interfaces,full,modules/virt-example-dynamic-matching-templating.adoc,networking/k8s_nmstate/k8s-nmstate-updating-node-network-config.adoc,full,,
Simplify automation by assigning alternative interface names,"When managing heterogeneous hardware, I want to assign consistent alternative names to network interfaces based on MAC or PCI addresses, so I can simplify my network automation scripts.",Configure Node Network Interfaces,full,modules/k8s-nmstate-about-alternative-names.adoc,networking/k8s_nmstate/k8s-nmstate-updating-node-network-config.adoc,full,,
Simplify automation by assigning alternative interface names,"When managing heterogeneous hardware, I want to assign consistent alternative names to network interfaces based on MAC or PCI addresses, so I can simplify my network automation scripts.",Configure Node Network Interfaces,full,modules/k8s-nmstate-creating-alternative-interface-names.adoc,networking/k8s_nmstate/k8s-nmstate-updating-node-network-config.adoc,full,,
Simplify automation by assigning alternative interface names,"When managing heterogeneous hardware, I want to assign consistent alternative names to network interfaces based on MAC or PCI addresses, so I can simplify my network automation scripts.",Configure Node Network Interfaces,full,modules/k8s-nmstate-creating-alternative-interface-names-by-identifier.adoc,networking/k8s_nmstate/k8s-nmstate-updating-node-network-config.adoc,full,,
Simplify automation by assigning alternative interface names,"When managing heterogeneous hardware, I want to assign consistent alternative names to network interfaces based on MAC or PCI addresses, so I can simplify my network automation scripts.",Configure Node Network Interfaces,full,modules/k8s-nmstate-deleting-alternative-interface-names.adoc,networking/k8s_nmstate/k8s-nmstate-updating-node-network-config.adoc,full,,
"Ensure external communication by customizing IP, DNS, and routing","When integrating my cluster with the broader data center, I want to customize IP addresses, DNS settings, and routing rules, so I can ensure seamless communication with external systems.",Configure Node Network Interfaces,partial,modules/virt-example-nmstate-IP-management.adoc,networking/k8s_nmstate/k8s-nmstate-updating-node-network-config.adoc,full,,"IP and routing customization are well covered by the NMState examples, but node-level DNS customization is only documented as disconnected-environment troubleshooting. A task module for setting node DNS servers and search domains through a NodeNetworkConfigurationPolicy is missing."
"Ensure external communication by customizing IP, DNS, and routing","When integrating my cluster with the broader data center, I want to customize IP addresses, DNS settings, and routing rules, so I can ensure seamless communication with external systems.",Configure Node Network Interfaces,partial,modules/virt-example-inherit-static-ip-from-nic.adoc,networking/k8s_nmstate/k8s-nmstate-updating-node-network-config.adoc,full,,"IP and routing customization are well covered by the NMState examples, but node-level DNS customization is only documented as disconnected-environment troubleshooting. A task module for setting node DNS servers and search domains through a NodeNetworkConfigurationPolicy is missing."
"Ensure external communication by customizing IP, DNS, and routing","When integrating my cluster with the broader data center, I want to customize IP addresses, DNS settings, and routing rules, so I can ensure seamless communication with external systems.",Configure Node Network Interfaces,partial,modules/virt-routes-route-rules.adoc,networking/k8s_nmstate/k8s-nmstate-updating-node-network-config.adoc,full,,"IP and routing customization are well covered by the NMState examples, but node-level DNS customization is only documented as disconnected-environment troubleshooting. A task module for setting node DNS servers and search domains through a NodeNetworkConfigurationPolicy is missing."
"Ensure external communication by customizing IP, DNS, and routing","When integrating my cluster with the broader data center, I want to customize IP addresses, DNS settings, and routing rules, so I can ensure seamless communication with external systems.",Configure Node Network Interfaces,partial,modules/virt-example-predictable-route-table-id.adoc,networking/k8s_nmstate/k8s-nmstate-updating-node-network-config.adoc,full,,"IP and routing customization are well covered by the NMState examples, but node-level DNS customization is only documented as disconnected-environment troubleshooting. A task module for setting node DNS servers and search domains through a NodeNetworkConfigurationPolicy is missing."
"Ensure external communication by customizing IP, DNS, and routing","When integrating my cluster with the broader data center, I want to customize IP addresses, DNS settings, and routing rules, so I can ensure seamless communication with external systems.",Configure Node Network Interfaces,partial,modules/nw-nmstate-enable-per-interface-ip-forwarding.adoc,networking/k8s_nmstate/k8s-nmstate-updating-node-network-config.adoc,full,,"IP and routing customization are well covered by the NMState examples, but node-level DNS customization is only documented as disconnected-environment troubleshooting. A task module for setting node DNS servers and search domains through a NodeNetworkConfigurationPolicy is missing."
"Ensure external communication by customizing IP, DNS, and routing","When integrating my cluster with the broader data center, I want to customize IP addresses, DNS settings, and routing rules, so I can ensure seamless communication with external systems.",Configure Node Network Interfaces,partial,modules/k8s-nmstate-troubleshooting-dns-disconnected-env.adoc,networking/k8s_nmstate/k8s-nmstate-troubleshooting-node-network.adoc,partial,"DNS guidance is framed as disconnected-environment troubleshooting, not as configuration","IP and routing customization are well covered by the NMState examples, but node-level DNS customization is only documented as disconnected-environment troubleshooting. A task module for setting node DNS servers and search domains through a NodeNetworkConfigurationPolicy is missing."
"Ensure external communication by customizing IP, DNS, and routing","When integrating my cluster with the broader data center, I want to customize IP addresses, DNS settings, and routing rules, so I can ensure seamless communication with external systems.",Configure Node Network Interfaces,partial,modules/nw-dns-forward.adoc,networking/networking_operators/dns-operator.adoc,partial,"Cluster DNS forwarding, not node interface DNS","IP and routing customization are well covered by the NMState examples, but node-level DNS customization is only documented as disconnected-environment troubleshooting. A task module for setting node DNS servers and search domains through a NodeNetworkConfigurationPolicy is missing."
Convert to IPv4/IPv6 dual-stack networking,"When my network requirements change, I want to convert my cluster to IPv4/IPv6 dual-stack, so I can support workloads requiring both protocol versions.",Configure and Maintain the Pod Network (CNI),full,modules/nw-dual-stack-convert.adoc,networking/ovn_kubernetes_network_provider/converting-to-dual-stack.adoc,full,,
Convert to IPv4/IPv6 dual-stack networking,"When my network requirements change, I want to convert my cluster to IPv4/IPv6 dual-stack, so I can support workloads requiring both protocol versions.",Configure and Maintain the Pod Network (CNI),full,modules/nw-dual-stack-convert-back-single-stack.adoc,networking/ovn_kubernetes_network_provider/converting-to-dual-stack.adoc,full,,
Convert to IPv4/IPv6 dual-stack networking,"When my network requirements change, I want to convert my cluster to IPv4/IPv6 dual-stack, so I can support workloads requiring both protocol versions.",Configure and Maintain the Pod Network (CNI),full,modules/nw-router-configuring-dual-stack.adoc,networking/ingress_load_balancing/routes/nw-configuring-routes.adoc,partial,Dual-stack for routes; supporting content,
Configure hybrid networking with OVN-Kubernetes,"When I have mixed OS environments, I want to configure hybrid networking, so I can support joining diverse nodes to the cluster.",Configure and Maintain the Pod Network (CNI),full,modules/configuring-hybrid-ovnkubernetes.adoc,networking/ovn_kubernetes_network_provider/configuring-hybrid-networking.adoc,full,,
Enable and disable multicast for a project,"When my application requires multicast, I want to enable multicast for a specific project, so my pods can use multicast traffic protocols.",Configure and Maintain the Pod Network (CNI),full,modules/nw-about-multicast.adoc,networking/ovn_kubernetes_network_provider/enabling-multicast.adoc,full,,
Enable and disable multicast for a project,"When my application requires multicast, I want to enable multicast for a specific project, so my pods can use multicast traffic protocols.",Configure and Maintain the Pod Network (CNI),full,modules/nw-enabling-multicast.adoc,networking/ovn_kubernetes_network_provider/enabling-multicast.adoc,full,,
Enable and disable multicast for a project,"When my application requires multicast, I want to enable multicast for a specific project, so my pods can use multicast traffic protocols.",Configure and Maintain the Pod Network (CNI),full,modules/nw-disabling-multicast.adoc,networking/ovn_kubernetes_network_provider/disabling-multicast.adoc,full,,
Configure the node port service range,"When I need to control which ports are allocated for external service access, I want to configure the node port service range, so I can align the cluster's port assignments with my organization's firewall rules and network policies.",Configure and Maintain the Pod Network (CNI),full,modules/nw-nodeport-service-range-edit.adoc,networking/configuring_network_settings/configuring-node-port-service-range.adoc,full,,
Configure storage and flow collection for network observability,"When the Network Observability Operator is installed, I want to configure flow collection settings, so I can capture the right network traffic data for my use case.",Configure and Maintain the Pod Network (CNI),partial,modules/network-observability-resource-recommendations.adoc,observability/network_observability/configuring-operator.adoc,full,,Sits under the pod network (CNI) job but is really a Network Observability job; it also restates its own child jobs 2.7.1 and 2.7.2. Decide whether to keep it as a grouping job under Network Flow Visibility or delete it and promote its two children.
Configure storage and flow collection for network observability,"When the Network Observability Operator is installed, I want to configure flow collection settings, so I can capture the right network traffic data for my use case.",Configure and Maintain the Pod Network (CNI),partial,modules/network-observability-resources-table.adoc,observability/network_observability/configuring-operator.adoc,full,,Sits under the pod network (CNI) job but is really a Network Observability job; it also restates its own child jobs 2.7.1 and 2.7.2. Decide whether to keep it as a grouping job under Network Flow Visibility or delete it and promote its two children.
Configure storage and flow collection for network observability,"When the Network Observability Operator is installed, I want to configure flow collection settings, so I can capture the right network traffic data for my use case.",Configure and Maintain the Pod Network (CNI),partial,modules/network-observability-total-resource-usage.adoc,observability/network_observability/configuring-operator.adoc,full,,Sits under the pod network (CNI) job but is really a Network Observability job; it also restates its own child jobs 2.7.1 and 2.7.2. Decide whether to keep it as a grouping job under Network Flow Visibility or delete it and promote its two children.
Configure storage and flow collection for network observability,"When the Network Observability Operator is installed, I want to configure flow collection settings, so I can capture the right network traffic data for my use case.",Configure and Maintain the Pod Network (CNI),partial,modules/network-observability-nodes-taints-tolerations.adoc,observability/network_observability/network-observability-scheduling-resources.adoc,full,,Sits under the pod network (CNI) job but is really a Network Observability job; it also restates its own child jobs 2.7.1 and 2.7.2. Decide whether to keep it as a grouping job under Network Flow Visibility or delete it and promote its two children.
Configure the Network Observability Operator FlowCollector,"When the operator is installed, I want to configure flow collection settings, so I can capture the right network traffic data for my use case.",Configure storage and flow collection for network observability,full,modules/network-observability-flowcollector-view.adoc,observability/network_observability/configuring-operator.adoc,full,,
Configure the Network Observability Operator FlowCollector,"When the operator is installed, I want to configure flow collection settings, so I can capture the right network traffic data for my use case.",Configure storage and flow collection for network observability,full,modules/network-observability-flowcollector-example.adoc,observability/network_observability/configuring-operator.adoc,full,,
Configure the Network Observability Operator FlowCollector,"When the operator is installed, I want to configure flow collection settings, so I can capture the right network traffic data for my use case.",Configure storage and flow collection for network observability,full,modules/network-observability-important-flowcollector-considerations.adoc,observability/network_observability/installing-operators.adoc,full,,
Configure the Network Observability Operator FlowCollector,"When the operator is installed, I want to configure flow collection settings, so I can capture the right network traffic data for my use case.",Configure storage and flow collection for network observability,full,modules/network-observability-configuring-FLP-sampling.adoc,observability/network_observability/configuring-operator.adoc,full,,
Configure the Network Observability Operator FlowCollector,"When the operator is installed, I want to configure flow collection settings, so I can capture the right network traffic data for my use case.",Configure storage and flow collection for network observability,full,modules/network-observability-filter-network-flows-at-ingestion.adoc,observability/network_observability/configuring-operator.adoc,full,,
Configure the Network Observability Operator FlowCollector,"When the operator is installed, I want to configure flow collection settings, so I can capture the right network traffic data for my use case.",Configure storage and flow collection for network observability,full,modules/network-observability-configuring-quickfilters-flowcollector.adoc,observability/network_observability/configuring-operator.adoc,full,,
Configure the Network Observability Operator FlowCollector,"When the operator is installed, I want to configure flow collection settings, so I can capture the right network traffic data for my use case.",Configure storage and flow collection for network observability,full,modules/network-observability-flowcollector-kafka-config.adoc,observability/network_observability/configuring-operator.adoc,full,,
Configure the Network Observability Operator FlowCollector,"When the operator is installed, I want to configure flow collection settings, so I can capture the right network traffic data for my use case.",Configure storage and flow collection for network observability,full,modules/network-observability-enriched-flows.adoc,observability/network_observability/configuring-operator.adoc,full,,
Configure network observability storage collection,"When collecting network flows, I want to configure where and how long flow data is stored, so I can balance observability needs with storage costs.",Configure storage and flow collection for network observability,full,modules/network-observability-loki-install.adoc,observability/network_observability/installing-operators.adoc,full,,
Configure network observability storage collection,"When collecting network flows, I want to configure where and how long flow data is stored, so I can balance observability needs with storage costs.",Configure storage and flow collection for network observability,full,modules/network-observability-loki-secret.adoc,observability/network_observability/installing-operators.adoc,full,,
Configure network observability storage collection,"When collecting network flows, I want to configure where and how long flow data is stored, so I can balance observability needs with storage costs.",Configure storage and flow collection for network observability,full,modules/network-observability-lokistack-create.adoc,observability/network_observability/installing-operators.adoc,full,,
Configure network observability storage collection,"When collecting network flows, I want to configure where and how long flow data is stored, so I can balance observability needs with storage costs.",Configure storage and flow collection for network observability,full,modules/network-observability-lokistack-ingestion-query.adoc,observability/network_observability/installing-operators.adoc,full,,
Configure network observability storage collection,"When collecting network flows, I want to configure where and how long flow data is stored, so I can balance observability needs with storage costs.",Configure storage and flow collection for network observability,full,modules/network-observability-role-based-access-control-for-loki-logs.adoc,observability/network_observability/installing-operators.adoc,full,,
Configure network observability storage collection,"When collecting network flows, I want to configure where and how long flow data is stored, so I can balance observability needs with storage costs.",Configure storage and flow collection for network observability,full,modules/network-observability-without-loki.adoc,observability/network_observability/installing-operators.adoc,full,,
Configure network observability storage collection,"When collecting network flows, I want to configure where and how long flow data is stored, so I can balance observability needs with storage costs.",Configure storage and flow collection for network observability,full,modules/network-observability-grant-access-lokistack-secrets.adoc,observability/network_observability/configuring-operator.adoc,full,,
Configure Network Policies,"When I need to secure pod-to-pod communication, I want to create network policies and administrative network policies, so I can control traffic flow within the cluster",,full,modules/nw-networkpolicy-about.adoc,networking/network_security/network_policy/about-network-policy.adoc,full,,
Understand Network Policy Types,"Choose between NetworkPolicy, AdminNetworkPolicy, and BaselineAdminNetworkPolicy.",Configure Network Policies,full,modules/nw-anp-np-reference.adoc,networking/network_security/network-policy-apis.adoc,full,,
Understand Network Policy Types,"Choose between NetworkPolicy, AdminNetworkPolicy, and BaselineAdminNetworkPolicy.",Configure Network Policies,full,modules/nw-ovn-k-adminnetwork-policy.adoc,networking/network_security/AdminNetworkPolicy/ovn-k-anp.adoc,full,,
Understand Network Policy Types,"Choose between NetworkPolicy, AdminNetworkPolicy, and BaselineAdminNetworkPolicy.",Configure Network Policies,full,modules/nw-ovn-k-adminnetwork-policy-action-rules.adoc,networking/network_security/AdminNetworkPolicy/ovn-k-anp.adoc,full,,
Understand Network Policy Types,"Choose between NetworkPolicy, AdminNetworkPolicy, and BaselineAdminNetworkPolicy.",Configure Network Policies,full,modules/nw-ovn-k-baseline-adminnetwork-policy.adoc,networking/network_security/AdminNetworkPolicy/ovn-k-banp.adoc,full,,
Create Namespace Network Policies,Define ingress/egress rules for namespace isolation.,Configure Network Policies,full,modules/nw-networkpolicy-object.adoc,networking/network_security/network_policy/creating-network-policy.adoc,full,,
Create Namespace Network Policies,Define ingress/egress rules for namespace isolation.,Configure Network Policies,full,modules/nw-networkpolicy-create-cli.adoc,networking/network_security/network_policy/creating-network-policy.adoc,full,,
Create Namespace Network Policies,Define ingress/egress rules for namespace isolation.,Configure Network Policies,full,modules/nw-networkpolicy-create-ocm.adoc,networking/network_security/network_policy/creating-network-policy.adoc,full,,
Create Namespace Network Policies,Define ingress/egress rules for namespace isolation.,Configure Network Policies,full,modules/nw-networkpolicy-deny-all-allowed.adoc,networking/network_security/network_policy/creating-network-policy.adoc,full,,
Create Namespace Network Policies,Define ingress/egress rules for namespace isolation.,Configure Network Policies,full,modules/nw-networkpolicy-allow-external-clients.adoc,networking/network_security/network_policy/creating-network-policy.adoc,full,,
Create Namespace Network Policies,Define ingress/egress rules for namespace isolation.,Configure Network Policies,full,modules/nw-networkpolicy-allow-application-all-namespaces.adoc,networking/network_security/network_policy/creating-network-policy.adoc,full,,
Create Namespace Network Policies,Define ingress/egress rules for namespace isolation.,Configure Network Policies,full,modules/nw-networkpolicy-allow-application-particular-namespace.adoc,networking/network_security/network_policy/creating-network-policy.adoc,full,,
Create Namespace Network Policies,Define ingress/egress rules for namespace isolation.,Configure Network Policies,full,modules/nw-networkpolicy-multitenant-isolation.adoc,networking/network_security/network_policy/multitenant-network-policy.adoc,full,,
Create Namespace Network Policies,Define ingress/egress rules for namespace isolation.,Configure Network Policies,full,modules/nw-networkpolicy-project-defaults.adoc,networking/network_security/network_policy/default-network-policy.adoc,full,,
Create Namespace Network Policies,Define ingress/egress rules for namespace isolation.,Configure Network Policies,full,modules/modifying-template-for-new-projects.adoc,networking/network_security/network_policy/default-network-policy.adoc,partial,Project template edit needed before applying default policies,
Create Cluster-Wide Admin Network Policies,Enforce non-overridable cluster-level network rules.,Configure Network Policies,partial,modules/nw-anp-nodes-peer-concept.adoc,networking/network_security/AdminNetworkPolicy/ovn-k-egress-nodes-networks-peer.adoc,partial,Concept for northbound/egress peers; no create procedure,"AdminNetworkPolicy and BaselineAdminNetworkPolicy are documented as concepts, metrics, and troubleshooting only. There is no PROCEDURE module that walks through creating an ANP or BANP resource, so this job currently has no task content."
Create Cluster-Wide Admin Network Policies,Enforce non-overridable cluster-level network rules.,Configure Network Policies,partial,modules/nw-anp-banp-metrics.adoc,networking/network_security/AdminNetworkPolicy/ovn-k-anp-banp-metrics.adoc,partial,Metrics reference,"AdminNetworkPolicy and BaselineAdminNetworkPolicy are documented as concepts, metrics, and troubleshooting only. There is no PROCEDURE module that walks through creating an ANP or BANP resource, so this job currently has no task content."
Create Cluster-Wide Admin Network Policies,Enforce non-overridable cluster-level network rules.,Configure Network Policies,partial,modules/nw-ovn-k-anp-troubeshooting.adoc,networking/network_security/AdminNetworkPolicy/ovn-k-anp-troubleshooting.adoc,partial,Troubleshooting only,"AdminNetworkPolicy and BaselineAdminNetworkPolicy are documented as concepts, metrics, and troubleshooting only. There is no PROCEDURE module that walks through creating an ANP or BANP resource, so this job currently has no task content."
Create Cluster-Wide Admin Network Policies,Enforce non-overridable cluster-level network rules.,Configure Network Policies,partial,modules/nw-ovn-k-anp-nbctl.adoc,networking/network_security/AdminNetworkPolicy/ovn-k-anp-troubleshooting.adoc,partial,Troubleshooting only,"AdminNetworkPolicy and BaselineAdminNetworkPolicy are documented as concepts, metrics, and troubleshooting only. There is no PROCEDURE module that walks through creating an ANP or BANP resource, so this job currently has no task content."
Follow Best Practices,Optimize policy design for performance and maintainability.,Configure Network Policies,full,modules/nw-ovn-k-anp-best-practices.adoc,networking/network_security/AdminNetworkPolicy/ovn-k-anp-recommended-practices.adoc,full,,
Follow Best Practices,Optimize policy design for performance and maintainability.,Configure Network Policies,full,modules/nw-networkpolicy-optimize-ovn.adoc,networking/network_security/network_policy/about-network-policy.adoc,full,,
Install Networking Operators,"When I need advanced networking capabilities, I want to install networking operators, so I can enable features like load balancing, DNS management, and SR-IOV",,full,modules/metallb-installing-using-web-console.adoc,networking/networking_operators/metallb-operator/metallb-operator-install.adoc,full,,"CONVENTION: this job is the single home for every networking operator install procedure. The configure jobs (Configure External DNS Integration, Configure Load Balancing, Configure High-Performance Networking, Configure Node Network Interfaces) deliberately do not repeat these install modules, so those journeys start here and finish in their own job."
Install Networking Operators,"When I need advanced networking capabilities, I want to install networking operators, so I can enable features like load balancing, DNS management, and SR-IOV",,full,modules/nw-metallb-installing-operator-cli.adoc,networking/networking_operators/metallb-operator/metallb-operator-install.adoc,full,,"CONVENTION: this job is the single home for every networking operator install procedure. The configure jobs (Configure External DNS Integration, Configure Load Balancing, Configure High-Performance Networking, Configure Node Network Interfaces) deliberately do not repeat these install modules, so those journeys start here and finish in their own job."
Install Networking Operators,"When I need advanced networking capabilities, I want to install networking operators, so I can enable features like load balancing, DNS management, and SR-IOV",,full,modules/nw-metallb-operator-initial-config.adoc,networking/networking_operators/metallb-operator/metallb-operator-install.adoc,full,,"CONVENTION: this job is the single home for every networking operator install procedure. The configure jobs (Configure External DNS Integration, Configure Load Balancing, Configure High-Performance Networking, Configure Node Network Interfaces) deliberately do not repeat these install modules, so those journeys start here and finish in their own job."
Install Networking Operators,"When I need advanced networking capabilities, I want to install networking operators, so I can enable features like load balancing, DNS management, and SR-IOV",,full,modules/nw-installing-external-dns-operator.adoc,networking/networking_operators/external_dns_operator/nw-installing-external-dns-operator-on-cloud-providers.adoc,full,,"CONVENTION: this job is the single home for every networking operator install procedure. The configure jobs (Configure External DNS Integration, Configure Load Balancing, Configure High-Performance Networking, Configure Node Network Interfaces) deliberately do not repeat these install modules, so those journeys start here and finish in their own job."
Install Networking Operators,"When I need advanced networking capabilities, I want to install networking operators, so I can enable features like load balancing, DNS management, and SR-IOV",,full,modules/nw-installing-external-dns-operator-cli.adoc,networking/networking_operators/external_dns_operator/nw-installing-external-dns-operator-on-cloud-providers.adoc,full,,"CONVENTION: this job is the single home for every networking operator install procedure. The configure jobs (Configure External DNS Integration, Configure Load Balancing, Configure High-Performance Networking, Configure Node Network Interfaces) deliberately do not repeat these install modules, so those journeys start here and finish in their own job."
Install Networking Operators,"When I need advanced networking capabilities, I want to install networking operators, so I can enable features like load balancing, DNS management, and SR-IOV",,full,modules/installing-aws-load-balancer-operator.adoc,networking/networking_operators/aws_load_balancer_operator/install-aws-load-balancer-operator.adoc,full,,"CONVENTION: this job is the single home for every networking operator install procedure. The configure jobs (Configure External DNS Integration, Configure Load Balancing, Configure High-Performance Networking, Configure Node Network Interfaces) deliberately do not repeat these install modules, so those journeys start here and finish in their own job."
Install Networking Operators,"When I need advanced networking capabilities, I want to install networking operators, so I can enable features like load balancing, DNS management, and SR-IOV",,full,modules/installing-aws-load-balancer-operator-cli.adoc,networking/networking_operators/aws_load_balancer_operator/install-aws-load-balancer-operator.adoc,full,,"CONVENTION: this job is the single home for every networking operator install procedure. The configure jobs (Configure External DNS Integration, Configure Load Balancing, Configure High-Performance Networking, Configure Node Network Interfaces) deliberately do not repeat these install modules, so those journeys start here and finish in their own job."
Install Networking Operators,"When I need advanced networking capabilities, I want to install networking operators, so I can enable features like load balancing, DNS management, and SR-IOV",,full,modules/k8s-nmstate-installing-the-kubernetes-nmstate-operator.adoc,networking/networking_operators/k8s-nmstate-about-the-k8s-nmstate-operator.adoc,full,,"CONVENTION: this job is the single home for every networking operator install procedure. The configure jobs (Configure External DNS Integration, Configure Load Balancing, Configure High-Performance Networking, Configure Node Network Interfaces) deliberately do not repeat these install modules, so those journeys start here and finish in their own job."
Install Networking Operators,"When I need advanced networking capabilities, I want to install networking operators, so I can enable features like load balancing, DNS management, and SR-IOV",,full,modules/k8s-nmstate-deploying-nmstate-CLI.adoc,networking/networking_operators/k8s-nmstate-about-the-k8s-nmstate-operator.adoc,full,,"CONVENTION: this job is the single home for every networking operator install procedure. The configure jobs (Configure External DNS Integration, Configure Load Balancing, Configure High-Performance Networking, Configure Node Network Interfaces) deliberately do not repeat these install modules, so those journeys start here and finish in their own job."
Install SR-IOV Network Operator,Enable high-performance SR-IOV networking.,Install Networking Operators,full,modules/nw-sriov-installing-operator-cli.adoc,networking/networking_operators/sr-iov-operator/installing-sriov-operator.adoc,full,,
Install SR-IOV Network Operator,Enable high-performance SR-IOV networking.,Install Networking Operators,full,modules/nw-sriov-installing-operator-web-console.adoc,networking/networking_operators/sr-iov-operator/installing-sriov-operator.adoc,full,,
Install SR-IOV Network Operator,Enable high-performance SR-IOV networking.,Install Networking Operators,full,modules/nw-sriov-operator-uninstall.adoc,networking/networking_operators/sr-iov-operator/uninstalling-sriov-operator.adoc,full,,
Install SR-IOV Network Operator,Enable high-performance SR-IOV networking.,Install Networking Operators,full,modules/nw-sriov-configuring-operator.adoc,networking/networking_operators/sr-iov-operator/configuring-sriov-operator.adoc,full,,
Install SR-IOV Network Operator,Enable high-performance SR-IOV networking.,Install Networking Operators,full,modules/nw-sriov-operator-cr.adoc,networking/networking_operators/sr-iov-operator/configuring-sriov-operator.adoc,full,,
Install SR-IOV Network Operator,Enable high-performance SR-IOV networking.,Install Networking Operators,full,modules/nw-sriov-about-k8s-conditions.adoc,networking/networking_operators/sr-iov-operator/configuring-sriov-operator.adoc,full,,
Install SR-IOV Network Operator,Enable high-performance SR-IOV networking.,Install Networking Operators,full,modules/nw-sriov-monitoring-conditions-proc.adoc,networking/networking_operators/sr-iov-operator/configuring-sriov-operator.adoc,full,,
Install SR-IOV Network Operator,Enable high-performance SR-IOV networking.,Install Networking Operators,full,modules/about-network-resource-injector.adoc,networking/networking_operators/sr-iov-operator/configuring-sriov-operator.adoc,full,,
Install SR-IOV Network Operator,Enable high-performance SR-IOV networking.,Install Networking Operators,full,modules/disable-enable-network-resource-injector.adoc,networking/networking_operators/sr-iov-operator/configuring-sriov-operator.adoc,full,,
Install SR-IOV Network Operator,Enable high-performance SR-IOV networking.,Install Networking Operators,full,modules/about-sr-iov-operator-admission-control-webhook.adoc,networking/networking_operators/sr-iov-operator/configuring-sriov-operator.adoc,full,,
Install SR-IOV Network Operator,Enable high-performance SR-IOV networking.,Install Networking Operators,full,modules/disable-enable-sr-iov-operator-admission-control-webhook.adoc,networking/networking_operators/sr-iov-operator/configuring-sriov-operator.adoc,full,,
Install SR-IOV Network Operator,Enable high-performance SR-IOV networking.,Install Networking Operators,full,modules/configuring-custom-nodeselector.adoc,networking/networking_operators/sr-iov-operator/configuring-sriov-operator.adoc,full,,
Install SR-IOV Network Operator,Enable high-performance SR-IOV networking.,Install Networking Operators,full,modules/configure-sr-iov-operator-single-node.adoc,networking/networking_operators/sr-iov-operator/configuring-sriov-operator.adoc,full,,
Install SR-IOV Network Operator,Enable high-performance SR-IOV networking.,Install Networking Operators,full,modules/sriov-operator-hosted-control-planes.adoc,networking/networking_operators/sr-iov-operator/configuring-sriov-operator.adoc,full,,
Install SR-IOV Network Operator,Enable high-performance SR-IOV networking.,Install Networking Operators,full,modules/sriov-network-metrics-exporter.adoc,networking/networking_operators/sr-iov-operator/configuring-sriov-operator.adoc,full,,
Install SR-IOV Network Operator,Enable high-performance SR-IOV networking.,Install Networking Operators,full,modules/sriov-operator-metrics.adoc,networking/networking_operators/sr-iov-operator/configuring-sriov-operator.adoc,full,,
Install Multus-related networking components,"When I need workloads to connect to high-performance or specialized networks, I want to install and configure the networking components that support multiple network interfaces, so I can attach SR-IOV and other secondary networks to pods.",Install SR-IOV Network Operator,partial,modules/understanding-multiple-networks-con.adoc,networking/multiple_networks/understanding-multiple-networks.adoc,partial,Concept only; no install task,"Multus is installed by default in OpenShift Container Platform, so no install procedure exists or can exist. The mapped modules cover creating NetworkAttachmentDefinitions and attaching pods to secondary networks instead. Reframe this job as configuring secondary networks, or drop it."
Install Multus-related networking components,"When I need workloads to connect to high-performance or specialized networks, I want to install and configure the networking components that support multiple network interfaces, so I can attach SR-IOV and other secondary networks to pods.",Install SR-IOV Network Operator,partial,modules/support-matrix-for-udn-nad.adoc,networking/multiple_networks/understanding-multiple-networks.adoc,full,,"Multus is installed by default in OpenShift Container Platform, so no install procedure exists or can exist. The mapped modules cover creating NetworkAttachmentDefinitions and attaching pods to secondary networks instead. Reframe this job as configuring secondary networks, or drop it."
Install Multus-related networking components,"When I need workloads to connect to high-performance or specialized networks, I want to install and configure the networking components that support multiple network interfaces, so I can attach SR-IOV and other secondary networks to pods.",Install SR-IOV Network Operator,partial,modules/nw-nad-management.adoc,networking/multiple_networks/primary_networks/about-primary-nwt-nad.adoc,full,,"Multus is installed by default in OpenShift Container Platform, so no install procedure exists or can exist. The mapped modules cover creating NetworkAttachmentDefinitions and attaching pods to secondary networks instead. Reframe this job as configuring secondary networks, or drop it."
Install Multus-related networking components,"When I need workloads to connect to high-performance or specialized networks, I want to install and configure the networking components that support multiple network interfaces, so I can attach SR-IOV and other secondary networks to pods.",Install SR-IOV Network Operator,partial,modules/nw-multus-create-network.adoc,networking/multiple_networks/primary_networks/about-primary-nwt-nad.adoc,full,,"Multus is installed by default in OpenShift Container Platform, so no install procedure exists or can exist. The mapped modules cover creating NetworkAttachmentDefinitions and attaching pods to secondary networks instead. Reframe this job as configuring secondary networks, or drop it."
Install Multus-related networking components,"When I need workloads to connect to high-performance or specialized networks, I want to install and configure the networking components that support multiple network interfaces, so I can attach SR-IOV and other secondary networks to pods.",Install SR-IOV Network Operator,partial,modules/nw-nad-cr.adoc,networking/multiple_networks/primary_networks/about-primary-nwt-nad.adoc,full,,"Multus is installed by default in OpenShift Container Platform, so no install procedure exists or can exist. The mapped modules cover creating NetworkAttachmentDefinitions and attaching pods to secondary networks instead. Reframe this job as configuring secondary networks, or drop it."
Install Multus-related networking components,"When I need workloads to connect to high-performance or specialized networks, I want to install and configure the networking components that support multiple network interfaces, so I can attach SR-IOV and other secondary networks to pods.",Install SR-IOV Network Operator,partial,modules/nw-multus-create-network-apply.adoc,networking/multiple_networks/primary_networks/about-primary-nwt-nad.adoc,full,,"Multus is installed by default in OpenShift Container Platform, so no install procedure exists or can exist. The mapped modules cover creating NetworkAttachmentDefinitions and attaching pods to secondary networks instead. Reframe this job as configuring secondary networks, or drop it."
Install Multus-related networking components,"When I need workloads to connect to high-performance or specialized networks, I want to install and configure the networking components that support multiple network interfaces, so I can attach SR-IOV and other secondary networks to pods.",Install SR-IOV Network Operator,partial,modules/nw-multus-add-pod.adoc,networking/multiple_networks/secondary_networks/attaching-pod.adoc,full,,"Multus is installed by default in OpenShift Container Platform, so no install procedure exists or can exist. The mapped modules cover creating NetworkAttachmentDefinitions and attaching pods to secondary networks instead. Reframe this job as configuring secondary networks, or drop it."
Install Multus-related networking components,"When I need workloads to connect to high-performance or specialized networks, I want to install and configure the networking components that support multiple network interfaces, so I can attach SR-IOV and other secondary networks to pods.",Install SR-IOV Network Operator,partial,modules/nw-multus-advanced-annotations.adoc,networking/multiple_networks/secondary_networks/attaching-pod.adoc,full,,"Multus is installed by default in OpenShift Container Platform, so no install procedure exists or can exist. The mapped modules cover creating NetworkAttachmentDefinitions and attaching pods to secondary networks instead. Reframe this job as configuring secondary networks, or drop it."
Install Multus-related networking components,"When I need workloads to connect to high-performance or specialized networks, I want to install and configure the networking components that support multiple network interfaces, so I can attach SR-IOV and other secondary networks to pods.",Install SR-IOV Network Operator,partial,modules/nw-multus-bridge-object.adoc,networking/multiple_networks/secondary_networks/creating-secondary-nwt-other-cni.adoc,full,,"Multus is installed by default in OpenShift Container Platform, so no install procedure exists or can exist. The mapped modules cover creating NetworkAttachmentDefinitions and attaching pods to secondary networks instead. Reframe this job as configuring secondary networks, or drop it."
Install Multus-related networking components,"When I need workloads to connect to high-performance or specialized networks, I want to install and configure the networking components that support multiple network interfaces, so I can attach SR-IOV and other secondary networks to pods.",Install SR-IOV Network Operator,partial,modules/nw-multus-bond-cni-object.adoc,networking/multiple_networks/secondary_networks/creating-secondary-nwt-other-cni.adoc,full,,"Multus is installed by default in OpenShift Container Platform, so no install procedure exists or can exist. The mapped modules cover creating NetworkAttachmentDefinitions and attaching pods to secondary networks instead. Reframe this job as configuring secondary networks, or drop it."
Install Multus-related networking components,"When I need workloads to connect to high-performance or specialized networks, I want to install and configure the networking components that support multiple network interfaces, so I can attach SR-IOV and other secondary networks to pods.",Install SR-IOV Network Operator,partial,modules/nw-multus-host-device-object.adoc,networking/multiple_networks/secondary_networks/creating-secondary-nwt-other-cni.adoc,full,,"Multus is installed by default in OpenShift Container Platform, so no install procedure exists or can exist. The mapped modules cover creating NetworkAttachmentDefinitions and attaching pods to secondary networks instead. Reframe this job as configuring secondary networks, or drop it."
Install Multus-related networking components,"When I need workloads to connect to high-performance or specialized networks, I want to install and configure the networking components that support multiple network interfaces, so I can attach SR-IOV and other secondary networks to pods.",Install SR-IOV Network Operator,partial,modules/nw-multus-vlan-object.adoc,networking/multiple_networks/secondary_networks/creating-secondary-nwt-other-cni.adoc,full,,"Multus is installed by default in OpenShift Container Platform, so no install procedure exists or can exist. The mapped modules cover creating NetworkAttachmentDefinitions and attaching pods to secondary networks instead. Reframe this job as configuring secondary networks, or drop it."
Install Multus-related networking components,"When I need workloads to connect to high-performance or specialized networks, I want to install and configure the networking components that support multiple network interfaces, so I can attach SR-IOV and other secondary networks to pods.",Install SR-IOV Network Operator,partial,modules/nw-multus-ipvlan-object.adoc,networking/multiple_networks/secondary_networks/creating-secondary-nwt-other-cni.adoc,full,,"Multus is installed by default in OpenShift Container Platform, so no install procedure exists or can exist. The mapped modules cover creating NetworkAttachmentDefinitions and attaching pods to secondary networks instead. Reframe this job as configuring secondary networks, or drop it."
Install Multus-related networking components,"When I need workloads to connect to high-performance or specialized networks, I want to install and configure the networking components that support multiple network interfaces, so I can attach SR-IOV and other secondary networks to pods.",Install SR-IOV Network Operator,partial,modules/nw-multus-macvlan-object.adoc,networking/multiple_networks/secondary_networks/creating-secondary-nwt-other-cni.adoc,full,,"Multus is installed by default in OpenShift Container Platform, so no install procedure exists or can exist. The mapped modules cover creating NetworkAttachmentDefinitions and attaching pods to secondary networks instead. Reframe this job as configuring secondary networks, or drop it."
Install Multus-related networking components,"When I need workloads to connect to high-performance or specialized networks, I want to install and configure the networking components that support multiple network interfaces, so I can attach SR-IOV and other secondary networks to pods.",Install SR-IOV Network Operator,partial,modules/nw-multus-tap-object.adoc,networking/multiple_networks/secondary_networks/creating-secondary-nwt-other-cni.adoc,full,,"Multus is installed by default in OpenShift Container Platform, so no install procedure exists or can exist. The mapped modules cover creating NetworkAttachmentDefinitions and attaching pods to secondary networks instead. Reframe this job as configuring secondary networks, or drop it."
Install Multus-related networking components,"When I need workloads to connect to high-performance or specialized networks, I want to install and configure the networking components that support multiple network interfaces, so I can attach SR-IOV and other secondary networks to pods.",Install SR-IOV Network Operator,partial,modules/configuring-ovnk-additional-networks.adoc,networking/multiple_networks/secondary_networks/creating-secondary-nwt-ovnk.adoc,full,,"Multus is installed by default in OpenShift Container Platform, so no install procedure exists or can exist. The mapped modules cover creating NetworkAttachmentDefinitions and attaching pods to secondary networks instead. Reframe this job as configuring secondary networks, or drop it."
Install Multus-related networking components,"When I need workloads to connect to high-performance or specialized networks, I want to install and configure the networking components that support multiple network interfaces, so I can attach SR-IOV and other secondary networks to pods.",Install SR-IOV Network Operator,partial,modules/configuration-ovnk-network-plugin-json-object.adoc,networking/multiple_networks/secondary_networks/creating-secondary-nwt-ovnk.adoc,full,,"Multus is installed by default in OpenShift Container Platform, so no install procedure exists or can exist. The mapped modules cover creating NetworkAttachmentDefinitions and attaching pods to secondary networks instead. Reframe this job as configuring secondary networks, or drop it."
Install Multus-related networking components,"When I need workloads to connect to high-performance or specialized networks, I want to install and configure the networking components that support multiple network interfaces, so I can attach SR-IOV and other secondary networks to pods.",Install SR-IOV Network Operator,partial,modules/configuring-pods-secondary-network.adoc,networking/multiple_networks/secondary_networks/creating-secondary-nwt-ovnk.adoc,full,,"Multus is installed by default in OpenShift Container Platform, so no install procedure exists or can exist. The mapped modules cover creating NetworkAttachmentDefinitions and attaching pods to secondary networks instead. Reframe this job as configuring secondary networks, or drop it."
Install Multus-related networking components,"When I need workloads to connect to high-performance or specialized networks, I want to install and configure the networking components that support multiple network interfaces, so I can attach SR-IOV and other secondary networks to pods.",Install SR-IOV Network Operator,partial,modules/configuring-pods-static-ip.adoc,networking/multiple_networks/secondary_networks/creating-secondary-nwt-ovnk.adoc,full,,"Multus is installed by default in OpenShift Container Platform, so no install procedure exists or can exist. The mapped modules cover creating NetworkAttachmentDefinitions and attaching pods to secondary networks instead. Reframe this job as configuring secondary networks, or drop it."
Install eBPF Manager Operator,Manage eBPF programs centrally across cluster.,Install Networking Operators,partial,modules/nw-bpfman-operator-installing-cli.adoc,networking/networking_operators/ebpf_manager/ebpf-manager-operator-install.adoc,full,,"Install and deploy procedures exist, but the conceptual 'About the eBPF Manager Operator' content lives inline in networking/networking_operators/ebpf_manager/ebpf-manager-operator-about.adoc and has never been modularized, so it cannot be pulled into a job map."
Install eBPF Manager Operator,Manage eBPF programs centrally across cluster.,Install Networking Operators,partial,modules/nw-bpfman-operator-installing-console.adoc,networking/networking_operators/ebpf_manager/ebpf-manager-operator-install.adoc,full,,"Install and deploy procedures exist, but the conceptual 'About the eBPF Manager Operator' content lives inline in networking/networking_operators/ebpf_manager/ebpf-manager-operator-about.adoc and has never been modularized, so it cannot be pulled into a job map."
Install eBPF Manager Operator,Manage eBPF programs centrally across cluster.,Install Networking Operators,partial,modules/nw-bpfman-operator-deploy.adoc,networking/networking_operators/ebpf_manager/ebpf-manager-operator-deploy.adoc,full,,"Install and deploy procedures exist, but the conceptual 'About the eBPF Manager Operator' content lives inline in networking/networking_operators/ebpf_manager/ebpf-manager-operator-about.adoc and has never been modularized, so it cannot be pulled into a job map."
Configure External DNS Integration,"When I need external name resolution, I want to configure External DNS for my cloud provider, so I can automatically synchronize DNS records for cluster services",,full,modules/nw-external-dns-operator.adoc,networking/networking_operators/external_dns_operator/understanding-external-dns-operator.adoc,full,,
Configure External DNS Integration,"When I need external name resolution, I want to configure External DNS for my cloud provider, so I can automatically synchronize DNS records for cluster services",,full,modules/nw-external-dns-operator-domain-limitations.adoc,networking/networking_operators/external_dns_operator/understanding-external-dns-operator.adoc,full,,
Configure External DNS Integration,"When I need external name resolution, I want to configure External DNS for my cloud provider, so I can automatically synchronize DNS records for cluster services",,full,modules/nw-control-dns-records-public-hosted-zone-azure.adoc,networking/networking_operators/external_dns_operator/nw-creating-dns-records-on-azure.adoc,full,,
Configure External DNS Integration,"When I need external name resolution, I want to configure External DNS for my cloud provider, so I can automatically synchronize DNS records for cluster services",,full,modules/nw-control-dns-records-public-managed-zone-gcp.adoc,networking/networking_operators/external_dns_operator/nw-creating-dns-records-on-gcp.adoc,full,,
Configure External DNS Integration,"When I need external name resolution, I want to configure External DNS for my cloud provider, so I can automatically synchronize DNS records for cluster services",,full,modules/nw-control-dns-records-public-hosted-zone-infoblox.adoc,networking/networking_operators/external_dns_operator/nw-creating-dns-records-on-infoblox.adoc,full,,
Configure AWS Route 53 Integration,Synchronize DNS records to AWS Route 53.,Configure External DNS Integration,full,modules/nw-control-dns-records-public-hosted-zone-aws.adoc,networking/networking_operators/external_dns_operator/nw-creating-dns-records-on-aws.adoc,full,,
Configure AWS Route 53 Integration,Synchronize DNS records to AWS Route 53.,Configure External DNS Integration,full,modules/nw-control-dns-records-public-aws-with-VPC.adoc,networking/networking_operators/external_dns_operator/nw-creating-dns-records-on-aws.adoc,full,,
Customize ExternalDNS Behavior,Fine-tune DNS synchronization parameters.,Configure External DNS Integration,full,modules/nw-external-dns-operator-configuration-parameters.adoc,networking/networking_operators/external_dns_operator/nw-configuration-parameters.adoc,full,,
Customize ExternalDNS Behavior,Fine-tune DNS synchronization parameters.,Configure External DNS Integration,full,modules/configuring-egress-proxy-edns-operator.adoc,networking/networking_operators/external_dns_operator/nw-configuring-cluster-wide-egress-proxy.adoc,full,,
Customize ExternalDNS Behavior,Fine-tune DNS synchronization parameters.,Configure External DNS Integration,full,modules/nw-external-dns-operator-logs.adoc,networking/networking_operators/external_dns_operator/understanding-external-dns-operator.adoc,partial,Log inspection supports tuning,
Configure Load Balancing,"When I need to distribute traffic to services, I want to configure load balancing with MetalLB or AWS Load Balancer, so I can provide high-availability external access",,full,modules/nw-metallb-when-metallb.adoc,networking/networking_operators/metallb-operator/about-metallb.adoc,full,,
Configure Load Balancing,"When I need to distribute traffic to services, I want to configure load balancing with MetalLB or AWS Load Balancer, so I can provide high-availability external access",,full,modules/nw-metallb-software-components.adoc,networking/networking_operators/metallb-operator/about-metallb.adoc,full,,
Configure Load Balancing,"When I need to distribute traffic to services, I want to configure load balancing with MetalLB or AWS Load Balancer, so I can provide high-availability external access",,full,modules/nw-metallb-operator-custom-resources.adoc,networking/networking_operators/metallb-operator/about-metallb.adoc,full,,
Configure Load Balancing,"When I need to distribute traffic to services, I want to configure load balancing with MetalLB or AWS Load Balancer, so I can provide high-availability external access",,full,modules/nw-metallb-limitations-and-restrictions.adoc,networking/networking_operators/metallb-operator/about-metallb.adoc,full,,
Configure Load Balancing,"When I need to distribute traffic to services, I want to configure load balancing with MetalLB or AWS Load Balancer, so I can provide high-availability external access",,full,modules/nw-aws-load-balancer-operator.adoc,networking/networking_operators/aws_load_balancer_operator/understanding-aws-load-balancer-operator.adoc,full,,
Configure Load Balancing,"When I need to distribute traffic to services, I want to configure load balancing with MetalLB or AWS Load Balancer, so I can provide high-availability external access",,full,modules/nw-metalLB-basic-upgrade-operator.adoc,networking/networking_operators/metallb-operator/metallb-upgrading-operator.adoc,full,,
Configure Load Balancing,"When I need to distribute traffic to services, I want to configure load balancing with MetalLB or AWS Load Balancer, so I can provide high-availability external access",,full,modules/nw-metallb-status-reporting.adoc,networking/ingress_load_balancing/metallb/monitoring-metallb-status.adoc,full,,
Configure Load Balancing,"When I need to distribute traffic to services, I want to configure load balancing with MetalLB or AWS Load Balancer, so I can provide high-availability external access",,full,modules/nw-metallb-viewing-ipaddresspool-status.adoc,networking/ingress_load_balancing/metallb/monitoring-metallb-status.adoc,full,,
Configure Load Balancing,"When I need to distribute traffic to services, I want to configure load balancing with MetalLB or AWS Load Balancer, so I can provide high-availability external access",,full,modules/nw-metallb-viewing-servicebgpstatus.adoc,networking/ingress_load_balancing/metallb/monitoring-metallb-status.adoc,full,,
Configure Load Balancing,"When I need to distribute traffic to services, I want to configure load balancing with MetalLB or AWS Load Balancer, so I can provide high-availability external access",,full,modules/nw-metallb-checking-configuration-status.adoc,networking/ingress_load_balancing/metallb/monitoring-metallb-status.adoc,full,,
Configure Load Balancing,"When I need to distribute traffic to services, I want to configure load balancing with MetalLB or AWS Load Balancer, so I can provide high-availability external access",,full,modules/nw-metallb-loglevel.adoc,networking/ingress_load_balancing/metallb/metallb-troubleshoot-support.adoc,partial,Troubleshooting support,
Configure Load Balancing,"When I need to distribute traffic to services, I want to configure load balancing with MetalLB or AWS Load Balancer, so I can provide high-availability external access",,full,modules/nw-metallb-ts-fundamentals.adoc,networking/ingress_load_balancing/metallb/metallb-troubleshoot-support.adoc,partial,Troubleshooting support,
Configure Load Balancing,"When I need to distribute traffic to services, I want to configure load balancing with MetalLB or AWS Load Balancer, so I can provide high-availability external access",,full,modules/nw-metallb-metrics.adoc,networking/ingress_load_balancing/metallb/metallb-troubleshoot-support.adoc,partial,Troubleshooting support,
Configure Load Balancing,"When I need to distribute traffic to services, I want to configure load balancing with MetalLB or AWS Load Balancer, so I can provide high-availability external access",,full,modules/nw-metallb-collecting-data.adoc,networking/ingress_load_balancing/metallb/metallb-troubleshoot-support.adoc,partial,Troubleshooting support,
Configure AWS Load Balancer,Integrate ALB and NLB for AWS clusters.,Configure Load Balancing,full,modules/nw-aws-load-balancer-operator-considerations.adoc,networking/networking_operators/aws_load_balancer_operator/understanding-aws-load-balancer-operator.adoc,full,,
Configure AWS Load Balancer,Integrate ALB and NLB for AWS clusters.,Configure Load Balancing,full,modules/nw-aws-load-balancer-with-outposts.adoc,networking/networking_operators/aws_load_balancer_operator/understanding-aws-load-balancer-operator.adoc,full,,
Configure AWS Load Balancer,Integrate ALB and NLB for AWS clusters.,Configure Load Balancing,full,modules/creating-instance-aws-load-balancer-controller.adoc,networking/networking_operators/aws_load_balancer_operator/install-aws-load-balancer-operator.adoc,full,,
Configure AWS Load Balancer,Integrate ALB and NLB for AWS clusters.,Configure Load Balancing,full,modules/configuring-egress-proxy.adoc,networking/networking_operators/aws_load_balancer_operator/configuring-aws-load-balancer-operator.adoc,full,,
Configure AWS Load Balancer,Integrate ALB and NLB for AWS clusters.,Configure Load Balancing,full,modules/adding-tls-termination.adoc,networking/networking_operators/aws_load_balancer_operator/configuring-aws-load-balancer-operator.adoc,full,,
Configure AWS Load Balancer,Integrate ALB and NLB for AWS clusters.,Configure Load Balancing,full,modules/creating-multiple-ingress-through-single-alb.adoc,networking/networking_operators/aws_load_balancer_operator/configuring-aws-load-balancer-operator.adoc,full,,
Configure AWS Load Balancer,Integrate ALB and NLB for AWS clusters.,Configure Load Balancing,full,modules/nw-aws-load-balancer-logs.adoc,networking/networking_operators/aws_load_balancer_operator/configuring-aws-load-balancer-operator.adoc,full,,
Configure AWS Load Balancer,Integrate ALB and NLB for AWS clusters.,Configure Load Balancing,full,modules/the-iam-role-albo-operator.adoc,networking/networking_operators/aws_load_balancer_operator/preparing-sts-cluster-for-albo.adoc,full,,
Configure AWS Load Balancer,Integrate ALB and NLB for AWS clusters.,Configure Load Balancing,full,modules/using-ccoctl-create-iam-role-alb-operator.adoc,networking/networking_operators/aws_load_balancer_operator/preparing-sts-cluster-for-albo.adoc,full,,
Configure AWS Load Balancer,Integrate ALB and NLB for AWS clusters.,Configure Load Balancing,full,modules/using-aws-cli-create-iam-role-alb-operator.adoc,networking/networking_operators/aws_load_balancer_operator/preparing-sts-cluster-for-albo.adoc,full,,
Configure AWS Load Balancer,Integrate ALB and NLB for AWS clusters.,Configure Load Balancing,full,modules/specifying-role-arn-albo-sts.adoc,networking/networking_operators/aws_load_balancer_operator/preparing-sts-cluster-for-albo.adoc,full,,
Configure AWS Load Balancer,Integrate ALB and NLB for AWS clusters.,Configure Load Balancing,full,modules/the-iam-role-albo-controller.adoc,networking/networking_operators/aws_load_balancer_operator/preparing-sts-cluster-for-albo.adoc,full,,
Configure AWS Load Balancer,Integrate ALB and NLB for AWS clusters.,Configure Load Balancing,full,modules/using-ccoctl-create-iam-role-alb-controller.adoc,networking/networking_operators/aws_load_balancer_operator/preparing-sts-cluster-for-albo.adoc,full,,
Configure AWS Load Balancer,Integrate ALB and NLB for AWS clusters.,Configure Load Balancing,full,modules/using-aws-cli-create-iam-role-alb-controller.adoc,networking/networking_operators/aws_load_balancer_operator/preparing-sts-cluster-for-albo.adoc,full,,
Configure IP failover,"When I need high availability, I want to configure IP failover, so I can ensure external IP addresses remain accessible if a node fails.",Configure Load Balancing,full,modules/nw-ipfailover-environment-variables.adoc,networking/configuring_network_settings/configuring-ipfailover.adoc,full,,
Configure IP failover,"When I need high availability, I want to configure IP failover, so I can ensure external IP addresses remain accessible if a node fails.",Configure Load Balancing,full,modules/nw-ipfailover-configuration.adoc,networking/configuring_network_settings/configuring-ipfailover.adoc,full,,
Configure IP failover,"When I need high availability, I want to configure IP failover, so I can ensure external IP addresses remain accessible if a node fails.",Configure Load Balancing,full,modules/nw-ipfailover-configuring-check-notify-scripts.adoc,networking/configuring_network_settings/configuring-ipfailover.adoc,full,,
Configure IP failover,"When I need high availability, I want to configure IP failover, so I can ensure external IP addresses remain accessible if a node fails.",Configure Load Balancing,full,modules/nw-ipfailover-configuring-vrrp-preemption.adoc,networking/configuring_network_settings/configuring-ipfailover.adoc,full,,
Configure IP failover,"When I need high availability, I want to configure IP failover, so I can ensure external IP addresses remain accessible if a node fails.",Configure Load Balancing,full,modules/nw-ipfailover-vrrp-ip-offset.adoc,networking/configuring_network_settings/configuring-ipfailover.adoc,full,,
Configure IP failover,"When I need high availability, I want to configure IP failover, so I can ensure external IP addresses remain accessible if a node fails.",Configure Load Balancing,full,modules/nw-ipfailover-configuring-more-than-254.adoc,networking/configuring_network_settings/configuring-ipfailover.adoc,full,,
Configure IP failover,"When I need high availability, I want to configure IP failover, so I can ensure external IP addresses remain accessible if a node fails.",Configure Load Balancing,full,modules/nw-ipfailover-cluster-ha-ingress.adoc,networking/configuring_network_settings/configuring-ipfailover.adoc,full,,
Configure IP failover,"When I need high availability, I want to configure IP failover, so I can ensure external IP addresses remain accessible if a node fails.",Configure Load Balancing,full,modules/nw-ipfailover-remove.adoc,networking/configuring_network_settings/configuring-ipfailover.adoc,full,,
Configure MetalLB for Bare Metal,Assign external IPs to LoadBalancer services.,Configure Load Balancing,full,modules/nw-metallb-layer2.adoc,networking/networking_operators/metallb-operator/about-metallb.adoc,full,,
Configure MetalLB for Bare Metal,Assign external IPs to LoadBalancer services.,Configure Load Balancing,full,modules/nw-metallb-layer2-limitations.adoc,networking/networking_operators/metallb-operator/about-metallb.adoc,full,,
Configure MetalLB for Bare Metal,Assign external IPs to LoadBalancer services.,Configure Load Balancing,full,modules/nw-metallb-addresspool-cr.adoc,networking/ingress_load_balancing/metallb/metallb-configure-address-pools.adoc,full,,
Configure MetalLB for Bare Metal,Assign external IPs to LoadBalancer services.,Configure Load Balancing,full,modules/nw-metallb-configure-address-pool.adoc,networking/ingress_load_balancing/metallb/metallb-configure-address-pools.adoc,full,,
Configure MetalLB for Bare Metal,Assign external IPs to LoadBalancer services.,Configure Load Balancing,full,modules/nw-metallb-configure-address-pool-vlan.adoc,networking/ingress_load_balancing/metallb/metallb-configure-address-pools.adoc,full,,
Configure MetalLB for Bare Metal,Assign external IPs to LoadBalancer services.,Configure Load Balancing,full,modules/nw-metallb-example-addresspool.adoc,networking/ingress_load_balancing/metallb/metallb-configure-address-pools.adoc,full,,
Configure MetalLB for Bare Metal,Assign external IPs to LoadBalancer services.,Configure Load Balancing,full,modules/nw-metallb-l2padvertisement-cr.adoc,networking/ingress_load_balancing/metallb/about-advertising-ipaddresspool.adoc,full,,
Configure MetalLB for Bare Metal,Assign external IPs to LoadBalancer services.,Configure Load Balancing,full,modules/nw-metallb-configure-l2-advertisement.adoc,networking/ingress_load_balancing/metallb/about-advertising-ipaddresspool.adoc,full,,
Configure MetalLB for Bare Metal,Assign external IPs to LoadBalancer services.,Configure Load Balancing,full,modules/nw-metallb-configure-l2-advertisement-label.adoc,networking/ingress_load_balancing/metallb/about-advertising-ipaddresspool.adoc,full,,
Configure MetalLB for Bare Metal,Assign external IPs to LoadBalancer services.,Configure Load Balancing,full,modules/nw-metallb-configure-l2-advertisement-interface.adoc,networking/ingress_load_balancing/metallb/about-advertising-ipaddresspool.adoc,full,,
Configure MetalLB for Bare Metal,Assign external IPs to LoadBalancer services.,Configure Load Balancing,full,modules/nw-metallb-service-selectors-shared-pool-l2.adoc,networking/ingress_load_balancing/metallb/about-advertising-ipaddresspool.adoc,full,,
Configure MetalLB for Bare Metal,Assign external IPs to LoadBalancer services.,Configure Load Balancing,full,modules/request-specific-ip-address.adoc,networking/ingress_load_balancing/metallb/metallb-configure-services.adoc,full,,
Configure MetalLB for Bare Metal,Assign external IPs to LoadBalancer services.,Configure Load Balancing,full,modules/request-ip-address-from-pool.adoc,networking/ingress_load_balancing/metallb/metallb-configure-services.adoc,full,,
Configure MetalLB for Bare Metal,Assign external IPs to LoadBalancer services.,Configure Load Balancing,full,modules/accept-any-ip-address.adoc,networking/ingress_load_balancing/metallb/metallb-configure-services.adoc,full,,
Configure MetalLB for Bare Metal,Assign external IPs to LoadBalancer services.,Configure Load Balancing,full,modules/share-specific-ip-address.adoc,networking/ingress_load_balancing/metallb/metallb-configure-services.adoc,full,,
Configure MetalLB for Bare Metal,Assign external IPs to LoadBalancer services.,Configure Load Balancing,full,modules/nw-metallb-configure-svc.adoc,networking/ingress_load_balancing/metallb/metallb-configure-services.adoc,full,,
Configure MetalLB BGP mode and advertisements,"When I need distributed load balancing across multiple nodes, I want to configure MetalLB BGP advertisements and peers, so I can avoid single-node bottlenecks and achieve better traffic distribution.",Configure Load Balancing,full,modules/nw-metallb-bgp.adoc,networking/networking_operators/metallb-operator/about-metallb.adoc,full,,
Configure MetalLB BGP mode and advertisements,"When I need distributed load balancing across multiple nodes, I want to configure MetalLB BGP advertisements and peers, so I can avoid single-node bottlenecks and achieve better traffic distribution.",Configure Load Balancing,full,modules/nw-metallb-bgp-limitations.adoc,networking/networking_operators/metallb-operator/about-metallb.adoc,full,,
Configure MetalLB BGP mode and advertisements,"When I need distributed load balancing across multiple nodes, I want to configure MetalLB BGP advertisements and peers, so I can avoid single-node bottlenecks and achieve better traffic distribution.",Configure Load Balancing,full,modules/nw-metallb-bgpadvertisement-cr.adoc,networking/ingress_load_balancing/metallb/about-advertising-ipaddresspool.adoc,full,,
Configure MetalLB BGP mode and advertisements,"When I need distributed load balancing across multiple nodes, I want to configure MetalLB BGP advertisements and peers, so I can avoid single-node bottlenecks and achieve better traffic distribution.",Configure Load Balancing,full,modules/nw-metallb-configure-bgp-advertisement.adoc,networking/ingress_load_balancing/metallb/about-advertising-ipaddresspool.adoc,full,,
Configure MetalLB BGP mode and advertisements,"When I need distributed load balancing across multiple nodes, I want to configure MetalLB BGP advertisements and peers, so I can avoid single-node bottlenecks and achieve better traffic distribution.",Configure Load Balancing,full,modules/nw-metallb-advertise-address-pool-with-bgp.adoc,networking/ingress_load_balancing/metallb/about-advertising-ipaddresspool.adoc,full,,
Configure MetalLB BGP mode and advertisements,"When I need distributed load balancing across multiple nodes, I want to configure MetalLB BGP advertisements and peers, so I can avoid single-node bottlenecks and achieve better traffic distribution.",Configure Load Balancing,full,modules/nw-metallb-configure-bgp-advertisement-advanced.adoc,networking/ingress_load_balancing/metallb/about-advertising-ipaddresspool.adoc,full,,
Configure MetalLB BGP mode and advertisements,"When I need distributed load balancing across multiple nodes, I want to configure MetalLB BGP advertisements and peers, so I can avoid single-node bottlenecks and achieve better traffic distribution.",Configure Load Balancing,full,modules/nw-metallb-advertise-address-pool-with-bgp-advanced.adoc,networking/ingress_load_balancing/metallb/about-advertising-ipaddresspool.adoc,full,,
Configure MetalLB BGP mode and advertisements,"When I need distributed load balancing across multiple nodes, I want to configure MetalLB BGP advertisements and peers, so I can avoid single-node bottlenecks and achieve better traffic distribution.",Configure Load Balancing,full,modules/nw-metallb-service-selectors-shared-pool-bgp.adoc,networking/ingress_load_balancing/metallb/about-advertising-ipaddresspool.adoc,full,,
Configure MetalLB BGP mode and advertisements,"When I need distributed load balancing across multiple nodes, I want to configure MetalLB BGP advertisements and peers, so I can avoid single-node bottlenecks and achieve better traffic distribution.",Configure Load Balancing,full,modules/nw-metallb-advertise-ip-pools-from-node-subset.adoc,networking/ingress_load_balancing/metallb/about-advertising-ipaddresspool.adoc,full,,
Configure MetalLB BGP mode and advertisements,"When I need distributed load balancing across multiple nodes, I want to configure MetalLB BGP advertisements and peers, so I can avoid single-node bottlenecks and achieve better traffic distribution.",Configure Load Balancing,full,modules/nw-metallb-bgppeer-cr.adoc,networking/ingress_load_balancing/metallb/metallb-configure-bgp-peers.adoc,full,,
Configure MetalLB BGP mode and advertisements,"When I need distributed load balancing across multiple nodes, I want to configure MetalLB BGP advertisements and peers, so I can avoid single-node bottlenecks and achieve better traffic distribution.",Configure Load Balancing,full,modules/nw-metallb-configure-bgppeer.adoc,networking/ingress_load_balancing/metallb/metallb-configure-bgp-peers.adoc,full,,
Configure MetalLB BGP mode and advertisements,"When I need distributed load balancing across multiple nodes, I want to configure MetalLB BGP advertisements and peers, so I can avoid single-node bottlenecks and achieve better traffic distribution.",Configure Load Balancing,full,modules/nw-metallb-configure-specificpools-to-bgppeer.adoc,networking/ingress_load_balancing/metallb/metallb-configure-bgp-peers.adoc,full,,
Configure MetalLB BGP mode and advertisements,"When I need distributed load balancing across multiple nodes, I want to configure MetalLB BGP advertisements and peers, so I can avoid single-node bottlenecks and achieve better traffic distribution.",Configure Load Balancing,full,modules/nw-metallb-configure-vrf-bgppeer.adoc,networking/ingress_load_balancing/metallb/metallb-configure-bgp-peers.adoc,full,,
Configure MetalLB BGP mode and advertisements,"When I need distributed load balancing across multiple nodes, I want to configure MetalLB BGP advertisements and peers, so I can avoid single-node bottlenecks and achieve better traffic distribution.",Configure Load Balancing,full,modules/nw-metallb-example-bgppeer.adoc,networking/ingress_load_balancing/metallb/metallb-configure-bgp-peers.adoc,full,,
Configure MetalLB BGP mode and advertisements,"When I need distributed load balancing across multiple nodes, I want to configure MetalLB BGP advertisements and peers, so I can avoid single-node bottlenecks and achieve better traffic distribution.",Configure Load Balancing,full,modules/nw-metallb-community-cr.adoc,networking/ingress_load_balancing/metallb/metallb-configure-community-alias.adoc,full,,
Configure MetalLB BGP mode and advertisements,"When I need distributed load balancing across multiple nodes, I want to configure MetalLB BGP advertisements and peers, so I can avoid single-node bottlenecks and achieve better traffic distribution.",Configure Load Balancing,full,modules/nw-metallb-configure-community-bgp-advertisement.adoc,networking/ingress_load_balancing/metallb/metallb-configure-community-alias.adoc,full,,
Configure MetalLB BGP mode and advertisements,"When I need distributed load balancing across multiple nodes, I want to configure MetalLB BGP advertisements and peers, so I can avoid single-node bottlenecks and achieve better traffic distribution.",Configure Load Balancing,full,modules/nw-metallb-bfdprofile-cr.adoc,networking/ingress_load_balancing/metallb/metallb-configure-bfd-profiles.adoc,full,,
Configure MetalLB BGP mode and advertisements,"When I need distributed load balancing across multiple nodes, I want to configure MetalLB BGP advertisements and peers, so I can avoid single-node bottlenecks and achieve better traffic distribution.",Configure Load Balancing,full,modules/nw-metallb-configure-bfdprofle.adoc,networking/ingress_load_balancing/metallb/metallb-configure-bfd-profiles.adoc,full,,
Configure MetalLB BGP mode and advertisements,"When I need distributed load balancing across multiple nodes, I want to configure MetalLB BGP advertisements and peers, so I can avoid single-node bottlenecks and achieve better traffic distribution.",Configure Load Balancing,full,modules/nw-metallb-frr-configurations.adoc,networking/ingress_load_balancing/metallb/metallb-frr-k8s.adoc,full,,
Configure MetalLB BGP mode and advertisements,"When I need distributed load balancing across multiple nodes, I want to configure MetalLB BGP advertisements and peers, so I can avoid single-node bottlenecks and achieve better traffic distribution.",Configure Load Balancing,full,modules/nw-metallb-frr-k8s-configuration-crd.adoc,networking/ingress_load_balancing/metallb/metallb-frr-k8s.adoc,full,,
Configure MetalLB BGP mode and advertisements,"When I need distributed load balancing across multiple nodes, I want to configure MetalLB BGP advertisements and peers, so I can avoid single-node bottlenecks and achieve better traffic distribution.",Configure Load Balancing,full,modules/nw-metallb-frr-k8s-merge-multiple-configurations.adoc,networking/ingress_load_balancing/metallb/metallb-frr-k8s.adoc,full,,
Configure MetalLB BGP mode and advertisements,"When I need distributed load balancing across multiple nodes, I want to configure MetalLB BGP advertisements and peers, so I can avoid single-node bottlenecks and achieve better traffic distribution.",Configure Load Balancing,full,modules/challenges-of-managing-symmetric-routing-with-metallb.adoc,networking/ingress_load_balancing/metallb/metallb-configure-return-traffic.adoc,full,,
Configure MetalLB BGP mode and advertisements,"When I need distributed load balancing across multiple nodes, I want to configure MetalLB BGP advertisements and peers, so I can avoid single-node bottlenecks and achieve better traffic distribution.",Configure Load Balancing,full,modules/overview-of-managing-symmetric-routing-using-vrf-based-networks-with-metallb.adoc,networking/ingress_load_balancing/metallb/metallb-configure-return-traffic.adoc,full,,
Configure MetalLB BGP mode and advertisements,"When I need distributed load balancing across multiple nodes, I want to configure MetalLB BGP advertisements and peers, so I can avoid single-node bottlenecks and achieve better traffic distribution.",Configure Load Balancing,full,modules/nw-metallb-configure-return-traffic-proc.adoc,networking/ingress_load_balancing/metallb/metallb-configure-return-traffic.adoc,full,,
Configure MetalLB BGP mode and advertisements,"When I need distributed load balancing across multiple nodes, I want to configure MetalLB BGP advertisements and peers, so I can avoid single-node bottlenecks and achieve better traffic distribution.",Configure Load Balancing,full,modules/nw-metallb-verifying-bgp-session.adoc,networking/ingress_load_balancing/metallb/monitoring-metallb-status.adoc,full,,
Configure MetalLB BGP mode and advertisements,"When I need distributed load balancing across multiple nodes, I want to configure MetalLB BGP advertisements and peers, so I can avoid single-node bottlenecks and achieve better traffic distribution.",Configure Load Balancing,full,modules/nw-metallb-troubleshoot-bgp.adoc,networking/ingress_load_balancing/metallb/metallb-troubleshoot-support.adoc,partial,Troubleshooting support,
Configure MetalLB BGP mode and advertisements,"When I need distributed load balancing across multiple nodes, I want to configure MetalLB BGP advertisements and peers, so I can avoid single-node bottlenecks and achieve better traffic distribution.",Configure Load Balancing,full,modules/nw-metallb-troubleshoot-bfd.adoc,networking/ingress_load_balancing/metallb/metallb-troubleshoot-support.adoc,partial,Troubleshooting support,
Configure Ingress and Routes,"When I need to expose services externally, I want to configure Ingress Controllers and routes, so I can manage HTTP/HTTPS traffic entering the cluster",,full,modules/nw-creating-a-route.adoc,networking/ingress_load_balancing/routes/creating-basic-routes.adoc,full,,
Configure Ingress and Routes,"When I need to expose services externally, I want to configure Ingress Controllers and routes, so I can manage HTTP/HTTPS traffic entering the cluster",,full,modules/nw-path-based-routes.adoc,networking/ingress_load_balancing/routes/creating-basic-routes.adoc,full,,
Configure Ingress and Routes,"When I need to expose services externally, I want to configure Ingress Controllers and routes, so I can manage HTTP/HTTPS traffic entering the cluster",,full,modules/nw-ingress-creating-a-route-via-an-ingress.adoc,networking/ingress_load_balancing/routes/creating-basic-routes.adoc,full,,
Configure Ingress and Routes,"When I need to expose services externally, I want to configure Ingress Controllers and routes, so I can manage HTTP/HTTPS traffic entering the cluster",,full,modules/nw-ingress-label-propagation-about.adoc,networking/ingress_load_balancing/routes/creating-basic-routes.adoc,full,,
Configure Ingress and Routes,"When I need to expose services externally, I want to configure Ingress Controllers and routes, so I can manage HTTP/HTTPS traffic entering the cluster",,full,modules/nw-ingress-label-propagation-enabling.adoc,networking/ingress_load_balancing/routes/creating-basic-routes.adoc,full,,
Configure Ingress and Routes,"When I need to expose services externally, I want to configure Ingress Controllers and routes, so I can manage HTTP/HTTPS traffic entering the cluster",,full,modules/nw-ingress-creating-an-edge-route-with-a-custom-certificate.adoc,networking/ingress_load_balancing/routes/securing-routes.adoc,full,,
Configure Ingress and Routes,"When I need to expose services externally, I want to configure Ingress Controllers and routes, so I can manage HTTP/HTTPS traffic entering the cluster",,full,modules/nw-ingress-creating-a-reencrypt-route-with-a-custom-certificate.adoc,networking/ingress_load_balancing/routes/securing-routes.adoc,full,,
Configure Ingress and Routes,"When I need to expose services externally, I want to configure Ingress Controllers and routes, so I can manage HTTP/HTTPS traffic entering the cluster",,full,modules/nw-ingress-creating-a-passthrough-route.adoc,networking/ingress_load_balancing/routes/securing-routes.adoc,full,,
Configure Ingress and Routes,"When I need to expose services externally, I want to configure Ingress Controllers and routes, so I can manage HTTP/HTTPS traffic entering the cluster",,full,modules/nw-ingress-route-secret-load-external-cert.adoc,networking/ingress_load_balancing/routes/securing-routes.adoc,full,,
Configure Ingress and Routes,"When I need to expose services externally, I want to configure Ingress Controllers and routes, so I can manage HTTP/HTTPS traffic entering the cluster",,full,modules/nw-enabling-hsts.adoc,networking/ingress_load_balancing/routes/securing-routes.adoc,full,,
Configure Ingress and Routes,"When I need to expose services externally, I want to configure Ingress Controllers and routes, so I can manage HTTP/HTTPS traffic entering the cluster",,full,modules/nw-enabling-hsts-per-route.adoc,networking/ingress_load_balancing/routes/securing-routes.adoc,full,,
Configure Ingress and Routes,"When I need to expose services externally, I want to configure Ingress Controllers and routes, so I can manage HTTP/HTTPS traffic entering the cluster",,full,modules/nw-disabling-hsts.adoc,networking/ingress_load_balancing/routes/securing-routes.adoc,full,,
Configure Ingress and Routes,"When I need to expose services externally, I want to configure Ingress Controllers and routes, so I can manage HTTP/HTTPS traffic entering the cluster",,full,modules/nw-enforcing-hsts-per-domain.adoc,networking/ingress_load_balancing/routes/securing-routes.adoc,full,,
Configure Ingress and Routes,"When I need to expose services externally, I want to configure Ingress Controllers and routes, so I can manage HTTP/HTTPS traffic entering the cluster",,full,modules/nw-configuring-route-timeouts.adoc,networking/ingress_load_balancing/routes/nw-configuring-routes.adoc,full,,
Configure Ingress and Routes,"When I need to expose services externally, I want to configure Ingress Controllers and routes, so I can manage HTTP/HTTPS traffic entering the cluster",,full,modules/nw-route-set-or-delete-http-headers.adoc,networking/ingress_load_balancing/routes/nw-configuring-routes.adoc,full,,
Configure Ingress and Routes,"When I need to expose services externally, I want to configure Ingress Controllers and routes, so I can manage HTTP/HTTPS traffic entering the cluster",,full,modules/nw-using-cookies-keep-route-statefulness.adoc,networking/ingress_load_balancing/routes/nw-configuring-routes.adoc,full,,
Configure Ingress and Routes,"When I need to expose services externally, I want to configure Ingress Controllers and routes, so I can manage HTTP/HTTPS traffic entering the cluster",,full,modules/nw-annotating-a-route-with-a-cookie-name.adoc,networking/ingress_load_balancing/routes/nw-configuring-routes.adoc,full,,
Configure Ingress and Routes,"When I need to expose services externally, I want to configure Ingress Controllers and routes, so I can manage HTTP/HTTPS traffic entering the cluster",,full,modules/nw-route-specific-annotations.adoc,networking/ingress_load_balancing/routes/nw-configuring-routes.adoc,full,,
Configure Ingress and Routes,"When I need to expose services externally, I want to configure Ingress Controllers and routes, so I can manage HTTP/HTTPS traffic entering the cluster",,full,modules/nw-throughput-troubleshoot.adoc,networking/ingress_load_balancing/routes/nw-configuring-routes.adoc,partial,Route throughput troubleshooting,
Configure Ingress and Routes,"When I need to expose services externally, I want to configure Ingress Controllers and routes, so I can manage HTTP/HTTPS traffic entering the cluster",,full,modules/nw-ingress-reencrypt-route-custom-cert.adoc,networking/ingress_load_balancing/routes/creating-advanced-routes.adoc,full,,
Configure Ingress and Routes,"When I need to expose services externally, I want to configure Ingress Controllers and routes, so I can manage HTTP/HTTPS traffic entering the cluster",,full,modules/nw-ingress-edge-route-default-certificate.adoc,networking/ingress_load_balancing/routes/creating-advanced-routes.adoc,full,,
Understand Ingress Architecture,Learn how the Ingress Operator and HAProxy routers work.,Configure Ingress and Routes,full,modules/nw-ne-openshift-ingress.adoc,networking/networking_operators/ingress-operator.adoc,full,,
Understand Ingress Architecture,Learn how the Ingress Operator and HAProxy routers work.,Configure Ingress and Routes,full,modules/nw-installation-ingress-config-asset.adoc,networking/networking_operators/ingress-operator.adoc,full,,
Understand Ingress Architecture,Learn how the Ingress Operator and HAProxy routers work.,Configure Ingress and Routes,full,modules/nw-ingress-controller-endpoint-publishing-strategies.adoc,networking/ingress_load_balancing/configuring_ingress_cluster_traffic/nw-configuring-ingress-controller-endpoint-publishing-strategy.adoc,full,,
Understand Ingress Architecture,Learn how the Ingress Operator and HAProxy routers work.,Configure Ingress and Routes,full,modules/nw-using-ingress-and-routes.adoc,networking/ingress_load_balancing/configuring_ingress_cluster_traffic/configuring-ingress-cluster-traffic-ingress-controller.adoc,full,,
Configure Ingress Controller Parameters,Customize ingress behavior for requirements.,Configure Ingress and Routes,full,modules/nw-ingress-controller-configuration-parameters.adoc,networking/networking_operators/ingress-operator.adoc,full,,
Configure Ingress Controller Parameters,Customize ingress behavior for requirements.,Configure Ingress and Routes,full,modules/nw-ingress-view.adoc,networking/networking_operators/ingress-operator.adoc,full,,
Configure Ingress Controller Parameters,Customize ingress behavior for requirements.,Configure Ingress and Routes,full,modules/nw-ingress-controller-status.adoc,networking/networking_operators/ingress-operator.adoc,full,,
Configure Ingress Controller Parameters,Customize ingress behavior for requirements.,Configure Ingress and Routes,full,modules/nw-ingress-operator-status.adoc,networking/networking_operators/ingress-operator.adoc,full,,
Configure Ingress Controller Parameters,Customize ingress behavior for requirements.,Configure Ingress and Routes,full,modules/nw-ingress-operator-logs.adoc,networking/networking_operators/ingress-operator.adoc,full,,
Configure Ingress Controller Parameters,Customize ingress behavior for requirements.,Configure Ingress and Routes,full,modules/nw-create-custom-ingress-controller.adoc,networking/networking_operators/ingress-operator.adoc,full,,
Configure Ingress Controller Parameters,Customize ingress behavior for requirements.,Configure Ingress and Routes,full,modules/nw-ingress-setting-a-custom-default-certificate.adoc,networking/networking_operators/ingress-operator.adoc,full,,
Configure Ingress Controller Parameters,Customize ingress behavior for requirements.,Configure Ingress and Routes,full,modules/nw-ingress-custom-default-certificate-remove.adoc,networking/networking_operators/ingress-operator.adoc,full,,
Configure Ingress Controller Parameters,Customize ingress behavior for requirements.,Configure Ingress and Routes,full,modules/nw-ingress-setting-internal-lb.adoc,networking/networking_operators/ingress-operator.adoc,full,,
Configure Ingress Controller Parameters,Customize ingress behavior for requirements.,Configure Ingress and Routes,full,modules/nw-ingress-default-internal.adoc,networking/networking_operators/ingress-operator.adoc,full,,
Configure Ingress Controller Parameters,Customize ingress behavior for requirements.,Configure Ingress and Routes,full,modules/nw-ingress-configuring-application-domain.adoc,networking/networking_operators/ingress-operator.adoc,full,,
Configure Ingress Controller Parameters,Customize ingress behavior for requirements.,Configure Ingress and Routes,full,modules/nw-route-admission-policy.adoc,networking/networking_operators/ingress-operator.adoc,full,,
Configure Ingress Controller Parameters,Customize ingress behavior for requirements.,Configure Ingress and Routes,full,modules/using-wildcard-routes.adoc,networking/networking_operators/ingress-operator.adoc,full,,
Configure Ingress Controller Parameters,Customize ingress behavior for requirements.,Configure Ingress and Routes,full,modules/nw-ingresscontroller-change-internal.adoc,networking/ingress_load_balancing/configuring_ingress_cluster_traffic/nw-configuring-ingress-controller-endpoint-publishing-strategy.adoc,full,,
Configure Ingress Controller Parameters,Customize ingress behavior for requirements.,Configure Ingress and Routes,full,modules/nw-ingresscontroller-change-external.adoc,networking/ingress_load_balancing/configuring_ingress_cluster_traffic/nw-configuring-ingress-controller-endpoint-publishing-strategy.adoc,full,,
Configure Ingress Controller Parameters,Customize ingress behavior for requirements.,Configure Ingress and Routes,full,modules/nw-ingress-controller-nodeportservice-projects.adoc,networking/ingress_load_balancing/configuring_ingress_cluster_traffic/nw-configuring-ingress-controller-endpoint-publishing-strategy.adoc,full,,
Configure Advanced Ingress Features,Enable performance and operational features.,Configure Ingress and Routes,full,modules/nw-autoscaling-ingress-controller.adoc,networking/networking_operators/ingress-operator.adoc,full,,
Configure Advanced Ingress Features,Enable performance and operational features.,Configure Ingress and Routes,full,modules/nw-scaling-ingress-controller.adoc,networking/networking_operators/ingress-operator.adoc,full,,
Configure Advanced Ingress Features,Enable performance and operational features.,Configure Ingress and Routes,full,modules/nw-ingress-setting-thread-count.adoc,networking/networking_operators/ingress-operator.adoc,full,,
Configure Advanced Ingress Features,Enable performance and operational features.,Configure Ingress and Routes,full,modules/nw-ingress-setting-max-connections.adoc,networking/networking_operators/ingress-operator.adoc,full,,
Configure Advanced Ingress Features,Enable performance and operational features.,Configure Ingress and Routes,full,modules/nw-ingress-controller-config-tuningoptions-healthcheckinterval.adoc,networking/networking_operators/ingress-operator.adoc,full,,
Configure Advanced Ingress Features,Enable performance and operational features.,Configure Ingress and Routes,full,modules/nw-configuring-router-compression.adoc,networking/networking_operators/ingress-operator.adoc,full,,
Configure Advanced Ingress Features,Enable performance and operational features.,Configure Ingress and Routes,full,modules/nw-http2-haproxy.adoc,networking/networking_operators/ingress-operator.adoc,full,,
Configure Advanced Ingress Features,Enable performance and operational features.,Configure Ingress and Routes,full,modules/nw-enable-http2.adoc,networking/networking_operators/ingress-operator.adoc,full,,
Configure Advanced Ingress Features,Enable performance and operational features.,Configure Ingress and Routes,full,modules/nw-disable-http2.adoc,networking/networking_operators/ingress-operator.adoc,full,,
Configure Advanced Ingress Features,Enable performance and operational features.,Configure Ingress and Routes,full,modules/nw-http-header-configuration.adoc,networking/networking_operators/ingress-operator.adoc,full,,
Configure Advanced Ingress Features,Enable performance and operational features.,Configure Ingress and Routes,full,modules/nw-ingress-set-or-delete-http-headers.adoc,networking/networking_operators/ingress-operator.adoc,full,,
Configure Advanced Ingress Features,Enable performance and operational features.,Configure Ingress and Routes,full,modules/nw-ingress-converting-http-header-case.adoc,networking/networking_operators/ingress-operator.adoc,full,,
Configure Advanced Ingress Features,Enable performance and operational features.,Configure Ingress and Routes,full,modules/nw-using-ingress-forwarded.adoc,networking/networking_operators/ingress-operator.adoc,full,,
Configure Advanced Ingress Features,Enable performance and operational features.,Configure Ingress and Routes,full,modules/nw-ingress-controller-configuration-proxy-protocol.adoc,networking/networking_operators/ingress-operator.adoc,full,,
Configure Advanced Ingress Features,Enable performance and operational features.,Configure Ingress and Routes,full,modules/nw-configure-ingress-access-logging.adoc,networking/networking_operators/ingress-operator.adoc,full,,
Configure Advanced Ingress Features,Enable performance and operational features.,Configure Ingress and Routes,full,modules/nw-exposing-router-metrics.adoc,networking/networking_operators/ingress-operator.adoc,full,,
Configure Advanced Ingress Features,Enable performance and operational features.,Configure Ingress and Routes,full,modules/nw-customize-ingress-error-pages.adoc,networking/networking_operators/ingress-operator.adoc,full,,
Configure Advanced Ingress Features,Enable performance and operational features.,Configure Ingress and Routes,full,modules/nw-ingress-controller-configuration-gcp-global-access.adoc,networking/networking_operators/ingress-operator.adoc,full,,
Configure Advanced Ingress Features,Enable performance and operational features.,Configure Ingress and Routes,full,modules/nw-ingress-sharding-concept.adoc,networking/ingress_load_balancing/configuring_ingress_cluster_traffic/configuring-ingress-cluster-traffic-ingress-controller.adoc,full,,
Configure Advanced Ingress Features,Enable performance and operational features.,Configure Ingress and Routes,full,modules/nw-ingress-sharding.adoc,networking/ingress_load_balancing/configuring_ingress_cluster_traffic/configuring-ingress-cluster-traffic-ingress-controller.adoc,full,,
Configure Advanced Ingress Features,Enable performance and operational features.,Configure Ingress and Routes,full,modules/nw-traditional-sharding.adoc,networking/ingress_load_balancing/configuring_ingress_cluster_traffic/configuring-ingress-cluster-traffic-ingress-controller.adoc,full,,
Configure Advanced Ingress Features,Enable performance and operational features.,Configure Ingress and Routes,full,modules/nw-overlapped-sharding.adoc,networking/ingress_load_balancing/configuring_ingress_cluster_traffic/configuring-ingress-cluster-traffic-ingress-controller.adoc,full,,
Configure Advanced Ingress Features,Enable performance and operational features.,Configure Ingress and Routes,full,modules/nw-ingress-sharding-route-labels.adoc,networking/ingress_load_balancing/configuring_ingress_cluster_traffic/configuring-ingress-cluster-traffic-ingress-controller.adoc,full,,
Configure Advanced Ingress Features,Enable performance and operational features.,Configure Ingress and Routes,full,modules/nw-ingress-sharding-namespace-labels.adoc,networking/ingress_load_balancing/configuring_ingress_cluster_traffic/configuring-ingress-cluster-traffic-ingress-controller.adoc,full,,
Understand Gateway API,Understand the benefits and limitations of using Gatway API to optimize network traffic management and implement routing policies in OpenShift Container Platform.,Configure Ingress and Routes,full,modules/gateway-api-benefits-limitations.adoc,networking/ingress_load_balancing/configuring_gateway_api/understand-gateway-api.adoc,full,,
Understand Gateway API,Understand the benefits and limitations of using Gatway API to optimize network traffic management and implement routing policies in OpenShift Container Platform.,Configure Ingress and Routes,full,modules/gateway-api-implementation-specifics.adoc,networking/ingress_load_balancing/configuring_gateway_api/understand-gateway-api.adoc,full,,
Understand Gateway API,Understand the benefits and limitations of using Gatway API to optimize network traffic management and implement routing policies in OpenShift Container Platform.,Configure Ingress and Routes,full,modules/gateway-api-deployment-topologies.adoc,networking/ingress_load_balancing/configuring_gateway_api/understand-gateway-api.adoc,full,,
Understand Gateway API,Understand the benefits and limitations of using Gatway API to optimize network traffic management and implement routing policies in OpenShift Container Platform.,Configure Ingress and Routes,full,modules/comparing-openshift-routes-and-httproutes.adoc,networking/ingress_load_balancing/configuring_gateway_api/routing-http-requests-to-services.adoc,full,,
Configure Gateway Resources,"When I need to expose applications and APIs to external consumers, I want to configure gateway resources and routing policies, so I can securely and reliably manage traffic entering the cluster",Configure Ingress and Routes,full,modules/enable-gateway-api-ingress-operator.adoc,networking/ingress_load_balancing/configuring_gateway_api/enable-gateway-api.adoc,full,,
Configure Gateway Resources,"When I need to expose applications and APIs to external consumers, I want to configure gateway resources and routing policies, so I can securely and reliably manage traffic entering the cluster",Configure Ingress and Routes,full,modules/configuring-listener-routing-security.adoc,networking/ingress_load_balancing/configuring_gateway_api/controlling-incoming-traffic-gateway-listeners.adoc,full,,
Configure Gateway Resources,"When I need to expose applications and APIs to external consumers, I want to configure gateway resources and routing policies, so I can securely and reliably manage traffic entering the cluster",Configure Ingress and Routes,full,modules/gateway-listener-configuration-reference.adoc,networking/ingress_load_balancing/configuring_gateway_api/controlling-incoming-traffic-gateway-listeners.adoc,full,,
Configure Gateway Resources,"When I need to expose applications and APIs to external consumers, I want to configure gateway resources and routing policies, so I can securely and reliably manage traffic entering the cluster",Configure Ingress and Routes,full,modules/resolving-listener-routing-conflicts.adoc,networking/ingress_load_balancing/configuring_gateway_api/controlling-incoming-traffic-gateway-listeners.adoc,full,,
Configure Gateway Resources,"When I need to expose applications and APIs to external consumers, I want to configure gateway resources and routing policies, so I can securely and reliably manage traffic entering the cluster",Configure Ingress and Routes,full,modules/troubleshooting-listener-conditions.adoc,networking/ingress_load_balancing/configuring_gateway_api/controlling-incoming-traffic-gateway-listeners.adoc,full,,
Configure Gateway Resources,"When I need to expose applications and APIs to external consumers, I want to configure gateway resources and routing policies, so I can securely and reliably manage traffic entering the cluster",Configure Ingress and Routes,full,modules/gateway-listener-troubleshooting-reference.adoc,networking/ingress_load_balancing/configuring_gateway_api/controlling-incoming-traffic-gateway-listeners.adoc,full,,
Configure Gateway Resources,"When I need to expose applications and APIs to external consumers, I want to configure gateway resources and routing policies, so I can securely and reliably manage traffic entering the cluster",Configure Ingress and Routes,full,modules/understand-gateway-address-assignment.adoc,networking/ingress_load_balancing/configuring_gateway_api/assigning-network-addresses-gateways.adoc,full,,
Configure Gateway Resources,"When I need to expose applications and APIs to external consumers, I want to configure gateway resources and routing policies, so I can securely and reliably manage traffic entering the cluster",Configure Ingress and Routes,full,modules/on-premise-gateway-routing-requirements.adoc,networking/ingress_load_balancing/configuring_gateway_api/assigning-network-addresses-gateways.adoc,full,,
Configure Gateway Resources,"When I need to expose applications and APIs to external consumers, I want to configure gateway resources and routing policies, so I can securely and reliably manage traffic entering the cluster",Configure Ingress and Routes,full,modules/configuring-automatic-address-assignment-gateway.adoc,networking/ingress_load_balancing/configuring_gateway_api/assigning-network-addresses-gateways.adoc,full,,
Configure Gateway Resources,"When I need to expose applications and APIs to external consumers, I want to configure gateway resources and routing policies, so I can securely and reliably manage traffic entering the cluster",Configure Ingress and Routes,full,modules/configuring-internal-lb-gateway.adoc,networking/ingress_load_balancing/configuring_gateway_api/assigning-network-addresses-gateways.adoc,full,,
Configure Gateway Resources,"When I need to expose applications and APIs to external consumers, I want to configure gateway resources and routing policies, so I can securely and reliably manage traffic entering the cluster",Configure Ingress and Routes,full,modules/internal-lb-annotations-reference.adoc,networking/ingress_load_balancing/configuring_gateway_api/assigning-network-addresses-gateways.adoc,full,,
Configure Gateway Resources,"When I need to expose applications and APIs to external consumers, I want to configure gateway resources and routing policies, so I can securely and reliably manage traffic entering the cluster",Configure Ingress and Routes,full,modules/configuring-dns-on-premise-gateways.adoc,networking/ingress_load_balancing/configuring_gateway_api/assigning-network-addresses-gateways.adoc,full,,
Configure Gateway Resources,"When I need to expose applications and APIs to external consumers, I want to configure gateway resources and routing policies, so I can securely and reliably manage traffic entering the cluster",Configure Ingress and Routes,full,modules/gatewayclass-status-conditions.adoc,networking/ingress_load_balancing/configuring_gateway_api/verifying-gateway-infrastructure-status.adoc,full,,
Configure Gateway Resources,"When I need to expose applications and APIs to external consumers, I want to configure gateway resources and routing policies, so I can securely and reliably manage traffic entering the cluster",Configure Ingress and Routes,full,modules/gateway-listener-status-conditions.adoc,networking/ingress_load_balancing/configuring_gateway_api/verifying-gateway-infrastructure-status.adoc,full,,
Configure Gateway Resources,"When I need to expose applications and APIs to external consumers, I want to configure gateway resources and routing policies, so I can securely and reliably manage traffic entering the cluster",Configure Ingress and Routes,full,modules/querying-gateway-status-cli.adoc,networking/ingress_load_balancing/configuring_gateway_api/verifying-gateway-infrastructure-status.adoc,full,,
Configure HTTPRoute Resources,"When I need to direct incoming HTTP and HTTPS traffic to specific services, I want to define HTTP routing rules, so I can control how requests are matched and delivered to applications.",Configure Ingress and Routes,full,modules/creating-httproute.adoc,networking/ingress_load_balancing/configuring_gateway_api/routing-http-requests-to-services.adoc,full,,
Configure HTTPRoute Resources,"When I need to direct incoming HTTP and HTTPS traffic to specific services, I want to define HTTP routing rules, so I can control how requests are matched and delivered to applications.",Configure Ingress and Routes,full,modules/configuring-http-request-matching-conditions.adoc,networking/ingress_load_balancing/configuring_gateway_api/routing-http-requests-to-services.adoc,full,,
Configure HTTPRoute Resources,"When I need to direct incoming HTTP and HTTPS traffic to specific services, I want to define HTTP routing rules, so I can control how requests are matched and delivered to applications.",Configure Ingress and Routes,full,modules/supported-httproute-match-types.adoc,networking/ingress_load_balancing/configuring_gateway_api/routing-http-requests-to-services.adoc,full,,
Configure HTTPRoute Resources,"When I need to direct incoming HTTP and HTTPS traffic to specific services, I want to define HTTP routing rules, so I can control how requests are matched and delivered to applications.",Configure Ingress and Routes,full,modules/applying-processing-filters-http-requests.adoc,networking/ingress_load_balancing/configuring_gateway_api/routing-http-requests-to-services.adoc,full,,
Configure HTTPRoute Resources,"When I need to direct incoming HTTP and HTTPS traffic to specific services, I want to define HTTP routing rules, so I can control how requests are matched and delivered to applications.",Configure Ingress and Routes,full,modules/supported-httproute-filters.adoc,networking/ingress_load_balancing/configuring_gateway_api/routing-http-requests-to-services.adoc,full,,
Configure HTTPRoute Resources,"When I need to direct incoming HTTP and HTTPS traffic to specific services, I want to define HTTP routing rules, so I can control how requests are matched and delivered to applications.",Configure Ingress and Routes,full,modules/configuring-routing-destinations-weights.adoc,networking/ingress_load_balancing/configuring_gateway_api/routing-http-requests-to-services.adoc,full,,
Configure HTTPRoute Resources,"When I need to direct incoming HTTP and HTTPS traffic to specific services, I want to define HTTP routing rules, so I can control how requests are matched and delivered to applications.",Configure Ingress and Routes,full,modules/httproute-backendref-configuration.adoc,networking/ingress_load_balancing/configuring_gateway_api/routing-http-requests-to-services.adoc,full,,
Configure HTTPRoute Resources,"When I need to direct incoming HTTP and HTTPS traffic to specific services, I want to define HTTP routing rules, so I can control how requests are matched and delivered to applications.",Configure Ingress and Routes,full,modules/setting-timeouts-http-requests.adoc,networking/ingress_load_balancing/configuring_gateway_api/routing-http-requests-to-services.adoc,full,,
Configure HTTPRoute Resources,"When I need to direct incoming HTTP and HTTPS traffic to specific services, I want to define HTTP routing rules, so I can control how requests are matched and delivered to applications.",Configure Ingress and Routes,full,modules/httproute-timeout-configuration.adoc,networking/ingress_load_balancing/configuring_gateway_api/routing-http-requests-to-services.adoc,full,,
Configure HTTPRoute Resources,"When I need to direct incoming HTTP and HTTPS traffic to specific services, I want to define HTTP routing rules, so I can control how requests are matched and delivered to applications.",Configure Ingress and Routes,full,modules/httproute-tls-options.adoc,networking/ingress_load_balancing/configuring_gateway_api/securing-httproutes.adoc,full,,
Configure HTTPRoute Resources,"When I need to direct incoming HTTP and HTTPS traffic to specific services, I want to define HTTP routing rules, so I can control how requests are matched and delivered to applications.",Configure Ingress and Routes,full,modules/securing-client-connections-edge-tls.adoc,networking/ingress_load_balancing/configuring_gateway_api/securing-httproutes.adoc,full,,
Configure HTTPRoute Resources,"When I need to direct incoming HTTP and HTTPS traffic to specific services, I want to define HTTP routing rules, so I can control how requests are matched and delivered to applications.",Configure Ingress and Routes,full,modules/about-backend-tls-validation.adoc,networking/ingress_load_balancing/configuring_gateway_api/securing-httproutes.adoc,full,,
Configure HTTPRoute Resources,"When I need to direct incoming HTTP and HTTPS traffic to specific services, I want to define HTTP routing rules, so I can control how requests are matched and delivered to applications.",Configure Ingress and Routes,full,modules/configuring-backend-reencrypt-tls.adoc,networking/ingress_load_balancing/configuring_gateway_api/securing-httproutes.adoc,full,,
Configure TLSRoute Resources,"When I need to expose encrypted services through a shared gateway, I want to define TLS routing rules, so I can direct secure client connections to the appropriate applications while preserving end-to-end encryption.",Configure Ingress and Routes,gap,,,gap,No module covers TLSRoute,No TLSRoute content exists anywhere in the repository. The Gateway API documentation covers HTTPRoute and GRPCRoute only. Closest adjacent content is modules/httproute-tls-options.adoc (edge and re-encrypt TLS on HTTPRoute) and modules/nw-ingress-creating-a-passthrough-route.adoc (TLS passthrough with classic routes). New modules are needed.
Configure High-Performance Networking,"When I need high-performance networking, I want to configure SR-IOV or DPU offloading, so I can achieve low-latency network connectivity for specialized workloads",,full,modules/nw-sriov-hwol-about-hardware-offloading.adoc,networking/hardware_networks/configuring-hardware-offloading.adoc,full,,
Configure High-Performance Networking,"When I need high-performance networking, I want to configure SR-IOV or DPU offloading, so I can achieve low-latency network connectivity for specialized workloads",,full,modules/nw-sriov-hwol-supported-devices.adoc,networking/hardware_networks/configuring-hardware-offloading.adoc,full,,
Configure High-Performance Networking,"When I need high-performance networking, I want to configure SR-IOV or DPU offloading, so I can achieve low-latency network connectivity for specialized workloads",,full,modules/nw-sriov-hwol-prerequisites.adoc,networking/hardware_networks/configuring-hardware-offloading.adoc,full,,
Configure High-Performance Networking,"When I need high-performance networking, I want to configure SR-IOV or DPU offloading, so I can achieve low-latency network connectivity for specialized workloads",,full,modules/nw-sriov-hwol-configuring-systemd-mode.adoc,networking/hardware_networks/configuring-hardware-offloading.adoc,full,,
Configure High-Performance Networking,"When I need high-performance networking, I want to configure SR-IOV or DPU offloading, so I can achieve low-latency network connectivity for specialized workloads",,full,modules/nw-sriov-hwol-configuring-machine-config-pool.adoc,networking/hardware_networks/configuring-hardware-offloading.adoc,full,,
Configure High-Performance Networking,"When I need high-performance networking, I want to configure SR-IOV or DPU offloading, so I can achieve low-latency network connectivity for specialized workloads",,full,modules/nw-sriov-hwol-creating-sriov-policy.adoc,networking/hardware_networks/configuring-hardware-offloading.adoc,full,,
Configure High-Performance Networking,"When I need high-performance networking, I want to configure SR-IOV or DPU offloading, so I can achieve low-latency network connectivity for specialized workloads",,full,modules/nw-sriov-hwol-improving-network-traffic-performance.adoc,networking/hardware_networks/configuring-hardware-offloading.adoc,full,,
Configure High-Performance Networking,"When I need high-performance networking, I want to configure SR-IOV or DPU offloading, so I can achieve low-latency network connectivity for specialized workloads",,full,modules/nw-sriov-hwol-creating-network-attachment-definition.adoc,networking/hardware_networks/configuring-hardware-offloading.adoc,full,,
Configure High-Performance Networking,"When I need high-performance networking, I want to configure SR-IOV or DPU offloading, so I can achieve low-latency network connectivity for specialized workloads",,full,modules/nw-sriov-hwol-adding-network-attachment-definitions-to-pods.adoc,networking/hardware_networks/configuring-hardware-offloading.adoc,full,,
Configure High-Performance Networking,"When I need high-performance networking, I want to configure SR-IOV or DPU offloading, so I can achieve low-latency network connectivity for specialized workloads",,full,modules/nw-about-dpu.adoc,networking/networking_operators/dpu-operator/dpu-operator.adoc,full,,
Configure High-Performance Networking,"When I need high-performance networking, I want to configure SR-IOV or DPU offloading, so I can achieve low-latency network connectivity for specialized workloads",,full,modules/nw-dpu-intro-installing-operator.adoc,networking/networking_operators/dpu-operator/dpu-operator.adoc,full,,
Configure High-Performance Networking,"When I need high-performance networking, I want to configure SR-IOV or DPU offloading, so I can achieve low-latency network connectivity for specialized workloads",,full,modules/nw-dpu-installing-operator-cli.adoc,networking/networking_operators/dpu-operator/dpu-operator.adoc,full,,
Configure High-Performance Networking,"When I need high-performance networking, I want to configure SR-IOV or DPU offloading, so I can achieve low-latency network connectivity for specialized workloads",,full,modules/nw-dpu-installing-operator-ui.adoc,networking/networking_operators/dpu-operator/dpu-operator.adoc,full,,
Configure High-Performance Networking,"When I need high-performance networking, I want to configure SR-IOV or DPU offloading, so I can achieve low-latency network connectivity for specialized workloads",,full,modules/nw-dpu-configuring-operator.adoc,networking/networking_operators/dpu-operator/dpu-operator.adoc,full,,
Configure High-Performance Networking,"When I need high-performance networking, I want to configure SR-IOV or DPU offloading, so I can achieve low-latency network connectivity for specialized workloads",,full,modules/nw-dpu-running-workloads.adoc,networking/networking_operators/dpu-operator/dpu-operator.adoc,full,,
Configure High-Performance Networking,"When I need high-performance networking, I want to configure SR-IOV or DPU offloading, so I can achieve low-latency network connectivity for specialized workloads",,full,modules/nw-monitoring-dpu-status.adoc,networking/networking_operators/dpu-operator/dpu-operator.adoc,full,,
Configure High-Performance Networking,"When I need high-performance networking, I want to configure SR-IOV or DPU offloading, so I can achieve low-latency network connectivity for specialized workloads",,full,modules/nw-sriov-example-vf-function-in-pod.adoc,networking/hardware_networks/using-dpdk-and-rdma.adoc,full,,
Configure High-Performance Networking,"When I need high-performance networking, I want to configure SR-IOV or DPU offloading, so I can achieve low-latency network connectivity for specialized workloads",,full,modules/nw-sriov-dpdk-example-intel.adoc,networking/hardware_networks/using-dpdk-and-rdma.adoc,full,,
Configure High-Performance Networking,"When I need high-performance networking, I want to configure SR-IOV or DPU offloading, so I can achieve low-latency network connectivity for specialized workloads",,full,modules/nw-sriov-dpdk-example-mellanox.adoc,networking/hardware_networks/using-dpdk-and-rdma.adoc,full,,
Configure High-Performance Networking,"When I need high-performance networking, I want to configure SR-IOV or DPU offloading, so I can achieve low-latency network connectivity for specialized workloads",,full,modules/nw-running-dpdk-rootless-tap.adoc,networking/hardware_networks/using-dpdk-and-rdma.adoc,full,,
Configure High-Performance Networking,"When I need high-performance networking, I want to configure SR-IOV or DPU offloading, so I can achieve low-latency network connectivity for specialized workloads",,full,modules/nw-sriov-concept-dpdk-line-rate.adoc,networking/hardware_networks/using-dpdk-and-rdma.adoc,full,,
Configure High-Performance Networking,"When I need high-performance networking, I want to configure SR-IOV or DPU offloading, so I can achieve low-latency network connectivity for specialized workloads",,full,modules/nw-sriov-example-dpdk-line-rate.adoc,networking/hardware_networks/using-dpdk-and-rdma.adoc,full,,
Configure High-Performance Networking,"When I need high-performance networking, I want to configure SR-IOV or DPU offloading, so I can achieve low-latency network connectivity for specialized workloads",,full,modules/nw-sriov-rdma-example-mellanox.adoc,networking/hardware_networks/using-dpdk-and-rdma.adoc,full,,
Configure High-Performance Networking,"When I need high-performance networking, I want to configure SR-IOV or DPU offloading, so I can achieve low-latency network connectivity for specialized workloads",,full,modules/nw-configuring-sriov-rdma-cni.adoc,networking/hardware_networks/configuring-sriov-rdma-cni.adoc,full,,
Configure High-Performance Networking,"When I need high-performance networking, I want to configure SR-IOV or DPU offloading, so I can achieve low-latency network connectivity for specialized workloads",,full,modules/nw-high-performance-multicast.adoc,networking/hardware_networks/using-sriov-multicast.adoc,full,,
Configure High-Performance Networking,"When I need high-performance networking, I want to configure SR-IOV or DPU offloading, so I can achieve low-latency network connectivity for specialized workloads",,full,modules/nw-configuring-high-performance-multicast-with-sriov.adoc,networking/hardware_networks/using-sriov-multicast.adoc,full,,
Configure SR-IOV Network Devices,Enable SR-IOV virtual functions for pod networking.,Configure High-Performance Networking,full,modules/nw-sriov-networknodepolicy-object.adoc,networking/hardware_networks/configuring-sriov-device.adoc,full,,
Configure SR-IOV Network Devices,Enable SR-IOV virtual functions for pod networking.,Configure High-Performance Networking,full,modules/nw-sr-iov-network-node-configuration-examples.adoc,networking/hardware_networks/configuring-sriov-device.adoc,full,,
Configure SR-IOV Network Devices,Enable SR-IOV virtual functions for pod networking.,Configure High-Performance Networking,full,modules/nw-sriov-device-discovery.adoc,networking/hardware_networks/configuring-sriov-device.adoc,full,,
Configure SR-IOV Network Devices,Enable SR-IOV virtual functions for pod networking.,Configure High-Performance Networking,full,modules/nw-sriov-nic-mlx-secure-boot.adoc,networking/hardware_networks/configuring-sriov-device.adoc,full,,
Configure SR-IOV Network Devices,Enable SR-IOV virtual functions for pod networking.,Configure High-Performance Networking,full,modules/nw-sriov-nic-partitioning.adoc,networking/hardware_networks/configuring-sriov-device.adoc,full,,
Configure SR-IOV Network Devices,Enable SR-IOV virtual functions for pod networking.,Configure High-Performance Networking,full,modules/nw-sriov-huge-pages.adoc,networking/hardware_networks/configuring-sriov-device.adoc,full,,
Configure SR-IOV Network Devices,Enable SR-IOV virtual functions for pod networking.,Configure High-Performance Networking,full,modules/nw-sriov-configuring-device.adoc,networking/hardware_networks/configuring-sriov-device.adoc,full,,
Configure SR-IOV Network Devices,Enable SR-IOV virtual functions for pod networking.,Configure High-Performance Networking,full,modules/nw-sriov-topology-manager.adoc,networking/hardware_networks/configuring-sriov-device.adoc,full,,
Configure SR-IOV Network Devices,Enable SR-IOV virtual functions for pod networking.,Configure High-Performance Networking,full,modules/nw-sriov-exclude-topology-manager.adoc,networking/hardware_networks/configuring-sriov-device.adoc,full,,
Configure SR-IOV Network Devices,Enable SR-IOV virtual functions for pod networking.,Configure High-Performance Networking,full,modules/nw-sriov-troubleshooting.adoc,networking/hardware_networks/configuring-sriov-device.adoc,full,,
Configure SR-IOV Network Devices,Enable SR-IOV virtual functions for pod networking.,Configure High-Performance Networking,full,modules/nw-sriov-network-object.adoc,networking/hardware_networks/configuring-sriov-net-attach.adoc,full,,
Configure SR-IOV Network Devices,Enable SR-IOV virtual functions for pod networking.,Configure High-Performance Networking,full,modules/nw-sriov-network-attachment.adoc,networking/hardware_networks/configuring-sriov-net-attach.adoc,full,,
Configure SR-IOV Network Devices,Enable SR-IOV virtual functions for pod networking.,Configure High-Performance Networking,full,modules/nw-sriov-runtime-config-ethernet.adoc,networking/hardware_networks/configuring-sriov-net-attach.adoc,full,,
Configure SR-IOV Network Devices,Enable SR-IOV virtual functions for pod networking.,Configure High-Performance Networking,full,modules/nw-sriov-configuring-multiple-nodes.adoc,networking/hardware_networks/configuring-sriov-net-attach.adoc,full,,
Configure SR-IOV Network Devices,Enable SR-IOV virtual functions for pod networking.,Configure High-Performance Networking,full,modules/nw-sriov-ibnetwork-object.adoc,networking/hardware_networks/configuring-sriov-ib-attach.adoc,full,,
Configure SR-IOV Network Devices,Enable SR-IOV virtual functions for pod networking.,Configure High-Performance Networking,full,modules/nw-sriov-runtime-config-sriov-ib.adoc,networking/hardware_networks/configuring-sriov-ib-attach.adoc,full,,
Configure SR-IOV Network Devices,Enable SR-IOV virtual functions for pod networking.,Configure High-Performance Networking,full,modules/nw-multus-ipam-object.adoc,networking/hardware_networks/configuring-sriov-net-attach.adoc,full,,
Configure SR-IOV Network Devices,Enable SR-IOV virtual functions for pod networking.,Configure High-Performance Networking,full,modules/nw-multus-whereabouts.adoc,networking/hardware_networks/configuring-sriov-net-attach.adoc,full,,
Configure SR-IOV Network Devices,Enable SR-IOV virtual functions for pod networking.,Configure High-Performance Networking,full,modules/nw-multus-configure-dualstack-ip-address.adoc,networking/hardware_networks/configuring-sriov-net-attach.adoc,full,,
Configure SR-IOV Network Devices,Enable SR-IOV virtual functions for pod networking.,Configure High-Performance Networking,full,modules/nw-sriov-expose-mtu.adoc,networking/hardware_networks/configuring-sriov-net-attach.adoc,full,,
Configure SR-IOV Network Devices,Enable SR-IOV virtual functions for pod networking.,Configure High-Performance Networking,full,modules/nw-sriov-change-vf-mtu-running-pod.adoc,networking/hardware_networks/configuring-sriov-net-attach.adoc,full,,
Configure SR-IOV Network Devices,Enable SR-IOV virtual functions for pod networking.,Configure High-Performance Networking,full,modules/nw-label-nodes-with-sriov.adoc,networking/hardware_networks/configuring-interface-sysctl-sriov-device.adoc,full,,
Configure SR-IOV Network Devices,Enable SR-IOV virtual functions for pod networking.,Configure High-Performance Networking,full,modules/nw-sriov-interface-level-sysctl-basic.adoc,networking/hardware_networks/configuring-interface-sysctl-sriov-device.adoc,full,,
Configure SR-IOV Network Devices,Enable SR-IOV virtual functions for pod networking.,Configure High-Performance Networking,full,modules/nw-configure-sysctl-interface-sriov-network.adoc,networking/hardware_networks/configuring-interface-sysctl-sriov-device.adoc,full,,
Configure SR-IOV Network Devices,Enable SR-IOV virtual functions for pod networking.,Configure High-Performance Networking,full,modules/nw-sriov-interface-level-sysctl-bonded.adoc,networking/hardware_networks/configuring-interface-sysctl-sriov-device.adoc,full,,
Configure SR-IOV Network Devices,Enable SR-IOV virtual functions for pod networking.,Configure High-Performance Networking,full,modules/nw-sriov-about-all-multi-cast-mode.adoc,networking/hardware_networks/configuring-interface-sysctl-sriov-device.adoc,full,,
Configure SR-IOV Network Devices,Enable SR-IOV virtual functions for pod networking.,Configure High-Performance Networking,full,modules/nw-enable-all-multicast-mode-sriov-network.adoc,networking/hardware_networks/configuring-interface-sysctl-sriov-device.adoc,full,,
Configure SR-IOV Network Devices,Enable SR-IOV virtual functions for pod networking.,Configure High-Performance Networking,full,modules/nw-introduction-namespaced-sriov.adoc,networking/hardware_networks/configuring-namespaced-sriov-resources.adoc,full,,
Configure SR-IOV Network Devices,Enable SR-IOV virtual functions for pod networking.,Configure High-Performance Networking,full,modules/nw-configuring-sriov-in-app-namespace.adoc,networking/hardware_networks/configuring-namespaced-sriov-resources.adoc,full,,
Configure SR-IOV Network Devices,Enable SR-IOV virtual functions for pod networking.,Configure High-Performance Networking,full,modules/nw-sriov-about-qinq.adoc,networking/hardware_networks/configuring-sriov-qinq-support.adoc,full,,
Configure SR-IOV Network Devices,Enable SR-IOV virtual functions for pod networking.,Configure High-Performance Networking,full,modules/nw-configuring-qinq-sriov-proc.adoc,networking/hardware_networks/configuring-sriov-qinq-support.adoc,full,,
Configure SR-IOV Network Devices,Enable SR-IOV virtual functions for pod networking.,Configure High-Performance Networking,full,modules/installing-pfsr-operator-cli.adoc,networking/hardware_networks/configure-lacp-for-sriov.adoc,full,,
Configure SR-IOV Network Devices,Enable SR-IOV virtual functions for pod networking.,Configure High-Performance Networking,full,modules/lacp-switch-monitoring.adoc,networking/hardware_networks/configure-lacp-for-sriov.adoc,full,,
Configure SR-IOV Network Devices,Enable SR-IOV virtual functions for pod networking.,Configure High-Performance Networking,full,modules/nw-sriov-cfg-bond-interface-with-virtual-functions.adoc,networking/hardware_networks/using-pod-level-bonding.adoc,full,,
Configure SR-IOV Network Devices,Enable SR-IOV virtual functions for pod networking.,Configure High-Performance Networking,full,modules/nw-sriov-creating-bond-network-attachment-definition.adoc,networking/hardware_networks/using-pod-level-bonding.adoc,full,,
Configure SR-IOV Network Devices,Enable SR-IOV virtual functions for pod networking.,Configure High-Performance Networking,full,modules/nw-sriov-creating-pod-using-bond-interface.adoc,networking/hardware_networks/using-pod-level-bonding.adoc,full,,
Network Flow Visibility,"When I need to understand how workloads communicate across the cluster, I want to visualize network flows between pods, services, namespaces, and external endpoints, so I can understand dependencies and traffic patterns.",,full,modules/network-observability-operator.adoc,observability/network_observability/network-observability-overview.adoc,full,,
Network Flow Visibility,"When I need to understand how workloads communicate across the cluster, I want to visualize network flows between pods, services, namespaces, and external endpoints, so I can understand dependencies and traffic patterns.",,full,modules/network-observability-openshift-console-integration.adoc,observability/network_observability/network-observability-overview.adoc,full,,
Network Flow Visibility,"When I need to understand how workloads communicate across the cluster, I want to visualize network flows between pods, services, namespaces, and external endpoints, so I can understand dependencies and traffic patterns.",,full,modules/network-observability-dashboards.adoc,observability/network_observability/network-observability-overview.adoc,full,,
Network Flow Visibility,"When I need to understand how workloads communicate across the cluster, I want to visualize network flows between pods, services, namespaces, and external endpoints, so I can understand dependencies and traffic patterns.",,full,modules/network-observability-topology-views.adoc,observability/network_observability/network-observability-overview.adoc,full,,
Network Flow Visibility,"When I need to understand how workloads communicate across the cluster, I want to visualize network flows between pods, services, namespaces, and external endpoints, so I can understand dependencies and traffic patterns.",,full,modules/network-observability-traffic-flow-tables.adoc,observability/network_observability/network-observability-overview.adoc,full,,
Network Flow Visibility,"When I need to understand how workloads communicate across the cluster, I want to visualize network flows between pods, services, namespaces, and external endpoints, so I can understand dependencies and traffic patterns.",,full,modules/network-observability-network-traffic-overview-view.adoc,observability/network_observability/observing-network-traffic.adoc,full,,
Network Flow Visibility,"When I need to understand how workloads communicate across the cluster, I want to visualize network flows between pods, services, namespaces, and external endpoints, so I can understand dependencies and traffic patterns.",,full,modules/network-observability-working-with-overview.adoc,observability/network_observability/observing-network-traffic.adoc,full,,
Network Flow Visibility,"When I need to understand how workloads communicate across the cluster, I want to visualize network flows between pods, services, namespaces, and external endpoints, so I can understand dependencies and traffic patterns.",,full,modules/network-observability-trafficflow.adoc,observability/network_observability/observing-network-traffic.adoc,full,,
Network Flow Visibility,"When I need to understand how workloads communicate across the cluster, I want to visualize network flows between pods, services, namespaces, and external endpoints, so I can understand dependencies and traffic patterns.",,full,modules/network-observability-working-with-trafficflow.adoc,observability/network_observability/observing-network-traffic.adoc,full,,
Network Flow Visibility,"When I need to understand how workloads communicate across the cluster, I want to visualize network flows between pods, services, namespaces, and external endpoints, so I can understand dependencies and traffic patterns.",,full,modules/network-observability-topology.adoc,observability/network_observability/observing-network-traffic.adoc,full,,
Network Flow Visibility,"When I need to understand how workloads communicate across the cluster, I want to visualize network flows between pods, services, namespaces, and external endpoints, so I can understand dependencies and traffic patterns.",,full,modules/network-observability-working-with-topology.adoc,observability/network_observability/observing-network-traffic.adoc,full,,
Network Flow Visibility,"When I need to understand how workloads communicate across the cluster, I want to visualize network flows between pods, services, namespaces, and external endpoints, so I can understand dependencies and traffic patterns.",,full,modules/network-observability-configuring-options-topology.adoc,observability/network_observability/observing-network-traffic.adoc,full,,
Network Flow Visibility,"When I need to understand how workloads communicate across the cluster, I want to visualize network flows between pods, services, namespaces, and external endpoints, so I can understand dependencies and traffic patterns.",,full,modules/network-observability-working-with-conversations.adoc,observability/network_observability/observing-network-traffic.adoc,full,,
Network Flow Visibility,"When I need to understand how workloads communicate across the cluster, I want to visualize network flows between pods, services, namespaces, and external endpoints, so I can understand dependencies and traffic patterns.",,full,modules/network-observability-quickfilter.adoc,observability/network_observability/observing-network-traffic.adoc,full,,
Enable IP Forwarding,Allow cluster-wide IP forwarding for routing.,orphan,full,modules/nw-cno-enable-ip-forwarding.adoc,networking/networking_operators/cluster-network-operator.adoc,full,,"ORPHAN: the CSV gives the parent as 'Tune Network Performance', which is not a job in this category. Create the job map but do not wire it into network.adoc until the parent job is placed."
Enable IP Forwarding,Allow cluster-wide IP forwarding for routing.,orphan,full,modules/nw-nmstate-enable-per-interface-ip-forwarding.adoc,networking/k8s_nmstate/k8s-nmstate-updating-node-network-config.adoc,partial,"Per-interface forwarding, not cluster-wide","ORPHAN: the CSV gives the parent as 'Tune Network Performance', which is not a job in this category. Create the job map but do not wire it into network.adoc until the parent job is placed."
Network Observability Deployment and Management Configuration,Network Observability Deployment and Management > ### Configuration,orphan,partial,modules/network-observability-grant-permissions-custom-namespace-and-secret-access.adoc,observability/network_observability/configuring-operator.adoc,full,,"ORPHAN and malformed: the CSV row is a leftover markdown heading, its job_statement repeats its job_name, and the parent 'Network Observability Deployment and Management' is not a job in this category. Its scope also duplicates 'Configure the Network Observability Operator FlowCollector'. Fix or delete the spreadsheet row before generating a job map."
Network Observability Deployment and Management Configuration,Network Observability Deployment and Management > ### Configuration,orphan,partial,modules/network-observability-create-cluster-role-bindings-custom-namespace.adoc,observability/network_observability/configuring-operator.adoc,full,,"ORPHAN and malformed: the CSV row is a leftover markdown heading, its job_statement repeats its job_name, and the parent 'Network Observability Deployment and Management' is not a job in this category. Its scope also duplicates 'Configure the Network Observability Operator FlowCollector'. Fix or delete the spreadsheet row before generating a job map."
Network Observability Deployment and Management Configuration,Network Observability Deployment and Management > ### Configuration,orphan,partial,modules/network-observability-grant-access-kafka-secrets.adoc,observability/network_observability/configuring-operator.adoc,full,,"ORPHAN and malformed: the CSV row is a leftover markdown heading, its job_statement repeats its job_name, and the parent 'Network Observability Deployment and Management' is not a job in this category. Its scope also duplicates 'Configure the Network Observability Operator FlowCollector'. Fix or delete the spreadsheet row before generating a job map."
Network Observability Deployment and Management Configuration,Network Observability Deployment and Management > ### Configuration,orphan,partial,modules/network-observability-multitenancy.adoc,observability/network_observability/installing-operators.adoc,full,,"ORPHAN and malformed: the CSV row is a leftover markdown heading, its job_statement repeats its job_name, and the parent 'Network Observability Deployment and Management' is not a job in this category. Its scope also duplicates 'Configure the Network Observability Operator FlowCollector'. Fix or delete the spreadsheet row before generating a job map."
Upgrade Network Observability operator version,Network Observability Deployment and Management > - 11.15 Upgrade Network Observability operator version,orphan,full,modules/network-observability-updating-migrating.adoc,observability/network_observability/installing-operators.adoc,full,,ORPHAN: the parent 'Network Observability Deployment and Management' is not a job in this category. The CSV job_statement is a markdown list artifact and needs a real 'When I... I want... so I can...' statement.
Upgrade Network Observability operator version,Network Observability Deployment and Management > - 11.15 Upgrade Network Observability operator version,orphan,full,modules/network-observability-important-flowcollector-considerations.adoc,observability/network_observability/installing-operators.adoc,partial,FlowCollector considerations that apply after upgrade,ORPHAN: the parent 'Network Observability Deployment and Management' is not a job in this category. The CSV job_statement is a markdown list artifact and needs a real 'When I... I want... so I can...' statement.
