job_name,job_statement,parent_job,job_coverage,module_file,source_assembly,module_status,module_note,job_notes
Tune Node Performance with Tuning Profiles,"When optimizing node performance, I want to apply tuning profiles to specific nodes, so I can improve performance for targeted workloads.",,full,modules/node-tuning-operator.adoc,scalability_and_performance/using-node-tuning-operator.adoc,full,ifeval-dispatch; ifeval branches are cluster-capabilities / node-tuning-operator / operator-reference - source assembly context 'node-tuning-operator' matches a branch,
Tune Node Performance with Tuning Profiles,"When optimizing node performance, I want to apply tuning profiles to specific nodes, so I can improve performance for targeted workloads.",,full,modules/accessing-an-example-cluster-node-tuning-operator-specification.adoc,scalability_and_performance/using-node-tuning-operator.adoc,full,,
Tune Node Performance with Tuning Profiles,"When optimizing node performance, I want to apply tuning profiles to specific nodes, so I can improve performance for targeted workloads.",,full,modules/cluster-node-tuning-operator-default-profiles-set.adoc,scalability_and_performance/using-node-tuning-operator.adoc,full,,
Tune Node Performance with Tuning Profiles,"When optimizing node performance, I want to apply tuning profiles to specific nodes, so I can improve performance for targeted workloads.",,full,modules/cluster-node-tuning-operator-verify-profiles.adoc,scalability_and_performance/using-node-tuning-operator.adoc,full,,
Tune Node Performance with Tuning Profiles,"When optimizing node performance, I want to apply tuning profiles to specific nodes, so I can improve performance for targeted workloads.",,full,modules/custom-tuning-specification.adoc,scalability_and_performance/using-node-tuning-operator.adoc,full,core reference for authoring a Tuned profile and its node/pod match rules,
Tune Node Performance with Tuning Profiles,"When optimizing node performance, I want to apply tuning profiles to specific nodes, so I can improve performance for targeted workloads.",,full,modules/custom-tuning-example.adoc,scalability_and_performance/using-node-tuning-operator.adoc,full,,
Tune Node Performance with Tuning Profiles,"When optimizing node performance, I want to apply tuning profiles to specific nodes, so I can improve performance for targeted workloads.",,full,modules/defer-applicaton-tuning-example.adoc,scalability_and_performance/using-node-tuning-operator.adoc,full,deferred application of tuning changes,
Tune Node Performance with Tuning Profiles,"When optimizing node performance, I want to apply tuning profiles to specific nodes, so I can improve performance for targeted workloads.",,full,modules/defer-application-tuning-proc.adoc,scalability_and_performance/using-node-tuning-operator.adoc,full,,
Tune Node Performance with Tuning Profiles,"When optimizing node performance, I want to apply tuning profiles to specific nodes, so I can improve performance for targeted workloads.",,full,modules/node-tuning-operator-supported-tuned-daemon-plug-ins.adoc,scalability_and_performance/using-node-tuning-operator.adoc,full,,
Tune Node Performance with Tuning Profiles,"When optimizing node performance, I want to apply tuning profiles to specific nodes, so I can improve performance for targeted workloads.",,full,modules/node-tuning-hosted-cluster.adoc,scalability_and_performance/using-node-tuning-operator.adoc,full,hosted control planes variant,
Tune Node Performance with Tuning Profiles,"When optimizing node performance, I want to apply tuning profiles to specific nodes, so I can improve performance for targeted workloads.",,full,modules/advanced-node-tuning-hosted-cluster.adoc,scalability_and_performance/using-node-tuning-operator.adoc,full,hosted control planes variant,
Tune Node Performance with Tuning Profiles,"When optimizing node performance, I want to apply tuning profiles to specific nodes, so I can improve performance for targeted workloads.",,full,modules/post-install-using-node-tuning-operator.adoc,post_installation_configuration/node-tasks.adoc,partial,day-2 pointer only; the substantive content is the NTO modules reused from the scalability assembly,
Configure CPU Isolation for Latency-Sensitive Workloads,"When running CPU-intensive workloads, I want to enable dedicated CPU allocation, so I can ensure predictable performance for latency-sensitive applications.",,full,modules/setting-up-cpu-manager.adoc,scalability_and_performance/using-cpu-manager.adoc,full,static CPU Manager policy = exclusive CPU allocation for Guaranteed pods,
Configure CPU Isolation for Latency-Sensitive Workloads,"When running CPU-intensive workloads, I want to enable dedicated CPU allocation, so I can ensure predictable performance for latency-sensitive applications.",,full,modules/nodes-nodes-resources-cpus-reserve.adoc,nodes/nodes/nodes-nodes-resources-cpus.adoc,full,reserving CPUs for system/housekeeping via KubeletConfig,
Configure CPU Isolation for Latency-Sensitive Workloads,"When running CPU-intensive workloads, I want to enable dedicated CPU allocation, so I can ensure predictable performance for latency-sensitive applications.",,full,modules/cnf-cpu-infra-container.adoc,scalability_and_performance/cnf-tuning-low-latency-nodes-with-perf-profile.adoc,full,restricting infra containers to reserved CPUs,
Configure CPU Isolation for Latency-Sensitive Workloads,"When running CPU-intensive workloads, I want to enable dedicated CPU allocation, so I can ensure predictable performance for latency-sensitive applications.",,full,modules/restricting-cnf-cpu-infra-container.adoc,scalability_and_performance/cnf-tuning-low-latency-nodes-with-perf-profile.adoc,full,,
Configure CPU Isolation for Latency-Sensitive Workloads,"When running CPU-intensive workloads, I want to enable dedicated CPU allocation, so I can ensure predictable performance for latency-sensitive applications.",,full,modules/cnf-enabling-cpu-isolation-for-executed-processes.adoc,scalability_and_performance/cnf-tuning-low-latency-nodes-with-perf-profile.adoc,full,,
Configure CPU Isolation for Latency-Sensitive Workloads,"When running CPU-intensive workloads, I want to enable dedicated CPU allocation, so I can ensure predictable performance for latency-sensitive applications.",,full,modules/cnf-disabling-cpu-isolation-for-executed-processes.adoc,scalability_and_performance/cnf-tuning-low-latency-nodes-with-perf-profile.adoc,full,,
Configure CPU Isolation for Latency-Sensitive Workloads,"When running CPU-intensive workloads, I want to enable dedicated CPU allocation, so I can ensure predictable performance for latency-sensitive applications.",,full,modules/cnf-troubleshooting-exec-cpu-affinity.adoc,scalability_and_performance/cnf-tuning-low-latency-nodes-with-perf-profile.adoc,full,,
Configure CPU Isolation for Latency-Sensitive Workloads,"When running CPU-intensive workloads, I want to enable dedicated CPU allocation, so I can ensure predictable performance for latency-sensitive applications.",,full,modules/cnf-troubleshooting-exec-cpu-affinity-reference.adoc,scalability_and_performance/cnf-tuning-low-latency-nodes-with-perf-profile.adoc,full,,
Configure CPU Isolation for Latency-Sensitive Workloads,"When running CPU-intensive workloads, I want to enable dedicated CPU allocation, so I can ensure predictable performance for latency-sensitive applications.",,full,modules/cnf-configuring-hyperthreading-for-a-cluster.adoc,scalability_and_performance/cnf-tuning-low-latency-nodes-with-perf-profile.adoc,full,SMT/hyperthreading affects which CPUs can be isolated,
Configure CPU Isolation for Latency-Sensitive Workloads,"When running CPU-intensive workloads, I want to enable dedicated CPU allocation, so I can ensure predictable performance for latency-sensitive applications.",,full,modules/disabling-hyperthreading-for-low-latency-applications.adoc,scalability_and_performance/cnf-tuning-low-latency-nodes-with-perf-profile.adoc,full,,
Configure CPU Isolation for Latency-Sensitive Workloads,"When running CPU-intensive workloads, I want to enable dedicated CPU allocation, so I can ensure predictable performance for latency-sensitive applications.",,full,modules/cnf-node-tuning-operator-creating-pod-with-guaranteed-qos-class.adoc,scalability_and_performance/cnf-provisioning-low-latency-workloads.adoc,full,Guaranteed QoS is the precondition for exclusive CPU pinning,
Configure CPU Isolation for Latency-Sensitive Workloads,"When running CPU-intensive workloads, I want to enable dedicated CPU allocation, so I can ensure predictable performance for latency-sensitive applications.",,full,modules/cnf-node-tuning-operator-disabling-cpu-load-balancing-for-dpdk.adoc,scalability_and_performance/cnf-provisioning-low-latency-workloads.adoc,full,,
Configure CPU Isolation for Latency-Sensitive Workloads,"When running CPU-intensive workloads, I want to enable dedicated CPU allocation, so I can ensure predictable performance for latency-sensitive applications.",,full,modules/cnf-disabling-cpu-cfs-quota.adoc,scalability_and_performance/cnf-provisioning-low-latency-workloads.adoc,full,,
Configure CPU Isolation for Latency-Sensitive Workloads,"When running CPU-intensive workloads, I want to enable dedicated CPU allocation, so I can ensure predictable performance for latency-sensitive applications.",,full,modules/cnf-configuring-high-priority-workload-pods.adoc,scalability_and_performance/cnf-provisioning-low-latency-workloads.adoc,full,,
Configure CPU Isolation for Latency-Sensitive Workloads,"When running CPU-intensive workloads, I want to enable dedicated CPU allocation, so I can ensure predictable performance for latency-sensitive applications.",,full,modules/cnf-configuring-workload-hints.adoc,scalability_and_performance/cnf-tuning-low-latency-nodes-with-perf-profile.adoc,partial,workload hints select the CPU/power tuning mode but the module does not walk through the isolated/reserved CPU split itself,
Configure CPU Isolation for Latency-Sensitive Workloads,"When running CPU-intensive workloads, I want to enable dedicated CPU allocation, so I can ensure predictable performance for latency-sensitive applications.",,full,modules/optimizing-by-encapsulation.adoc,scalability_and_performance/optimization/optimizing-cpu-usage.adoc,partial,"mount namespace encapsulation reduces CPU overhead; adjacent to, not part of, dedicated CPU allocation",
Configure CPU Isolation for Latency-Sensitive Workloads,"When running CPU-intensive workloads, I want to enable dedicated CPU allocation, so I can ensure predictable performance for latency-sensitive applications.",,full,modules/enabling-encapsulation.adoc,scalability_and_performance/optimization/optimizing-cpu-usage.adoc,partial,,
Configure CPU Isolation for Latency-Sensitive Workloads,"When running CPU-intensive workloads, I want to enable dedicated CPU allocation, so I can ensure predictable performance for latency-sensitive applications.",,full,modules/supporting-encapsulation.adoc,scalability_and_performance/optimization/optimizing-cpu-usage.adoc,partial,,
Configure CPU Isolation for Latency-Sensitive Workloads,"When running CPU-intensive workloads, I want to enable dedicated CPU allocation, so I can ensure predictable performance for latency-sensitive applications.",,full,modules/running-services-with-encapsulation.adoc,scalability_and_performance/optimization/optimizing-cpu-usage.adoc,partial,,
Schedule NUMA-Aware Workloads,"When deploying NUMA-sensitive applications, I want to schedule pods with NUMA topology awareness, so I can optimize memory access latency.",,full,modules/cnf-about-numa-aware-scheduling.adoc,scalability_and_performance/cnf-numa-aware-scheduling.adoc,full,,
Schedule NUMA-Aware Workloads,"When deploying NUMA-sensitive applications, I want to schedule pods with NUMA topology awareness, so I can optimize memory access latency.",,full,modules/cnf-numa-resource-scheduling-strategies.adoc,scalability_and_performance/cnf-numa-aware-scheduling.adoc,full,,
Schedule NUMA-Aware Workloads,"When deploying NUMA-sensitive applications, I want to schedule pods with NUMA topology awareness, so I can optimize memory access latency.",,full,modules/cnf-installing-numa-resources-operator-cli.adoc,scalability_and_performance/cnf-numa-aware-scheduling.adoc,full,,
Schedule NUMA-Aware Workloads,"When deploying NUMA-sensitive applications, I want to schedule pods with NUMA topology awareness, so I can optimize memory access latency.",,full,modules/cnf-installing-numa-resources-operator-console.adoc,scalability_and_performance/cnf-numa-aware-scheduling.adoc,full,,
Schedule NUMA-Aware Workloads,"When deploying NUMA-sensitive applications, I want to schedule pods with NUMA topology awareness, so I can optimize memory access latency.",,full,modules/cnf-configuring-single-numa-policy.adoc,scalability_and_performance/cnf-numa-aware-scheduling.adoc,full,,
Schedule NUMA-Aware Workloads,"When deploying NUMA-sensitive applications, I want to schedule pods with NUMA topology awareness, so I can optimize memory access latency.",,full,modules/cnf-managing-ha-nrop-scheduler.adoc,scalability_and_performance/cnf-numa-aware-scheduling.adoc,full,,
Schedule NUMA-Aware Workloads,"When deploying NUMA-sensitive applications, I want to schedule pods with NUMA topology awareness, so I can optimize memory access latency.",,full,modules/cnf-customizing-schedulder-ha-nro.adoc,scalability_and_performance/cnf-numa-aware-scheduling.adoc,full,,
Schedule NUMA-Aware Workloads,"When deploying NUMA-sensitive applications, I want to schedule pods with NUMA topology awareness, so I can optimize memory access latency.",,full,modules/cnf-disabling-schedulder-ha-nro.adoc,scalability_and_performance/cnf-numa-aware-scheduling.adoc,full,,
Schedule NUMA-Aware Workloads,"When deploying NUMA-sensitive applications, I want to schedule pods with NUMA topology awareness, so I can optimize memory access latency.",,full,modules/cnf-verifying-schedulder-ha-status.adoc,scalability_and_performance/cnf-numa-aware-scheduling.adoc,full,,
Schedule NUMA-Aware Workloads,"When deploying NUMA-sensitive applications, I want to schedule pods with NUMA topology awareness, so I can optimize memory access latency.",,full,modules/cnf-sample-single-numa-policy-from-pp.adoc,scalability_and_performance/cnf-numa-aware-scheduling.adoc,full,,
Schedule NUMA-Aware Workloads,"When deploying NUMA-sensitive applications, I want to schedule pods with NUMA topology awareness, so I can optimize memory access latency.",,full,modules/cnf-configuring-kubelet-nro.adoc,scalability_and_performance/cnf-numa-aware-scheduling.adoc,full,,
Schedule NUMA-Aware Workloads,"When deploying NUMA-sensitive applications, I want to schedule pods with NUMA topology awareness, so I can optimize memory access latency.",,full,modules/cnf-scheduling-numa-aware-workloads-overview.adoc,scalability_and_performance/cnf-numa-aware-scheduling.adoc,full,,
Schedule NUMA-Aware Workloads,"When deploying NUMA-sensitive applications, I want to schedule pods with NUMA topology awareness, so I can optimize memory access latency.",,full,modules/cnf-creating-nrop-cr.adoc,scalability_and_performance/cnf-numa-aware-scheduling.adoc,full,,
Schedule NUMA-Aware Workloads,"When deploying NUMA-sensitive applications, I want to schedule pods with NUMA topology awareness, so I can optimize memory access latency.",,full,modules/cnf-creating-nrop-cr-hosted-control-plane.adoc,scalability_and_performance/cnf-numa-aware-scheduling.adoc,full,,
Schedule NUMA-Aware Workloads,"When deploying NUMA-sensitive applications, I want to schedule pods with NUMA topology awareness, so I can optimize memory access latency.",,full,modules/cnf-deploying-the-numa-aware-scheduler.adoc,scalability_and_performance/cnf-numa-aware-scheduling.adoc,full,,
Schedule NUMA-Aware Workloads,"When deploying NUMA-sensitive applications, I want to schedule pods with NUMA topology awareness, so I can optimize memory access latency.",,full,modules/cnf-scheduling-numa-aware-workloads.adoc,scalability_and_performance/cnf-numa-aware-scheduling.adoc,full,,
Schedule NUMA-Aware Workloads,"When deploying NUMA-sensitive applications, I want to schedule pods with NUMA topology awareness, so I can optimize memory access latency.",,full,modules/cnf-nrop-support-schedulable-resources.adoc,scalability_and_performance/cnf-numa-aware-scheduling.adoc,full,,
Schedule NUMA-Aware Workloads,"When deploying NUMA-sensitive applications, I want to schedule pods with NUMA topology awareness, so I can optimize memory access latency.",,full,modules/cnf-configuring-nrop-on-schedlable-control-planes.adoc,scalability_and_performance/cnf-numa-aware-scheduling.adoc,full,,
Schedule NUMA-Aware Workloads,"When deploying NUMA-sensitive applications, I want to schedule pods with NUMA topology awareness, so I can optimize memory access latency.",,full,modules/cnf-configuring-node-groups-for-the-numaresourcesoperator.adoc,scalability_and_performance/cnf-numa-aware-scheduling.adoc,full,,
Schedule NUMA-Aware Workloads,"When deploying NUMA-sensitive applications, I want to schedule pods with NUMA topology awareness, so I can optimize memory access latency.",,full,modules/cnf-topology-aware-scheduler-scalability.adoc,scalability_and_performance/cnf-numa-aware-scheduling.adoc,full,,
Schedule NUMA-Aware Workloads,"When deploying NUMA-sensitive applications, I want to schedule pods with NUMA topology awareness, so I can optimize memory access latency.",,full,modules/cnf-optimizing-topology-aware-scheduler-large-clusters.adoc,scalability_and_performance/cnf-numa-aware-scheduling.adoc,full,,
Schedule NUMA-Aware Workloads,"When deploying NUMA-sensitive applications, I want to schedule pods with NUMA topology awareness, so I can optimize memory access latency.",,full,modules/cnf-troubleshooting-numa-aware-workloads.adoc,scalability_and_performance/cnf-numa-aware-scheduling.adoc,full,,
Schedule NUMA-Aware Workloads,"When deploying NUMA-sensitive applications, I want to schedule pods with NUMA topology awareness, so I can optimize memory access latency.",,full,modules/cnf-reporting-more-exact-reource-availability.adoc,scalability_and_performance/cnf-numa-aware-scheduling.adoc,full,,
Schedule NUMA-Aware Workloads,"When deploying NUMA-sensitive applications, I want to schedule pods with NUMA topology awareness, so I can optimize memory access latency.",,full,modules/cnf-scheduling-exact-based-on-reource.adoc,scalability_and_performance/cnf-numa-aware-scheduling.adoc,full,,
Schedule NUMA-Aware Workloads,"When deploying NUMA-sensitive applications, I want to schedule pods with NUMA topology awareness, so I can optimize memory access latency.",,full,modules/cnf-checking-numa-aware-scheduler-logs.adoc,scalability_and_performance/cnf-numa-aware-scheduling.adoc,full,,
Schedule NUMA-Aware Workloads,"When deploying NUMA-sensitive applications, I want to schedule pods with NUMA topology awareness, so I can optimize memory access latency.",,full,modules/cnf-troubleshooting-resource-topo-exporter.adoc,scalability_and_performance/cnf-numa-aware-scheduling.adoc,full,,
Schedule NUMA-Aware Workloads,"When deploying NUMA-sensitive applications, I want to schedule pods with NUMA topology awareness, so I can optimize memory access latency.",,full,modules/cnf-troubleshooting-missing-rte-config-maps.adoc,scalability_and_performance/cnf-numa-aware-scheduling.adoc,full,,
Schedule NUMA-Aware Workloads,"When deploying NUMA-sensitive applications, I want to schedule pods with NUMA topology awareness, so I can optimize memory access latency.",,full,modules/cnf-about-collecting-nro-data.adoc,scalability_and_performance/cnf-numa-aware-scheduling.adoc,full,,
Schedule NUMA-Aware Workloads,"When deploying NUMA-sensitive applications, I want to schedule pods with NUMA topology awareness, so I can optimize memory access latency.",,full,modules/topology-manager-policies.adoc,scalability_and_performance/using-cpu-manager.adoc,full,kubelet Topology Manager policies incl. single-numa-node,
Schedule NUMA-Aware Workloads,"When deploying NUMA-sensitive applications, I want to schedule pods with NUMA topology awareness, so I can optimize memory access latency.",,full,modules/setting-up-topology-manager.adoc,scalability_and_performance/using-cpu-manager.adoc,full,,
Schedule NUMA-Aware Workloads,"When deploying NUMA-sensitive applications, I want to schedule pods with NUMA topology awareness, so I can optimize memory access latency.",,full,modules/pod-interactions-with-topology-manager.adoc,scalability_and_performance/using-cpu-manager.adoc,full,,
Schedule NUMA-Aware Workloads,"When deploying NUMA-sensitive applications, I want to schedule pods with NUMA topology awareness, so I can optimize memory access latency.",,full,modules/post-install-topology-manager.adoc,post_installation_configuration/node-tasks.adoc,partial,day-2 pointer only,
Schedule NUMA-Aware Workloads,"When deploying NUMA-sensitive applications, I want to schedule pods with NUMA topology awareness, so I can optimize memory access latency.",,full,modules/psap-node-feature-discovery-using-topology-updater.adoc,hardware_enablement/psap-node-feature-discovery-operator.adoc,partial,supplies the NodeResourceTopology CRs the NUMA-aware scheduler consumes; covered in depth by JOB 61,
Configure Huge Pages,"When running memory-intensive applications, I want to configure huge pages support, so I can reduce TLB pressure and improve memory performance.",,full,modules/what-huge-pages-do.adoc,scalability_and_performance/what-huge-pages-do-and-how-they-are-consumed-by-apps.adoc,full,ifeval-dispatch; ifeval branches are huge-pages / virt-using-huge-pages-with-vms - source assembly context 'huge-pages' matches a branch,
Configure Huge Pages,"When running memory-intensive applications, I want to configure huge pages support, so I can reduce TLB pressure and improve memory performance.",,full,modules/how-huge-pages-are-consumed-by-apps.adoc,scalability_and_performance/what-huge-pages-do-and-how-they-are-consumed-by-apps.adoc,full,,
Configure Huge Pages,"When running memory-intensive applications, I want to configure huge pages support, so I can reduce TLB pressure and improve memory performance.",,full,modules/consuming-huge-pages-resource-using-the-downward-api.adoc,scalability_and_performance/what-huge-pages-do-and-how-they-are-consumed-by-apps.adoc,full,,
Configure Huge Pages,"When running memory-intensive applications, I want to configure huge pages support, so I can reduce TLB pressure and improve memory performance.",,full,modules/configuring-huge-pages.adoc,scalability_and_performance/what-huge-pages-do-and-how-they-are-consumed-by-apps.adoc,full,boot-time allocation at node level,
Configure Huge Pages,"When running memory-intensive applications, I want to configure huge pages support, so I can reduce TLB pressure and improve memory performance.",,full,modules/disabling-transparent-huge-pages.adoc,scalability_and_performance/what-huge-pages-do-and-how-they-are-consumed-by-apps.adoc,full,,
Configure Huge Pages,"When running memory-intensive applications, I want to configure huge pages support, so I can reduce TLB pressure and improve memory performance.",,full,modules/cnf-configuring-huge-pages.adoc,scalability_and_performance/cnf-tuning-low-latency-nodes-with-perf-profile.adoc,full,huge pages via the performance profile,
Configure Huge Pages,"When running memory-intensive applications, I want to configure huge pages support, so I can reduce TLB pressure and improve memory performance.",,full,modules/cnf-allocating-multiple-huge-page-sizes.adoc,scalability_and_performance/cnf-tuning-low-latency-nodes-with-perf-profile.adoc,full,,
Configure Huge Pages,"When running memory-intensive applications, I want to configure huge pages support, so I can reduce TLB pressure and improve memory performance.",,full,modules/configuring-kernal-page-size.adoc,scalability_and_performance/cnf-tuning-low-latency-nodes-with-perf-profile.adoc,partial,"64k kernel page size is adjacent memory tuning, not huge pages proper",
Configure Huge Pages,"When running memory-intensive applications, I want to configure huge pages support, so I can reduce TLB pressure and improve memory performance.",,full,modules/cnf-memory-optimization.adoc,scalability_and_performance/cnf-tuning-low-latency-nodes-with-perf-profile.adoc,partial,broader memory tuning context for huge pages,
Configure Huge Pages,"When running memory-intensive applications, I want to configure huge pages support, so I can reduce TLB pressure and improve memory performance.",,full,modules/post-install-huge-pages.adoc,post_installation_configuration/node-tasks.adoc,partial,day-2 pointer only,
Configure Huge Pages,"When running memory-intensive applications, I want to configure huge pages support, so I can reduce TLB pressure and improve memory performance.",,full,modules/nw-sriov-huge-pages.adoc,networking/hardware_networks/configuring-sriov-device.adoc,partial,huge pages requirement for SR-IOV/DPDK workloads only; not general huge pages configuration,
Apply Low-Latency Tuning and Workload Partitioning,"When deploying latency-sensitive workloads, I want to apply low-latency tuning and workload partitioning, so I can achieve deterministic performance.",,full,modules/cnf-understanding-low-latency.adoc,scalability_and_performance/cnf-understanding-low-latency.adoc,full,,
Apply Low-Latency Tuning and Workload Partitioning,"When deploying latency-sensitive workloads, I want to apply low-latency tuning and workload partitioning, so I can achieve deterministic performance.",,full,modules/cnf-about-hyperthreading-for-low-latency-and-real-time-applications.adoc,scalability_and_performance/cnf-understanding-low-latency.adoc,full,,
Apply Low-Latency Tuning and Workload Partitioning,"When deploying latency-sensitive workloads, I want to apply low-latency tuning and workload partitioning, so I can achieve deterministic performance.",,full,modules/cnf-create-performance-profiles.adoc,scalability_and_performance/cnf-tuning-low-latency-nodes-with-perf-profile.adoc,full,,
Apply Low-Latency Tuning and Workload Partitioning,"When deploying latency-sensitive workloads, I want to apply low-latency tuning and workload partitioning, so I can achieve deterministic performance.",,full,modules/cnf-about-the-profile-creator-tool.adoc,scalability_and_performance/cnf-tuning-low-latency-nodes-with-perf-profile.adoc,full,,
Apply Low-Latency Tuning and Workload Partitioning,"When deploying latency-sensitive workloads, I want to apply low-latency tuning and workload partitioning, so I can achieve deterministic performance.",,full,modules/cnf-creating-mcp-for-ppc.adoc,scalability_and_performance/cnf-tuning-low-latency-nodes-with-perf-profile.adoc,full,,
Apply Low-Latency Tuning and Workload Partitioning,"When deploying latency-sensitive workloads, I want to apply low-latency tuning and workload partitioning, so I can achieve deterministic performance.",,full,modules/cnf-gathering-data-about-cluster-using-must-gather.adoc,scalability_and_performance/cnf-tuning-low-latency-nodes-with-perf-profile.adoc,full,,
Apply Low-Latency Tuning and Workload Partitioning,"When deploying latency-sensitive workloads, I want to apply low-latency tuning and workload partitioning, so I can achieve deterministic performance.",,full,modules/cnf-running-the-performance-creator-profile.adoc,scalability_and_performance/cnf-tuning-low-latency-nodes-with-perf-profile.adoc,full,,
Apply Low-Latency Tuning and Workload Partitioning,"When deploying latency-sensitive workloads, I want to apply low-latency tuning and workload partitioning, so I can achieve deterministic performance.",,full,modules/cnf-running-the-performance-creator-profile-offline.adoc,scalability_and_performance/cnf-tuning-low-latency-nodes-with-perf-profile.adoc,full,,
Apply Low-Latency Tuning and Workload Partitioning,"When deploying latency-sensitive workloads, I want to apply low-latency tuning and workload partitioning, so I can achieve deterministic performance.",,full,modules/cnf-performance-profile-creator-arguments.adoc,scalability_and_performance/cnf-tuning-low-latency-nodes-with-perf-profile.adoc,full,,
Apply Low-Latency Tuning and Workload Partitioning,"When deploying latency-sensitive workloads, I want to apply low-latency tuning and workload partitioning, so I can achieve deterministic performance.",,full,modules/installation-openstack-ovs-dpdk-performance-profile.adoc,scalability_and_performance/cnf-tuning-low-latency-nodes-with-perf-profile.adoc,full,OpenStack/OVS-DPDK performance profile example,
Apply Low-Latency Tuning and Workload Partitioning,"When deploying latency-sensitive workloads, I want to apply low-latency tuning and workload partitioning, so I can achieve deterministic performance.",,full,modules/cnf-telco-ran-reference-design-performance-profile-template.adoc,scalability_and_performance/cnf-tuning-low-latency-nodes-with-perf-profile.adoc,full,,
Apply Low-Latency Tuning and Workload Partitioning,"When deploying latency-sensitive workloads, I want to apply low-latency tuning and workload partitioning, so I can achieve deterministic performance.",,full,modules/cnf-telco-core-reference-design-performance-profile-template.adoc,scalability_and_performance/cnf-tuning-low-latency-nodes-with-perf-profile.adoc,full,,
Apply Low-Latency Tuning and Workload Partitioning,"When deploying latency-sensitive workloads, I want to apply low-latency tuning and workload partitioning, so I can achieve deterministic performance.",,full,modules/cnf-use-device-interrupt-processing-for-isolated-cpus.adoc,scalability_and_performance/cnf-tuning-low-latency-nodes-with-perf-profile.adoc,full,,
Apply Low-Latency Tuning and Workload Partitioning,"When deploying latency-sensitive workloads, I want to apply low-latency tuning and workload partitioning, so I can achieve deterministic performance.",,full,modules/cnf-configuring-power-saving-for-nodes.adoc,scalability_and_performance/cnf-tuning-low-latency-nodes-with-perf-profile.adoc,full,,
Apply Low-Latency Tuning and Workload Partitioning,"When deploying latency-sensitive workloads, I want to apply low-latency tuning and workload partitioning, so I can achieve deterministic performance.",,full,modules/cnf-protecting-low-latency-workloads.adoc,scalability_and_performance/cnf-tuning-low-latency-nodes-with-perf-profile.adoc,full,,
Apply Low-Latency Tuning and Workload Partitioning,"When deploying latency-sensitive workloads, I want to apply low-latency tuning and workload partitioning, so I can achieve deterministic performance.",,full,modules/cnf-managing-device-interrupt-processing-for-guaranteed-pod-isolated-cpus.adoc,scalability_and_performance/cnf-tuning-low-latency-nodes-with-perf-profile.adoc,full,,
Apply Low-Latency Tuning and Workload Partitioning,"When deploying latency-sensitive workloads, I want to apply low-latency tuning and workload partitioning, so I can achieve deterministic performance.",,full,modules/cnf-about-irq-affinity-setting.adoc,scalability_and_performance/cnf-tuning-low-latency-nodes-with-perf-profile.adoc,full,,
Apply Low-Latency Tuning and Workload Partitioning,"When deploying latency-sensitive workloads, I want to apply low-latency tuning and workload partitioning, so I can achieve deterministic performance.",,full,modules/cnf-configure_for_irq_dynamic_load_balancing.adoc,scalability_and_performance/cnf-tuning-low-latency-nodes-with-perf-profile.adoc,full,,
Apply Low-Latency Tuning and Workload Partitioning,"When deploying latency-sensitive workloads, I want to apply low-latency tuning and workload partitioning, so I can achieve deterministic performance.",,full,modules/cnf-adjusting-nic-queues-with-the-performance-profile.adoc,scalability_and_performance/cnf-tuning-low-latency-nodes-with-perf-profile.adoc,full,,
Apply Low-Latency Tuning and Workload Partitioning,"When deploying latency-sensitive workloads, I want to apply low-latency tuning and workload partitioning, so I can achieve deterministic performance.",,full,modules/cnf-verifying-queue-status.adoc,scalability_and_performance/cnf-tuning-low-latency-nodes-with-perf-profile.adoc,full,,
Apply Low-Latency Tuning and Workload Partitioning,"When deploying latency-sensitive workloads, I want to apply low-latency tuning and workload partitioning, so I can achieve deterministic performance.",,full,modules/cnf-logging-associated-with-adjusting-nic-queues.adoc,scalability_and_performance/cnf-tuning-low-latency-nodes-with-perf-profile.adoc,full,,
Apply Low-Latency Tuning and Workload Partitioning,"When deploying latency-sensitive workloads, I want to apply low-latency tuning and workload partitioning, so I can achieve deterministic performance.",,full,modules/enabling-workload-partitioning.adoc,scalability_and_performance/enabling-workload-partitioning.adoc,full,core workload partitioning enablement,
Apply Low-Latency Tuning and Workload Partitioning,"When deploying latency-sensitive workloads, I want to apply low-latency tuning and workload partitioning, so I can achieve deterministic performance.",,full,modules/create-perf-profile-workload-partitioning.adoc,scalability_and_performance/enabling-workload-partitioning.adoc,full,,
Apply Low-Latency Tuning and Workload Partitioning,"When deploying latency-sensitive workloads, I want to apply low-latency tuning and workload partitioning, so I can achieve deterministic performance.",,full,modules/cnf-scheduling-workload-onto-worker-with-real-time-capabilities.adoc,scalability_and_performance/cnf-provisioning-low-latency-workloads.adoc,full,,
Apply Low-Latency Tuning and Workload Partitioning,"When deploying latency-sensitive workloads, I want to apply low-latency tuning and workload partitioning, so I can achieve deterministic performance.",,full,modules/cnf-disabling-interrupt-processing-for-individual-pods.adoc,scalability_and_performance/cnf-provisioning-low-latency-workloads.adoc,full,,
Apply Low-Latency Tuning and Workload Partitioning,"When deploying latency-sensitive workloads, I want to apply low-latency tuning and workload partitioning, so I can achieve deterministic performance.",,full,modules/cnf-create-performance-profiles-hosted-cp.adoc,scalability_and_performance/cnf-tuning-low-latency-hosted-cp-nodes-with-perf-profile.adoc,full,hosted control planes variant,
Apply Low-Latency Tuning and Workload Partitioning,"When deploying latency-sensitive workloads, I want to apply low-latency tuning and workload partitioning, so I can achieve deterministic performance.",,full,modules/cnf-gathering-data-about-hosted-cluster-using-must-gather.adoc,scalability_and_performance/cnf-tuning-low-latency-hosted-cp-nodes-with-perf-profile.adoc,full,,
Apply Low-Latency Tuning and Workload Partitioning,"When deploying latency-sensitive workloads, I want to apply low-latency tuning and workload partitioning, so I can achieve deterministic performance.",,full,modules/cnf-running-the-performance-creator-profile-hosted.adoc,scalability_and_performance/cnf-tuning-low-latency-hosted-cp-nodes-with-perf-profile.adoc,full,,
Apply Low-Latency Tuning and Workload Partitioning,"When deploying latency-sensitive workloads, I want to apply low-latency tuning and workload partitioning, so I can achieve deterministic performance.",,full,modules/apply-performance-profile-hosted-cluster.adoc,scalability_and_performance/cnf-tuning-low-latency-hosted-cp-nodes-with-perf-profile.adoc,full,,
Apply Low-Latency Tuning and Workload Partitioning,"When deploying latency-sensitive workloads, I want to apply low-latency tuning and workload partitioning, so I can achieve deterministic performance.",,full,modules/cnf-debugging-low-latency-cnf-tuning-status.adoc,scalability_and_performance/cnf-debugging-low-latency-tuning-status.adoc,full,,
Apply Low-Latency Tuning and Workload Partitioning,"When deploying latency-sensitive workloads, I want to apply low-latency tuning and workload partitioning, so I can achieve deterministic performance.",,full,modules/cnf-debugging-low-latency-cnf-tuning-status-machineconfigpools.adoc,scalability_and_performance/cnf-debugging-low-latency-tuning-status.adoc,full,,
Apply Low-Latency Tuning and Workload Partitioning,"When deploying latency-sensitive workloads, I want to apply low-latency tuning and workload partitioning, so I can achieve deterministic performance.",,full,modules/cnf-about-must-gather.adoc,scalability_and_performance/cnf-debugging-low-latency-tuning-status.adoc,full,,
Apply Low-Latency Tuning and Workload Partitioning,"When deploying latency-sensitive workloads, I want to apply low-latency tuning and workload partitioning, so I can achieve deterministic performance.",,full,modules/cnf-collecting-low-latency-tuning-debugging-data-for-red-hat-support.adoc,scalability_and_performance/cnf-debugging-low-latency-tuning-status.adoc,full,,
Apply Low-Latency Tuning and Workload Partitioning,"When deploying latency-sensitive workloads, I want to apply low-latency tuning and workload partitioning, so I can achieve deterministic performance.",,full,modules/cnf-measuring-latency.adoc,scalability_and_performance/cnf-performing-platform-verification-latency-tests.adoc,full,validation of the applied low-latency tuning,
Apply Low-Latency Tuning and Workload Partitioning,"When deploying latency-sensitive workloads, I want to apply low-latency tuning and workload partitioning, so I can achieve deterministic performance.",,full,modules/cnf-performing-end-to-end-tests-running-the-tests.adoc,scalability_and_performance/cnf-performing-platform-verification-latency-tests.adoc,full,,
Apply Low-Latency Tuning and Workload Partitioning,"When deploying latency-sensitive workloads, I want to apply low-latency tuning and workload partitioning, so I can achieve deterministic performance.",,full,modules/cnf-performing-end-to-end-tests-running-hwlatdetect.adoc,scalability_and_performance/cnf-performing-platform-verification-latency-tests.adoc,full,,
Apply Low-Latency Tuning and Workload Partitioning,"When deploying latency-sensitive workloads, I want to apply low-latency tuning and workload partitioning, so I can achieve deterministic performance.",,full,modules/cnf-performing-end-to-end-tests-example-results-hwlatdetect.adoc,scalability_and_performance/cnf-performing-platform-verification-latency-tests.adoc,full,,
Apply Low-Latency Tuning and Workload Partitioning,"When deploying latency-sensitive workloads, I want to apply low-latency tuning and workload partitioning, so I can achieve deterministic performance.",,full,modules/cnf-performing-end-to-end-tests-running-cyclictest.adoc,scalability_and_performance/cnf-performing-platform-verification-latency-tests.adoc,full,,
Apply Low-Latency Tuning and Workload Partitioning,"When deploying latency-sensitive workloads, I want to apply low-latency tuning and workload partitioning, so I can achieve deterministic performance.",,full,modules/cnf-performing-end-to-end-tests-example-results-cyclictest.adoc,scalability_and_performance/cnf-performing-platform-verification-latency-tests.adoc,full,,
Apply Low-Latency Tuning and Workload Partitioning,"When deploying latency-sensitive workloads, I want to apply low-latency tuning and workload partitioning, so I can achieve deterministic performance.",,full,modules/cnf-performing-end-to-end-tests-running-oslat.adoc,scalability_and_performance/cnf-performing-platform-verification-latency-tests.adoc,full,,
Apply Low-Latency Tuning and Workload Partitioning,"When deploying latency-sensitive workloads, I want to apply low-latency tuning and workload partitioning, so I can achieve deterministic performance.",,full,modules/cnf-performing-end-to-end-tests-test-failure-report.adoc,scalability_and_performance/cnf-performing-platform-verification-latency-tests.adoc,partial,test tooling plumbing rather than tuning itself,
Apply Low-Latency Tuning and Workload Partitioning,"When deploying latency-sensitive workloads, I want to apply low-latency tuning and workload partitioning, so I can achieve deterministic performance.",,full,modules/cnf-performing-end-to-end-tests-junit-test-output.adoc,scalability_and_performance/cnf-performing-platform-verification-latency-tests.adoc,partial,,
Apply Low-Latency Tuning and Workload Partitioning,"When deploying latency-sensitive workloads, I want to apply low-latency tuning and workload partitioning, so I can achieve deterministic performance.",,full,modules/cnf-performing-end-to-end-tests-running-in-single-node-cluster.adoc,scalability_and_performance/cnf-performing-platform-verification-latency-tests.adoc,partial,,
Apply Low-Latency Tuning and Workload Partitioning,"When deploying latency-sensitive workloads, I want to apply low-latency tuning and workload partitioning, so I can achieve deterministic performance.",,full,modules/cnf-performing-end-to-end-tests-troubleshooting.adoc,scalability_and_performance/cnf-performing-platform-verification-latency-tests.adoc,partial,,
Apply Low-Latency Tuning and Workload Partitioning,"When deploying latency-sensitive workloads, I want to apply low-latency tuning and workload partitioning, so I can achieve deterministic performance.",,full,modules/ztp-low-latency.adoc,edge_computing/ztp-reference-cluster-configuration-for-vdu.adoc,full,vDU reference low-latency configuration,
Apply Low-Latency Tuning and Workload Partitioning,"When deploying latency-sensitive workloads, I want to apply low-latency tuning and workload partitioning, so I can achieve deterministic performance.",,full,modules/ztp-enabling-workload-partitioning-sno.adoc,edge_computing/ztp-reference-cluster-configuration-for-vdu.adoc,full,workload partitioning on single-node OpenShift,
Apply Low-Latency Tuning and Workload Partitioning,"When deploying latency-sensitive workloads, I want to apply low-latency tuning and workload partitioning, so I can achieve deterministic performance.",,full,modules/ztp-sno-du-configuring-performance-addons.adoc,edge_computing/ztp-reference-cluster-configuration-for-vdu.adoc,full,,
Apply Low-Latency Tuning and Workload Partitioning,"When deploying latency-sensitive workloads, I want to apply low-latency tuning and workload partitioning, so I can achieve deterministic performance.",,full,modules/ztp-sno-du-tuning-the-performance-patch.adoc,edge_computing/ztp-reference-cluster-configuration-for-vdu.adoc,full,,
Apply Low-Latency Tuning and Workload Partitioning,"When deploying latency-sensitive workloads, I want to apply low-latency tuning and workload partitioning, so I can achieve deterministic performance.",,full,modules/ztp-sno-du-setting-rcu-normal.adoc,edge_computing/ztp-reference-cluster-configuration-for-vdu.adoc,partial,one specific low-latency kernel tweak in the vDU profile,
Configure Worker Latency Profiles for High-Latency Networks,"When managing geographically distributed clusters, I want to apply worker latency profiles, so I can accommodate high-latency network conditions.",,full,modules/nodes-cluster-worker-latency-profiles-about.adoc,scalability_and_performance/scaling-worker-latency-profiles.adoc,full,,
Configure Worker Latency Profiles for High-Latency Networks,"When managing geographically distributed clusters, I want to apply worker latency profiles, so I can accommodate high-latency network conditions.",,full,modules/nodes-cluster-worker-latency-profiles-using-at-creation.adoc,scalability_and_performance/scaling-worker-latency-profiles.adoc,full,applying a profile at install time,
Configure Worker Latency Profiles for High-Latency Networks,"When managing geographically distributed clusters, I want to apply worker latency profiles, so I can accommodate high-latency network conditions.",,full,modules/nodes-cluster-worker-latency-profiles-using.adoc,scalability_and_performance/scaling-worker-latency-profiles.adoc,full,day-2 apply/change of the profile,
Configure Worker Latency Profiles for High-Latency Networks,"When managing geographically distributed clusters, I want to apply worker latency profiles, so I can accommodate high-latency network conditions.",,full,modules/nodes-cluster-worker-latency-profiles-examining.adoc,scalability_and_performance/scaling-worker-latency-profiles.adoc,full,verifying the applied profile,
Tune Network Performance > 12.2 Tune Ingress Controller Performance,"Adjust thread count, timeouts, and connection limits.",Tune Network Performance,partial,modules/nw-ingress-setting-thread-count.adoc,networking/networking_operators/ingress-operator.adoc,full,Procedure for spec.tuningOptions.threadCount; directly covers the 'thread count' part of the statement,"Missing: no procedure module for setting the Ingress Controller tuningOptions timeout fields (clientTimeout, clientFinTimeout, serverTimeout, serverFinTimeout, tunnelTimeout, reloadInterval) -- they exist only as table entries in modules/nw-ingress-controller-configuration-parameters.adoc. Also missing: guidance on how to choose thread count / maxConnections values for a given load, and how to measure the effect (which router metrics to watch). Write a 'Configuring Ingress Controller timeouts' procedure module and a sizing/verification section."
Tune Network Performance > 12.2 Tune Ingress Controller Performance,"Adjust thread count, timeouts, and connection limits.",Tune Network Performance,partial,modules/nw-ingress-setting-max-connections.adoc,networking/networking_operators/ingress-operator.adoc,full,Procedure for spec.tuningOptions.maxConnections; covers 'connection limits',"Missing: no procedure module for setting the Ingress Controller tuningOptions timeout fields (clientTimeout, clientFinTimeout, serverTimeout, serverFinTimeout, tunnelTimeout, reloadInterval) -- they exist only as table entries in modules/nw-ingress-controller-configuration-parameters.adoc. Also missing: guidance on how to choose thread count / maxConnections values for a given load, and how to measure the effect (which router metrics to watch). Write a 'Configuring Ingress Controller timeouts' procedure module and a sizing/verification section."
Tune Network Performance > 12.2 Tune Ingress Controller Performance,"Adjust thread count, timeouts, and connection limits.",Tune Network Performance,partial,modules/nw-ingress-controller-config-tuningoptions-healthcheckinterval.adoc,networking/networking_operators/ingress-operator.adoc,full,Procedure for spec.tuningOptions.healthCheckInterval,"Missing: no procedure module for setting the Ingress Controller tuningOptions timeout fields (clientTimeout, clientFinTimeout, serverTimeout, serverFinTimeout, tunnelTimeout, reloadInterval) -- they exist only as table entries in modules/nw-ingress-controller-configuration-parameters.adoc. Also missing: guidance on how to choose thread count / maxConnections values for a given load, and how to measure the effect (which router metrics to watch). Write a 'Configuring Ingress Controller timeouts' procedure module and a sizing/verification section."
Tune Network Performance > 12.2 Tune Ingress Controller Performance,"Adjust thread count, timeouts, and connection limits.",Tune Network Performance,partial,modules/nw-ingress-controller-configuration-parameters.adoc,networking/networking_operators/ingress-operator.adoc,partial,"Reference table; the only place tuningOptions timeout fields are documented, but no procedure","Missing: no procedure module for setting the Ingress Controller tuningOptions timeout fields (clientTimeout, clientFinTimeout, serverTimeout, serverFinTimeout, tunnelTimeout, reloadInterval) -- they exist only as table entries in modules/nw-ingress-controller-configuration-parameters.adoc. Also missing: guidance on how to choose thread count / maxConnections values for a given load, and how to measure the effect (which router metrics to watch). Write a 'Configuring Ingress Controller timeouts' procedure module and a sizing/verification section."
Tune Network Performance > 12.2 Tune Ingress Controller Performance,"Adjust thread count, timeouts, and connection limits.",Tune Network Performance,partial,modules/nw-configuring-router-compression.adoc,networking/networking_operators/ingress-operator.adoc,full,HAProxy HTTP compression tuning,"Missing: no procedure module for setting the Ingress Controller tuningOptions timeout fields (clientTimeout, clientFinTimeout, serverTimeout, serverFinTimeout, tunnelTimeout, reloadInterval) -- they exist only as table entries in modules/nw-ingress-controller-configuration-parameters.adoc. Also missing: guidance on how to choose thread count / maxConnections values for a given load, and how to measure the effect (which router metrics to watch). Write a 'Configuring Ingress Controller timeouts' procedure module and a sizing/verification section."
Tune Network Performance > 12.2 Tune Ingress Controller Performance,"Adjust thread count, timeouts, and connection limits.",Tune Network Performance,partial,modules/nw-autoscaling-ingress-controller.adoc,networking/networking_operators/ingress-operator.adoc,full,Autoscale router replicas to meet throughput demand,"Missing: no procedure module for setting the Ingress Controller tuningOptions timeout fields (clientTimeout, clientFinTimeout, serverTimeout, serverFinTimeout, tunnelTimeout, reloadInterval) -- they exist only as table entries in modules/nw-ingress-controller-configuration-parameters.adoc. Also missing: guidance on how to choose thread count / maxConnections values for a given load, and how to measure the effect (which router metrics to watch). Write a 'Configuring Ingress Controller timeouts' procedure module and a sizing/verification section."
Tune Network Performance > 12.2 Tune Ingress Controller Performance,"Adjust thread count, timeouts, and connection limits.",Tune Network Performance,partial,modules/nw-scaling-ingress-controller.adoc,networking/networking_operators/ingress-operator.adoc,full,Manually scale router replicas,"Missing: no procedure module for setting the Ingress Controller tuningOptions timeout fields (clientTimeout, clientFinTimeout, serverTimeout, serverFinTimeout, tunnelTimeout, reloadInterval) -- they exist only as table entries in modules/nw-ingress-controller-configuration-parameters.adoc. Also missing: guidance on how to choose thread count / maxConnections values for a given load, and how to measure the effect (which router metrics to watch). Write a 'Configuring Ingress Controller timeouts' procedure module and a sizing/verification section."
Tune Network Performance > 12.2 Tune Ingress Controller Performance,"Adjust thread count, timeouts, and connection limits.",Tune Network Performance,partial,modules/nw-configuring-route-timeouts.adoc,networking/ingress_load_balancing/routes/nw-configuring-routes.adoc,full,Per-route timeout annotations; route-level half of the 'timeouts' requirement,"Missing: no procedure module for setting the Ingress Controller tuningOptions timeout fields (clientTimeout, clientFinTimeout, serverTimeout, serverFinTimeout, tunnelTimeout, reloadInterval) -- they exist only as table entries in modules/nw-ingress-controller-configuration-parameters.adoc. Also missing: guidance on how to choose thread count / maxConnections values for a given load, and how to measure the effect (which router metrics to watch). Write a 'Configuring Ingress Controller timeouts' procedure module and a sizing/verification section."
Tune Network Performance > 12.2 Tune Ingress Controller Performance,"Adjust thread count, timeouts, and connection limits.",Tune Network Performance,partial,modules/baseline-router-performance.adoc,scalability_and_performance/optimization/routing-optimization.adoc,full,Baseline HAProxy throughput figures used to size tuning changes,"Missing: no procedure module for setting the Ingress Controller tuningOptions timeout fields (clientTimeout, clientFinTimeout, serverTimeout, serverFinTimeout, tunnelTimeout, reloadInterval) -- they exist only as table entries in modules/nw-ingress-controller-configuration-parameters.adoc. Also missing: guidance on how to choose thread count / maxConnections values for a given load, and how to measure the effect (which router metrics to watch). Write a 'Configuring Ingress Controller timeouts' procedure module and a sizing/verification section."
Tune Network Performance > 12.2 Tune Ingress Controller Performance,"Adjust thread count, timeouts, and connection limits.",Tune Network Performance,partial,modules/configuring-haproxy-interval.adoc,scalability_and_performance/optimization/routing-optimization.adoc,full,HAProxy reload interval tuning,"Missing: no procedure module for setting the Ingress Controller tuningOptions timeout fields (clientTimeout, clientFinTimeout, serverTimeout, serverFinTimeout, tunnelTimeout, reloadInterval) -- they exist only as table entries in modules/nw-ingress-controller-configuration-parameters.adoc. Also missing: guidance on how to choose thread count / maxConnections values for a given load, and how to measure the effect (which router metrics to watch). Write a 'Configuring Ingress Controller timeouts' procedure module and a sizing/verification section."
Tune Network Performance > 12.2 Tune Ingress Controller Performance,"Adjust thread count, timeouts, and connection limits.",Tune Network Performance,partial,modules/ingress-liveness-readiness-startup-probes.adoc,scalability_and_performance/optimization/routing-optimization.adoc,full,Router probe timing tuning,"Missing: no procedure module for setting the Ingress Controller tuningOptions timeout fields (clientTimeout, clientFinTimeout, serverTimeout, serverFinTimeout, tunnelTimeout, reloadInterval) -- they exist only as table entries in modules/nw-ingress-controller-configuration-parameters.adoc. Also missing: guidance on how to choose thread count / maxConnections values for a given load, and how to measure the effect (which router metrics to watch). Write a 'Configuring Ingress Controller timeouts' procedure module and a sizing/verification section."
Tune Network Performance > 12.2 Tune Ingress Controller Performance,"Adjust thread count, timeouts, and connection limits.",Tune Network Performance,partial,modules/nw-configuring-clb-timeouts.adoc,networking/ingress_load_balancing/configuring_ingress_cluster_traffic/configuring-ingress-cluster-traffic-aws.adoc,full,AWS Classic Load Balancer connection idle timeout,"Missing: no procedure module for setting the Ingress Controller tuningOptions timeout fields (clientTimeout, clientFinTimeout, serverTimeout, serverFinTimeout, tunnelTimeout, reloadInterval) -- they exist only as table entries in modules/nw-ingress-controller-configuration-parameters.adoc. Also missing: guidance on how to choose thread count / maxConnections values for a given load, and how to measure the effect (which router metrics to watch). Write a 'Configuring Ingress Controller timeouts' procedure module and a sizing/verification section."
Tune Network Performance > 12.2 Tune Ingress Controller Performance,"Adjust thread count, timeouts, and connection limits.",Tune Network Performance,partial,modules/nw-configuring-elb-timeouts-aws-classic.adoc,networking/ingress_load_balancing/configuring_ingress_cluster_traffic/configuring-ingress-cluster-traffic-aws.adoc,full,AWS classic ELB timeout configuration,"Missing: no procedure module for setting the Ingress Controller tuningOptions timeout fields (clientTimeout, clientFinTimeout, serverTimeout, serverFinTimeout, tunnelTimeout, reloadInterval) -- they exist only as table entries in modules/nw-ingress-controller-configuration-parameters.adoc. Also missing: guidance on how to choose thread count / maxConnections values for a given load, and how to measure the effect (which router metrics to watch). Write a 'Configuring Ingress Controller timeouts' procedure module and a sizing/verification section."
Optimize workload placement > Ensure high availability by spreading pods,"When I am deploying a critical application across a cluster, I want to ensure that pods never run in the same failure domain (node, rack, region, etc.), so that a single failure doesn't take my entire service offline.",Optimize workload placement,partial,modules/pod-topology-spread-constraints-max-skew.adoc,nodes/scheduling/nodes-scheduler-pod-topology-spread-constraints.adoc,full,Core skew/topologyKey/whenUnsatisfiable reference for spreading pods across failure domains,"partial: the conceptual overview of pod topology spread constraints (definition, example use cases, important considerations) lives inline in the assembly nodes/scheduling/nodes-scheduler-pod-topology-spread-constraints.adoc and is not modularized, so it cannot be reused by a job map. Also missing: a module on labeling nodes for custom topology domains (rack/region), and a required (hard) multi-replica pod anti-affinity example for failure-domain isolation."
Optimize workload placement > Ensure high availability by spreading pods,"When I am deploying a critical application across a cluster, I want to ensure that pods never run in the same failure domain (node, rack, region, etc.), so that a single failure doesn't take my entire service offline.",Optimize workload placement,partial,modules/nodes-scheduler-pod-topology-spread-constraints-examples.adoc,nodes/scheduling/nodes-scheduler-pod-topology-spread-constraints.adoc,full,Single and multiple spread-constraint examples across zone and node topology domains,"partial: the conceptual overview of pod topology spread constraints (definition, example use cases, important considerations) lives inline in the assembly nodes/scheduling/nodes-scheduler-pod-topology-spread-constraints.adoc and is not modularized, so it cannot be reused by a job map. Also missing: a module on labeling nodes for custom topology domains (rack/region), and a required (hard) multi-replica pod anti-affinity example for failure-domain isolation."
Optimize workload placement > Ensure high availability by spreading pods,"When I am deploying a critical application across a cluster, I want to ensure that pods never run in the same failure domain (node, rack, region, etc.), so that a single failure doesn't take my entire service offline.",Optimize workload placement,partial,modules/nodes-scheduler-pod-anti-affinity-configuring.adoc,nodes/scheduling/nodes-scheduler-pod-affinity.adoc,partial,"Anti-affinity is the other HA-spreading lever; module only demonstrates a preferred two-pod rule, no requiredDuringScheduling multi-replica example","partial: the conceptual overview of pod topology spread constraints (definition, example use cases, important considerations) lives inline in the assembly nodes/scheduling/nodes-scheduler-pod-topology-spread-constraints.adoc and is not modularized, so it cannot be reused by a job map. Also missing: a module on labeling nodes for custom topology domains (rack/region), and a required (hard) multi-replica pod anti-affinity example for failure-domain isolation."
Optimize workload placement > Ensure high availability by spreading pods,"When I am deploying a critical application across a cluster, I want to ensure that pods never run in the same failure domain (node, rack, region, etc.), so that a single failure doesn't take my entire service offline.",Optimize workload placement,partial,modules/nodes-scheduler-pod-affinity-about.adoc,nodes/scheduling/nodes-scheduler-pod-affinity.adoc,partial,"Shared with the grouping job; supplies the anti-affinity concepts (topologyKey, required vs preferred)","partial: the conceptual overview of pod topology spread constraints (definition, example use cases, important considerations) lives inline in the assembly nodes/scheduling/nodes-scheduler-pod-topology-spread-constraints.adoc and is not modularized, so it cannot be reused by a job map. Also missing: a module on labeling nodes for custom topology domains (rack/region), and a required (hard) multi-replica pod anti-affinity example for failure-domain isolation."
Scale etcd database size,"When I receive low space alerts indicating the cluster is too large for etcd, I want to increase the etcd database size or limit Kubernetes event duration, so I can prevent write failures and handle cluster growth.",,full,modules/etcd-database-size.adoc,etcd/etcd-performance.adoc,full,PROCEDURE: determine current DB size/usage against quota; entry point for low-space alerts,
Scale etcd database size,"When I receive low space alerts indicating the cluster is too large for etcd, I want to increase the etcd database size or limit Kubernetes event duration, so I can prevent write failures and handle cluster growth.",,full,modules/etcd-increase-db.adoc,etcd/etcd-performance.adoc,full,PROCEDURE: raise the etcd DB size limit via the feature gate,
Scale etcd database size,"When I receive low space alerts indicating the cluster is too large for etcd, I want to increase the etcd database size or limit Kubernetes event duration, so I can prevent write failures and handle cluster growth.",,full,modules/etcd-increase-db-troubleshooting.adoc,etcd/etcd-performance.adoc,full,REFERENCE: troubleshooting the DB size increase,
Scale etcd database size,"When I receive low space alerts indicating the cluster is too large for etcd, I want to increase the etcd database size or limit Kubernetes event duration, so I can prevent write failures and handle cluster growth.",,full,modules/etcd-customize-ttl.adoc,etcd/etcd-performance.adoc,full,PROCEDURE: limit Kubernetes event duration (TTL) to manage etcd size,
Understand etcd performance factors,"Concept docs, not really jobs",,full,modules/how-etcd-works.adoc,etcd/etcd-overview.adoc,full,CONCEPT: etcd architecture and Raft basics,
Understand etcd performance factors,"Concept docs, not really jobs",,full,modules/understand-etcd-performance.adoc,etcd/etcd-overview.adoc,full,CONCEPT: 'Factors that affect etcd performance' - the core module for this job,
Understand etcd performance factors,"Concept docs, not really jobs",,full,modules/etcd-disk-latency.adoc,etcd/etcd-performance.adoc,full,CONCEPT: disk latency effects,
Understand etcd performance factors,"Concept docs, not really jobs",,full,modules/etcd-leader-election-log-replication.adoc,etcd/etcd-performance.adoc,full,CONCEPT: Raft leader election and log replication,
Understand etcd performance factors,"Concept docs, not really jobs",,full,modules/etcd-node-scaling.adoc,etcd/etcd-performance.adoc,full,CONCEPT: node scaling effects on etcd,
Understand etcd performance factors,"Concept docs, not really jobs",,full,modules/etcd-timer-tunables.adoc,etcd/etcd-performance.adoc,full,CONCEPT: timer tunables reference,
Understand etcd performance factors,"Concept docs, not really jobs",,full,modules/etcd-peer-round-trip.adoc,etcd/etcd-performance.adoc,full,CONCEPT: peer round-trip time vs ping latency,
Configure High-Performance Networking > 8.2 Configure DPU Offloading,Offload networking to data processing units.,Configure High-Performance Networking,full,modules/nw-about-dpu.adoc,networking/networking_operators/dpu-operator/dpu-operator.adoc,full,Concept: what a DPU is and the offload model,"ORPHAN: parent job ""Configure High-Performance Networking"" lives in the Networking category (maps/ocp/network.adoc); this job map is intentionally not wired into maps/ocp/optimize.adoc. DPU Operator path (install, configure, run workloads, service function chaining, monitor, uninstall) plus the SR-IOV hardware-offloading path are both fully documented. Note there is a third, parallel deployment path under networking/networking_operators/dpf_operator/ (NVIDIA DOCA Platform Framework) that is not folded into this job; decide whether it belongs here or in its own job."
Configure High-Performance Networking > 8.2 Configure DPU Offloading,Offload networking to data processing units.,Configure High-Performance Networking,full,modules/nw-dpu-intro-installing-operator.adoc,networking/networking_operators/dpu-operator/dpu-operator.adoc,full,,"ORPHAN: parent job ""Configure High-Performance Networking"" lives in the Networking category (maps/ocp/network.adoc); this job map is intentionally not wired into maps/ocp/optimize.adoc. DPU Operator path (install, configure, run workloads, service function chaining, monitor, uninstall) plus the SR-IOV hardware-offloading path are both fully documented. Note there is a third, parallel deployment path under networking/networking_operators/dpf_operator/ (NVIDIA DOCA Platform Framework) that is not folded into this job; decide whether it belongs here or in its own job."
Configure High-Performance Networking > 8.2 Configure DPU Offloading,Offload networking to data processing units.,Configure High-Performance Networking,full,modules/nw-dpu-installing-operator-cli.adoc,networking/networking_operators/dpu-operator/dpu-operator.adoc,full,,"ORPHAN: parent job ""Configure High-Performance Networking"" lives in the Networking category (maps/ocp/network.adoc); this job map is intentionally not wired into maps/ocp/optimize.adoc. DPU Operator path (install, configure, run workloads, service function chaining, monitor, uninstall) plus the SR-IOV hardware-offloading path are both fully documented. Note there is a third, parallel deployment path under networking/networking_operators/dpf_operator/ (NVIDIA DOCA Platform Framework) that is not folded into this job; decide whether it belongs here or in its own job."
Configure High-Performance Networking > 8.2 Configure DPU Offloading,Offload networking to data processing units.,Configure High-Performance Networking,full,modules/nw-dpu-installing-operator-ui.adoc,networking/networking_operators/dpu-operator/dpu-operator.adoc,full,,"ORPHAN: parent job ""Configure High-Performance Networking"" lives in the Networking category (maps/ocp/network.adoc); this job map is intentionally not wired into maps/ocp/optimize.adoc. DPU Operator path (install, configure, run workloads, service function chaining, monitor, uninstall) plus the SR-IOV hardware-offloading path are both fully documented. Note there is a third, parallel deployment path under networking/networking_operators/dpf_operator/ (NVIDIA DOCA Platform Framework) that is not folded into this job; decide whether it belongs here or in its own job."
Configure High-Performance Networking > 8.2 Configure DPU Offloading,Offload networking to data processing units.,Configure High-Performance Networking,full,modules/nw-dpu-configuring-operator.adoc,networking/networking_operators/dpu-operator/dpu-operator.adoc,full,Core configuration of DPU offload,"ORPHAN: parent job ""Configure High-Performance Networking"" lives in the Networking category (maps/ocp/network.adoc); this job map is intentionally not wired into maps/ocp/optimize.adoc. DPU Operator path (install, configure, run workloads, service function chaining, monitor, uninstall) plus the SR-IOV hardware-offloading path are both fully documented. Note there is a third, parallel deployment path under networking/networking_operators/dpf_operator/ (NVIDIA DOCA Platform Framework) that is not folded into this job; decide whether it belongs here or in its own job."
Configure High-Performance Networking > 8.2 Configure DPU Offloading,Offload networking to data processing units.,Configure High-Performance Networking,full,modules/nw-dpu-running-workloads.adoc,networking/networking_operators/dpu-operator/dpu-operator.adoc,full,,"ORPHAN: parent job ""Configure High-Performance Networking"" lives in the Networking category (maps/ocp/network.adoc); this job map is intentionally not wired into maps/ocp/optimize.adoc. DPU Operator path (install, configure, run workloads, service function chaining, monitor, uninstall) plus the SR-IOV hardware-offloading path are both fully documented. Note there is a third, parallel deployment path under networking/networking_operators/dpf_operator/ (NVIDIA DOCA Platform Framework) that is not folded into this job; decide whether it belongs here or in its own job."
Configure High-Performance Networking > 8.2 Configure DPU Offloading,Offload networking to data processing units.,Configure High-Performance Networking,full,modules/nw-dpu-creating-a-sfc.adoc,networking/networking_operators/dpu-operator/dpu-operator.adoc,full,Service function chaining on the DPU,"ORPHAN: parent job ""Configure High-Performance Networking"" lives in the Networking category (maps/ocp/network.adoc); this job map is intentionally not wired into maps/ocp/optimize.adoc. DPU Operator path (install, configure, run workloads, service function chaining, monitor, uninstall) plus the SR-IOV hardware-offloading path are both fully documented. Note there is a third, parallel deployment path under networking/networking_operators/dpf_operator/ (NVIDIA DOCA Platform Framework) that is not folded into this job; decide whether it belongs here or in its own job."
Configure High-Performance Networking > 8.2 Configure DPU Offloading,Offload networking to data processing units.,Configure High-Performance Networking,full,modules/nw-monitoring-dpu-status.adoc,networking/networking_operators/dpu-operator/dpu-operator.adoc,full,,"ORPHAN: parent job ""Configure High-Performance Networking"" lives in the Networking category (maps/ocp/network.adoc); this job map is intentionally not wired into maps/ocp/optimize.adoc. DPU Operator path (install, configure, run workloads, service function chaining, monitor, uninstall) plus the SR-IOV hardware-offloading path are both fully documented. Note there is a third, parallel deployment path under networking/networking_operators/dpf_operator/ (NVIDIA DOCA Platform Framework) that is not folded into this job; decide whether it belongs here or in its own job."
Configure High-Performance Networking > 8.2 Configure DPU Offloading,Offload networking to data processing units.,Configure High-Performance Networking,full,modules/nw-dpu-operator-uninstall.adoc,networking/networking_operators/dpu-operator/dpu-operator.adoc,full,,"ORPHAN: parent job ""Configure High-Performance Networking"" lives in the Networking category (maps/ocp/network.adoc); this job map is intentionally not wired into maps/ocp/optimize.adoc. DPU Operator path (install, configure, run workloads, service function chaining, monitor, uninstall) plus the SR-IOV hardware-offloading path are both fully documented. Note there is a third, parallel deployment path under networking/networking_operators/dpf_operator/ (NVIDIA DOCA Platform Framework) that is not folded into this job; decide whether it belongs here or in its own job."
Configure High-Performance Networking > 8.2 Configure DPU Offloading,Offload networking to data processing units.,Configure High-Performance Networking,full,modules/proc-switching-bf2-nic.adoc,networking/hardware_networks/switching-bf2-nic-dpu.adoc,full,Switch BlueField-2 between DPU and NIC mode,"ORPHAN: parent job ""Configure High-Performance Networking"" lives in the Networking category (maps/ocp/network.adoc); this job map is intentionally not wired into maps/ocp/optimize.adoc. DPU Operator path (install, configure, run workloads, service function chaining, monitor, uninstall) plus the SR-IOV hardware-offloading path are both fully documented. Note there is a third, parallel deployment path under networking/networking_operators/dpf_operator/ (NVIDIA DOCA Platform Framework) that is not folded into this job; decide whether it belongs here or in its own job."
Configure High-Performance Networking > 8.2 Configure DPU Offloading,Offload networking to data processing units.,Configure High-Performance Networking,full,modules/nw-sriov-hwol-about-hardware-offloading.adoc,networking/hardware_networks/configuring-hardware-offloading.adoc,full,Concept: OVS hardware offloading,"ORPHAN: parent job ""Configure High-Performance Networking"" lives in the Networking category (maps/ocp/network.adoc); this job map is intentionally not wired into maps/ocp/optimize.adoc. DPU Operator path (install, configure, run workloads, service function chaining, monitor, uninstall) plus the SR-IOV hardware-offloading path are both fully documented. Note there is a third, parallel deployment path under networking/networking_operators/dpf_operator/ (NVIDIA DOCA Platform Framework) that is not folded into this job; decide whether it belongs here or in its own job."
Configure High-Performance Networking > 8.2 Configure DPU Offloading,Offload networking to data processing units.,Configure High-Performance Networking,full,modules/nw-sriov-hwol-supported-devices.adoc,networking/hardware_networks/configuring-hardware-offloading.adoc,full,,"ORPHAN: parent job ""Configure High-Performance Networking"" lives in the Networking category (maps/ocp/network.adoc); this job map is intentionally not wired into maps/ocp/optimize.adoc. DPU Operator path (install, configure, run workloads, service function chaining, monitor, uninstall) plus the SR-IOV hardware-offloading path are both fully documented. Note there is a third, parallel deployment path under networking/networking_operators/dpf_operator/ (NVIDIA DOCA Platform Framework) that is not folded into this job; decide whether it belongs here or in its own job."
Configure High-Performance Networking > 8.2 Configure DPU Offloading,Offload networking to data processing units.,Configure High-Performance Networking,full,modules/nw-sriov-hwol-prerequisites.adoc,networking/hardware_networks/configuring-hardware-offloading.adoc,full,,"ORPHAN: parent job ""Configure High-Performance Networking"" lives in the Networking category (maps/ocp/network.adoc); this job map is intentionally not wired into maps/ocp/optimize.adoc. DPU Operator path (install, configure, run workloads, service function chaining, monitor, uninstall) plus the SR-IOV hardware-offloading path are both fully documented. Note there is a third, parallel deployment path under networking/networking_operators/dpf_operator/ (NVIDIA DOCA Platform Framework) that is not folded into this job; decide whether it belongs here or in its own job."
Configure High-Performance Networking > 8.2 Configure DPU Offloading,Offload networking to data processing units.,Configure High-Performance Networking,full,modules/nw-sriov-hwol-configuring-systemd-mode.adoc,networking/hardware_networks/configuring-hardware-offloading.adoc,full,,"ORPHAN: parent job ""Configure High-Performance Networking"" lives in the Networking category (maps/ocp/network.adoc); this job map is intentionally not wired into maps/ocp/optimize.adoc. DPU Operator path (install, configure, run workloads, service function chaining, monitor, uninstall) plus the SR-IOV hardware-offloading path are both fully documented. Note there is a third, parallel deployment path under networking/networking_operators/dpf_operator/ (NVIDIA DOCA Platform Framework) that is not folded into this job; decide whether it belongs here or in its own job."
Configure High-Performance Networking > 8.2 Configure DPU Offloading,Offload networking to data processing units.,Configure High-Performance Networking,full,modules/nw-sriov-hwol-configuring-machine-config-pool.adoc,networking/hardware_networks/configuring-hardware-offloading.adoc,full,,"ORPHAN: parent job ""Configure High-Performance Networking"" lives in the Networking category (maps/ocp/network.adoc); this job map is intentionally not wired into maps/ocp/optimize.adoc. DPU Operator path (install, configure, run workloads, service function chaining, monitor, uninstall) plus the SR-IOV hardware-offloading path are both fully documented. Note there is a third, parallel deployment path under networking/networking_operators/dpf_operator/ (NVIDIA DOCA Platform Framework) that is not folded into this job; decide whether it belongs here or in its own job."
Configure High-Performance Networking > 8.2 Configure DPU Offloading,Offload networking to data processing units.,Configure High-Performance Networking,full,modules/nw-sriov-hwol-creating-sriov-policy.adoc,networking/hardware_networks/configuring-hardware-offloading.adoc,full,,"ORPHAN: parent job ""Configure High-Performance Networking"" lives in the Networking category (maps/ocp/network.adoc); this job map is intentionally not wired into maps/ocp/optimize.adoc. DPU Operator path (install, configure, run workloads, service function chaining, monitor, uninstall) plus the SR-IOV hardware-offloading path are both fully documented. Note there is a third, parallel deployment path under networking/networking_operators/dpf_operator/ (NVIDIA DOCA Platform Framework) that is not folded into this job; decide whether it belongs here or in its own job."
Configure High-Performance Networking > 8.2 Configure DPU Offloading,Offload networking to data processing units.,Configure High-Performance Networking,full,modules/nw-sriov-hwol-ref-openstack-sriov-policy.adoc,networking/hardware_networks/configuring-hardware-offloading.adoc,full,,"ORPHAN: parent job ""Configure High-Performance Networking"" lives in the Networking category (maps/ocp/network.adoc); this job map is intentionally not wired into maps/ocp/optimize.adoc. DPU Operator path (install, configure, run workloads, service function chaining, monitor, uninstall) plus the SR-IOV hardware-offloading path are both fully documented. Note there is a third, parallel deployment path under networking/networking_operators/dpf_operator/ (NVIDIA DOCA Platform Framework) that is not folded into this job; decide whether it belongs here or in its own job."
Configure High-Performance Networking > 8.2 Configure DPU Offloading,Offload networking to data processing units.,Configure High-Performance Networking,full,modules/nw-sriov-hwol-improving-network-traffic-performance.adoc,networking/hardware_networks/configuring-hardware-offloading.adoc,full,Performance tuning for offloaded traffic,"ORPHAN: parent job ""Configure High-Performance Networking"" lives in the Networking category (maps/ocp/network.adoc); this job map is intentionally not wired into maps/ocp/optimize.adoc. DPU Operator path (install, configure, run workloads, service function chaining, monitor, uninstall) plus the SR-IOV hardware-offloading path are both fully documented. Note there is a third, parallel deployment path under networking/networking_operators/dpf_operator/ (NVIDIA DOCA Platform Framework) that is not folded into this job; decide whether it belongs here or in its own job."
Configure High-Performance Networking > 8.2 Configure DPU Offloading,Offload networking to data processing units.,Configure High-Performance Networking,full,modules/nw-sriov-hwol-creating-network-attachment-definition.adoc,networking/hardware_networks/configuring-hardware-offloading.adoc,full,,"ORPHAN: parent job ""Configure High-Performance Networking"" lives in the Networking category (maps/ocp/network.adoc); this job map is intentionally not wired into maps/ocp/optimize.adoc. DPU Operator path (install, configure, run workloads, service function chaining, monitor, uninstall) plus the SR-IOV hardware-offloading path are both fully documented. Note there is a third, parallel deployment path under networking/networking_operators/dpf_operator/ (NVIDIA DOCA Platform Framework) that is not folded into this job; decide whether it belongs here or in its own job."
Configure High-Performance Networking > 8.2 Configure DPU Offloading,Offload networking to data processing units.,Configure High-Performance Networking,full,modules/nw-sriov-hwol-adding-network-attachment-definitions-to-pods.adoc,networking/hardware_networks/configuring-hardware-offloading.adoc,full,,"ORPHAN: parent job ""Configure High-Performance Networking"" lives in the Networking category (maps/ocp/network.adoc); this job map is intentionally not wired into maps/ocp/optimize.adoc. DPU Operator path (install, configure, run workloads, service function chaining, monitor, uninstall) plus the SR-IOV hardware-offloading path are both fully documented. Note there is a third, parallel deployment path under networking/networking_operators/dpf_operator/ (NVIDIA DOCA Platform Framework) that is not folded into this job; decide whether it belongs here or in its own job."
Tune Network Performance > 12.1 Optimize Network Policies,Reduce flow count for better performance.,Tune Network Performance,partial,modules/nw-networkpolicy-optimize-ovn.adoc,networking/network_security/network_policy/about-network-policy.adoc,full,Core module: OVN-Kubernetes network policy optimizations to reduce OVS flow count,"Only one module (nw-networkpolicy-optimize-ovn) actually addresses flow-count reduction, and it is guidance-only. Missing: (1) a procedure to measure OVS flow count / network policy cost (no oc/ovn-nbctl or metrics-based verification step), (2) documented scale limits for network policies and rules per cluster, (3) a worked before/after consolidation procedure for an existing set of policies, (4) an unresolved inline TODO in the module (OSDOCS-11830, 'Why? Because each policy has to spin up its own resources?')."
Tune Network Performance > 12.1 Optimize Network Policies,Reduce flow count for better performance.,Tune Network Performance,partial,modules/nw-networkpolicy-about.adoc,networking/network_security/network_policy/about-network-policy.adoc,partial,Background concept; no performance content,"Only one module (nw-networkpolicy-optimize-ovn) actually addresses flow-count reduction, and it is guidance-only. Missing: (1) a procedure to measure OVS flow count / network policy cost (no oc/ovn-nbctl or metrics-based verification step), (2) documented scale limits for network policies and rules per cluster, (3) a worked before/after consolidation procedure for an existing set of policies, (4) an unresolved inline TODO in the module (OSDOCS-11830, 'Why? Because each policy has to spin up its own resources?')."
Tune Network Performance > 12.1 Optimize Network Policies,Reduce flow count for better performance.,Tune Network Performance,partial,modules/nw-networkpolicy-object.adoc,networking/network_security/network_policy/creating-network-policy.adoc,partial,Spec reference needed to consolidate rules; no performance guidance,"Only one module (nw-networkpolicy-optimize-ovn) actually addresses flow-count reduction, and it is guidance-only. Missing: (1) a procedure to measure OVS flow count / network policy cost (no oc/ovn-nbctl or metrics-based verification step), (2) documented scale limits for network policies and rules per cluster, (3) a worked before/after consolidation procedure for an existing set of policies, (4) an unresolved inline TODO in the module (OSDOCS-11830, 'Why? Because each policy has to spin up its own resources?')."
Tune Network Performance > 12.1 Optimize Network Policies,Reduce flow count for better performance.,Tune Network Performance,partial,modules/nw-networkpolicy-edit.adoc,networking/network_security/network_policy/editing-network-policy.adoc,partial,"ifeval-dispatch; ifeval branch targets context configuring-multi-network-policy; source assembly context editing-network-policy matches no branch, so the default NetworkPolicy content renders. Procedure used to apply consolidation, but says nothing about performance","Only one module (nw-networkpolicy-optimize-ovn) actually addresses flow-count reduction, and it is guidance-only. Missing: (1) a procedure to measure OVS flow count / network policy cost (no oc/ovn-nbctl or metrics-based verification step), (2) documented scale limits for network policies and rules per cluster, (3) a worked before/after consolidation procedure for an existing set of policies, (4) an unresolved inline TODO in the module (OSDOCS-11830, 'Why? Because each policy has to spin up its own resources?')."
Create infrastructure nodes,"When I want to isolate resources between nodes and optimize costs, I want to create nodes that only handle cluster-level services like logging and routing rather than application workloads.",,full,modules/infrastructure-components.adoc,nodes/nodes/nodes-nodes-creating-infrastructure-nodes.adoc,full,defines what counts as an infrastructure component/workload,
Create infrastructure nodes,"When I want to isolate resources between nodes and optimize costs, I want to create nodes that only handle cluster-level services like logging and routing rather than application workloads.",,full,modules/creating-an-infra-node.adoc,nodes/nodes/nodes-nodes-creating-infrastructure-nodes.adoc,full,creates the infra machine config pool and labels the node,
Create infrastructure nodes,"When I want to isolate resources between nodes and optimize costs, I want to create nodes that only handle cluster-level services like logging and routing rather than application workloads.",,full,modules/machineset-creating.adoc,machine_management/creating-infrastructure-machinesets.adoc,full,"creates the infra compute machine set; ifeval-dispatch (context creating-infrastructure-machinesets NOT in branches ['aws-compute-edge-zone-tasks', 'creating-machineset-aws', 'creating-machineset-azure-stack-hub', 'creating-machineset-vsphere', 'creating-windows-machineset-aws', 'creating-windows-machineset-azure', 'creating-windows-machineset-vsphere'])",
Create infrastructure nodes,"When I want to isolate resources between nodes and optimize costs, I want to create nodes that only handle cluster-level services like logging and routing rather than application workloads.",,full,modules/creating-infra-machines.adoc,machine_management/creating-infrastructure-machinesets.adoc,full,creates infra machines on user-provisioned infrastructure,
Create infrastructure nodes,"When I want to isolate resources between nodes and optimize costs, I want to create nodes that only handle cluster-level services like logging and routing rather than application workloads.",,full,modules/machineset-yaml-aws.adoc,machine_management/creating-infrastructure-machinesets.adoc,full,provider sample YAML; ifeval-dispatch (context MATCHES a branch),
Create infrastructure nodes,"When I want to isolate resources between nodes and optimize costs, I want to create nodes that only handle cluster-level services like logging and routing rather than application workloads.",,full,modules/machineset-yaml-azure.adoc,machine_management/creating-infrastructure-machinesets.adoc,full,provider sample YAML; ifeval-dispatch (context MATCHES a branch),
Create infrastructure nodes,"When I want to isolate resources between nodes and optimize costs, I want to create nodes that only handle cluster-level services like logging and routing rather than application workloads.",,full,modules/machineset-yaml-azure-stack-hub.adoc,machine_management/creating-infrastructure-machinesets.adoc,full,provider sample YAML; ifeval-dispatch (context MATCHES a branch),
Create infrastructure nodes,"When I want to isolate resources between nodes and optimize costs, I want to create nodes that only handle cluster-level services like logging and routing rather than application workloads.",,full,modules/machineset-yaml-ibm-cloud.adoc,machine_management/creating-infrastructure-machinesets.adoc,full,provider sample YAML; ifeval-dispatch (context MATCHES a branch),
Create infrastructure nodes,"When I want to isolate resources between nodes and optimize costs, I want to create nodes that only handle cluster-level services like logging and routing rather than application workloads.",,full,modules/machineset-yaml-gcp.adoc,machine_management/creating-infrastructure-machinesets.adoc,full,provider sample YAML; ifeval-dispatch (context MATCHES a branch),
Create infrastructure nodes,"When I want to isolate resources between nodes and optimize costs, I want to create nodes that only handle cluster-level services like logging and routing rather than application workloads.",,full,modules/machineset-yaml-nutanix.adoc,machine_management/creating-infrastructure-machinesets.adoc,full,provider sample YAML; ifeval-dispatch (context MATCHES a branch),
Create infrastructure nodes,"When I want to isolate resources between nodes and optimize costs, I want to create nodes that only handle cluster-level services like logging and routing rather than application workloads.",,full,modules/machineset-yaml-osp.adoc,machine_management/creating-infrastructure-machinesets.adoc,full,provider sample YAML; ifeval-dispatch (context MATCHES a branch),
Create infrastructure nodes,"When I want to isolate resources between nodes and optimize costs, I want to create nodes that only handle cluster-level services like logging and routing rather than application workloads.",,full,modules/machineset-yaml-vsphere.adoc,machine_management/creating-infrastructure-machinesets.adoc,full,provider sample YAML; ifeval-dispatch (context MATCHES a branch),
Make changes to the Kubelet settings on my nodes.,"When I want to tune how the kubelet manages pods on my nodes, I can configure these settings by using a Kubelet custom resource, so I can optimize pod density, resource management, or enable kubelet features on those nodes without manually editing node configurations.",,full,modules/create-a-kubeletconfig-crd-to-edit-kubelet-parameters.adoc,machine_configuration/machine-configs-custom.adoc,full,core KubeletConfig CR procedure,
Make changes to the Kubelet settings on my nodes.,"When I want to tune how the kubelet manages pods on my nodes, I can configure these settings by using a Kubelet custom resource, so I can optimize pod density, resource management, or enable kubelet features on those nodes without manually editing node configurations.",,full,modules/nodes-nodes-resources-configuring-about.adoc,nodes/nodes/nodes-nodes-resources-configuring.adoc,full,kubelet allocatable / reserved resources concept,
Make changes to the Kubelet settings on my nodes.,"When I want to tune how the kubelet manages pods on my nodes, I can configure these settings by using a Kubelet custom resource, so I can optimize pod density, resource management, or enable kubelet features on those nodes without manually editing node configurations.",,full,modules/nodes-nodes-resources-configuring-setting.adoc,nodes/nodes/nodes-nodes-resources-configuring.adoc,full,sets systemReserved via KubeletConfig,
Make changes to the Kubelet settings on my nodes.,"When I want to tune how the kubelet manages pods on my nodes, I can configure these settings by using a Kubelet custom resource, so I can optimize pod density, resource management, or enable kubelet features on those nodes without manually editing node configurations.",,full,modules/sd-understanding-process-id-limits.adoc,nodes/nodes/nodes-nodes-resources-configuring.adoc,full,podPidsLimit kubelet parameter,
Make changes to the Kubelet settings on my nodes.,"When I want to tune how the kubelet manages pods on my nodes, I can configure these settings by using a Kubelet custom resource, so I can optimize pod density, resource management, or enable kubelet features on those nodes without manually editing node configurations.",,full,modules/risks-setting-higher-process-id-limits.adoc,nodes/nodes/nodes-nodes-resources-configuring.adoc,full,risk guidance for podPidsLimit,
Make changes to the Kubelet settings on my nodes.,"When I want to tune how the kubelet manages pods on my nodes, I can configure these settings by using a Kubelet custom resource, so I can optimize pod density, resource management, or enable kubelet features on those nodes without manually editing node configurations.",,full,modules/nodes-nodes-resources-cpus-reserve.adoc,nodes/nodes/nodes-nodes-resources-cpus.adoc,full,reserved CPU list via KubeletConfig,
Make changes to the Kubelet settings on my nodes.,"When I want to tune how the kubelet manages pods on my nodes, I can configure these settings by using a Kubelet custom resource, so I can optimize pod density, resource management, or enable kubelet features on those nodes without manually editing node configurations.",,full,modules/nodes-nodes-garbage-collection-containers.adoc,nodes/nodes/nodes-nodes-garbage-collection.adoc,full,kubelet container eviction settings,
Make changes to the Kubelet settings on my nodes.,"When I want to tune how the kubelet manages pods on my nodes, I can configure these settings by using a Kubelet custom resource, so I can optimize pod density, resource management, or enable kubelet features on those nodes without manually editing node configurations.",,full,modules/nodes-nodes-garbage-collection-images.adoc,nodes/nodes/nodes-nodes-garbage-collection.adoc,full,kubelet image GC settings,
Make changes to the Kubelet settings on my nodes.,"When I want to tune how the kubelet manages pods on my nodes, I can configure these settings by using a Kubelet custom resource, so I can optimize pod density, resource management, or enable kubelet features on those nodes without manually editing node configurations.",,full,modules/nodes-nodes-garbage-collection-configuring.adoc,nodes/nodes/nodes-nodes-garbage-collection.adoc,full,configures GC through a KubeletConfig CR,
Make changes to the Kubelet settings on my nodes.,"When I want to tune how the kubelet manages pods on my nodes, I can configure these settings by using a Kubelet custom resource, so I can optimize pod density, resource management, or enable kubelet features on those nodes without manually editing node configurations.",,full,modules/tls-profiles-understanding.adoc,nodes/nodes/nodes-nodes-tls.adoc,full,TLS security profile concept,
Make changes to the Kubelet settings on my nodes.,"When I want to tune how the kubelet manages pods on my nodes, I can configure these settings by using a Kubelet custom resource, so I can optimize pod density, resource management, or enable kubelet features on those nodes without manually editing node configurations.",,full,modules/tls-profiles-kubelet-configuring.adoc,nodes/nodes/nodes-nodes-tls.adoc,full,kubelet TLS profile via KubeletConfig; ifeval-dispatch (context nodes-nodes-tls NOT in branches ['tls-security-profiles']),
Evacuate pods on a node,"When I need the nodes on my cluster to run more efficiently, I want to reassign pods to other nodes",,full,modules/nodes-nodes-working-evacuating.adoc,nodes/nodes/nodes-nodes-working.adoc,full,oc adm drain / evacuate pods,
Evacuate pods on a node,"When I need the nodes on my cluster to run more efficiently, I want to reassign pods to other nodes",,full,modules/nodes-nodes-working-marking.adoc,nodes/nodes/nodes-nodes-working.adoc,full,cordon / uncordon before and after evacuation,
Evacuate pods on a node,"When I need the nodes on my cluster to run more efficiently, I want to reassign pods to other nodes",,full,modules/sno-clusters-reboot-without-drain.adoc,nodes/nodes/nodes-nodes-working.adoc,full,single-node exception to draining,
Evacuate pods on a node,"When I need the nodes on my cluster to run more efficiently, I want to reassign pods to other nodes",,full,modules/machine-config-node-drain.adoc,machine_configuration/index.adoc,full,how the MCO drains nodes for config changes,
Evacuate pods on a node,"When I need the nodes on my cluster to run more efficiently, I want to reassign pods to other nodes",,full,modules/nodes-descheduler-about.adoc,nodes/scheduling/descheduler/index.adoc,full,descheduler evicts pods for better placement,
Evacuate pods on a node,"When I need the nodes on my cluster to run more efficiently, I want to reassign pods to other nodes",,full,modules/nodes-descheduler-profiles.adoc,nodes/scheduling/descheduler/index.adoc,full,eviction strategy profiles; ifeval-dispatch (context MATCHES a branch),
Evacuate pods on a node,"When I need the nodes on my cluster to run more efficiently, I want to reassign pods to other nodes",,full,modules/nodes-descheduler-installing.adoc,nodes/scheduling/descheduler/nodes-descheduler-configuring.adoc,full,installs the Kube Descheduler Operator; ifeval-dispatch (context MATCHES a branch),
Evacuate pods on a node,"When I need the nodes on my cluster to run more efficiently, I want to reassign pods to other nodes",,full,modules/nodes-descheduler-configuring-profiles.adoc,nodes/scheduling/descheduler/nodes-descheduler-configuring.adoc,full,enables eviction profiles,
Evacuate pods on a node,"When I need the nodes on my cluster to run more efficiently, I want to reassign pods to other nodes",,full,modules/nodes-descheduler-configuring-interval.adoc,nodes/scheduling/descheduler/nodes-descheduler-configuring.adoc,full,sets the descheduler interval,
Configure node changes on a cluster,"When managing the underlying infrastructure of a containerized environment, I want to automate and standardize configuration changes across worker nodes, so that I can ensure cluster stability and security compliance without manual intervention or service downtime.",,full,modules/understanding-machine-config-operator.adoc,machine_configuration/index.adoc,full,MCO architecture,
Configure node changes on a cluster,"When managing the underlying infrastructure of a containerized environment, I want to automate and standardize configuration changes across worker nodes, so that I can ensure cluster stability and security compliance without manual intervention or service downtime.",,full,modules/machine-config-overview.adoc,machine_configuration/index.adoc,full,what a MachineConfig can change,
Configure node changes on a cluster,"When managing the underlying infrastructure of a containerized environment, I want to automate and standardize configuration changes across worker nodes, so that I can ensure cluster stability and security compliance without manual intervention or service downtime.",,full,modules/architecture-machine-config-pools.adoc,machine_configuration/index.adoc,full,machine config pools,
Configure node changes on a cluster,"When managing the underlying infrastructure of a containerized environment, I want to automate and standardize configuration changes across worker nodes, so that I can ensure cluster stability and security compliance without manual intervention or service downtime.",,full,modules/machine-config-node-drain.adoc,machine_configuration/index.adoc,full,rollout drain behavior (no service downtime),
Configure node changes on a cluster,"When managing the underlying infrastructure of a containerized environment, I want to automate and standardize configuration changes across worker nodes, so that I can ensure cluster stability and security compliance without manual intervention or service downtime.",,full,modules/machine-config-drift-detection.adoc,machine_configuration/index.adoc,full,configuration drift detection,
Configure node changes on a cluster,"When managing the underlying infrastructure of a containerized environment, I want to automate and standardize configuration changes across worker nodes, so that I can ensure cluster stability and security compliance without manual intervention or service downtime.",,full,modules/checking-mco-status.adoc,machine_configuration/index.adoc,full,monitoring the rollout,
Configure node changes on a cluster,"When managing the underlying infrastructure of a containerized environment, I want to automate and standardize configuration changes across worker nodes, so that I can ensure cluster stability and security compliance without manual intervention or service downtime.",,full,modules/checking-mco-node-status.adoc,machine_configuration/index.adoc,full,monitoring per-node rollout,
Configure node changes on a cluster,"When managing the underlying infrastructure of a containerized environment, I want to automate and standardize configuration changes across worker nodes, so that I can ensure cluster stability and security compliance without manual intervention or service downtime.",,full,modules/checking-mco-node-status-configuring.adoc,machine_configuration/index.adoc,full,configuring MCO status reporting,
Configure node changes on a cluster,"When managing the underlying infrastructure of a containerized environment, I want to automate and standardize configuration changes across worker nodes, so that I can ensure cluster stability and security compliance without manual intervention or service downtime.",,full,modules/checking-mco-status-certs.adoc,machine_configuration/index.adoc,full,certificate status in the MCO,
Configure node changes on a cluster,"When managing the underlying infrastructure of a containerized environment, I want to automate and standardize configuration changes across worker nodes, so that I can ensure cluster stability and security compliance without manual intervention or service downtime.",,full,modules/installation-special-config-chrony.adoc,machine_configuration/machine-configs-configure.adoc,full,"chrony/NTP via MachineConfig; ifeval-dispatch (context machine-configs-configure NOT in branches ['installing-restricted-networks-bare-metal', 'installing-restricted-networks-vsphere'])",
Configure node changes on a cluster,"When managing the underlying infrastructure of a containerized environment, I want to automate and standardize configuration changes across worker nodes, so that I can ensure cluster stability and security compliance without manual intervention or service downtime.",,full,modules/cnf-disable-chronyd.adoc,machine_configuration/machine-configs-configure.adoc,full,disabling chronyd via MachineConfig,
Configure node changes on a cluster,"When managing the underlying infrastructure of a containerized environment, I want to automate and standardize configuration changes across worker nodes, so that I can ensure cluster stability and security compliance without manual intervention or service downtime.",,full,modules/nodes-nodes-kernel-arguments.adoc,machine_configuration/machine-configs-configure.adoc,full,kernel arguments via MachineConfig,
Configure node changes on a cluster,"When managing the underlying infrastructure of a containerized environment, I want to automate and standardize configuration changes across worker nodes, so that I can ensure cluster stability and security compliance without manual intervention or service downtime.",,full,modules/rhcos-enabling-multipath-day-2.adoc,machine_configuration/machine-configs-configure.adoc,full,day-2 multipath via MachineConfig,
Configure node changes on a cluster,"When managing the underlying infrastructure of a containerized environment, I want to automate and standardize configuration changes across worker nodes, so that I can ensure cluster stability and security compliance without manual intervention or service downtime.",,full,modules/nodes-nodes-rtkernel-arguments.adoc,machine_configuration/machine-configs-configure.adoc,full,real-time kernel via MachineConfig,
Configure node changes on a cluster,"When managing the underlying infrastructure of a containerized environment, I want to automate and standardize configuration changes across worker nodes, so that I can ensure cluster stability and security compliance without manual intervention or service downtime.",,full,modules/machineconfig-modify-journald.adoc,machine_configuration/machine-configs-configure.adoc,full,journald settings via MachineConfig,
Configure node changes on a cluster,"When managing the underlying infrastructure of a containerized environment, I want to automate and standardize configuration changes across worker nodes, so that I can ensure cluster stability and security compliance without manual intervention or service downtime.",,full,modules/rhcos-add-extensions.adoc,machine_configuration/machine-configs-configure.adoc,full,RHCOS extensions via MachineConfig,
Configure node changes on a cluster,"When managing the underlying infrastructure of a containerized environment, I want to automate and standardize configuration changes across worker nodes, so that I can ensure cluster stability and security compliance without manual intervention or service downtime.",,full,modules/rhcos-load-firmware-blobs.adoc,machine_configuration/machine-configs-configure.adoc,full,firmware blobs via MachineConfig,
Configure node changes on a cluster,"When managing the underlying infrastructure of a containerized environment, I want to automate and standardize configuration changes across worker nodes, so that I can ensure cluster stability and security compliance without manual intervention or service downtime.",,full,modules/core-user-password.adoc,machine_configuration/machine-configs-configure.adoc,full,core user password via MachineConfig,
Configure node changes on a cluster,"When managing the underlying infrastructure of a containerized environment, I want to automate and standardize configuration changes across worker nodes, so that I can ensure cluster stability and security compliance without manual intervention or service downtime.",,full,modules/machine-config-install-time-configs.adoc,machine_configuration/machine-configs-configure.adoc,full,install-time vs day-2 machine configs,
Configure node changes on a cluster,"When managing the underlying infrastructure of a containerized environment, I want to automate and standardize configuration changes across worker nodes, so that I can ensure cluster stability and security compliance without manual intervention or service downtime.",,full,modules/machine-config-custom-mcp-automatic.adoc,machine_configuration/machine-config-custom-mcp.adoc,full,custom MCP created automatically,
Configure node changes on a cluster,"When managing the underlying infrastructure of a containerized environment, I want to automate and standardize configuration changes across worker nodes, so that I can ensure cluster stability and security compliance without manual intervention or service downtime.",,full,modules/machine-config-custom-mcp-existing.adoc,machine_configuration/machine-config-custom-mcp.adoc,full,custom MCP from existing nodes,
Configure node changes on a cluster,"When managing the underlying infrastructure of a containerized environment, I want to automate and standardize configuration changes across worker nodes, so that I can ensure cluster stability and security compliance without manual intervention or service downtime.",,full,modules/machine-config-node-disruption-example.adoc,machine_configuration/machine-config-node-disruption.adoc,full,node disruption policy example,
Configure node changes on a cluster,"When managing the underlying infrastructure of a containerized environment, I want to automate and standardize configuration changes across worker nodes, so that I can ensure cluster stability and security compliance without manual intervention or service downtime.",,full,modules/machine-config-node-disruption-config.adoc,machine_configuration/machine-config-node-disruption.adoc,full,configure node disruption policies to avoid reboots,
Configure node changes on a cluster,"When managing the underlying infrastructure of a containerized environment, I want to automate and standardize configuration changes across worker nodes, so that I can ensure cluster stability and security compliance without manual intervention or service downtime.",,full,modules/machineconfig-garbage-collect-viewing.adoc,machine_configuration/machine-configs-garbage-collection.adoc,full,viewing unused rendered machine configs,
Configure node changes on a cluster,"When managing the underlying infrastructure of a containerized environment, I want to automate and standardize configuration changes across worker nodes, so that I can ensure cluster stability and security compliance without manual intervention or service downtime.",,full,modules/machineconfig-garbage-collect-removing.adoc,machine_configuration/machine-configs-garbage-collection.adoc,full,removing unused rendered machine configs,
Restrict resource consumption with limit ranges,"When I am creating a cluster, I want to limit containers from using unbounded resources without any checks so that I can avoid cluster failures and keep costs low.",,full,modules/nodes-cluster-limit-ranges-about.adoc,nodes/clusters/nodes-cluster-limit-ranges.adoc,full,limit range concept,
Restrict resource consumption with limit ranges,"When I am creating a cluster, I want to limit containers from using unbounded resources without any checks so that I can avoid cluster failures and keep costs low.",,full,modules/nodes-cluster-limit-ranges-limits.adoc,nodes/clusters/nodes-cluster-limit-ranges.adoc,full,component limits reference,
Restrict resource consumption with limit ranges,"When I am creating a cluster, I want to limit containers from using unbounded resources without any checks so that I can avoid cluster failures and keep costs low.",,full,modules/nodes-cluster-limit-ranges-creating.adoc,nodes/clusters/nodes-cluster-limit-ranges.adoc,full,create a limit range,
Restrict resource consumption with limit ranges,"When I am creating a cluster, I want to limit containers from using unbounded resources without any checks so that I can avoid cluster failures and keep costs low.",,full,modules/nodes-cluster-limit-ranges-viewing.adoc,nodes/clusters/nodes-cluster-limit-ranges.adoc,full,view a limit range,
Restrict resource consumption with limit ranges,"When I am creating a cluster, I want to limit containers from using unbounded resources without any checks so that I can avoid cluster failures and keep costs low.",,full,modules/nodes-cluster-limit-ranges-deleting.adoc,nodes/clusters/nodes-cluster-limit-ranges.adoc,full,delete a limit range,
Optimize Infrastructure for Specific Platforms,"When deploying on specific platforms with unique optimization requirements, I want to apply targeted optimizations so I can ensure optimal performance.",,partial,modules/optimizing-storage-azure.adoc,scalability_and_performance/optimization/optimizing-storage.adoc,full,Azure-specific: disk type and sizing guidance for Azure-backed storage,"Umbrella job with no single home in the docs. Only five platforms carry any platform-specific optimization content: IBM Z/LinuxONE (the whole of scalability_and_performance/ibm-z-recommended-host-practices.adoc, mapped under the child job 'IBM Z and LinuxONE Optimizations' rather than duplicated here), Azure (storage/disk sizing only), AWS (resizing control plane instances only), OpenStack (hosted control plane performance tuning only), and IBM Power (system sizing recommendations that live in the installation guide, not a tuning module). Missing: no platform-specific optimization or host-practices module exists for GCP, vSphere, Nutanix, IBM Cloud, Alibaba, or bare metal; there is also no overview/router module that tells a reader which per-platform tuning guidance applies to their infrastructure."
Optimize Infrastructure for Specific Platforms,"When deploying on specific platforms with unique optimization requirements, I want to apply targeted optimizations so I can ensure optimal performance.",,partial,modules/cpms-changing-aws-instance-type.adoc,scalability_and_performance/recommended-performance-scale-practices/increasing-aws-flavor-size.adoc,partial,AWS-specific but narrow: resizing control plane instances via a control plane machine set only,"Umbrella job with no single home in the docs. Only five platforms carry any platform-specific optimization content: IBM Z/LinuxONE (the whole of scalability_and_performance/ibm-z-recommended-host-practices.adoc, mapped under the child job 'IBM Z and LinuxONE Optimizations' rather than duplicated here), Azure (storage/disk sizing only), AWS (resizing control plane instances only), OpenStack (hosted control plane performance tuning only), and IBM Power (system sizing recommendations that live in the installation guide, not a tuning module). Missing: no platform-specific optimization or host-practices module exists for GCP, vSphere, Nutanix, IBM Cloud, Alibaba, or bare metal; there is also no overview/router module that tells a reader which per-platform tuning guidance applies to their infrastructure."
Optimize Infrastructure for Specific Platforms,"When deploying on specific platforms with unique optimization requirements, I want to apply targeted optimizations so I can ensure optimal performance.",,partial,modules/aws-console-changing-aws-instance-type.adoc,scalability_and_performance/recommended-performance-scale-practices/increasing-aws-flavor-size.adoc,partial,AWS-specific but narrow: resizing control plane instances from the AWS console only,"Umbrella job with no single home in the docs. Only five platforms carry any platform-specific optimization content: IBM Z/LinuxONE (the whole of scalability_and_performance/ibm-z-recommended-host-practices.adoc, mapped under the child job 'IBM Z and LinuxONE Optimizations' rather than duplicated here), Azure (storage/disk sizing only), AWS (resizing control plane instances only), OpenStack (hosted control plane performance tuning only), and IBM Power (system sizing recommendations that live in the installation guide, not a tuning module). Missing: no platform-specific optimization or host-practices module exists for GCP, vSphere, Nutanix, IBM Cloud, Alibaba, or bare metal; there is also no overview/router module that tells a reader which per-platform tuning guidance applies to their infrastructure."
Optimize Infrastructure for Specific Platforms,"When deploying on specific platforms with unique optimization requirements, I want to apply targeted optimizations so I can ensure optimal performance.",,partial,modules/hosted-clusters-openstack-performance.adoc,hosted_control_planes/hcp-manage/hcp-manage-openstack.adoc,full,OpenStack-specific performance concept for hosted control plane node pools,"Umbrella job with no single home in the docs. Only five platforms carry any platform-specific optimization content: IBM Z/LinuxONE (the whole of scalability_and_performance/ibm-z-recommended-host-practices.adoc, mapped under the child job 'IBM Z and LinuxONE Optimizations' rather than duplicated here), Azure (storage/disk sizing only), AWS (resizing control plane instances only), OpenStack (hosted control plane performance tuning only), and IBM Power (system sizing recommendations that live in the installation guide, not a tuning module). Missing: no platform-specific optimization or host-practices module exists for GCP, vSphere, Nutanix, IBM Cloud, Alibaba, or bare metal; there is also no overview/router module that tells a reader which per-platform tuning guidance applies to their infrastructure."
Optimize Infrastructure for Specific Platforms,"When deploying on specific platforms with unique optimization requirements, I want to apply targeted optimizations so I can ensure optimal performance.",,partial,modules/hosted-clusters-openstack-performance-tuning.adoc,hosted_control_planes/hcp-manage/hcp-manage-openstack.adoc,full,OpenStack-specific: tuning node pools for high performance,"Umbrella job with no single home in the docs. Only five platforms carry any platform-specific optimization content: IBM Z/LinuxONE (the whole of scalability_and_performance/ibm-z-recommended-host-practices.adoc, mapped under the child job 'IBM Z and LinuxONE Optimizations' rather than duplicated here), Azure (storage/disk sizing only), AWS (resizing control plane instances only), OpenStack (hosted control plane performance tuning only), and IBM Power (system sizing recommendations that live in the installation guide, not a tuning module). Missing: no platform-specific optimization or host-practices module exists for GCP, vSphere, Nutanix, IBM Cloud, Alibaba, or bare metal; there is also no overview/router module that tells a reader which per-platform tuning guidance applies to their infrastructure."
Optimize Infrastructure for Specific Platforms,"When deploying on specific platforms with unique optimization requirements, I want to apply targeted optimizations so I can ensure optimal performance.",,partial,modules/hosted-clusters-openstack-performance-enabling.adoc,hosted_control_planes/hcp-manage/hcp-manage-openstack.adoc,full,OpenStack-specific: enabling the high-performance configuration,"Umbrella job with no single home in the docs. Only five platforms carry any platform-specific optimization content: IBM Z/LinuxONE (the whole of scalability_and_performance/ibm-z-recommended-host-practices.adoc, mapped under the child job 'IBM Z and LinuxONE Optimizations' rather than duplicated here), Azure (storage/disk sizing only), AWS (resizing control plane instances only), OpenStack (hosted control plane performance tuning only), and IBM Power (system sizing recommendations that live in the installation guide, not a tuning module). Missing: no platform-specific optimization or host-practices module exists for GCP, vSphere, Nutanix, IBM Cloud, Alibaba, or bare metal; there is also no overview/router module that tells a reader which per-platform tuning guidance applies to their infrastructure."
Optimize Infrastructure for Specific Platforms,"When deploying on specific platforms with unique optimization requirements, I want to apply targeted optimizations so I can ensure optimal performance.",,partial,modules/recommended-ibm-power-system-requirements.adoc,installing/installing_ibm_power/installing-ibm-power.adoc,partial,"IBM Power sizing recommendations; lives in the installation guide, not a tuning module","Umbrella job with no single home in the docs. Only five platforms carry any platform-specific optimization content: IBM Z/LinuxONE (the whole of scalability_and_performance/ibm-z-recommended-host-practices.adoc, mapped under the child job 'IBM Z and LinuxONE Optimizations' rather than duplicated here), Azure (storage/disk sizing only), AWS (resizing control plane instances only), OpenStack (hosted control plane performance tuning only), and IBM Power (system sizing recommendations that live in the installation guide, not a tuning module). Missing: no platform-specific optimization or host-practices module exists for GCP, vSphere, Nutanix, IBM Cloud, Alibaba, or bare metal; there is also no overview/router module that tells a reader which per-platform tuning guidance applies to their infrastructure."
Optimize Infrastructure for Specific Platforms > IBM Z and LinuxONE Optimizations,Optimize Infrastructure for Specific Platforms > IBM Z and LinuxONE Optimizations,Optimize Infrastructure for Specific Platforms,full,modules/ibm-z-managing-cpu-overcommitment.adoc,scalability_and_performance/ibm-z-recommended-host-practices.adoc,full,z/VM and LPAR CPU overcommitment guidance,"Fully covered by scalability_and_performance/ibm-z-recommended-host-practices.adoc: CPU overcommitment, transparent huge pages, RFS networking, networking setup choice, HyperPAV disk performance, and the RHEL KVM host recommendation set (I/O threads, virtual SCSI, guest disk caching, memory balloon, host scheduler CPU migration, cpuset cgroup controller, idle vCPU polling)."
Optimize Infrastructure for Specific Platforms > IBM Z and LinuxONE Optimizations,Optimize Infrastructure for Specific Platforms > IBM Z and LinuxONE Optimizations,Optimize Infrastructure for Specific Platforms,full,modules/ibm-z-disable-thp.adoc,scalability_and_performance/ibm-z-recommended-host-practices.adoc,full,disable transparent huge pages on s390x,"Fully covered by scalability_and_performance/ibm-z-recommended-host-practices.adoc: CPU overcommitment, transparent huge pages, RFS networking, networking setup choice, HyperPAV disk performance, and the RHEL KVM host recommendation set (I/O threads, virtual SCSI, guest disk caching, memory balloon, host scheduler CPU migration, cpuset cgroup controller, idle vCPU polling)."
Optimize Infrastructure for Specific Platforms > IBM Z and LinuxONE Optimizations,Optimize Infrastructure for Specific Platforms > IBM Z and LinuxONE Optimizations,Optimize Infrastructure for Specific Platforms,full,modules/ibm-z-boost-networking-performance-with-rfs.adoc,scalability_and_performance/ibm-z-recommended-host-practices.adoc,full,Receive Flow Steering tuning,"Fully covered by scalability_and_performance/ibm-z-recommended-host-practices.adoc: CPU overcommitment, transparent huge pages, RFS networking, networking setup choice, HyperPAV disk performance, and the RHEL KVM host recommendation set (I/O threads, virtual SCSI, guest disk caching, memory balloon, host scheduler CPU migration, cpuset cgroup controller, idle vCPU polling)."
Optimize Infrastructure for Specific Platforms > IBM Z and LinuxONE Optimizations,Optimize Infrastructure for Specific Platforms > IBM Z and LinuxONE Optimizations,Optimize Infrastructure for Specific Platforms,full,modules/ibm-z-choose-networking-setup.adoc,scalability_and_performance/ibm-z-recommended-host-practices.adoc,full,"network device selection (OSA, HiperSockets, RoCE)","Fully covered by scalability_and_performance/ibm-z-recommended-host-practices.adoc: CPU overcommitment, transparent huge pages, RFS networking, networking setup choice, HyperPAV disk performance, and the RHEL KVM host recommendation set (I/O threads, virtual SCSI, guest disk caching, memory balloon, host scheduler CPU migration, cpuset cgroup controller, idle vCPU polling)."
Optimize Infrastructure for Specific Platforms > IBM Z and LinuxONE Optimizations,Optimize Infrastructure for Specific Platforms > IBM Z and LinuxONE Optimizations,Optimize Infrastructure for Specific Platforms,full,modules/ibm-z-ensure-high-disk-performance-hyperpav.adoc,scalability_and_performance/ibm-z-recommended-host-practices.adoc,full,HyperPAV alias devices for DASD throughput,"Fully covered by scalability_and_performance/ibm-z-recommended-host-practices.adoc: CPU overcommitment, transparent huge pages, RFS networking, networking setup choice, HyperPAV disk performance, and the RHEL KVM host recommendation set (I/O threads, virtual SCSI, guest disk caching, memory balloon, host scheduler CPU migration, cpuset cgroup controller, idle vCPU polling)."
Optimize Infrastructure for Specific Platforms > IBM Z and LinuxONE Optimizations,Optimize Infrastructure for Specific Platforms > IBM Z and LinuxONE Optimizations,Optimize Infrastructure for Specific Platforms,full,modules/ibm-z-rhel-kvm-host-recommendations.adoc,scalability_and_performance/ibm-z-recommended-host-practices.adoc,full,parent concept for the RHEL KVM host recommendations,"Fully covered by scalability_and_performance/ibm-z-recommended-host-practices.adoc: CPU overcommitment, transparent huge pages, RFS networking, networking setup choice, HyperPAV disk performance, and the RHEL KVM host recommendation set (I/O threads, virtual SCSI, guest disk caching, memory balloon, host scheduler CPU migration, cpuset cgroup controller, idle vCPU polling)."
Optimize Infrastructure for Specific Platforms > IBM Z and LinuxONE Optimizations,Optimize Infrastructure for Specific Platforms > IBM Z and LinuxONE Optimizations,Optimize Infrastructure for Specific Platforms,full,modules/use-io-threads-for-your-virtual-block-devices.adoc,scalability_and_performance/ibm-z-recommended-host-practices.adoc,full,RHEL KVM host sub-recommendation,"Fully covered by scalability_and_performance/ibm-z-recommended-host-practices.adoc: CPU overcommitment, transparent huge pages, RFS networking, networking setup choice, HyperPAV disk performance, and the RHEL KVM host recommendation set (I/O threads, virtual SCSI, guest disk caching, memory balloon, host scheduler CPU migration, cpuset cgroup controller, idle vCPU polling)."
Optimize Infrastructure for Specific Platforms > IBM Z and LinuxONE Optimizations,Optimize Infrastructure for Specific Platforms > IBM Z and LinuxONE Optimizations,Optimize Infrastructure for Specific Platforms,full,modules/avoid-virtual-scsi-devices.adoc,scalability_and_performance/ibm-z-recommended-host-practices.adoc,full,RHEL KVM host sub-recommendation,"Fully covered by scalability_and_performance/ibm-z-recommended-host-practices.adoc: CPU overcommitment, transparent huge pages, RFS networking, networking setup choice, HyperPAV disk performance, and the RHEL KVM host recommendation set (I/O threads, virtual SCSI, guest disk caching, memory balloon, host scheduler CPU migration, cpuset cgroup controller, idle vCPU polling)."
Optimize Infrastructure for Specific Platforms > IBM Z and LinuxONE Optimizations,Optimize Infrastructure for Specific Platforms > IBM Z and LinuxONE Optimizations,Optimize Infrastructure for Specific Platforms,full,modules/configure-guest-caching-for-disk.adoc,scalability_and_performance/ibm-z-recommended-host-practices.adoc,full,RHEL KVM host sub-recommendation,"Fully covered by scalability_and_performance/ibm-z-recommended-host-practices.adoc: CPU overcommitment, transparent huge pages, RFS networking, networking setup choice, HyperPAV disk performance, and the RHEL KVM host recommendation set (I/O threads, virtual SCSI, guest disk caching, memory balloon, host scheduler CPU migration, cpuset cgroup controller, idle vCPU polling)."
Optimize Infrastructure for Specific Platforms > IBM Z and LinuxONE Optimizations,Optimize Infrastructure for Specific Platforms > IBM Z and LinuxONE Optimizations,Optimize Infrastructure for Specific Platforms,full,modules/exclude-the-memory-balloon-device.adoc,scalability_and_performance/ibm-z-recommended-host-practices.adoc,full,RHEL KVM host sub-recommendation,"Fully covered by scalability_and_performance/ibm-z-recommended-host-practices.adoc: CPU overcommitment, transparent huge pages, RFS networking, networking setup choice, HyperPAV disk performance, and the RHEL KVM host recommendation set (I/O threads, virtual SCSI, guest disk caching, memory balloon, host scheduler CPU migration, cpuset cgroup controller, idle vCPU polling)."
Optimize Infrastructure for Specific Platforms > IBM Z and LinuxONE Optimizations,Optimize Infrastructure for Specific Platforms > IBM Z and LinuxONE Optimizations,Optimize Infrastructure for Specific Platforms,full,modules/tune-the-cpu-migration-algorithm-of-the-host-scheduler.adoc,scalability_and_performance/ibm-z-recommended-host-practices.adoc,full,RHEL KVM host sub-recommendation,"Fully covered by scalability_and_performance/ibm-z-recommended-host-practices.adoc: CPU overcommitment, transparent huge pages, RFS networking, networking setup choice, HyperPAV disk performance, and the RHEL KVM host recommendation set (I/O threads, virtual SCSI, guest disk caching, memory balloon, host scheduler CPU migration, cpuset cgroup controller, idle vCPU polling)."
Optimize Infrastructure for Specific Platforms > IBM Z and LinuxONE Optimizations,Optimize Infrastructure for Specific Platforms > IBM Z and LinuxONE Optimizations,Optimize Infrastructure for Specific Platforms,full,modules/disabling-the-cpuset-cgroup-controller.adoc,scalability_and_performance/ibm-z-recommended-host-practices.adoc,full,RHEL KVM host sub-recommendation,"Fully covered by scalability_and_performance/ibm-z-recommended-host-practices.adoc: CPU overcommitment, transparent huge pages, RFS networking, networking setup choice, HyperPAV disk performance, and the RHEL KVM host recommendation set (I/O threads, virtual SCSI, guest disk caching, memory balloon, host scheduler CPU migration, cpuset cgroup controller, idle vCPU polling)."
Optimize Infrastructure for Specific Platforms > IBM Z and LinuxONE Optimizations,Optimize Infrastructure for Specific Platforms > IBM Z and LinuxONE Optimizations,Optimize Infrastructure for Specific Platforms,full,modules/tuning-the-polling-period-for-idle-virtual-cpus.adoc,scalability_and_performance/ibm-z-recommended-host-practices.adoc,full,RHEL KVM host sub-recommendation,"Fully covered by scalability_and_performance/ibm-z-recommended-host-practices.adoc: CPU overcommitment, transparent huge pages, RFS networking, networking setup choice, HyperPAV disk performance, and the RHEL KVM host recommendation set (I/O threads, virtual SCSI, guest disk caching, memory balloon, host scheduler CPU migration, cpuset cgroup controller, idle vCPU polling)."
Tune Network Performance,"When I need to optimize network behavior, I want to modify network configurations and policies, so I can improve performance and meet changing requirements",,full,modules/optimizing-mtu-networking.adoc,scalability_and_performance/optimization/optimizing-networking.adoc,full,MTU sizing guidance for Geneve/OVN-Kubernetes,"Umbrella/parent job. General tuning content (NIC/Geneve offload, MTU sizing, IPsec impact, large-scale install practices, BGP underlay east-west routing, route throughput troubleshooting) plus the full post-install MTU change workflow. Specific tuning areas are covered by the child jobs 12.1 Optimize Network Policies, 12.2 Tune Ingress Controller Performance, 12.3 Configure DNS Forwarding and Caching, and 12.5 Configure interface attributes using the tuned plugin."
Tune Network Performance,"When I need to optimize network behavior, I want to modify network configurations and policies, so I can improve performance and meet changing requirements",,full,modules/recommended-install-practices.adoc,scalability_and_performance/optimization/optimizing-networking.adoc,full,Network practices for large-scale clusters,"Umbrella/parent job. General tuning content (NIC/Geneve offload, MTU sizing, IPsec impact, large-scale install practices, BGP underlay east-west routing, route throughput troubleshooting) plus the full post-install MTU change workflow. Specific tuning areas are covered by the child jobs 12.1 Optimize Network Policies, 12.2 Tune Ingress Controller Performance, 12.3 Configure DNS Forwarding and Caching, and 12.5 Configure interface attributes using the tuned plugin."
Tune Network Performance,"When I need to optimize network behavior, I want to modify network configurations and policies, so I can improve performance and meet changing requirements",,full,modules/ipsec-impact-networking.adoc,scalability_and_performance/optimization/optimizing-networking.adoc,full,Throughput/CPU impact of IPsec,"Umbrella/parent job. General tuning content (NIC/Geneve offload, MTU sizing, IPsec impact, large-scale install practices, BGP underlay east-west routing, route throughput troubleshooting) plus the full post-install MTU change workflow. Specific tuning areas are covered by the child jobs 12.1 Optimize Network Policies, 12.2 Tune Ingress Controller Performance, 12.3 Configure DNS Forwarding and Caching, and 12.5 Configure interface attributes using the tuned plugin."
Tune Network Performance,"When I need to optimize network behavior, I want to modify network configurations and policies, so I can improve performance and meet changing requirements",,full,modules/nw-cluster-mtu-change-about.adoc,networking/advanced_networking/changing-cluster-network-mtu.adoc,full,,"Umbrella/parent job. General tuning content (NIC/Geneve offload, MTU sizing, IPsec impact, large-scale install practices, BGP underlay east-west routing, route throughput troubleshooting) plus the full post-install MTU change workflow. Specific tuning areas are covered by the child jobs 12.1 Optimize Network Policies, 12.2 Tune Ingress Controller Performance, 12.3 Configure DNS Forwarding and Caching, and 12.5 Configure interface attributes using the tuned plugin."
Tune Network Performance,"When I need to optimize network behavior, I want to modify network configurations and policies, so I can improve performance and meet changing requirements",,full,modules/nw-cluster-mtu-change.adoc,networking/advanced_networking/changing-cluster-network-mtu.adoc,full,"ifeval-dispatch; ifeval branches target aws-compute-edge-tasks-local-zone, aws-compute-edge-tasks-wavelength-zone, aws-compute-edge-zone-tasks, installing-aws-outposts; source assembly context changing-cluster-network-mtu matches none, so the default cluster-wide content renders","Umbrella/parent job. General tuning content (NIC/Geneve offload, MTU sizing, IPsec impact, large-scale install practices, BGP underlay east-west routing, route throughput troubleshooting) plus the full post-install MTU change workflow. Specific tuning areas are covered by the child jobs 12.1 Optimize Network Policies, 12.2 Tune Ingress Controller Performance, 12.3 Configure DNS Forwarding and Caching, and 12.5 Configure interface attributes using the tuned plugin."
Tune Network Performance,"When I need to optimize network behavior, I want to modify network configurations and policies, so I can improve performance and meet changing requirements",,full,modules/nw-cluster-mtu-change-prerequisites.adoc,networking/advanced_networking/changing-cluster-network-mtu.adoc,full,,"Umbrella/parent job. General tuning content (NIC/Geneve offload, MTU sizing, IPsec impact, large-scale install practices, BGP underlay east-west routing, route throughput troubleshooting) plus the full post-install MTU change workflow. Specific tuning areas are covered by the child jobs 12.1 Optimize Network Policies, 12.2 Tune Ingress Controller Performance, 12.3 Configure DNS Forwarding and Caching, and 12.5 Configure interface attributes using the tuned plugin."
Tune Network Performance,"When I need to optimize network behavior, I want to modify network configurations and policies, so I can improve performance and meet changing requirements",,full,modules/nw-cluster-mtu-checking.adoc,networking/advanced_networking/changing-cluster-network-mtu.adoc,full,,"Umbrella/parent job. General tuning content (NIC/Geneve offload, MTU sizing, IPsec impact, large-scale install practices, BGP underlay east-west routing, route throughput troubleshooting) plus the full post-install MTU change workflow. Specific tuning areas are covered by the child jobs 12.1 Optimize Network Policies, 12.2 Tune Ingress Controller Performance, 12.3 Configure DNS Forwarding and Caching, and 12.5 Configure interface attributes using the tuned plugin."
Tune Network Performance,"When I need to optimize network behavior, I want to modify network configurations and policies, so I can improve performance and meet changing requirements",,full,modules/nw-cluster-mtu-preparing.adoc,networking/advanced_networking/changing-cluster-network-mtu.adoc,full,,"Umbrella/parent job. General tuning content (NIC/Geneve offload, MTU sizing, IPsec impact, large-scale install practices, BGP underlay east-west routing, route throughput troubleshooting) plus the full post-install MTU change workflow. Specific tuning areas are covered by the child jobs 12.1 Optimize Network Policies, 12.2 Tune Ingress Controller Performance, 12.3 Configure DNS Forwarding and Caching, and 12.5 Configure interface attributes using the tuned plugin."
Tune Network Performance,"When I need to optimize network behavior, I want to modify network configurations and policies, so I can improve performance and meet changing requirements",,full,modules/nw-cluster-mtu-creating-mc-objects.adoc,networking/advanced_networking/changing-cluster-network-mtu.adoc,full,,"Umbrella/parent job. General tuning content (NIC/Geneve offload, MTU sizing, IPsec impact, large-scale install practices, BGP underlay east-west routing, route throughput troubleshooting) plus the full post-install MTU change workflow. Specific tuning areas are covered by the child jobs 12.1 Optimize Network Policies, 12.2 Tune Ingress Controller Performance, 12.3 Configure DNS Forwarding and Caching, and 12.5 Configure interface attributes using the tuned plugin."
Tune Network Performance,"When I need to optimize network behavior, I want to modify network configurations and policies, so I can improve performance and meet changing requirements",,full,modules/nw-cluster-mtu-migration.adoc,networking/advanced_networking/changing-cluster-network-mtu.adoc,full,"ifeval-dispatch; ifeval branches target aws-compute-edge-tasks-local-zone, aws-compute-edge-tasks-wavelength-zone, aws-compute-edge-zone-tasks, installing-aws-outposts; source assembly context changing-cluster-network-mtu matches none, so the default cluster-wide content renders","Umbrella/parent job. General tuning content (NIC/Geneve offload, MTU sizing, IPsec impact, large-scale install practices, BGP underlay east-west routing, route throughput troubleshooting) plus the full post-install MTU change workflow. Specific tuning areas are covered by the child jobs 12.1 Optimize Network Policies, 12.2 Tune Ingress Controller Performance, 12.3 Configure DNS Forwarding and Caching, and 12.5 Configure interface attributes using the tuned plugin."
Tune Network Performance,"When I need to optimize network behavior, I want to modify network configurations and policies, so I can improve performance and meet changing requirements",,full,modules/nw-cluster-mtu-verifying-configuration.adoc,networking/advanced_networking/changing-cluster-network-mtu.adoc,full,"ifeval-dispatch; ifeval branches target aws-compute-edge-tasks-local-zone, aws-compute-edge-tasks-wavelength-zone, aws-compute-edge-zone-tasks, installing-aws-outposts; source assembly context changing-cluster-network-mtu matches none, so the default cluster-wide content renders","Umbrella/parent job. General tuning content (NIC/Geneve offload, MTU sizing, IPsec impact, large-scale install practices, BGP underlay east-west routing, route throughput troubleshooting) plus the full post-install MTU change workflow. Specific tuning areas are covered by the child jobs 12.1 Optimize Network Policies, 12.2 Tune Ingress Controller Performance, 12.3 Configure DNS Forwarding and Caching, and 12.5 Configure interface attributes using the tuned plugin."
Tune Network Performance,"When I need to optimize network behavior, I want to modify network configurations and policies, so I can improve performance and meet changing requirements",,full,modules/nw-cluster-mtu-applying-mtu-value.adoc,networking/advanced_networking/changing-cluster-network-mtu.adoc,full,,"Umbrella/parent job. General tuning content (NIC/Geneve offload, MTU sizing, IPsec impact, large-scale install practices, BGP underlay east-west routing, route throughput troubleshooting) plus the full post-install MTU change workflow. Specific tuning areas are covered by the child jobs 12.1 Optimize Network Policies, 12.2 Tune Ingress Controller Performance, 12.3 Configure DNS Forwarding and Caching, and 12.5 Configure interface attributes using the tuned plugin."
Tune Network Performance,"When I need to optimize network behavior, I want to modify network configurations and policies, so I can improve performance and meet changing requirements",,full,modules/nw-cluster-mtu-finalizing-migration.adoc,networking/advanced_networking/changing-cluster-network-mtu.adoc,full,"ifeval-dispatch; ifeval branches target aws-compute-edge-tasks-local-zone, aws-compute-edge-tasks-wavelength-zone, aws-compute-edge-zone-tasks, installing-aws-outposts; source assembly context changing-cluster-network-mtu matches none, so the default cluster-wide content renders","Umbrella/parent job. General tuning content (NIC/Geneve offload, MTU sizing, IPsec impact, large-scale install practices, BGP underlay east-west routing, route throughput troubleshooting) plus the full post-install MTU change workflow. Specific tuning areas are covered by the child jobs 12.1 Optimize Network Policies, 12.2 Tune Ingress Controller Performance, 12.3 Configure DNS Forwarding and Caching, and 12.5 Configure interface attributes using the tuned plugin."
Tune Network Performance,"When I need to optimize network behavior, I want to modify network configurations and policies, so I can improve performance and meet changing requirements",,full,modules/nw-no-overlay-overview.adoc,networking/advanced_networking/bgp_routing/no-overlay-mode-bgp-routing.adoc,full,Improve east-west performance by routing pods on the underlay with BGP,"Umbrella/parent job. General tuning content (NIC/Geneve offload, MTU sizing, IPsec impact, large-scale install practices, BGP underlay east-west routing, route throughput troubleshooting) plus the full post-install MTU change workflow. Specific tuning areas are covered by the child jobs 12.1 Optimize Network Policies, 12.2 Tune Ingress Controller Performance, 12.3 Configure DNS Forwarding and Caching, and 12.5 Configure interface attributes using the tuned plugin."
Tune Network Performance,"When I need to optimize network behavior, I want to modify network configurations and policies, so I can improve performance and meet changing requirements",,full,modules/nw-no-overlay-planning.adoc,networking/advanced_networking/bgp_routing/no-overlay-mode-bgp-routing.adoc,full,,"Umbrella/parent job. General tuning content (NIC/Geneve offload, MTU sizing, IPsec impact, large-scale install practices, BGP underlay east-west routing, route throughput troubleshooting) plus the full post-install MTU change workflow. Specific tuning areas are covered by the child jobs 12.1 Optimize Network Policies, 12.2 Tune Ingress Controller Performance, 12.3 Configure DNS Forwarding and Caching, and 12.5 Configure interface attributes using the tuned plugin."
Tune Network Performance,"When I need to optimize network behavior, I want to modify network configurations and policies, so I can improve performance and meet changing requirements",,full,modules/nw-no-overlay-enable-default-network.adoc,networking/advanced_networking/bgp_routing/no-overlay-mode-bgp-routing.adoc,full,,"Umbrella/parent job. General tuning content (NIC/Geneve offload, MTU sizing, IPsec impact, large-scale install practices, BGP underlay east-west routing, route throughput troubleshooting) plus the full post-install MTU change workflow. Specific tuning areas are covered by the child jobs 12.1 Optimize Network Policies, 12.2 Tune Ingress Controller Performance, 12.3 Configure DNS Forwarding and Caching, and 12.5 Configure interface attributes using the tuned plugin."
Tune Network Performance,"When I need to optimize network behavior, I want to modify network configurations and policies, so I can improve performance and meet changing requirements",,full,modules/nw-no-overlay-enable-cudn.adoc,networking/advanced_networking/bgp_routing/no-overlay-mode-bgp-routing.adoc,full,,"Umbrella/parent job. General tuning content (NIC/Geneve offload, MTU sizing, IPsec impact, large-scale install practices, BGP underlay east-west routing, route throughput troubleshooting) plus the full post-install MTU change workflow. Specific tuning areas are covered by the child jobs 12.1 Optimize Network Policies, 12.2 Tune Ingress Controller Performance, 12.3 Configure DNS Forwarding and Caching, and 12.5 Configure interface attributes using the tuned plugin."
Tune Network Performance,"When I need to optimize network behavior, I want to modify network configurations and policies, so I can improve performance and meet changing requirements",,full,modules/nw-no-overlay-default-network-config-ref.adoc,networking/advanced_networking/bgp_routing/no-overlay-mode-bgp-routing.adoc,full,,"Umbrella/parent job. General tuning content (NIC/Geneve offload, MTU sizing, IPsec impact, large-scale install practices, BGP underlay east-west routing, route throughput troubleshooting) plus the full post-install MTU change workflow. Specific tuning areas are covered by the child jobs 12.1 Optimize Network Policies, 12.2 Tune Ingress Controller Performance, 12.3 Configure DNS Forwarding and Caching, and 12.5 Configure interface attributes using the tuned plugin."
Tune Network Performance,"When I need to optimize network behavior, I want to modify network configurations and policies, so I can improve performance and meet changing requirements",,full,modules/nw-no-overlay-cudn-config-ref.adoc,networking/advanced_networking/bgp_routing/no-overlay-mode-bgp-routing.adoc,full,,"Umbrella/parent job. General tuning content (NIC/Geneve offload, MTU sizing, IPsec impact, large-scale install practices, BGP underlay east-west routing, route throughput troubleshooting) plus the full post-install MTU change workflow. Specific tuning areas are covered by the child jobs 12.1 Optimize Network Policies, 12.2 Tune Ingress Controller Performance, 12.3 Configure DNS Forwarding and Caching, and 12.5 Configure interface attributes using the tuned plugin."
Tune Network Performance,"When I need to optimize network behavior, I want to modify network configurations and policies, so I can improve performance and meet changing requirements",,full,modules/nw-no-overlay-troubleshooting.adoc,networking/advanced_networking/bgp_routing/no-overlay-mode-bgp-routing.adoc,full,,"Umbrella/parent job. General tuning content (NIC/Geneve offload, MTU sizing, IPsec impact, large-scale install practices, BGP underlay east-west routing, route throughput troubleshooting) plus the full post-install MTU change workflow. Specific tuning areas are covered by the child jobs 12.1 Optimize Network Policies, 12.2 Tune Ingress Controller Performance, 12.3 Configure DNS Forwarding and Caching, and 12.5 Configure interface attributes using the tuned plugin."
Tune Network Performance,"When I need to optimize network behavior, I want to modify network configurations and policies, so I can improve performance and meet changing requirements",,full,modules/nw-throughput-troubleshoot.adoc,networking/ingress_load_balancing/routes/nw-configuring-routes.adoc,full,Troubleshoot throughput issues between pods and routes,"Umbrella/parent job. General tuning content (NIC/Geneve offload, MTU sizing, IPsec impact, large-scale install practices, BGP underlay east-west routing, route throughput troubleshooting) plus the full post-install MTU change workflow. Specific tuning areas are covered by the child jobs 12.1 Optimize Network Policies, 12.2 Tune Ingress Controller Performance, 12.3 Configure DNS Forwarding and Caching, and 12.5 Configure interface attributes using the tuned plugin."
Tune Network Performance > 12.3 Configure DNS Forwarding and Caching,Improve DNS resolution performance.,Tune Network Performance,full,modules/nw-dns-forward.adoc,networking/networking_operators/dns-operator.adoc,full,Core module: DNS forwarding configuration; the only DNS Operator module rendered for ROSA/OSD,"DNS forwarding (including forwarding over TLS), CoreDNS cache tuning, and DNS pod placement are all documented in the DNS Operator assembly. Note that several of these includes are wrapped in ifndef::openshift-rosa,openshift-rosa-hcp,openshift-dedicated in networking/networking_operators/dns-operator.adoc, so only nw-dns-forward renders for those distros."
Tune Network Performance > 12.3 Configure DNS Forwarding and Caching,Improve DNS resolution performance.,Tune Network Performance,full,modules/nw-dns-cache-tuning.adoc,networking/networking_operators/dns-operator.adoc,full,Core module: CoreDNS cache TTL tuning,"DNS forwarding (including forwarding over TLS), CoreDNS cache tuning, and DNS pod placement are all documented in the DNS Operator assembly. Note that several of these includes are wrapped in ifndef::openshift-rosa,openshift-rosa-hcp,openshift-dedicated in networking/networking_operators/dns-operator.adoc, so only nw-dns-forward renders for those distros."
Tune Network Performance > 12.3 Configure DNS Forwarding and Caching,Improve DNS resolution performance.,Tune Network Performance,full,modules/configuring-dns-forwarding-with-tls.adoc,networking/networking_operators/dns-operator.adoc,full,Forwarding over TLS (DNS over TLS),"DNS forwarding (including forwarding over TLS), CoreDNS cache tuning, and DNS pod placement are all documented in the DNS Operator assembly. Note that several of these includes are wrapped in ifndef::openshift-rosa,openshift-rosa-hcp,openshift-dedicated in networking/networking_operators/dns-operator.adoc, so only nw-dns-forward renders for those distros."
Tune Network Performance > 12.3 Configure DNS Forwarding and Caching,Improve DNS resolution performance.,Tune Network Performance,full,modules/nw-dns-operator.adoc,networking/networking_operators/dns-operator.adoc,partial,"Concept of the DNS Operator; sets context, no tuning content","DNS forwarding (including forwarding over TLS), CoreDNS cache tuning, and DNS pod placement are all documented in the DNS Operator assembly. Note that several of these includes are wrapped in ifndef::openshift-rosa,openshift-rosa-hcp,openshift-dedicated in networking/networking_operators/dns-operator.adoc, so only nw-dns-forward renders for those distros."
Tune Network Performance > 12.3 Configure DNS Forwarding and Caching,Improve DNS resolution performance.,Tune Network Performance,full,modules/nw-dns-view.adoc,networking/networking_operators/dns-operator.adoc,full,View the default DNS CR before changing it,"DNS forwarding (including forwarding over TLS), CoreDNS cache tuning, and DNS pod placement are all documented in the DNS Operator assembly. Note that several of these includes are wrapped in ifndef::openshift-rosa,openshift-rosa-hcp,openshift-dedicated in networking/networking_operators/dns-operator.adoc, so only nw-dns-forward renders for those distros."
Tune Network Performance > 12.3 Configure DNS Forwarding and Caching,Improve DNS resolution performance.,Tune Network Performance,full,modules/nw-controlling-dns-pod-placement.adoc,networking/networking_operators/dns-operator.adoc,full,"Node placement of CoreDNS pods, which affects resolution latency","DNS forwarding (including forwarding over TLS), CoreDNS cache tuning, and DNS pod placement are all documented in the DNS Operator assembly. Note that several of these includes are wrapped in ifndef::openshift-rosa,openshift-rosa-hcp,openshift-dedicated in networking/networking_operators/dns-operator.adoc, so only nw-dns-forward renders for those distros."
Adjust maximum number of pods on a node,"When my node hardware resources (CPU/RAM) are disproportionately large compared to the footprint of my microservices, I want to increase the maximum pod per node limit, so that I can fully utilize my hardware investment and scale my application horizontally without being artificially throttled by default orchestrator constraints.",,full,modules/nodes-nodes-managing-max-pods-proc.adoc,nodes/nodes/nodes-nodes-managing-max-pods.adoc,full,sets maxPods and podsPerCore in a KubeletConfig,
Adjust maximum number of pods on a node,"When my node hardware resources (CPU/RAM) are disproportionately large compared to the footprint of my microservices, I want to increase the maximum pod per node limit, so that I can fully utilize my hardware investment and scale my application horizontally without being artificially throttled by default orchestrator constraints.",,full,modules/nodes-cluster-resource-levels-about.adoc,nodes/clusters/nodes-cluster-resource-levels.adoc,full,estimating how many pods a node can hold,
Adjust maximum number of pods on a node,"When my node hardware resources (CPU/RAM) are disproportionately large compared to the footprint of my microservices, I want to increase the maximum pod per node limit, so that I can fully utilize my hardware investment and scale my application horizontally without being artificially throttled by default orchestrator constraints.",,full,modules/nodes-cluster-resource-levels-command.adoc,nodes/clusters/nodes-cluster-resource-levels.adoc,full,cluster-capacity tool on the CLI,
Adjust maximum number of pods on a node,"When my node hardware resources (CPU/RAM) are disproportionately large compared to the footprint of my microservices, I want to increase the maximum pod per node limit, so that I can fully utilize my hardware investment and scale my application horizontally without being artificially throttled by default orchestrator constraints.",,full,modules/nodes-cluster-resource-levels-job.adoc,nodes/clusters/nodes-cluster-resource-levels.adoc,full,cluster-capacity tool as a job,
Scale compute resources,"When application load increases or decreases, I want to scale the number of worker machines (nodes) dynamically or manually so I can ensure my cluster has adequate compute resources to handle demand and manage cloud/hardware costs effectively. Covers HPA and VPA.",,full,modules/machineset-manually-scaling.adoc,machine_management/manually-scaling-machineset.adoc,full,manual scale of a compute machine set,
Scale compute resources,"When application load increases or decreases, I want to scale the number of worker machines (nodes) dynamically or manually so I can ensure my cluster has adequate compute resources to handle demand and manage cloud/hardware costs effectively. Covers HPA and VPA.",,full,modules/machineset-delete-policy.adoc,machine_management/manually-scaling-machineset.adoc,full,which machines are removed on scale down,
Scale compute resources,"When application load increases or decreases, I want to scale the number of worker machines (nodes) dynamically or manually so I can ensure my cluster has adequate compute resources to handle demand and manage cloud/hardware costs effectively. Covers HPA and VPA.",,full,modules/machineset-modifying.adoc,machine_management/modifying-machineset.adoc,full,modify machine set (instance type/size),
Scale compute resources,"When application load increases or decreases, I want to scale the number of worker machines (nodes) dynamically or manually so I can ensure my cluster has adequate compute resources to handle demand and manage cloud/hardware costs effectively. Covers HPA and VPA.",,full,modules/cluster-autoscaler-about.adoc,machine_management/applying-autoscaling.adoc,full,cluster autoscaler concept,
Scale compute resources,"When application load increases or decreases, I want to scale the number of worker machines (nodes) dynamically or manually so I can ensure my cluster has adequate compute resources to handle demand and manage cloud/hardware costs effectively. Covers HPA and VPA.",,full,modules/cluster-autoscaler-cr.adoc,machine_management/applying-autoscaling.adoc,full,ClusterAutoscaler resource definition,
Scale compute resources,"When application load increases or decreases, I want to scale the number of worker machines (nodes) dynamically or manually so I can ensure my cluster has adequate compute resources to handle demand and manage cloud/hardware costs effectively. Covers HPA and VPA.",,full,modules/cluster-autoscaler-config-priority-expander.adoc,machine_management/applying-autoscaling.adoc,full,priority expander configuration,
Scale compute resources,"When application load increases or decreases, I want to scale the number of worker machines (nodes) dynamically or manually so I can ensure my cluster has adequate compute resources to handle demand and manage cloud/hardware costs effectively. Covers HPA and VPA.",,full,modules/machineset-label-gpu-autoscaler.adoc,machine_management/applying-autoscaling.adoc,full,GPU labels for autoscaling,
Scale compute resources,"When application load increases or decreases, I want to scale the number of worker machines (nodes) dynamically or manually so I can ensure my cluster has adequate compute resources to handle demand and manage cloud/hardware costs effectively. Covers HPA and VPA.",,full,modules/deploying-resource.adoc,machine_management/applying-autoscaling.adoc,full,deploys the autoscaler custom resources,
Scale compute resources,"When application load increases or decreases, I want to scale the number of worker machines (nodes) dynamically or manually so I can ensure my cluster has adequate compute resources to handle demand and manage cloud/hardware costs effectively. Covers HPA and VPA.",,full,modules/machine-autoscaler-about.adoc,machine_management/applying-autoscaling.adoc,full,machine autoscaler concept,
Scale compute resources,"When application load increases or decreases, I want to scale the number of worker machines (nodes) dynamically or manually so I can ensure my cluster has adequate compute resources to handle demand and manage cloud/hardware costs effectively. Covers HPA and VPA.",,full,modules/machine-autoscaler-configuring.adoc,machine_management/applying-autoscaling.adoc,full,configure machine autoscaler,
Scale compute resources,"When application load increases or decreases, I want to scale the number of worker machines (nodes) dynamically or manually so I can ensure my cluster has adequate compute resources to handle demand and manage cloud/hardware costs effectively. Covers HPA and VPA.",,full,modules/machine-autoscaler-cr.adoc,machine_management/applying-autoscaling.adoc,full,MachineAutoscaler resource definition,
Scale compute resources,"When application load increases or decreases, I want to scale the number of worker machines (nodes) dynamically or manually so I can ensure my cluster has adequate compute resources to handle demand and manage cloud/hardware costs effectively. Covers HPA and VPA.",,full,modules/deleting-machine-autoscaler.adoc,machine_management/applying-autoscaling.adoc,full,remove machine autoscaler,
Scale compute resources,"When application load increases or decreases, I want to scale the number of worker machines (nodes) dynamically or manually so I can ensure my cluster has adequate compute resources to handle demand and manage cloud/hardware costs effectively. Covers HPA and VPA.",,full,modules/deleting-cluster-autoscaler.adoc,machine_management/applying-autoscaling.adoc,full,remove cluster autoscaler,
Scale compute resources,"When application load increases or decreases, I want to scale the number of worker machines (nodes) dynamically or manually so I can ensure my cluster has adequate compute resources to handle demand and manage cloud/hardware costs effectively. Covers HPA and VPA.",,full,modules/nodes-pods-autoscaling-about.adoc,nodes/pods/nodes-pods-autoscaling.adoc,full,HPA concept,
Scale compute resources,"When application load increases or decreases, I want to scale the number of worker machines (nodes) dynamically or manually so I can ensure my cluster has adequate compute resources to handle demand and manage cloud/hardware costs effectively. Covers HPA and VPA.",,full,modules/nodes-pods-autoscaling-workflow-hpa.adoc,nodes/pods/nodes-pods-autoscaling.adoc,full,HPA workflow,
Scale compute resources,"When application load increases or decreases, I want to scale the number of worker machines (nodes) dynamically or manually so I can ensure my cluster has adequate compute resources to handle demand and manage cloud/hardware costs effectively. Covers HPA and VPA.",,full,modules/nodes-pods-autoscaling-requests-and-limits-hpa.adoc,nodes/pods/nodes-pods-autoscaling.adoc,full,requests and limits with HPA,
Scale compute resources,"When application load increases or decreases, I want to scale the number of worker machines (nodes) dynamically or manually so I can ensure my cluster has adequate compute resources to handle demand and manage cloud/hardware costs effectively. Covers HPA and VPA.",,full,modules/nodes-pods-autoscaling-best-practices-hpa.adoc,nodes/pods/nodes-pods-autoscaling.adoc,full,HPA best practices,
Scale compute resources,"When application load increases or decreases, I want to scale the number of worker machines (nodes) dynamically or manually so I can ensure my cluster has adequate compute resources to handle demand and manage cloud/hardware costs effectively. Covers HPA and VPA.",,full,modules/nodes-pods-autoscaling-policies.adoc,nodes/pods/nodes-pods-autoscaling.adoc,full,HPA scaling policies,
Scale compute resources,"When application load increases or decreases, I want to scale the number of worker machines (nodes) dynamically or manually so I can ensure my cluster has adequate compute resources to handle demand and manage cloud/hardware costs effectively. Covers HPA and VPA.",,full,modules/nodes-pods-autoscaling-creating-web-console.adoc,nodes/pods/nodes-pods-autoscaling.adoc,full,create HPA in the web console,
Scale compute resources,"When application load increases or decreases, I want to scale the number of worker machines (nodes) dynamically or manually so I can ensure my cluster has adequate compute resources to handle demand and manage cloud/hardware costs effectively. Covers HPA and VPA.",,full,modules/nodes-pods-autoscaling-creating-web-console-edit.adoc,nodes/pods/nodes-pods-autoscaling.adoc,full,edit HPA in the web console,
Scale compute resources,"When application load increases or decreases, I want to scale the number of worker machines (nodes) dynamically or manually so I can ensure my cluster has adequate compute resources to handle demand and manage cloud/hardware costs effectively. Covers HPA and VPA.",,full,modules/nodes-pods-autoscaling-creating-web-console-remove.adoc,nodes/pods/nodes-pods-autoscaling.adoc,full,remove HPA in the web console,
Scale compute resources,"When application load increases or decreases, I want to scale the number of worker machines (nodes) dynamically or manually so I can ensure my cluster has adequate compute resources to handle demand and manage cloud/hardware costs effectively. Covers HPA and VPA.",,full,modules/nodes-pods-autoscaling-creating-cpu.adoc,nodes/pods/nodes-pods-autoscaling.adoc,full,HPA on CPU,
Scale compute resources,"When application load increases or decreases, I want to scale the number of worker machines (nodes) dynamically or manually so I can ensure my cluster has adequate compute resources to handle demand and manage cloud/hardware costs effectively. Covers HPA and VPA.",,full,modules/nodes-pods-autoscaling-creating-cpu-percent.adoc,nodes/pods/nodes-pods-autoscaling.adoc,full,HPA on CPU percentage,
Scale compute resources,"When application load increases or decreases, I want to scale the number of worker machines (nodes) dynamically or manually so I can ensure my cluster has adequate compute resources to handle demand and manage cloud/hardware costs effectively. Covers HPA and VPA.",,full,modules/nodes-pods-autoscaling-creating-cpu-specific.adoc,nodes/pods/nodes-pods-autoscaling.adoc,full,HPA on specific CPU value,
Scale compute resources,"When application load increases or decreases, I want to scale the number of worker machines (nodes) dynamically or manually so I can ensure my cluster has adequate compute resources to handle demand and manage cloud/hardware costs effectively. Covers HPA and VPA.",,full,modules/nodes-pods-autoscaling-creating-memory-percent.adoc,nodes/pods/nodes-pods-autoscaling.adoc,full,HPA on memory percentage,
Scale compute resources,"When application load increases or decreases, I want to scale the number of worker machines (nodes) dynamically or manually so I can ensure my cluster has adequate compute resources to handle demand and manage cloud/hardware costs effectively. Covers HPA and VPA.",,full,modules/nodes-pods-autoscaling-creating-memory-specific.adoc,nodes/pods/nodes-pods-autoscaling.adoc,full,HPA on specific memory value,
Scale compute resources,"When application load increases or decreases, I want to scale the number of worker machines (nodes) dynamically or manually so I can ensure my cluster has adequate compute resources to handle demand and manage cloud/hardware costs effectively. Covers HPA and VPA.",,full,modules/nodes-pods-autoscaling-status-about.adoc,nodes/pods/nodes-pods-autoscaling.adoc,full,HPA status conditions,
Scale compute resources,"When application load increases or decreases, I want to scale the number of worker machines (nodes) dynamically or manually so I can ensure my cluster has adequate compute resources to handle demand and manage cloud/hardware costs effectively. Covers HPA and VPA.",,full,modules/nodes-pods-autoscaling-status-viewing.adoc,nodes/pods/nodes-pods-autoscaling.adoc,full,view HPA status,
Scale compute resources,"When application load increases or decreases, I want to scale the number of worker machines (nodes) dynamically or manually so I can ensure my cluster has adequate compute resources to handle demand and manage cloud/hardware costs effectively. Covers HPA and VPA.",,full,modules/nodes-pods-vertical-autoscaler-about.adoc,nodes/pods/nodes-pods-vertical-autoscaler.adoc,full,VPA concept,
Scale compute resources,"When application load increases or decreases, I want to scale the number of worker machines (nodes) dynamically or manually so I can ensure my cluster has adequate compute resources to handle demand and manage cloud/hardware costs effectively. Covers HPA and VPA.",,full,modules/nodes-pods-vertical-autoscaler-in-place.adoc,nodes/pods/nodes-pods-vertical-autoscaler.adoc,full,VPA in-place resize,
Scale compute resources,"When application load increases or decreases, I want to scale the number of worker machines (nodes) dynamically or manually so I can ensure my cluster has adequate compute resources to handle demand and manage cloud/hardware costs effectively. Covers HPA and VPA.",,full,modules/nodes-pods-vertical-autoscaler-install.adoc,nodes/pods/nodes-pods-vertical-autoscaler.adoc,full,install the VPA Operator,
Scale compute resources,"When application load increases or decreases, I want to scale the number of worker machines (nodes) dynamically or manually so I can ensure my cluster has adequate compute resources to handle demand and manage cloud/hardware costs effectively. Covers HPA and VPA.",,full,modules/nodes-pods-vertical-autoscaler-moving-vpa.adoc,nodes/pods/nodes-pods-vertical-autoscaler.adoc,full,move VPA components to infra nodes; ifeval-dispatch (context MATCHES a branch),
Scale compute resources,"When application load increases or decreases, I want to scale the number of worker machines (nodes) dynamically or manually so I can ensure my cluster has adequate compute resources to handle demand and manage cloud/hardware costs effectively. Covers HPA and VPA.",,full,modules/nodes-pods-vertical-autoscaler-using-about.adoc,nodes/pods/nodes-pods-vertical-autoscaler.adoc,full,about using the VPA,
Scale compute resources,"When application load increases or decreases, I want to scale the number of worker machines (nodes) dynamically or manually so I can ensure my cluster has adequate compute resources to handle demand and manage cloud/hardware costs effectively. Covers HPA and VPA.",,full,modules/nodes-pods-vertical-autoscaler-tuning.adoc,nodes/pods/nodes-pods-vertical-autoscaler.adoc,full,tune VPA recommendations,
Scale compute resources,"When application load increases or decreases, I want to scale the number of worker machines (nodes) dynamically or manually so I can ensure my cluster has adequate compute resources to handle demand and manage cloud/hardware costs effectively. Covers HPA and VPA.",,full,modules/nodes-pods-vertical-autoscaler-oom.adoc,nodes/pods/nodes-pods-vertical-autoscaler.adoc,full,VPA out-of-memory handling,
Scale compute resources,"When application load increases or decreases, I want to scale the number of worker machines (nodes) dynamically or manually so I can ensure my cluster has adequate compute resources to handle demand and manage cloud/hardware costs effectively. Covers HPA and VPA.",,full,modules/nodes-pods-vertical-autoscaler-custom.adoc,nodes/pods/nodes-pods-vertical-autoscaler.adoc,full,VPA with custom workload objects,
Scale compute resources,"When application load increases or decreases, I want to scale the number of worker machines (nodes) dynamically or manually so I can ensure my cluster has adequate compute resources to handle demand and manage cloud/hardware costs effectively. Covers HPA and VPA.",,full,modules/nodes-pods-vertical-autoscaler-configuring.adoc,nodes/pods/nodes-pods-vertical-autoscaler.adoc,full,configure the VPA,
Scale compute resources,"When application load increases or decreases, I want to scale the number of worker machines (nodes) dynamically or manually so I can ensure my cluster has adequate compute resources to handle demand and manage cloud/hardware costs effectively. Covers HPA and VPA.",,full,modules/nodes-pods-vertical-autoscaler-custom-resource.adoc,nodes/pods/nodes-pods-vertical-autoscaler.adoc,full,VPA custom resource definition,
Scale compute resources,"When application load increases or decreases, I want to scale the number of worker machines (nodes) dynamically or manually so I can ensure my cluster has adequate compute resources to handle demand and manage cloud/hardware costs effectively. Covers HPA and VPA.",,full,modules/nodes-pods-vertical-autoscaler-uninstall.adoc,nodes/pods/nodes-pods-vertical-autoscaler.adoc,full,uninstall the VPA Operator,
Configure cluster memory to meet container memory and risk requirements,"When I am creating my clusters, I want to manage my application memory so that my clusters operate more efficiently.",,full,modules/nodes-cluster-resource-configure-about.adoc,nodes/clusters/nodes-cluster-resource-configure.adoc,full,understanding container memory management,
Configure cluster memory to meet container memory and risk requirements,"When I am creating my clusters, I want to manage my application memory so that my clusters operate more efficiently.",,full,modules/nodes-cluster-resource-configure-jdk.adoc,nodes/clusters/nodes-cluster-resource-configure.adoc,full,OpenJDK memory settings,
Configure cluster memory to meet container memory and risk requirements,"When I am creating my clusters, I want to manage my application memory so that my clusters operate more efficiently.",,full,modules/nodes-cluster-resource-configure-request-limit.adoc,nodes/clusters/nodes-cluster-resource-configure.adoc,full,memory request and limit sizing,
Configure cluster memory to meet container memory and risk requirements,"When I am creating my clusters, I want to manage my application memory so that my clusters operate more efficiently.",,full,modules/nodes-cluster-resource-configure-oom.adoc,nodes/clusters/nodes-cluster-resource-configure.adoc,full,understanding OOM kills,
Configure cluster memory to meet container memory and risk requirements,"When I am creating my clusters, I want to manage my application memory so that my clusters operate more efficiently.",,full,modules/nodes-cluster-resource-configure-evicted.adoc,nodes/clusters/nodes-cluster-resource-configure.adoc,full,understanding pod eviction,
Plan for IBM Z and LinuxONE Platforms,"When deploying on IBM Z or LinuxONE, I want to follow platform-specific recommendations, so I can optimize performance on mainframe architecture.",,partial,modules/follow-ibm-z-platform-specific-recommendations-con.adoc,,full,"job-map intro concept titled 'Follow IBM Z platform-specific recommendations'; included only from maps/ocp-jobs/follow-ibm-z-platform-specific-recommendations.adoc, which is a MAP, not an ASSEMBLY, so source_assembly is empty","Partial. Planning content is split across two books and no single 'plan for IBM Z/LinuxONE' assembly exists: installation method selection and the minimum/preferred s390x system environment tables live in installing/installing_ibm_z/, while the performance recommendations live in scalability_and_performance/ibm-z-recommended-host-practices.adoc. Missing: no capacity or scale planning module for s390x beyond the min/preferred install requirement tables (no s390x-specific object maximums); no LinuxONE-specific planning module at all (LinuxONE is covered only by 'this also applies to LinuxONE' notes inside IBM Z modules); no module that compares z/VM, LPAR, and RHEL KVM hypervisor choices on performance or sizing grounds. The 'follow-ibm-z-platform-specific-recommendations-con' intro module exists but is referenced only from a maps/ocp-jobs MAP file, so it has no ASSEMBLY parent."
Plan for IBM Z and LinuxONE Platforms,"When deploying on IBM Z or LinuxONE, I want to follow platform-specific recommendations, so I can optimize performance on mainframe architecture.",,partial,modules/ibm-z-installation-methods-overview.adoc,installing/installing_ibm_z/preparing-to-install-on-ibm-z.adoc,full,choosing an installation method for IBM Z/LinuxONE,"Partial. Planning content is split across two books and no single 'plan for IBM Z/LinuxONE' assembly exists: installation method selection and the minimum/preferred s390x system environment tables live in installing/installing_ibm_z/, while the performance recommendations live in scalability_and_performance/ibm-z-recommended-host-practices.adoc. Missing: no capacity or scale planning module for s390x beyond the min/preferred install requirement tables (no s390x-specific object maximums); no LinuxONE-specific planning module at all (LinuxONE is covered only by 'this also applies to LinuxONE' notes inside IBM Z modules); no module that compares z/VM, LPAR, and RHEL KVM hypervisor choices on performance or sizing grounds. The 'follow-ibm-z-platform-specific-recommendations-con' intro module exists but is referenced only from a maps/ocp-jobs MAP file, so it has no ASSEMBLY parent."
Plan for IBM Z and LinuxONE Platforms,"When deploying on IBM Z or LinuxONE, I want to follow platform-specific recommendations, so I can optimize performance on mainframe architecture.",,partial,modules/ibm-z-upi-installation-overview.adoc,installing/installing_ibm_z/preparing-to-install-on-ibm-z.adoc,full,user-provisioned infrastructure planning overview for IBM Z,"Partial. Planning content is split across two books and no single 'plan for IBM Z/LinuxONE' assembly exists: installation method selection and the minimum/preferred s390x system environment tables live in installing/installing_ibm_z/, while the performance recommendations live in scalability_and_performance/ibm-z-recommended-host-practices.adoc. Missing: no capacity or scale planning module for s390x beyond the min/preferred install requirement tables (no s390x-specific object maximums); no LinuxONE-specific planning module at all (LinuxONE is covered only by 'this also applies to LinuxONE' notes inside IBM Z modules); no module that compares z/VM, LPAR, and RHEL KVM hypervisor choices on performance or sizing grounds. The 'follow-ibm-z-platform-specific-recommendations-con' intro module exists but is referenced only from a maps/ocp-jobs MAP file, so it has no ASSEMBLY parent."
Plan for IBM Z and LinuxONE Platforms,"When deploying on IBM Z or LinuxONE, I want to follow platform-specific recommendations, so I can optimize performance on mainframe architecture.",,partial,modules/installation-requirements-ibm-z.adoc,installing/installing_ibm_z/upi/installing-ibm-z-reqs.adoc,full,"minimum s390x system environment (hardware, OS, network, storage)","Partial. Planning content is split across two books and no single 'plan for IBM Z/LinuxONE' assembly exists: installation method selection and the minimum/preferred s390x system environment tables live in installing/installing_ibm_z/, while the performance recommendations live in scalability_and_performance/ibm-z-recommended-host-practices.adoc. Missing: no capacity or scale planning module for s390x beyond the min/preferred install requirement tables (no s390x-specific object maximums); no LinuxONE-specific planning module at all (LinuxONE is covered only by 'this also applies to LinuxONE' notes inside IBM Z modules); no module that compares z/VM, LPAR, and RHEL KVM hypervisor choices on performance or sizing grounds. The 'follow-ibm-z-platform-specific-recommendations-con' intro module exists but is referenced only from a maps/ocp-jobs MAP file, so it has no ASSEMBLY parent."
Plan for IBM Z and LinuxONE Platforms,"When deploying on IBM Z or LinuxONE, I want to follow platform-specific recommendations, so I can optimize performance on mainframe architecture.",,partial,modules/preferred-installation-requirements-ibm-z.adoc,installing/installing_ibm_z/upi/installing-ibm-z-reqs.adoc,full,preferred s390x system environment; the closest thing to a sizing-for-performance module,"Partial. Planning content is split across two books and no single 'plan for IBM Z/LinuxONE' assembly exists: installation method selection and the minimum/preferred s390x system environment tables live in installing/installing_ibm_z/, while the performance recommendations live in scalability_and_performance/ibm-z-recommended-host-practices.adoc. Missing: no capacity or scale planning module for s390x beyond the min/preferred install requirement tables (no s390x-specific object maximums); no LinuxONE-specific planning module at all (LinuxONE is covered only by 'this also applies to LinuxONE' notes inside IBM Z modules); no module that compares z/VM, LPAR, and RHEL KVM hypervisor choices on performance or sizing grounds. The 'follow-ibm-z-platform-specific-recommendations-con' intro module exists but is referenced only from a maps/ocp-jobs MAP file, so it has no ASSEMBLY parent."
Plan for IBM Z and LinuxONE Platforms,"When deploying on IBM Z or LinuxONE, I want to follow platform-specific recommendations, so I can optimize performance on mainframe architecture.",,partial,modules/ibm-z-choose-networking-setup.adoc,scalability_and_performance/ibm-z-recommended-host-practices.adoc,partial,"planning-relevant device choice, but filed as a host practice rather than a planning module","Partial. Planning content is split across two books and no single 'plan for IBM Z/LinuxONE' assembly exists: installation method selection and the minimum/preferred s390x system environment tables live in installing/installing_ibm_z/, while the performance recommendations live in scalability_and_performance/ibm-z-recommended-host-practices.adoc. Missing: no capacity or scale planning module for s390x beyond the min/preferred install requirement tables (no s390x-specific object maximums); no LinuxONE-specific planning module at all (LinuxONE is covered only by 'this also applies to LinuxONE' notes inside IBM Z modules); no module that compares z/VM, LPAR, and RHEL KVM hypervisor choices on performance or sizing grounds. The 'follow-ibm-z-platform-specific-recommendations-con' intro module exists but is referenced only from a maps/ocp-jobs MAP file, so it has no ASSEMBLY parent."
Plan for IBM Z and LinuxONE Platforms,"When deploying on IBM Z or LinuxONE, I want to follow platform-specific recommendations, so I can optimize performance on mainframe architecture.",,partial,modules/ibm-z-rhel-kvm-host-recommendations.adoc,scalability_and_performance/ibm-z-recommended-host-practices.adoc,partial,"planning-relevant KVM host design, but filed as a host practice rather than a planning module","Partial. Planning content is split across two books and no single 'plan for IBM Z/LinuxONE' assembly exists: installation method selection and the minimum/preferred s390x system environment tables live in installing/installing_ibm_z/, while the performance recommendations live in scalability_and_performance/ibm-z-recommended-host-practices.adoc. Missing: no capacity or scale planning module for s390x beyond the min/preferred install requirement tables (no s390x-specific object maximums); no LinuxONE-specific planning module at all (LinuxONE is covered only by 'this also applies to LinuxONE' notes inside IBM Z modules); no module that compares z/VM, LPAR, and RHEL KVM hypervisor choices on performance or sizing grounds. The 'follow-ibm-z-platform-specific-recommendations-con' intro module exists but is referenced only from a maps/ocp-jobs MAP file, so it has no ASSEMBLY parent."
Optimize Cluster Performance Across Subsystems,"When cluster performance degrades, I want to apply optimization techniques across multiple subsystems, so I can improve overall cluster efficiency.",,partial,modules/scalability-and-performance-recommended-practices.adoc,scalability_and_performance/index.adoc,partial,xref-only navigation stub into control plane and infrastructure practices,"Partial and umbrella. Subsystem-level tuning content exists and is mapped here (control plane and infrastructure sizing, etcd practices and etcd latency requirements, memory via huge pages); the concrete per-subsystem optimization procedures in scalability_and_performance/optimization/ are mapped under the child job 'Apply Multi-Subsystem Optimizations' instead of being duplicated on this row set. Missing: no triage or diagnosis module that tells an administrator which subsystem is the bottleneck when overall cluster performance degrades, and no end-to-end 'optimize a degraded cluster' workflow that sequences the subsystem fixes. The two entry points in scalability_and_performance/index.adoc are xref-only navigation stubs with no guidance of their own."
Optimize Cluster Performance Across Subsystems,"When cluster performance degrades, I want to apply optimization techniques across multiple subsystems, so I can improve overall cluster efficiency.",,partial,modules/scalability-and-performance-planning-optimization-measurement.adoc,scalability_and_performance/index.adoc,partial,"xref-only navigation stub into object maximums, IBM Z practices, Node Tuning Operator, CPU Manager, and NUMA scheduling","Partial and umbrella. Subsystem-level tuning content exists and is mapped here (control plane and infrastructure sizing, etcd practices and etcd latency requirements, memory via huge pages); the concrete per-subsystem optimization procedures in scalability_and_performance/optimization/ are mapped under the child job 'Apply Multi-Subsystem Optimizations' instead of being duplicated on this row set. Missing: no triage or diagnosis module that tells an administrator which subsystem is the bottleneck when overall cluster performance degrades, and no end-to-end 'optimize a degraded cluster' workflow that sequences the subsystem fixes. The two entry points in scalability_and_performance/index.adoc are xref-only navigation stubs with no guidance of their own."
Optimize Cluster Performance Across Subsystems,"When cluster performance degrades, I want to apply optimization techniques across multiple subsystems, so I can improve overall cluster efficiency.",,partial,modules/recommended-scale-practices.adoc,scalability_and_performance/recommended-performance-scale-practices/recommended-control-plane-practices.adoc,full,control plane subsystem scaling practices,"Partial and umbrella. Subsystem-level tuning content exists and is mapped here (control plane and infrastructure sizing, etcd practices and etcd latency requirements, memory via huge pages); the concrete per-subsystem optimization procedures in scalability_and_performance/optimization/ are mapped under the child job 'Apply Multi-Subsystem Optimizations' instead of being duplicated on this row set. Missing: no triage or diagnosis module that tells an administrator which subsystem is the bottleneck when overall cluster performance degrades, and no end-to-end 'optimize a degraded cluster' workflow that sequences the subsystem fixes. The two entry points in scalability_and_performance/index.adoc are xref-only navigation stubs with no guidance of their own."
Optimize Cluster Performance Across Subsystems,"When cluster performance degrades, I want to apply optimization techniques across multiple subsystems, so I can improve overall cluster efficiency.",,partial,modules/master-node-sizing.adoc,scalability_and_performance/recommended-performance-scale-practices/recommended-control-plane-practices.adoc,full,control plane subsystem sizing,"Partial and umbrella. Subsystem-level tuning content exists and is mapped here (control plane and infrastructure sizing, etcd practices and etcd latency requirements, memory via huge pages); the concrete per-subsystem optimization procedures in scalability_and_performance/optimization/ are mapped under the child job 'Apply Multi-Subsystem Optimizations' instead of being duplicated on this row set. Missing: no triage or diagnosis module that tells an administrator which subsystem is the bottleneck when overall cluster performance degrades, and no end-to-end 'optimize a degraded cluster' workflow that sequences the subsystem fixes. The two entry points in scalability_and_performance/index.adoc are xref-only navigation stubs with no guidance of their own."
Optimize Cluster Performance Across Subsystems,"When cluster performance degrades, I want to apply optimization techniques across multiple subsystems, so I can improve overall cluster efficiency.",,partial,modules/infrastructure-node-sizing.adoc,scalability_and_performance/recommended-performance-scale-practices/recommended-infrastructure-practices.adoc,full,infrastructure node subsystem sizing,"Partial and umbrella. Subsystem-level tuning content exists and is mapped here (control plane and infrastructure sizing, etcd practices and etcd latency requirements, memory via huge pages); the concrete per-subsystem optimization procedures in scalability_and_performance/optimization/ are mapped under the child job 'Apply Multi-Subsystem Optimizations' instead of being duplicated on this row set. Missing: no triage or diagnosis module that tells an administrator which subsystem is the bottleneck when overall cluster performance degrades, and no end-to-end 'optimize a degraded cluster' workflow that sequences the subsystem fixes. The two entry points in scalability_and_performance/index.adoc are xref-only navigation stubs with no guidance of their own."
Optimize Cluster Performance Across Subsystems,"When cluster performance degrades, I want to apply optimization techniques across multiple subsystems, so I can improve overall cluster efficiency.",,partial,modules/scaling-cluster-monitoring-operator.adoc,scalability_and_performance/recommended-performance-scale-practices/recommended-infrastructure-practices.adoc,full,monitoring subsystem scaling,"Partial and umbrella. Subsystem-level tuning content exists and is mapped here (control plane and infrastructure sizing, etcd practices and etcd latency requirements, memory via huge pages); the concrete per-subsystem optimization procedures in scalability_and_performance/optimization/ are mapped under the child job 'Apply Multi-Subsystem Optimizations' instead of being duplicated on this row set. Missing: no triage or diagnosis module that tells an administrator which subsystem is the bottleneck when overall cluster performance degrades, and no end-to-end 'optimize a degraded cluster' workflow that sequences the subsystem fixes. The two entry points in scalability_and_performance/index.adoc are xref-only navigation stubs with no guidance of their own."
Optimize Cluster Performance Across Subsystems,"When cluster performance degrades, I want to apply optimization techniques across multiple subsystems, so I can improve overall cluster efficiency.",,partial,modules/recommended-etcd-practices.adoc,etcd/etcd-practices.adoc,full,etcd subsystem tuning practices,"Partial and umbrella. Subsystem-level tuning content exists and is mapped here (control plane and infrastructure sizing, etcd practices and etcd latency requirements, memory via huge pages); the concrete per-subsystem optimization procedures in scalability_and_performance/optimization/ are mapped under the child job 'Apply Multi-Subsystem Optimizations' instead of being duplicated on this row set. Missing: no triage or diagnosis module that tells an administrator which subsystem is the bottleneck when overall cluster performance degrades, and no end-to-end 'optimize a degraded cluster' workflow that sequences the subsystem fixes. The two entry points in scalability_and_performance/index.adoc are xref-only navigation stubs with no guidance of their own."
Optimize Cluster Performance Across Subsystems,"When cluster performance degrades, I want to apply optimization techniques across multiple subsystems, so I can improve overall cluster efficiency.",,partial,modules/recommended-cluster-latency-etcd.adoc,etcd/etcd-practices.adoc,full,etcd subsystem latency requirements,"Partial and umbrella. Subsystem-level tuning content exists and is mapped here (control plane and infrastructure sizing, etcd practices and etcd latency requirements, memory via huge pages); the concrete per-subsystem optimization procedures in scalability_and_performance/optimization/ are mapped under the child job 'Apply Multi-Subsystem Optimizations' instead of being duplicated on this row set. Missing: no triage or diagnosis module that tells an administrator which subsystem is the bottleneck when overall cluster performance degrades, and no end-to-end 'optimize a degraded cluster' workflow that sequences the subsystem fixes. The two entry points in scalability_and_performance/index.adoc are xref-only navigation stubs with no guidance of their own."
Optimize Cluster Performance Across Subsystems,"When cluster performance degrades, I want to apply optimization techniques across multiple subsystems, so I can improve overall cluster efficiency.",,partial,modules/what-huge-pages-do.adoc,scalability_and_performance/what-huge-pages-do-and-how-they-are-consumed-by-apps.adoc,full,"memory subsystem concept; ifeval-dispatch on {context} with branches huge-pages and virt-using-huge-pages-with-vms - source assembly context is huge-pages, so the ocp-hugepages branch fires correctly","Partial and umbrella. Subsystem-level tuning content exists and is mapped here (control plane and infrastructure sizing, etcd practices and etcd latency requirements, memory via huge pages); the concrete per-subsystem optimization procedures in scalability_and_performance/optimization/ are mapped under the child job 'Apply Multi-Subsystem Optimizations' instead of being duplicated on this row set. Missing: no triage or diagnosis module that tells an administrator which subsystem is the bottleneck when overall cluster performance degrades, and no end-to-end 'optimize a degraded cluster' workflow that sequences the subsystem fixes. The two entry points in scalability_and_performance/index.adoc are xref-only navigation stubs with no guidance of their own."
Optimize Cluster Performance Across Subsystems,"When cluster performance degrades, I want to apply optimization techniques across multiple subsystems, so I can improve overall cluster efficiency.",,partial,modules/configuring-huge-pages.adoc,scalability_and_performance/what-huge-pages-do-and-how-they-are-consumed-by-apps.adoc,full,memory subsystem procedure,"Partial and umbrella. Subsystem-level tuning content exists and is mapped here (control plane and infrastructure sizing, etcd practices and etcd latency requirements, memory via huge pages); the concrete per-subsystem optimization procedures in scalability_and_performance/optimization/ are mapped under the child job 'Apply Multi-Subsystem Optimizations' instead of being duplicated on this row set. Missing: no triage or diagnosis module that tells an administrator which subsystem is the bottleneck when overall cluster performance degrades, and no end-to-end 'optimize a degraded cluster' workflow that sequences the subsystem fixes. The two entry points in scalability_and_performance/index.adoc are xref-only navigation stubs with no guidance of their own."
Optimize Cluster Performance Across Subsystems,"When cluster performance degrades, I want to apply optimization techniques across multiple subsystems, so I can improve overall cluster efficiency.",,partial,modules/disabling-transparent-huge-pages.adoc,scalability_and_performance/what-huge-pages-do-and-how-they-are-consumed-by-apps.adoc,full,memory subsystem procedure,"Partial and umbrella. Subsystem-level tuning content exists and is mapped here (control plane and infrastructure sizing, etcd practices and etcd latency requirements, memory via huge pages); the concrete per-subsystem optimization procedures in scalability_and_performance/optimization/ are mapped under the child job 'Apply Multi-Subsystem Optimizations' instead of being duplicated on this row set. Missing: no triage or diagnosis module that tells an administrator which subsystem is the bottleneck when overall cluster performance degrades, and no end-to-end 'optimize a degraded cluster' workflow that sequences the subsystem fixes. The two entry points in scalability_and_performance/index.adoc are xref-only navigation stubs with no guidance of their own."
Optimize Cluster Performance Across Subsystems > Apply Multi-Subsystem Optimizations,Optimize Cluster Performance Across Subsystems > Apply Multi-Subsystem Optimizations,Optimize Cluster Performance Across Subsystems,full,modules/optimizing-by-encapsulation.adoc,scalability_and_performance/optimization/optimizing-cpu-usage.adoc,full,CPU subsystem: mount namespace encapsulation concept,"Covered by the four assemblies in scalability_and_performance/optimization/: CPU (mount namespace encapsulation), networking (MTU, install-time network practices, IPsec impact), storage (persistent storage options, configurable storage technology, application recommendations, data storage management, Azure), and routing (baseline router performance, ingress probes, HAProxy reload interval). Memory optimization is the one subsystem not filed under optimization/; its huge pages modules are mapped under the parent job."
Optimize Cluster Performance Across Subsystems > Apply Multi-Subsystem Optimizations,Optimize Cluster Performance Across Subsystems > Apply Multi-Subsystem Optimizations,Optimize Cluster Performance Across Subsystems,full,modules/enabling-encapsulation.adoc,scalability_and_performance/optimization/optimizing-cpu-usage.adoc,full,CPU subsystem: enable encapsulation,"Covered by the four assemblies in scalability_and_performance/optimization/: CPU (mount namespace encapsulation), networking (MTU, install-time network practices, IPsec impact), storage (persistent storage options, configurable storage technology, application recommendations, data storage management, Azure), and routing (baseline router performance, ingress probes, HAProxy reload interval). Memory optimization is the one subsystem not filed under optimization/; its huge pages modules are mapped under the parent job."
Optimize Cluster Performance Across Subsystems > Apply Multi-Subsystem Optimizations,Optimize Cluster Performance Across Subsystems > Apply Multi-Subsystem Optimizations,Optimize Cluster Performance Across Subsystems,full,modules/supporting-encapsulation.adoc,scalability_and_performance/optimization/optimizing-cpu-usage.adoc,full,CPU subsystem: support scope for encapsulation,"Covered by the four assemblies in scalability_and_performance/optimization/: CPU (mount namespace encapsulation), networking (MTU, install-time network practices, IPsec impact), storage (persistent storage options, configurable storage technology, application recommendations, data storage management, Azure), and routing (baseline router performance, ingress probes, HAProxy reload interval). Memory optimization is the one subsystem not filed under optimization/; its huge pages modules are mapped under the parent job."
Optimize Cluster Performance Across Subsystems > Apply Multi-Subsystem Optimizations,Optimize Cluster Performance Across Subsystems > Apply Multi-Subsystem Optimizations,Optimize Cluster Performance Across Subsystems,full,modules/running-services-with-encapsulation.adoc,scalability_and_performance/optimization/optimizing-cpu-usage.adoc,full,CPU subsystem: run services in the encapsulated namespace,"Covered by the four assemblies in scalability_and_performance/optimization/: CPU (mount namespace encapsulation), networking (MTU, install-time network practices, IPsec impact), storage (persistent storage options, configurable storage technology, application recommendations, data storage management, Azure), and routing (baseline router performance, ingress probes, HAProxy reload interval). Memory optimization is the one subsystem not filed under optimization/; its huge pages modules are mapped under the parent job."
Optimize Cluster Performance Across Subsystems > Apply Multi-Subsystem Optimizations,Optimize Cluster Performance Across Subsystems > Apply Multi-Subsystem Optimizations,Optimize Cluster Performance Across Subsystems,full,modules/optimizing-mtu-networking.adoc,scalability_and_performance/optimization/optimizing-networking.adoc,full,network subsystem: MTU selection,"Covered by the four assemblies in scalability_and_performance/optimization/: CPU (mount namespace encapsulation), networking (MTU, install-time network practices, IPsec impact), storage (persistent storage options, configurable storage technology, application recommendations, data storage management, Azure), and routing (baseline router performance, ingress probes, HAProxy reload interval). Memory optimization is the one subsystem not filed under optimization/; its huge pages modules are mapped under the parent job."
Optimize Cluster Performance Across Subsystems > Apply Multi-Subsystem Optimizations,Optimize Cluster Performance Across Subsystems > Apply Multi-Subsystem Optimizations,Optimize Cluster Performance Across Subsystems,full,modules/recommended-install-practices.adoc,scalability_and_performance/optimization/optimizing-networking.adoc,full,network subsystem: install-time network practices,"Covered by the four assemblies in scalability_and_performance/optimization/: CPU (mount namespace encapsulation), networking (MTU, install-time network practices, IPsec impact), storage (persistent storage options, configurable storage technology, application recommendations, data storage management, Azure), and routing (baseline router performance, ingress probes, HAProxy reload interval). Memory optimization is the one subsystem not filed under optimization/; its huge pages modules are mapped under the parent job."
Optimize Cluster Performance Across Subsystems > Apply Multi-Subsystem Optimizations,Optimize Cluster Performance Across Subsystems > Apply Multi-Subsystem Optimizations,Optimize Cluster Performance Across Subsystems,full,modules/ipsec-impact-networking.adoc,scalability_and_performance/optimization/optimizing-networking.adoc,full,network subsystem: IPsec throughput impact,"Covered by the four assemblies in scalability_and_performance/optimization/: CPU (mount namespace encapsulation), networking (MTU, install-time network practices, IPsec impact), storage (persistent storage options, configurable storage technology, application recommendations, data storage management, Azure), and routing (baseline router performance, ingress probes, HAProxy reload interval). Memory optimization is the one subsystem not filed under optimization/; its huge pages modules are mapped under the parent job."
Optimize Cluster Performance Across Subsystems > Apply Multi-Subsystem Optimizations,Optimize Cluster Performance Across Subsystems > Apply Multi-Subsystem Optimizations,Optimize Cluster Performance Across Subsystems,full,modules/available-persistent-storage-options.adoc,scalability_and_performance/optimization/optimizing-storage.adoc,full,storage subsystem: available options,"Covered by the four assemblies in scalability_and_performance/optimization/: CPU (mount namespace encapsulation), networking (MTU, install-time network practices, IPsec impact), storage (persistent storage options, configurable storage technology, application recommendations, data storage management, Azure), and routing (baseline router performance, ingress probes, HAProxy reload interval). Memory optimization is the one subsystem not filed under optimization/; its huge pages modules are mapped under the parent job."
Optimize Cluster Performance Across Subsystems > Apply Multi-Subsystem Optimizations,Optimize Cluster Performance Across Subsystems > Apply Multi-Subsystem Optimizations,Optimize Cluster Performance Across Subsystems,full,modules/recommended-configurable-storage-technology.adoc,scalability_and_performance/optimization/optimizing-storage.adoc,full,storage subsystem: technology selection matrix,"Covered by the four assemblies in scalability_and_performance/optimization/: CPU (mount namespace encapsulation), networking (MTU, install-time network practices, IPsec impact), storage (persistent storage options, configurable storage technology, application recommendations, data storage management, Azure), and routing (baseline router performance, ingress probes, HAProxy reload interval). Memory optimization is the one subsystem not filed under optimization/; its huge pages modules are mapped under the parent job."
Optimize Cluster Performance Across Subsystems > Apply Multi-Subsystem Optimizations,Optimize Cluster Performance Across Subsystems > Apply Multi-Subsystem Optimizations,Optimize Cluster Performance Across Subsystems,full,modules/specific-application-storage-recommendations.adoc,scalability_and_performance/optimization/optimizing-storage.adoc,full,storage subsystem: per-application recommendations,"Covered by the four assemblies in scalability_and_performance/optimization/: CPU (mount namespace encapsulation), networking (MTU, install-time network practices, IPsec impact), storage (persistent storage options, configurable storage technology, application recommendations, data storage management, Azure), and routing (baseline router performance, ingress probes, HAProxy reload interval). Memory optimization is the one subsystem not filed under optimization/; its huge pages modules are mapped under the parent job."
Optimize Cluster Performance Across Subsystems > Apply Multi-Subsystem Optimizations,Optimize Cluster Performance Across Subsystems > Apply Multi-Subsystem Optimizations,Optimize Cluster Performance Across Subsystems,full,modules/data-storage-management.adoc,scalability_and_performance/optimization/optimizing-storage.adoc,full,storage subsystem: data storage management,"Covered by the four assemblies in scalability_and_performance/optimization/: CPU (mount namespace encapsulation), networking (MTU, install-time network practices, IPsec impact), storage (persistent storage options, configurable storage technology, application recommendations, data storage management, Azure), and routing (baseline router performance, ingress probes, HAProxy reload interval). Memory optimization is the one subsystem not filed under optimization/; its huge pages modules are mapped under the parent job."
Optimize Cluster Performance Across Subsystems > Apply Multi-Subsystem Optimizations,Optimize Cluster Performance Across Subsystems > Apply Multi-Subsystem Optimizations,Optimize Cluster Performance Across Subsystems,full,modules/optimizing-storage-azure.adoc,scalability_and_performance/optimization/optimizing-storage.adoc,full,storage subsystem: Azure specifics; also mapped under the platform job,"Covered by the four assemblies in scalability_and_performance/optimization/: CPU (mount namespace encapsulation), networking (MTU, install-time network practices, IPsec impact), storage (persistent storage options, configurable storage technology, application recommendations, data storage management, Azure), and routing (baseline router performance, ingress probes, HAProxy reload interval). Memory optimization is the one subsystem not filed under optimization/; its huge pages modules are mapped under the parent job."
Optimize Cluster Performance Across Subsystems > Apply Multi-Subsystem Optimizations,Optimize Cluster Performance Across Subsystems > Apply Multi-Subsystem Optimizations,Optimize Cluster Performance Across Subsystems,full,modules/baseline-router-performance.adoc,scalability_and_performance/optimization/routing-optimization.adoc,full,routing subsystem: baseline Ingress Controller performance,"Covered by the four assemblies in scalability_and_performance/optimization/: CPU (mount namespace encapsulation), networking (MTU, install-time network practices, IPsec impact), storage (persistent storage options, configurable storage technology, application recommendations, data storage management, Azure), and routing (baseline router performance, ingress probes, HAProxy reload interval). Memory optimization is the one subsystem not filed under optimization/; its huge pages modules are mapped under the parent job."
Optimize Cluster Performance Across Subsystems > Apply Multi-Subsystem Optimizations,Optimize Cluster Performance Across Subsystems > Apply Multi-Subsystem Optimizations,Optimize Cluster Performance Across Subsystems,full,modules/ingress-liveness-readiness-startup-probes.adoc,scalability_and_performance/optimization/routing-optimization.adoc,full,routing subsystem: probe tuning for router pods,"Covered by the four assemblies in scalability_and_performance/optimization/: CPU (mount namespace encapsulation), networking (MTU, install-time network practices, IPsec impact), storage (persistent storage options, configurable storage technology, application recommendations, data storage management, Azure), and routing (baseline router performance, ingress probes, HAProxy reload interval). Memory optimization is the one subsystem not filed under optimization/; its huge pages modules are mapped under the parent job."
Optimize Cluster Performance Across Subsystems > Apply Multi-Subsystem Optimizations,Optimize Cluster Performance Across Subsystems > Apply Multi-Subsystem Optimizations,Optimize Cluster Performance Across Subsystems,full,modules/configuring-haproxy-interval.adoc,scalability_and_performance/optimization/routing-optimization.adoc,full,routing subsystem: HAProxy reload interval,"Covered by the four assemblies in scalability_and_performance/optimization/: CPU (mount namespace encapsulation), networking (MTU, install-time network practices, IPsec impact), storage (persistent storage options, configurable storage technology, application recommendations, data storage management, Azure), and routing (baseline router performance, ingress probes, HAProxy reload interval). Memory optimization is the one subsystem not filed under optimization/; its huge pages modules are mapped under the parent job."
"Learn how I can reduce image pull time for operations that require a pull, such as cluster updates or application deployments.","When I need to reduce pod startup time for frequently-used images, I can pin container images to my machine config pools, so I can reduce image pull time and ensure critical images are always available locally to the nodes in that pool.",,full,modules/machine-config-pin-preload-images.adoc,machine_configuration/machine-config-pin-preload-images-about.adoc,full,"Pinning images: PinnedImageSet CR, per-MCP targeting, verification and limitations.","Pinning images to machine config pools via PinnedImageSet is fully documented, including prerequisites, CR example, verification and eviction/garbage-collection behavior."
Tune Network Performance > 12.5 Configure interface attributes using the tuned plugin,"When I need specific network performance, I want to configure system controls with the tuning plugin, so I can adjust interface attributes and sysctls.",Tune Network Performance,full,modules/nw-cfg-tuning-interface-cni.adoc,networking/configuring_network_settings/configure-syscontrols-interface-tuning-cni.adoc,full,Core module: set interface-level sysctls with the tuning CNI meta plugin,"Both the generic tuning CNI meta plugin (sysctls, all-multicast, promiscuous mode, MTU, MAC) and the SR-IOV interface-level sysctl variants (basic and bonded) are documented."
Tune Network Performance > 12.5 Configure interface attributes using the tuned plugin,"When I need specific network performance, I want to configure system controls with the tuning plugin, so I can adjust interface attributes and sysctls.",Tune Network Performance,full,modules/nw-cfg-config-all-multi-cni.adoc,networking/configuring_network_settings/configure-syscontrols-interface-tuning-cni.adoc,full,Enable all-multicast mode with the tuning plugin,"Both the generic tuning CNI meta plugin (sysctls, all-multicast, promiscuous mode, MTU, MAC) and the SR-IOV interface-level sysctl variants (basic and bonded) are documented."
Tune Network Performance > 12.5 Configure interface attributes using the tuned plugin,"When I need specific network performance, I want to configure system controls with the tuning plugin, so I can adjust interface attributes and sysctls.",Tune Network Performance,full,modules/nw-label-nodes-with-sriov.adoc,networking/hardware_networks/configuring-interface-sysctl-sriov-device.adoc,full,Prerequisite node labeling for the SR-IOV tuning-plugin procedures,"Both the generic tuning CNI meta plugin (sysctls, all-multicast, promiscuous mode, MTU, MAC) and the SR-IOV interface-level sysctl variants (basic and bonded) are documented."
Tune Network Performance > 12.5 Configure interface attributes using the tuned plugin,"When I need specific network performance, I want to configure system controls with the tuning plugin, so I can adjust interface attributes and sysctls.",Tune Network Performance,full,modules/nw-sriov-interface-level-sysctl-basic.adoc,networking/hardware_networks/configuring-interface-sysctl-sriov-device.adoc,full,,"Both the generic tuning CNI meta plugin (sysctls, all-multicast, promiscuous mode, MTU, MAC) and the SR-IOV interface-level sysctl variants (basic and bonded) are documented."
Tune Network Performance > 12.5 Configure interface attributes using the tuned plugin,"When I need specific network performance, I want to configure system controls with the tuning plugin, so I can adjust interface attributes and sysctls.",Tune Network Performance,full,modules/nw-sriov-interface-level-sysctl-basic-node-policy.adoc,networking/hardware_networks/configuring-interface-sysctl-sriov-device.adoc,full,,"Both the generic tuning CNI meta plugin (sysctls, all-multicast, promiscuous mode, MTU, MAC) and the SR-IOV interface-level sysctl variants (basic and bonded) are documented."
Tune Network Performance > 12.5 Configure interface attributes using the tuned plugin,"When I need specific network performance, I want to configure system controls with the tuning plugin, so I can adjust interface attributes and sysctls.",Tune Network Performance,full,modules/nw-configure-sysctl-interface-sriov-network.adoc,networking/hardware_networks/configuring-interface-sysctl-sriov-device.adoc,full,Tuning plugin sysctls on an SR-IOV network,"Both the generic tuning CNI meta plugin (sysctls, all-multicast, promiscuous mode, MTU, MAC) and the SR-IOV interface-level sysctl variants (basic and bonded) are documented."
Tune Network Performance > 12.5 Configure interface attributes using the tuned plugin,"When I need specific network performance, I want to configure system controls with the tuning plugin, so I can adjust interface attributes and sysctls.",Tune Network Performance,full,modules/nw-sriov-interface-level-sysctl-bonded.adoc,networking/hardware_networks/configuring-interface-sysctl-sriov-device.adoc,full,,"Both the generic tuning CNI meta plugin (sysctls, all-multicast, promiscuous mode, MTU, MAC) and the SR-IOV interface-level sysctl variants (basic and bonded) are documented."
Tune Network Performance > 12.5 Configure interface attributes using the tuned plugin,"When I need specific network performance, I want to configure system controls with the tuning plugin, so I can adjust interface attributes and sysctls.",Tune Network Performance,full,modules/nw-sriov-interface-level-sysctl-bonded-node-policy.adoc,networking/hardware_networks/configuring-interface-sysctl-sriov-device.adoc,full,,"Both the generic tuning CNI meta plugin (sysctls, all-multicast, promiscuous mode, MTU, MAC) and the SR-IOV interface-level sysctl variants (basic and bonded) are documented."
Tune Network Performance > 12.5 Configure interface attributes using the tuned plugin,"When I need specific network performance, I want to configure system controls with the tuning plugin, so I can adjust interface attributes and sysctls.",Tune Network Performance,full,modules/nw-configure-sysctl-interface-sriov-network-bonded.adoc,networking/hardware_networks/configuring-interface-sysctl-sriov-device.adoc,full,,"Both the generic tuning CNI meta plugin (sysctls, all-multicast, promiscuous mode, MTU, MAC) and the SR-IOV interface-level sysctl variants (basic and bonded) are documented."
Tune Network Performance > 12.5 Configure interface attributes using the tuned plugin,"When I need specific network performance, I want to configure system controls with the tuning plugin, so I can adjust interface attributes and sysctls.",Tune Network Performance,full,modules/nw-sriov-about-all-multi-cast-mode.adoc,networking/hardware_networks/configuring-interface-sysctl-sriov-device.adoc,full,,"Both the generic tuning CNI meta plugin (sysctls, all-multicast, promiscuous mode, MTU, MAC) and the SR-IOV interface-level sysctl variants (basic and bonded) are documented."
Tune Network Performance > 12.5 Configure interface attributes using the tuned plugin,"When I need specific network performance, I want to configure system controls with the tuning plugin, so I can adjust interface attributes and sysctls.",Tune Network Performance,full,modules/nw-enable-all-multicast-mode-sriov-network.adoc,networking/hardware_networks/configuring-interface-sysctl-sriov-device.adoc,full,,"Both the generic tuning CNI meta plugin (sysctls, all-multicast, promiscuous mode, MTU, MAC) and the SR-IOV interface-level sysctl variants (basic and bonded) are documented."
Adjust pod resource levels without pod disruption,"When I need to change my memory or CPU requirements but don’t want to restart my pods, I need to use in-place pod resizing so that I can adjust the requirements in real time without disrupting work.",,full,modules/nodes-pods-adjust-resources-in-place-about.adoc,nodes/pods/nodes-pods-adjust-resources-in-place.adoc,full,in-place pod resize concept and resize policies,
Adjust pod resource levels without pod disruption,"When I need to change my memory or CPU requirements but don’t want to restart my pods, I need to use in-place pod resizing so that I can adjust the requirements in real time without disrupting work.",,full,modules/nodes-pods-adjust-resources-in-place-configuring.adoc,nodes/pods/nodes-pods-adjust-resources-in-place.adoc,full,resize CPU/memory on a running pod,
Adjust pod resource levels without pod disruption,"When I need to change my memory or CPU requirements but don’t want to restart my pods, I need to use in-place pod resizing so that I can adjust the requirements in real time without disrupting work.",,full,modules/nodes-pods-vertical-autoscaler-in-place.adoc,nodes/pods/nodes-pods-vertical-autoscaler.adoc,full,VPA applying resizes in place,
Automatically scale clusters based on custom metrics,Automatically scale clusters based on custom metrics,,partial,modules/nodes-overview-about-autoscaling-pods.adoc,nodes/index.adoc,partial,Covers CMA only as one bullet among HPA/CMA/VPA; no CMA architecture or workflow,"Partial: no module covers the Custom Metrics Autoscaler overview itself. The CMA concept, the workflow diagram, and the activation/scaling phase explanation are inline content in the assembly nodes/cma/nodes-cma-autoscaling-custom.adoc, which includes no modules. The only modularized overview text is the three-autoscaler summary in the nodes overview."
Automatically scale clusters based on custom metrics > Create custom CA certificates for the Custom Metrics Autoscaler,"When I have off-cluster services that require CA certificates, I want to add those required certs to a configmap and add that map to the keda controller so that I can securely connect the CMA to metric sources.",Automatically scale clusters based on custom metrics,partial,modules/nodes-cma-autoscaling-keda-controller-edit.adoc,nodes/cma/nodes-cma-autoscaling-custom-install.adoc,partial,Documents adding the CA config maps to KedaController via the caConfigMaps field (callout 4) only,"Partial: there is no module for custom CA certificates. The conceptual guidance (section nodes-cma-autoscaling-custom-ca) is inline in the assembly nodes/cma/nodes-cma-autoscaling-custom.adoc, and no module documents creating the CA config map or restarting the keda-operator pod after updating it. Only the caConfigMaps field of the KedaController CR is documented in a module."
Automatically scale clusters based on custom metrics > Install the Custom Metrics Autoscaler,"When I have specific metrics I want to use as the basis for scaling my clusters, I want to establish what those metrics and triggers are so that I can save time by letting the clusters scale automatically.",Automatically scale clusters based on custom metrics,full,modules/nodes-cma-autoscaling-custom-install.adoc,nodes/cma/nodes-cma-autoscaling-custom-install.adoc,full,Web console install procedure; included under ifndef for ROSA/ROSA HCP/OSD,
Automatically scale clusters based on custom metrics > Install the Custom Metrics Autoscaler,"When I have specific metrics I want to use as the basis for scaling my clusters, I want to establish what those metrics and triggers are so that I can save time by letting the clusters scale automatically.",Automatically scale clusters based on custom metrics,full,modules/sd-nodes-cma-autoscaling-custom-install.adoc,nodes/cma/nodes-cma-autoscaling-custom-install.adoc,full,ROSA/ROSA HCP/OpenShift Dedicated variant of the install procedure; included under ifdef,
Automatically scale clusters based on custom metrics > Install the Custom Metrics Autoscaler,"When I have specific metrics I want to use as the basis for scaling my clusters, I want to establish what those metrics and triggers are so that I can save time by letting the clusters scale automatically.",Automatically scale clusters based on custom metrics,full,modules/nodes-cma-autoscaling-keda-controller-edit.adoc,nodes/cma/nodes-cma-autoscaling-custom-install.adoc,full,Post-install KedaController CR creation and editing,
Automatically scale clusters based on custom metrics > About custom metric autoscaling triggers,"When I want to explore autoscaling options, I want to understand what custom metric options are available to me so I can more efficiently allow my clusters to scale automatically to fit my business needs.",Automatically scale clusters based on custom metrics,full,modules/nodes-cma-autoscaling-custom-trigger-prom.adoc,nodes/cma/nodes-cma-autoscaling-custom-trigger.adoc,full,Prometheus trigger,
Automatically scale clusters based on custom metrics > About custom metric autoscaling triggers,"When I want to explore autoscaling options, I want to understand what custom metric options are available to me so I can more efficiently allow my clusters to scale automatically to fit my business needs.",Automatically scale clusters based on custom metrics,full,modules/nodes-cma-autoscaling-custom-trigger-prom-gpu.adoc,nodes/cma/nodes-cma-autoscaling-custom-trigger.adoc,full,GPU-based autoscaling with Prometheus and DCGM metrics,
Automatically scale clusters based on custom metrics > About custom metric autoscaling triggers,"When I want to explore autoscaling options, I want to understand what custom metric options are available to me so I can more efficiently allow my clusters to scale automatically to fit my business needs.",Automatically scale clusters based on custom metrics,full,modules/nodes-cma-autoscaling-custom-prometheus-config.adoc,nodes/cma/nodes-cma-autoscaling-custom-trigger.adoc,full,Configuring CMA to use OpenShift monitoring as the Prometheus source,
Automatically scale clusters based on custom metrics > About custom metric autoscaling triggers,"When I want to explore autoscaling options, I want to understand what custom metric options are available to me so I can more efficiently allow my clusters to scale automatically to fit my business needs.",Automatically scale clusters based on custom metrics,full,modules/nodes-cma-autoscaling-custom-trigger-cpu.adoc,nodes/cma/nodes-cma-autoscaling-custom-trigger.adoc,full,CPU trigger,
Automatically scale clusters based on custom metrics > About custom metric autoscaling triggers,"When I want to explore autoscaling options, I want to understand what custom metric options are available to me so I can more efficiently allow my clusters to scale automatically to fit my business needs.",Automatically scale clusters based on custom metrics,full,modules/nodes-cma-autoscaling-custom-trigger-memory.adoc,nodes/cma/nodes-cma-autoscaling-custom-trigger.adoc,full,Memory trigger,
Automatically scale clusters based on custom metrics > About custom metric autoscaling triggers,"When I want to explore autoscaling options, I want to understand what custom metric options are available to me so I can more efficiently allow my clusters to scale automatically to fit my business needs.",Automatically scale clusters based on custom metrics,full,modules/nodes-cma-autoscaling-custom-trigger-kafka.adoc,nodes/cma/nodes-cma-autoscaling-custom-trigger.adoc,full,Apache Kafka trigger,
Automatically scale clusters based on custom metrics > About custom metric autoscaling triggers,"When I want to explore autoscaling options, I want to understand what custom metric options are available to me so I can more efficiently allow my clusters to scale automatically to fit my business needs.",Automatically scale clusters based on custom metrics,full,modules/nodes-cma-autoscaling-custom-trigger-cron.adoc,nodes/cma/nodes-cma-autoscaling-custom-trigger.adoc,full,Cron trigger,
Automatically scale clusters based on custom metrics > About custom metric autoscaling triggers,"When I want to explore autoscaling options, I want to understand what custom metric options are available to me so I can more efficiently allow my clusters to scale automatically to fit my business needs.",Automatically scale clusters based on custom metrics,full,modules/nodes-cma-autoscaling-custom-trigger-workload.adoc,nodes/cma/nodes-cma-autoscaling-custom-trigger.adoc,full,Kubernetes workload trigger,
Automatically scale clusters based on custom metrics > Allow authenticated autoscaling triggers,"When the autoscaling triggers I use require secrets to be passed, I want to set up authenticated triggers to save time and avoid re-entering secrets.",Automatically scale clusters based on custom metrics,partial,modules/nodes-cma-autoscaling-custom-trigger-auth-using.adoc,nodes/cma/nodes-cma-autoscaling-custom-trigger-auth.adoc,partial,Procedure for creating and referencing a trigger authentication; conceptual TriggerAuthentication reference is inline in the assembly,"Partial: only the 'Using trigger authentications' procedure is modularized. The conceptual material that explains TriggerAuthentication versus ClusterTriggerAuthentication and the supported authentication mechanisms (bound service account token, secret, environment variable, pod authentication provider) is ~200 lines of inline content in the assembly nodes/cma/nodes-cma-autoscaling-custom-trigger-auth.adoc with no backing module."
Automatically scale clusters based on custom metrics > Add custom metrics autoscalers to workloads,"When my pod runs a workload, I want it to automatically scale the pod so that the workload runs without incident due to a lack of resources.",Automatically scale clusters based on custom metrics,full,modules/nodes-cma-autoscaling-custom-creating-workload.adoc,nodes/cma/nodes-cma-autoscaling-custom-adding.adoc,full,Adding a custom metrics autoscaler (ScaledObject) to a workload,
Automatically scale clusters based on custom metrics > Add custom metrics autoscalers to jobs,"When my pod runs a job, I want it to automatically scale the pod so that the workload runs without incident due to a lack of resources.",Automatically scale clusters based on custom metrics,full,modules/nodes-cma-autoscaling-custom-creating-job.adoc,nodes/cma/nodes-cma-autoscaling-custom-adding.adoc,full,Adding a custom metrics autoscaler (ScaledJob) to a job,
Automatically scale clusters based on custom metrics > Troubleshoot customer metrics autoscalers,"When I encounter a problem with the custom metrics autoscaler, I want to pause and restart the autoscaler so I can diagnose problems and resolve them, and when I encounter a problem with the custom metrics autoscaler, I want to collect audit logs, performance metrics, and debugging data so I can better diagnose the problem and resolve it.",Automatically scale clusters based on custom metrics,full,modules/nodes-cma-autoscaling-custom-pausing-workload.adoc,nodes/cma/nodes-cma-autoscaling-custom-pausing.adoc,full,Pausing a custom metrics autoscaler for a scaled object,
Automatically scale clusters based on custom metrics > Troubleshoot customer metrics autoscalers,"When I encounter a problem with the custom metrics autoscaler, I want to pause and restart the autoscaler so I can diagnose problems and resolve them, and when I encounter a problem with the custom metrics autoscaler, I want to collect audit logs, performance metrics, and debugging data so I can better diagnose the problem and resolve it.",Automatically scale clusters based on custom metrics,full,modules/nodes-cma-autoscaling-custom-pausing-restart.adoc,nodes/cma/nodes-cma-autoscaling-custom-pausing.adoc,full,Restarting the custom metrics autoscaler for a scaled object,
Automatically scale clusters based on custom metrics > Troubleshoot customer metrics autoscalers,"When I encounter a problem with the custom metrics autoscaler, I want to pause and restart the autoscaler so I can diagnose problems and resolve them, and when I encounter a problem with the custom metrics autoscaler, I want to collect audit logs, performance metrics, and debugging data so I can better diagnose the problem and resolve it.",Automatically scale clusters based on custom metrics,full,modules/nodes-cma-autoscaling-custom-audit.adoc,nodes/cma/nodes-cma-autoscaling-custom-audit-log.adoc,full,Configuring audit logging for the Operator,
Automatically scale clusters based on custom metrics > Troubleshoot customer metrics autoscalers,"When I encounter a problem with the custom metrics autoscaler, I want to pause and restart the autoscaler so I can diagnose problems and resolve them, and when I encounter a problem with the custom metrics autoscaler, I want to collect audit logs, performance metrics, and debugging data so I can better diagnose the problem and resolve it.",Automatically scale clusters based on custom metrics,full,modules/nodes-cma-autoscaling-custom-gather.adoc,nodes/cma/nodes-cma-autoscaling-custom-debugging.adoc,full,Gathering debugging data with must-gather,
Automatically scale clusters based on custom metrics > Troubleshoot customer metrics autoscalers,"When I encounter a problem with the custom metrics autoscaler, I want to pause and restart the autoscaler so I can diagnose problems and resolve them, and when I encounter a problem with the custom metrics autoscaler, I want to collect audit logs, performance metrics, and debugging data so I can better diagnose the problem and resolve it.",Automatically scale clusters based on custom metrics,full,modules/nodes-cma-autoscaling-custom-metrics-access.adoc,nodes/cma/nodes-cma-autoscaling-custom-metrics.adoc,full,Accessing Operator performance metrics,
Automatically scale clusters based on custom metrics > Troubleshoot customer metrics autoscalers,"When I encounter a problem with the custom metrics autoscaler, I want to pause and restart the autoscaler so I can diagnose problems and resolve them, and when I encounter a problem with the custom metrics autoscaler, I want to collect audit logs, performance metrics, and debugging data so I can better diagnose the problem and resolve it.",Automatically scale clusters based on custom metrics,full,modules/nodes-cma-autoscaling-custom-metrics-provided.adoc,nodes/cma/nodes-cma-autoscaling-custom-metrics.adoc,full,Reference list of provided Operator metrics,
Automatically scale clusters based on custom metrics > Uninstall the Custom Metrics Autoscaler,"When I need to save resources or stop using autoscaling, I want to uninstall the Custom Metrics Autoscaler.",Automatically scale clusters based on custom metrics,full,modules/nodes-cma-autoscaling-custom-uninstalling.adoc,nodes/cma/nodes-cma-autoscaling-custom-removing.adoc,full,Uninstalling the Operator and removing its CRDs/namespace,
Optimize workload placement,"When I am managing workloads across a cluster, I want to control how and where workloads are scheduled, so that the platform optimizes application availability and resource efficiency without manual intervention.",,full,modules/nodes-scheduler-default-about.adoc,nodes/scheduling/nodes-scheduler-about.adoc,full,"Default scheduler behavior: predicates, priorities, how placement decisions are made","full: default scheduler behavior, scheduler use cases, and the scheduler profiles that tune placement are all modularized; the specific placement mechanisms are covered by the child jobs."
Optimize workload placement,"When I am managing workloads across a cluster, I want to control how and where workloads are scheduled, so that the platform optimizes application availability and resource efficiency without manual intervention.",,full,modules/nodes-scheduler-use-cases.adoc,nodes/scheduling/nodes-scheduler-about.adoc,full,"Scheduler use cases: affinity, anti-affinity, and infrastructure topology levers","full: default scheduler behavior, scheduler use cases, and the scheduler profiles that tune placement are all modularized; the specific placement mechanisms are covered by the child jobs."
Optimize workload placement,"When I am managing workloads across a cluster, I want to control how and where workloads are scheduled, so that the platform optimizes application availability and resource efficiency without manual intervention.",,full,modules/nodes-scheduler-profiles-about.adoc,nodes/scheduling/nodes-scheduler-profiles.adoc,full,"LowNodeUtilization, HighNodeUtilization, NoScoring scheduler profiles","full: default scheduler behavior, scheduler use cases, and the scheduler profiles that tune placement are all modularized; the specific placement mechanisms are covered by the child jobs."
Optimize workload placement,"When I am managing workloads across a cluster, I want to control how and where workloads are scheduled, so that the platform optimizes application availability and resource efficiency without manual intervention.",,full,modules/nodes-scheduler-profiles-configuring.adoc,nodes/scheduling/nodes-scheduler-profiles.adoc,full,Procedure to set a scheduler profile cluster-wide,"full: default scheduler behavior, scheduler use cases, and the scheduler profiles that tune placement are all modularized; the specific placement mechanisms are covered by the child jobs."
Optimize workload placement > Improve performance by grouping pods together,"When my application components require frequent inter-service communication, I want to schedule them near each other, so that I can reduce network latency and improve overall transaction speed.",Optimize workload placement,full,modules/nodes-scheduler-pod-affinity-about.adoc,nodes/scheduling/nodes-scheduler-pod-affinity.adoc,full,"Concepts for pod affinity and anti-affinity, required vs preferred, topologyKey","full: pod affinity concepts, configuration procedure, and worked examples are all modularized."
Optimize workload placement > Improve performance by grouping pods together,"When my application components require frequent inter-service communication, I want to schedule them near each other, so that I can reduce network latency and improve overall transaction speed.",Optimize workload placement,full,modules/nodes-scheduler-pod-affinity-configuring.adoc,nodes/scheduling/nodes-scheduler-pod-affinity.adoc,full,Procedure to co-locate pods with an affinity rule,"full: pod affinity concepts, configuration procedure, and worked examples are all modularized."
Optimize workload placement > Improve performance by grouping pods together,"When my application components require frequent inter-service communication, I want to schedule them near each other, so that I can reduce network latency and improve overall transaction speed.",Optimize workload placement,full,modules/nodes-scheduler-pod-affinity-example.adoc,nodes/scheduling/nodes-scheduler-pod-affinity.adoc,full,Worked examples of affinity and anti-affinity rules,"full: pod affinity concepts, configuration procedure, and worked examples are all modularized."
Optimize workload placement > Improve performance by grouping pods together,"When my application components require frequent inter-service communication, I want to schedule them near each other, so that I can reduce network latency and improve overall transaction speed.",Optimize workload placement,full,modules/olm-overriding-operator-pod-affinity.adoc,nodes/scheduling/nodes-scheduler-pod-affinity.adoc,partial,"ifeval-dispatch; context branches verified against source assembly :context: (nodes-scheduler-pod-affinity is a declared branch); Operator-pod-specific co-location only, not general workloads","full: pod affinity concepts, configuration procedure, and worked examples are all modularized."
Optimize workload placement > Manage resource utilization by adjusting node density,"When I need to minimize infrastructure costs by packing more workloads onto fewer nodes, I want to define clear resource boundaries and priorities, so that my most critical workloads are never starved of resources by less important services.",Optimize workload placement,full,modules/nodes-nodes-managing-max-pods-proc.adoc,nodes/nodes/nodes-nodes-managing-max-pods.adoc,full,Sets podsPerCore and maxPods to raise node density,"full: node density (maxPods/podsPerCore, capacity estimation), resource boundaries (requests/limits, limit ranges, overcommit and QoS), priorities (priority classes and preemption), and the HighNodeUtilization bin-packing scheduler profile are all modularized."
Optimize workload placement > Manage resource utilization by adjusting node density,"When I need to minimize infrastructure costs by packing more workloads onto fewer nodes, I want to define clear resource boundaries and priorities, so that my most critical workloads are never starved of resources by less important services.",Optimize workload placement,full,modules/nodes-cluster-resource-levels-about.adoc,nodes/clusters/nodes-cluster-resource-levels.adoc,full,How to estimate how many pods a node can hold,"full: node density (maxPods/podsPerCore, capacity estimation), resource boundaries (requests/limits, limit ranges, overcommit and QoS), priorities (priority classes and preemption), and the HighNodeUtilization bin-packing scheduler profile are all modularized."
Optimize workload placement > Manage resource utilization by adjusting node density,"When I need to minimize infrastructure costs by packing more workloads onto fewer nodes, I want to define clear resource boundaries and priorities, so that my most critical workloads are never starved of resources by less important services.",Optimize workload placement,full,modules/nodes-cluster-resource-levels-command.adoc,nodes/clusters/nodes-cluster-resource-levels.adoc,full,Cluster capacity tool run as a command,"full: node density (maxPods/podsPerCore, capacity estimation), resource boundaries (requests/limits, limit ranges, overcommit and QoS), priorities (priority classes and preemption), and the HighNodeUtilization bin-packing scheduler profile are all modularized."
Optimize workload placement > Manage resource utilization by adjusting node density,"When I need to minimize infrastructure costs by packing more workloads onto fewer nodes, I want to define clear resource boundaries and priorities, so that my most critical workloads are never starved of resources by less important services.",Optimize workload placement,full,modules/nodes-cluster-resource-levels-job.adoc,nodes/clusters/nodes-cluster-resource-levels.adoc,full,Cluster capacity tool run as a job,"full: node density (maxPods/podsPerCore, capacity estimation), resource boundaries (requests/limits, limit ranges, overcommit and QoS), priorities (priority classes and preemption), and the HighNodeUtilization bin-packing scheduler profile are all modularized."
Optimize workload placement > Manage resource utilization by adjusting node density,"When I need to minimize infrastructure costs by packing more workloads onto fewer nodes, I want to define clear resource boundaries and priorities, so that my most critical workloads are never starved of resources by less important services.",Optimize workload placement,full,modules/nodes-cluster-overcommit-resource-requests.adoc,nodes/clusters/nodes-cluster-overcommit.adoc,full,Requests and limits are the resource boundaries the job statement asks for,"full: node density (maxPods/podsPerCore, capacity estimation), resource boundaries (requests/limits, limit ranges, overcommit and QoS), priorities (priority classes and preemption), and the HighNodeUtilization bin-packing scheduler profile are all modularized."
Optimize workload placement > Manage resource utilization by adjusting node density,"When I need to minimize infrastructure costs by packing more workloads onto fewer nodes, I want to define clear resource boundaries and priorities, so that my most critical workloads are never starved of resources by less important services.",Optimize workload placement,full,modules/nodes-cluster-node-overcommit.adoc,nodes/clusters/nodes-cluster-overcommit.adoc,full,Node-level overcommitment concepts for packing workloads onto fewer nodes,"full: node density (maxPods/podsPerCore, capacity estimation), resource boundaries (requests/limits, limit ranges, overcommit and QoS), priorities (priority classes and preemption), and the HighNodeUtilization bin-packing scheduler profile are all modularized."
Optimize workload placement > Manage resource utilization by adjusting node density,"When I need to minimize infrastructure costs by packing more workloads onto fewer nodes, I want to define clear resource boundaries and priorities, so that my most critical workloads are never starved of resources by less important services.",Optimize workload placement,full,modules/nodes-cluster-overcommit-qos-about.adoc,nodes/clusters/nodes-cluster-overcommit.adoc,full,QoS tiers determine which workloads get evicted first under pressure,"full: node density (maxPods/podsPerCore, capacity estimation), resource boundaries (requests/limits, limit ranges, overcommit and QoS), priorities (priority classes and preemption), and the HighNodeUtilization bin-packing scheduler profile are all modularized."
Optimize workload placement > Manage resource utilization by adjusting node density,"When I need to minimize infrastructure costs by packing more workloads onto fewer nodes, I want to define clear resource boundaries and priorities, so that my most critical workloads are never starved of resources by less important services.",Optimize workload placement,full,modules/nodes-cluster-overcommit-configure-nodes.adoc,nodes/clusters/nodes-cluster-overcommit.adoc,full,Enabling or disabling overcommitment on nodes,"full: node density (maxPods/podsPerCore, capacity estimation), resource boundaries (requests/limits, limit ranges, overcommit and QoS), priorities (priority classes and preemption), and the HighNodeUtilization bin-packing scheduler profile are all modularized."
Optimize workload placement > Manage resource utilization by adjusting node density,"When I need to minimize infrastructure costs by packing more workloads onto fewer nodes, I want to define clear resource boundaries and priorities, so that my most critical workloads are never starved of resources by less important services.",Optimize workload placement,full,modules/nodes-cluster-project-overcommit.adoc,nodes/clusters/nodes-cluster-overcommit.adoc,full,Per-project overcommit limits,"full: node density (maxPods/podsPerCore, capacity estimation), resource boundaries (requests/limits, limit ranges, overcommit and QoS), priorities (priority classes and preemption), and the HighNodeUtilization bin-packing scheduler profile are all modularized."
Optimize workload placement > Manage resource utilization by adjusting node density,"When I need to minimize infrastructure costs by packing more workloads onto fewer nodes, I want to define clear resource boundaries and priorities, so that my most critical workloads are never starved of resources by less important services.",Optimize workload placement,full,modules/nodes-cluster-resource-override.adoc,nodes/clusters/nodes-cluster-overcommit.adoc,full,Cluster Resource Override Operator for cluster-wide overcommit ratios,"full: node density (maxPods/podsPerCore, capacity estimation), resource boundaries (requests/limits, limit ranges, overcommit and QoS), priorities (priority classes and preemption), and the HighNodeUtilization bin-packing scheduler profile are all modularized."
Optimize workload placement > Manage resource utilization by adjusting node density,"When I need to minimize infrastructure costs by packing more workloads onto fewer nodes, I want to define clear resource boundaries and priorities, so that my most critical workloads are never starved of resources by less important services.",Optimize workload placement,full,modules/nodes-pods-priority-about.adoc,nodes/pods/nodes-pods-priority.adoc,full,Priority classes so critical workloads are scheduled ahead of less important ones,"full: node density (maxPods/podsPerCore, capacity estimation), resource boundaries (requests/limits, limit ranges, overcommit and QoS), priorities (priority classes and preemption), and the HighNodeUtilization bin-packing scheduler profile are all modularized."
Optimize workload placement > Manage resource utilization by adjusting node density,"When I need to minimize infrastructure costs by packing more workloads onto fewer nodes, I want to define clear resource boundaries and priorities, so that my most critical workloads are never starved of resources by less important services.",Optimize workload placement,full,modules/nodes-pods-priority-preempt-about.adoc,nodes/pods/nodes-pods-priority.adoc,full,Preemption: low-priority pods evicted so critical pods are not starved,"full: node density (maxPods/podsPerCore, capacity estimation), resource boundaries (requests/limits, limit ranges, overcommit and QoS), priorities (priority classes and preemption), and the HighNodeUtilization bin-packing scheduler profile are all modularized."
Optimize workload placement > Manage resource utilization by adjusting node density,"When I need to minimize infrastructure costs by packing more workloads onto fewer nodes, I want to define clear resource boundaries and priorities, so that my most critical workloads are never starved of resources by less important services.",Optimize workload placement,full,modules/nodes-pods-priority-configuring.adoc,nodes/pods/nodes-pods-priority.adoc,full,Procedure to create a priority class and apply it to a pod,"full: node density (maxPods/podsPerCore, capacity estimation), resource boundaries (requests/limits, limit ranges, overcommit and QoS), priorities (priority classes and preemption), and the HighNodeUtilization bin-packing scheduler profile are all modularized."
Optimize workload placement > Manage resource utilization by adjusting node density,"When I need to minimize infrastructure costs by packing more workloads onto fewer nodes, I want to define clear resource boundaries and priorities, so that my most critical workloads are never starved of resources by less important services.",Optimize workload placement,full,modules/nodes-cluster-limit-ranges-about.adoc,nodes/clusters/nodes-cluster-limit-ranges.adoc,full,Limit ranges bound per-pod/per-container resource consumption in a dense node,"full: node density (maxPods/podsPerCore, capacity estimation), resource boundaries (requests/limits, limit ranges, overcommit and QoS), priorities (priority classes and preemption), and the HighNodeUtilization bin-packing scheduler profile are all modularized."
Optimize workload placement > Manage resource utilization by adjusting node density,"When I need to minimize infrastructure costs by packing more workloads onto fewer nodes, I want to define clear resource boundaries and priorities, so that my most critical workloads are never starved of resources by less important services.",Optimize workload placement,full,modules/nodes-cluster-limit-ranges-creating.adoc,nodes/clusters/nodes-cluster-limit-ranges.adoc,full,Procedure to create a limit range,"full: node density (maxPods/podsPerCore, capacity estimation), resource boundaries (requests/limits, limit ranges, overcommit and QoS), priorities (priority classes and preemption), and the HighNodeUtilization bin-packing scheduler profile are all modularized."
Optimize workload placement > Manage resource utilization by adjusting node density,"When I need to minimize infrastructure costs by packing more workloads onto fewer nodes, I want to define clear resource boundaries and priorities, so that my most critical workloads are never starved of resources by less important services.",Optimize workload placement,full,modules/nodes-scheduler-profiles-about.adoc,nodes/scheduling/nodes-scheduler-profiles.adoc,full,HighNodeUtilization profile is the bin-packing lever for packing pods onto fewer nodes,"full: node density (maxPods/podsPerCore, capacity estimation), resource boundaries (requests/limits, limit ranges, overcommit and QoS), priorities (priority classes and preemption), and the HighNodeUtilization bin-packing scheduler profile are all modularized."
Optimize workload placement > Manage resource utilization by adjusting node density,"When I need to minimize infrastructure costs by packing more workloads onto fewer nodes, I want to define clear resource boundaries and priorities, so that my most critical workloads are never starved of resources by less important services.",Optimize workload placement,full,modules/nodes-scheduler-profiles-configuring.adoc,nodes/scheduling/nodes-scheduler-profiles.adoc,full,Procedure to set the HighNodeUtilization scheduler profile,"full: node density (maxPods/podsPerCore, capacity estimation), resource boundaries (requests/limits, limit ranges, overcommit and QoS), priorities (priority classes and preemption), and the HighNodeUtilization bin-packing scheduler profile are all modularized."
Optimize workload placement > Match workloads to specific nodes by using node constraints,"When my applications require specialized hardware or specific environments, I want to target specific nodes for the pods to land, so that the workloads only run on nodes capable of supporting their requirements.",Optimize workload placement,full,modules/nodes-scheduler-node-selectors-about.adoc,nodes/scheduling/nodes-scheduler-node-selectors.adoc,full,"Node selector concepts, the simplest node-constraint mechanism","full: node selectors, node affinity (required and preferred), and taints/tolerations, including dedicating special-hardware nodes, are all modularized."
Optimize workload placement > Match workloads to specific nodes by using node constraints,"When my applications require specialized hardware or specific environments, I want to target specific nodes for the pods to land, so that the workloads only run on nodes capable of supporting their requirements.",Optimize workload placement,full,modules/nodes-scheduler-node-selectors-pod.adoc,nodes/scheduling/nodes-scheduler-node-selectors.adoc,full,Pod-level node selector,"full: node selectors, node affinity (required and preferred), and taints/tolerations, including dedicating special-hardware nodes, are all modularized."
Optimize workload placement > Match workloads to specific nodes by using node constraints,"When my applications require specialized hardware or specific environments, I want to target specific nodes for the pods to land, so that the workloads only run on nodes capable of supporting their requirements.",Optimize workload placement,full,modules/nodes-scheduler-node-selectors-cluster.adoc,nodes/scheduling/nodes-scheduler-node-selectors.adoc,full,Cluster-wide default node selector,"full: node selectors, node affinity (required and preferred), and taints/tolerations, including dedicating special-hardware nodes, are all modularized."
Optimize workload placement > Match workloads to specific nodes by using node constraints,"When my applications require specialized hardware or specific environments, I want to target specific nodes for the pods to land, so that the workloads only run on nodes capable of supporting their requirements.",Optimize workload placement,full,modules/nodes-scheduler-node-selectors-project.adoc,nodes/scheduling/nodes-scheduler-node-selectors.adoc,full,Project-scoped node selector,"full: node selectors, node affinity (required and preferred), and taints/tolerations, including dedicating special-hardware nodes, are all modularized."
Optimize workload placement > Match workloads to specific nodes by using node constraints,"When my applications require specialized hardware or specific environments, I want to target specific nodes for the pods to land, so that the workloads only run on nodes capable of supporting their requirements.",Optimize workload placement,full,modules/nodes-scheduler-node-affinity-about.adoc,nodes/scheduling/nodes-scheduler-node-affinity.adoc,full,"Node affinity concepts, required vs preferred","full: node selectors, node affinity (required and preferred), and taints/tolerations, including dedicating special-hardware nodes, are all modularized."
Optimize workload placement > Match workloads to specific nodes by using node constraints,"When my applications require specialized hardware or specific environments, I want to target specific nodes for the pods to land, so that the workloads only run on nodes capable of supporting their requirements.",Optimize workload placement,full,modules/nodes-scheduler-node-affinity-configuring-required.adoc,nodes/scheduling/nodes-scheduler-node-affinity.adoc,full,requiredDuringSchedulingIgnoredDuringExecution node affinity rule,"full: node selectors, node affinity (required and preferred), and taints/tolerations, including dedicating special-hardware nodes, are all modularized."
Optimize workload placement > Match workloads to specific nodes by using node constraints,"When my applications require specialized hardware or specific environments, I want to target specific nodes for the pods to land, so that the workloads only run on nodes capable of supporting their requirements.",Optimize workload placement,full,modules/nodes-scheduler-node-affinity-configuring-preferred.adoc,nodes/scheduling/nodes-scheduler-node-affinity.adoc,full,preferredDuringSchedulingIgnoredDuringExecution node affinity rule,"full: node selectors, node affinity (required and preferred), and taints/tolerations, including dedicating special-hardware nodes, are all modularized."
Optimize workload placement > Match workloads to specific nodes by using node constraints,"When my applications require specialized hardware or specific environments, I want to target specific nodes for the pods to land, so that the workloads only run on nodes capable of supporting their requirements.",Optimize workload placement,full,modules/nodes-scheduler-node-affinity-example.adoc,nodes/scheduling/nodes-scheduler-node-affinity.adoc,full,"Worked node affinity examples, including specialized hardware labels","full: node selectors, node affinity (required and preferred), and taints/tolerations, including dedicating special-hardware nodes, are all modularized."
Optimize workload placement > Match workloads to specific nodes by using node constraints,"When my applications require specialized hardware or specific environments, I want to target specific nodes for the pods to land, so that the workloads only run on nodes capable of supporting their requirements.",Optimize workload placement,full,modules/olm-overriding-operator-pod-affinity.adoc,nodes/scheduling/nodes-scheduler-node-affinity.adoc,partial,ifeval-dispatch; context branches verified against source assembly :context: (nodes-scheduler-node-affinity is a declared branch); Operator-pod scope only,"full: node selectors, node affinity (required and preferred), and taints/tolerations, including dedicating special-hardware nodes, are all modularized."
Optimize workload placement > Match workloads to specific nodes by using node constraints,"When my applications require specialized hardware or specific environments, I want to target specific nodes for the pods to land, so that the workloads only run on nodes capable of supporting their requirements.",Optimize workload placement,full,modules/nodes-scheduler-taints-tolerations-about.adoc,nodes/scheduling/nodes-scheduler-taints-tolerations.adoc,full,ifeval-dispatch; context branches verified against source assembly :context: (nodes-scheduler-taints-tolerations is a declared branch); taint effects and toleration matching,"full: node selectors, node affinity (required and preferred), and taints/tolerations, including dedicating special-hardware nodes, are all modularized."
Optimize workload placement > Match workloads to specific nodes by using node constraints,"When my applications require specialized hardware or specific environments, I want to target specific nodes for the pods to land, so that the workloads only run on nodes capable of supporting their requirements.",Optimize workload placement,full,modules/nodes-scheduler-taints-tolerations-adding.adoc,nodes/scheduling/nodes-scheduler-taints-tolerations.adoc,full,Add a taint to a node and a toleration to a pod,"full: node selectors, node affinity (required and preferred), and taints/tolerations, including dedicating special-hardware nodes, are all modularized."
Optimize workload placement > Match workloads to specific nodes by using node constraints,"When my applications require specialized hardware or specific environments, I want to target specific nodes for the pods to land, so that the workloads only run on nodes capable of supporting their requirements.",Optimize workload placement,full,modules/nodes-scheduler-taints-tolerations-adding-machineset.adoc,nodes/scheduling/nodes-scheduler-taints-tolerations.adoc,full,Add taints through a compute machine set so new nodes inherit them,"full: node selectors, node affinity (required and preferred), and taints/tolerations, including dedicating special-hardware nodes, are all modularized."
Optimize workload placement > Match workloads to specific nodes by using node constraints,"When my applications require specialized hardware or specific environments, I want to target specific nodes for the pods to land, so that the workloads only run on nodes capable of supporting their requirements.",Optimize workload placement,full,modules/nodes-scheduler-taints-tolerations-binding.adoc,nodes/scheduling/nodes-scheduler-taints-tolerations.adoc,full,"Bind a user to a node by combining taints, tolerations and node selectors","full: node selectors, node affinity (required and preferred), and taints/tolerations, including dedicating special-hardware nodes, are all modularized."
Optimize workload placement > Match workloads to specific nodes by using node constraints,"When my applications require specialized hardware or specific environments, I want to target specific nodes for the pods to land, so that the workloads only run on nodes capable of supporting their requirements.",Optimize workload placement,full,modules/nodes-scheduler-taints-tolerations-projects.adoc,nodes/scheduling/nodes-scheduler-taints-tolerations.adoc,full,Project-level tolerations,"full: node selectors, node affinity (required and preferred), and taints/tolerations, including dedicating special-hardware nodes, are all modularized."
Optimize workload placement > Match workloads to specific nodes by using node constraints,"When my applications require specialized hardware or specific environments, I want to target specific nodes for the pods to land, so that the workloads only run on nodes capable of supporting their requirements.",Optimize workload placement,full,modules/nodes-scheduler-taints-tolerations-special.adoc,nodes/scheduling/nodes-scheduler-taints-tolerations.adoc,full,Dedicating nodes with special hardware to specific workloads,"full: node selectors, node affinity (required and preferred), and taints/tolerations, including dedicating special-hardware nodes, are all modularized."
Optimize workload placement > Match workloads to specific nodes by using node constraints,"When my applications require specialized hardware or specific environments, I want to target specific nodes for the pods to land, so that the workloads only run on nodes capable of supporting their requirements.",Optimize workload placement,full,modules/nodes-scheduler-taints-tolerations-removing.adoc,nodes/scheduling/nodes-scheduler-taints-tolerations.adoc,full,Remove taints and tolerations,"full: node selectors, node affinity (required and preferred), and taints/tolerations, including dedicating special-hardware nodes, are all modularized."
Optimize workload placement > Maintain cluster balance by rescheduling pods,"When my cluster's resource distribution has become uneven over time, I want to automatically redistribute pods, so that nodes aren't utilized unevenly.",Optimize workload placement,full,modules/nodes-descheduler-about.adoc,nodes/scheduling/descheduler/index.adoc,full,What the descheduler does and eviction preconditions,"full: descheduler concepts, profiles, install, profile and interval configuration, and uninstall are all modularized."
Optimize workload placement > Maintain cluster balance by rescheduling pods,"When my cluster's resource distribution has become uneven over time, I want to automatically redistribute pods, so that nodes aren't utilized unevenly.",Optimize workload placement,full,modules/nodes-descheduler-profiles.adoc,nodes/scheduling/descheduler/index.adoc,full,ifeval-dispatch; context branches verified against source assembly :context: (nodes-descheduler-about is a declared branch); profiles including LifecycleAndUtilization and HighNodeUtilization for rebalancing,"full: descheduler concepts, profiles, install, profile and interval configuration, and uninstall are all modularized."
Optimize workload placement > Maintain cluster balance by rescheduling pods,"When my cluster's resource distribution has become uneven over time, I want to automatically redistribute pods, so that nodes aren't utilized unevenly.",Optimize workload placement,full,modules/nodes-descheduler-installing.adoc,nodes/scheduling/descheduler/nodes-descheduler-configuring.adoc,full,ifeval-dispatch; context branches verified against source assembly :context: (nodes-descheduler-configuring is a declared branch); installs the Kube Descheduler Operator,"full: descheduler concepts, profiles, install, profile and interval configuration, and uninstall are all modularized."
Optimize workload placement > Maintain cluster balance by rescheduling pods,"When my cluster's resource distribution has become uneven over time, I want to automatically redistribute pods, so that nodes aren't utilized unevenly.",Optimize workload placement,full,modules/nodes-descheduler-configuring-profiles.adoc,nodes/scheduling/descheduler/nodes-descheduler-configuring.adoc,full,Enable the descheduler profiles that drive redistribution,"full: descheduler concepts, profiles, install, profile and interval configuration, and uninstall are all modularized."
Optimize workload placement > Maintain cluster balance by rescheduling pods,"When my cluster's resource distribution has become uneven over time, I want to automatically redistribute pods, so that nodes aren't utilized unevenly.",Optimize workload placement,full,modules/nodes-descheduler-configuring-interval.adoc,nodes/scheduling/descheduler/nodes-descheduler-configuring.adoc,full,Set how often the descheduler runs,"full: descheduler concepts, profiles, install, profile and interval configuration, and uninstall are all modularized."
Optimize workload placement > Maintain cluster balance by rescheduling pods,"When my cluster's resource distribution has become uneven over time, I want to automatically redistribute pods, so that nodes aren't utilized unevenly.",Optimize workload placement,full,modules/nodes-descheduler-uninstalling.adoc,nodes/scheduling/descheduler/nodes-descheduler-uninstalling.adoc,full,Remove the descheduler,"full: descheduler concepts, profiles, install, profile and interval configuration, and uninstall are all modularized."
Optimize workload placement > Extend scheduling behavior with a secondary scheduler,"When my application requires complex placement logic that the default scheduling framework doesn't support, I want to deploy a secondary scheduler, so that I can execute custom scheduling logic for specialized workloads.",Optimize workload placement,partial,modules/nodes-secondary-scheduler-about.adoc,nodes/scheduling/secondary_scheduler/index.adoc,full,What the Secondary Scheduler Operator is and its supported scope,"partial: every secondary scheduler install, configure, and uninstall procedure is documented for the web console only, with no CLI or manifest-based path. There is also no module on authoring or supplying custom scheduler plugins/profiles, which is the actual 'complex placement logic the default framework doesn't support' in the job statement."
Optimize workload placement > Extend scheduling behavior with a secondary scheduler,"When my application requires complex placement logic that the default scheduling framework doesn't support, I want to deploy a secondary scheduler, so that I can execute custom scheduling logic for specialized workloads.",Optimize workload placement,partial,modules/nodes-secondary-scheduler-install-console.adoc,nodes/scheduling/secondary_scheduler/nodes-secondary-scheduler-configuring.adoc,partial,Install procedure is web-console only; no CLI/OLM manifest path documented,"partial: every secondary scheduler install, configure, and uninstall procedure is documented for the web console only, with no CLI or manifest-based path. There is also no module on authoring or supplying custom scheduler plugins/profiles, which is the actual 'complex placement logic the default framework doesn't support' in the job statement."
Optimize workload placement > Extend scheduling behavior with a secondary scheduler,"When my application requires complex placement logic that the default scheduling framework doesn't support, I want to deploy a secondary scheduler, so that I can execute custom scheduling logic for specialized workloads.",Optimize workload placement,partial,modules/nodes-secondary-scheduler-configuring-console.adoc,nodes/scheduling/secondary_scheduler/nodes-secondary-scheduler-configuring.adoc,partial,Configures the SecondaryScheduler CR through the web console only,"partial: every secondary scheduler install, configure, and uninstall procedure is documented for the web console only, with no CLI or manifest-based path. There is also no module on authoring or supplying custom scheduler plugins/profiles, which is the actual 'complex placement logic the default framework doesn't support' in the job statement."
Optimize workload placement > Extend scheduling behavior with a secondary scheduler,"When my application requires complex placement logic that the default scheduling framework doesn't support, I want to deploy a secondary scheduler, so that I can execute custom scheduling logic for specialized workloads.",Optimize workload placement,partial,modules/nodes-secondary-scheduler-pod-console.adoc,nodes/scheduling/secondary_scheduler/nodes-secondary-scheduler-configuring.adoc,full,Deploy a pod that names the secondary scheduler in schedulerName,"partial: every secondary scheduler install, configure, and uninstall procedure is documented for the web console only, with no CLI or manifest-based path. There is also no module on authoring or supplying custom scheduler plugins/profiles, which is the actual 'complex placement logic the default framework doesn't support' in the job statement."
Optimize workload placement > Extend scheduling behavior with a secondary scheduler,"When my application requires complex placement logic that the default scheduling framework doesn't support, I want to deploy a secondary scheduler, so that I can execute custom scheduling logic for specialized workloads.",Optimize workload placement,partial,modules/nodes-secondary-scheduler-uninstall-console.adoc,nodes/scheduling/secondary_scheduler/nodes-secondary-scheduler-uninstalling.adoc,partial,Uninstall through the web console only,"partial: every secondary scheduler install, configure, and uninstall procedure is documented for the web console only, with no CLI or manifest-based path. There is also no module on authoring or supplying custom scheduler plugins/profiles, which is the actual 'complex placement logic the default framework doesn't support' in the job statement."
Optimize workload placement > Extend scheduling behavior with a secondary scheduler,"When my application requires complex placement logic that the default scheduling framework doesn't support, I want to deploy a secondary scheduler, so that I can execute custom scheduling logic for specialized workloads.",Optimize workload placement,partial,modules/nodes-secondary-scheduler-remove-resources-console.adoc,nodes/scheduling/secondary_scheduler/nodes-secondary-scheduler-uninstalling.adoc,full,Clean up leftover secondary scheduler resources,"partial: every secondary scheduler install, configure, and uninstall procedure is documented for the web console only, with no CLI or manifest-based path. There is also no module on authoring or supplying custom scheduler plugins/profiles, which is the actual 'complex placement logic the default framework doesn't support' in the job statement."
Optimize etcd performance,"When my cluster experiences high network latency or missed heartbeats, I want to set etcd tuning parameters like hardware speed tolerance, so I can reduce disruptive leader elections and optimize cluster stability.",,full,modules/etcd-tuning-parameters.adoc,etcd/etcd-performance.adoc,full,PROCEDURE: set hardware speed tolerance (HardwareSpeed) via the etcd CR - primary module,
Optimize etcd performance,"When my cluster experiences high network latency or missed heartbeats, I want to set etcd tuning parameters like hardware speed tolerance, so I can reduce disruptive leader elections and optimize cluster stability.",,full,modules/etcd-timer-tunables.adoc,etcd/etcd-performance.adoc,full,CONCEPT: heartbeat interval / election timeout values behind each hardware speed profile,
Optimize etcd performance,"When my cluster experiences high network latency or missed heartbeats, I want to set etcd tuning parameters like hardware speed tolerance, so I can reduce disruptive leader elections and optimize cluster stability.",,full,modules/etcd-network-latency-jitter.adoc,etcd/etcd-performance.adoc,full,PROCEDURE: measure jitter between control plane nodes to decide whether to tune,
Optimize etcd performance,"When my cluster experiences high network latency or missed heartbeats, I want to set etcd tuning parameters like hardware speed tolerance, so I can reduce disruptive leader elections and optimize cluster stability.",,full,modules/etcd-consensus-latency.adoc,etcd/etcd-performance.adoc,full,PROCEDURE: monitor consensus latency to confirm the tuning helped,
Optimize etcd performance,"When my cluster experiences high network latency or missed heartbeats, I want to set etcd tuning parameters like hardware speed tolerance, so I can reduce disruptive leader elections and optimize cluster stability.",,full,modules/move-etcd-different-disk.adoc,etcd/etcd-performance.adoc,full,PROCEDURE: move etcd to a separate disk - the other main performance remediation,
Optimize etcd performance,"When my cluster experiences high network latency or missed heartbeats, I want to set etcd tuning parameters like hardware speed tolerance, so I can reduce disruptive leader elections and optimize cluster stability.",,full,modules/etcd-determine-kube-api-transaction-rate.adoc,etcd/etcd-performance.adoc,full,PROCEDURE: size the workload driving etcd,
Map configuration sources with projected volumes,"When my applications need access to multiple config sources, I want to map those sources to a single projected volume so that I save time and effort accessing a centralized, secure source of data.",,full,modules/nodes-containers-projected-volumes-about.adoc,nodes/containers/nodes-containers-projected-volumes.adoc,full,"concept: secret, config map, and downward API sources, path collisions, permissions","Fully covered by nodes/containers/nodes-containers-projected-volumes.adoc: the concept module explains the secret, config map, and downward API volume sources plus path collisions and permissions, and the procedure module covers creating a pod with a projected volume."
Map configuration sources with projected volumes,"When my applications need access to multiple config sources, I want to map those sources to a single projected volume so that I save time and effort accessing a centralized, secure source of data.",,full,modules/nodes-containers-projected-volumes-creating.adoc,nodes/containers/nodes-containers-projected-volumes.adoc,full,procedure: configure a pod with a projected volume,"Fully covered by nodes/containers/nodes-containers-projected-volumes.adoc: the concept module explains the secret, config map, and downward API volume sources plus path collisions and permissions, and the procedure module covers creating a pod with a projected volume."
Control the level of overcommitted pods,"When I want to guarantee high performance in a development environment, I want to use the ClusterResourceOperator to overcommit pods to nodes so that I don’t underuse resources when it matters.",,full,modules/nodes-cluster-overcommit-about.adoc,nodes/scheduling/nodes-scheduler-overcommit.adoc,full,overcommitment overview,
Control the level of overcommitted pods,"When I want to guarantee high performance in a development environment, I want to use the ClusterResourceOperator to overcommit pods to nodes so that I don’t underuse resources when it matters.",,full,modules/nodes-cluster-overcommit-resource-requests.adoc,nodes/clusters/nodes-cluster-overcommit.adoc,full,requests and overcommitment,
Control the level of overcommitted pods,"When I want to guarantee high performance in a development environment, I want to use the ClusterResourceOperator to overcommit pods to nodes so that I don’t underuse resources when it matters.",,full,modules/nodes-cluster-resource-override.adoc,nodes/clusters/nodes-cluster-overcommit.adoc,full,Cluster Resource Override Operator concept,
Control the level of overcommitted pods,"When I want to guarantee high performance in a development environment, I want to use the ClusterResourceOperator to overcommit pods to nodes so that I don’t underuse resources when it matters.",,full,modules/nodes-cluster-resource-override-deploy-console.adoc,nodes/clusters/nodes-cluster-overcommit.adoc,full,install the Operator from the web console,
Control the level of overcommitted pods,"When I want to guarantee high performance in a development environment, I want to use the ClusterResourceOperator to overcommit pods to nodes so that I don’t underuse resources when it matters.",,full,modules/nodes-cluster-resource-override-deploy-cli.adoc,nodes/clusters/nodes-cluster-overcommit.adoc,full,install the Operator from the CLI,
Control the level of overcommitted pods,"When I want to guarantee high performance in a development environment, I want to use the ClusterResourceOperator to overcommit pods to nodes so that I don’t underuse resources when it matters.",,full,modules/nodes-cluster-resource-configure.adoc,nodes/clusters/nodes-cluster-overcommit.adoc,full,configure per-project overcommit with the Operator,
Control the level of overcommitted pods,"When I want to guarantee high performance in a development environment, I want to use the ClusterResourceOperator to overcommit pods to nodes so that I don’t underuse resources when it matters.",,full,modules/nodes-cluster-resource-override-move-infra.adoc,nodes/clusters/nodes-cluster-overcommit.adoc,full,move the Operator to infra nodes; ifeval-dispatch (context MATCHES a branch),
Control the level of overcommitted pods,"When I want to guarantee high performance in a development environment, I want to use the ClusterResourceOperator to overcommit pods to nodes so that I don’t underuse resources when it matters.",,full,modules/nodes-cluster-node-overcommit.adoc,nodes/clusters/nodes-cluster-overcommit.adoc,full,node-level overcommit,
Control the level of overcommitted pods,"When I want to guarantee high performance in a development environment, I want to use the ClusterResourceOperator to overcommit pods to nodes so that I don’t underuse resources when it matters.",,full,modules/nodes-cluster-overcommit-resources-containers.adoc,nodes/clusters/nodes-cluster-overcommit.adoc,full,compute resources on containers,
Control the level of overcommitted pods,"When I want to guarantee high performance in a development environment, I want to use the ClusterResourceOperator to overcommit pods to nodes so that I don’t underuse resources when it matters.",,full,modules/nodes-cluster-overcommit-qos-about.adoc,nodes/clusters/nodes-cluster-overcommit.adoc,full,QoS classes and eviction order,
Control the level of overcommitted pods,"When I want to guarantee high performance in a development environment, I want to use the ClusterResourceOperator to overcommit pods to nodes so that I don’t underuse resources when it matters.",,full,modules/nodes-qos-about-swap.adoc,nodes/clusters/nodes-cluster-overcommit.adoc,full,swap memory and QoS,
Control the level of overcommitted pods,"When I want to guarantee high performance in a development environment, I want to use the ClusterResourceOperator to overcommit pods to nodes so that I don’t underuse resources when it matters.",,full,modules/nodes-cluster-overcommit-configure-nodes.adoc,nodes/clusters/nodes-cluster-overcommit.adoc,full,configure nodes for overcommit,
Control the level of overcommitted pods,"When I want to guarantee high performance in a development environment, I want to use the ClusterResourceOperator to overcommit pods to nodes so that I don’t underuse resources when it matters.",,full,modules/nodes-cluster-overcommit-node-enforcing.adoc,nodes/clusters/nodes-cluster-overcommit.adoc,full,enforcing CPU limits,
Control the level of overcommitted pods,"When I want to guarantee high performance in a development environment, I want to use the ClusterResourceOperator to overcommit pods to nodes so that I don’t underuse resources when it matters.",,full,modules/nodes-cluster-overcommit-node-resources.adoc,nodes/clusters/nodes-cluster-overcommit.adoc,full,reserving resources for system processes,
Control the level of overcommitted pods,"When I want to guarantee high performance in a development environment, I want to use the ClusterResourceOperator to overcommit pods to nodes so that I don’t underuse resources when it matters.",,full,modules/nodes-cluster-overcommit-node-disable.adoc,nodes/clusters/nodes-cluster-overcommit.adoc,full,disable overcommitment on a node,
Control the level of overcommitted pods,"When I want to guarantee high performance in a development environment, I want to use the ClusterResourceOperator to overcommit pods to nodes so that I don’t underuse resources when it matters.",,full,modules/nodes-cluster-project-overcommit.adoc,nodes/clusters/nodes-cluster-overcommit.adoc,full,project-level overcommit,
Control the level of overcommitted pods,"When I want to guarantee high performance in a development environment, I want to use the ClusterResourceOperator to overcommit pods to nodes so that I don’t underuse resources when it matters.",,full,modules/nodes-cluster-overcommit-project-disable.adoc,nodes/clusters/nodes-cluster-overcommit.adoc,full,disable overcommitment for a project,
Configure parallel configuration image pulls,"When I need to control bandwidth issues, I want to reduce workload start time by adjusting the maximum number of images that can be pulled simultaneously in parallel.",,full,modules/nodes-nodes-parallel-container-pulls-about.adoc,nodes/nodes/nodes-nodes-managing.adoc,full,"Concept: serialized vs parallel pulls, bandwidth trade-off, maxParallelImagePulls.",Both the concept and the KubeletConfig procedure for maxParallelImagePulls are documented.
Configure parallel configuration image pulls,"When I need to control bandwidth issues, I want to reduce workload start time by adjusting the maximum number of images that can be pulled simultaneously in parallel.",,full,modules/nodes-nodes-parallel-container-pulls-configure.adoc,nodes/nodes/nodes-nodes-managing.adoc,full,"Procedure: KubeletConfig CR setting maxParallelImagePulls, requires serializeImagePulls=false.",Both the concept and the KubeletConfig procedure for maxParallelImagePulls are documented.
Customize kernel behavior,"When application performance or security requirements exceed the default OS parameters, I want to declaratively apply tuned kernel arguments and sysctl settings across specific node pools, so that I can optimize workload throughput and hardware utilization while maintaining a predictable, reproducible node state.",,full,modules/nodes-nodes-kernel-arguments.adoc,machine_configuration/machine-configs-configure.adoc,full,adding kernel arguments to nodes by MachineConfig,
Customize kernel behavior,"When application performance or security requirements exceed the default OS parameters, I want to declaratively apply tuned kernel arguments and sysctl settings across specific node pools, so that I can optimize workload throughput and hardware utilization while maintaining a predictable, reproducible node state.",,full,modules/nodes-nodes-rtkernel-arguments.adoc,machine_configuration/machine-configs-configure.adoc,full,switching a machine config pool to the real-time kernel,
Customize kernel behavior,"When application performance or security requirements exceed the default OS parameters, I want to declaratively apply tuned kernel arguments and sysctl settings across specific node pools, so that I can optimize workload throughput and hardware utilization while maintaining a predictable, reproducible node state.",,full,modules/rhcos-add-extensions.adoc,machine_configuration/machine-configs-configure.adoc,full,RHCOS extensions incl. kernel-devel / kernel modules,
Customize kernel behavior,"When application performance or security requirements exceed the default OS parameters, I want to declaratively apply tuned kernel arguments and sysctl settings across specific node pools, so that I can optimize workload throughput and hardware utilization while maintaining a predictable, reproducible node state.",,full,modules/rhcos-load-firmware-blobs.adoc,machine_configuration/machine-configs-configure.adoc,partial,firmware blobs only; no sysctl or kernel argument guidance,
Customize kernel behavior,"When application performance or security requirements exceed the default OS parameters, I want to declaratively apply tuned kernel arguments and sysctl settings across specific node pools, so that I can optimize workload throughput and hardware utilization while maintaining a predictable, reproducible node state.",,full,modules/machineconfig-modify-journald.adoc,machine_configuration/machine-configs-configure.adoc,partial,"OS-level setting delivered the same way, but not kernel tuning",
Customize kernel behavior,"When application performance or security requirements exceed the default OS parameters, I want to declaratively apply tuned kernel arguments and sysctl settings across specific node pools, so that I can optimize workload throughput and hardware utilization while maintaining a predictable, reproducible node state.",,full,modules/machine-config-install-time-configs.adoc,machine_configuration/machine-configs-configure.adoc,partial,which kernel customizations must be applied at install time,
Customize kernel behavior,"When application performance or security requirements exceed the default OS parameters, I want to declaratively apply tuned kernel arguments and sysctl settings across specific node pools, so that I can optimize workload throughput and hardware utilization while maintaining a predictable, reproducible node state.",,full,modules/custom-tuning-specification.adoc,scalability_and_performance/using-node-tuning-operator.adoc,full,"declarative sysctl and kernel tuning through TuneD profiles, matched to node pools",
Customize kernel behavior,"When application performance or security requirements exceed the default OS parameters, I want to declaratively apply tuned kernel arguments and sysctl settings across specific node pools, so that I can optimize workload throughput and hardware utilization while maintaining a predictable, reproducible node state.",,full,modules/node-tuning-operator-supported-tuned-daemon-plug-ins.adoc,scalability_and_performance/using-node-tuning-operator.adoc,full,sysctl plug-in reference,
Customize kernel behavior,"When application performance or security requirements exceed the default OS parameters, I want to declaratively apply tuned kernel arguments and sysctl settings across specific node pools, so that I can optimize workload throughput and hardware utilization while maintaining a predictable, reproducible node state.",,full,modules/understanding-machine-config-operator.adoc,machine_configuration/index.adoc,partial,conceptual background for reproducible node state,
Customize kernel behavior,"When application performance or security requirements exceed the default OS parameters, I want to declaratively apply tuned kernel arguments and sysctl settings across specific node pools, so that I can optimize workload throughput and hardware utilization while maintaining a predictable, reproducible node state.",,full,modules/machine-config-overview.adoc,machine_configuration/index.adoc,partial,,
Customize kernel behavior,"When application performance or security requirements exceed the default OS parameters, I want to declaratively apply tuned kernel arguments and sysctl settings across specific node pools, so that I can optimize workload throughput and hardware utilization while maintaining a predictable, reproducible node state.",,full,modules/architecture-machine-config-pools.adoc,machine_configuration/index.adoc,full,node pools that kernel customizations are targeted at,
Customize kernel behavior,"When application performance or security requirements exceed the default OS parameters, I want to declaratively apply tuned kernel arguments and sysctl settings across specific node pools, so that I can optimize workload throughput and hardware utilization while maintaining a predictable, reproducible node state.",,full,modules/machine-config-drift-detection.adoc,machine_configuration/index.adoc,full,keeps the node state predictable and reproducible,
Customize kernel behavior,"When application performance or security requirements exceed the default OS parameters, I want to declaratively apply tuned kernel arguments and sysctl settings across specific node pools, so that I can optimize workload throughput and hardware utilization while maintaining a predictable, reproducible node state.",,full,modules/machine-config-node-drain.adoc,machine_configuration/index.adoc,partial,,
Customize kernel behavior,"When application performance or security requirements exceed the default OS parameters, I want to declaratively apply tuned kernel arguments and sysctl settings across specific node pools, so that I can optimize workload throughput and hardware utilization while maintaining a predictable, reproducible node state.",,full,modules/machine-config-custom-mcp-automatic.adoc,machine_configuration/machine-config-custom-mcp.adoc,full,creating the custom node pool to scope the kernel change to,
Customize kernel behavior,"When application performance or security requirements exceed the default OS parameters, I want to declaratively apply tuned kernel arguments and sysctl settings across specific node pools, so that I can optimize workload throughput and hardware utilization while maintaining a predictable, reproducible node state.",,full,modules/machine-config-custom-mcp-existing.adoc,machine_configuration/machine-config-custom-mcp.adoc,full,,
Customize kernel behavior,"When application performance or security requirements exceed the default OS parameters, I want to declaratively apply tuned kernel arguments and sysctl settings across specific node pools, so that I can optimize workload throughput and hardware utilization while maintaining a predictable, reproducible node state.",,full,modules/create-a-kubeletconfig-crd-to-edit-kubelet-parameters.adoc,machine_configuration/machine-configs-custom.adoc,full,kubelet-level node parameters per machine config pool,
Customize kernel behavior,"When application performance or security requirements exceed the default OS parameters, I want to declaratively apply tuned kernel arguments and sysctl settings across specific node pools, so that I can optimize workload throughput and hardware utilization while maintaining a predictable, reproducible node state.",,full,modules/machine-config-node-disruption-config.adoc,machine_configuration/machine-config-node-disruption.adoc,full,limits reboot disruption when applying kernel changes,
Customize kernel behavior,"When application performance or security requirements exceed the default OS parameters, I want to declaratively apply tuned kernel arguments and sysctl settings across specific node pools, so that I can optimize workload throughput and hardware utilization while maintaining a predictable, reproducible node state.",,full,modules/machine-config-node-disruption-example.adoc,machine_configuration/machine-config-node-disruption.adoc,full,,
Customize kernel behavior,"When application performance or security requirements exceed the default OS parameters, I want to declaratively apply tuned kernel arguments and sysctl settings across specific node pools, so that I can optimize workload throughput and hardware utilization while maintaining a predictable, reproducible node state.",,full,modules/configuring-kernal-page-size.adoc,scalability_and_performance/cnf-tuning-low-latency-nodes-with-perf-profile.adoc,full,64k kernel page size on aarch64,
Customize kernel behavior,"When application performance or security requirements exceed the default OS parameters, I want to declaratively apply tuned kernel arguments and sysctl settings across specific node pools, so that I can optimize workload throughput and hardware utilization while maintaining a predictable, reproducible node state.",,full,modules/ztp-recommended-cluster-kernel-config.adoc,edge_computing/ztp-vdu-validating-cluster-tuning.adoc,full,reference kernel argument set for vDU nodes,
Customize kernel behavior,"When application performance or security requirements exceed the default OS parameters, I want to declaratively apply tuned kernel arguments and sysctl settings across specific node pools, so that I can optimize workload throughput and hardware utilization while maintaining a predictable, reproducible node state.",,full,modules/ztp-checking-kernel-rt-in-cluster.adoc,edge_computing/ztp-vdu-validating-cluster-tuning.adoc,full,verifying the real-time kernel is in use,
Customize kernel behavior,"When application performance or security requirements exceed the default OS parameters, I want to declaratively apply tuned kernel arguments and sysctl settings across specific node pools, so that I can optimize workload throughput and hardware utilization while maintaining a predictable, reproducible node state.",,full,modules/ztp-recommended-cluster-mc-crs.adoc,edge_computing/ztp-vdu-validating-cluster-tuning.adoc,partial,"reference MachineConfig CRs, several of which carry kernel settings",
Improve cluster stability in high latency environments,"When OpenShift clusters run in a high-latency environment, I want to adjust the frequency that the kubelet and and Kubernetes Controller Manager wait for status updates so that the cluster can remain stable when latency is otherwise high.",,full,modules/nodes-cluster-worker-latency-profiles-about.adoc,scalability_and_performance/scaling-worker-latency-profiles.adoc,full,"concept: Default, MediumUpdateAverageReaction, and LowUpdateSlowReaction profiles","Fully covered. scalability_and_performance/scaling-worker-latency-profiles.adoc is the primary home (concept, applying at cluster creation, applying to an existing cluster, verifying the resulting kubelet and Kubernetes Controller Manager timings). The same modules are reused by nodes/clusters/nodes-cluster-worker-latency-profiles.adoc and by the postinstallation cluster tasks assembly."
Improve cluster stability in high latency environments,"When OpenShift clusters run in a high-latency environment, I want to adjust the frequency that the kubelet and and Kubernetes Controller Manager wait for status updates so that the cluster can remain stable when latency is otherwise high.",,full,modules/nodes-cluster-worker-latency-profiles-using-at-creation.adoc,scalability_and_performance/scaling-worker-latency-profiles.adoc,full,procedure: set a worker latency profile at cluster creation,"Fully covered. scalability_and_performance/scaling-worker-latency-profiles.adoc is the primary home (concept, applying at cluster creation, applying to an existing cluster, verifying the resulting kubelet and Kubernetes Controller Manager timings). The same modules are reused by nodes/clusters/nodes-cluster-worker-latency-profiles.adoc and by the postinstallation cluster tasks assembly."
Improve cluster stability in high latency environments,"When OpenShift clusters run in a high-latency environment, I want to adjust the frequency that the kubelet and and Kubernetes Controller Manager wait for status updates so that the cluster can remain stable when latency is otherwise high.",,full,modules/nodes-cluster-worker-latency-profiles-using.adoc,scalability_and_performance/scaling-worker-latency-profiles.adoc,full,procedure: set a worker latency profile on an existing cluster,"Fully covered. scalability_and_performance/scaling-worker-latency-profiles.adoc is the primary home (concept, applying at cluster creation, applying to an existing cluster, verifying the resulting kubelet and Kubernetes Controller Manager timings). The same modules are reused by nodes/clusters/nodes-cluster-worker-latency-profiles.adoc and by the postinstallation cluster tasks assembly."
Improve cluster stability in high latency environments,"When OpenShift clusters run in a high-latency environment, I want to adjust the frequency that the kubelet and and Kubernetes Controller Manager wait for status updates so that the cluster can remain stable when latency is otherwise high.",,full,modules/nodes-cluster-worker-latency-profiles-examining.adoc,scalability_and_performance/scaling-worker-latency-profiles.adoc,full,procedure: verify the resulting kubelet and Kubernetes Controller Manager timings,"Fully covered. scalability_and_performance/scaling-worker-latency-profiles.adoc is the primary home (concept, applying at cluster creation, applying to an existing cluster, verifying the resulting kubelet and Kubernetes Controller Manager timings). The same modules are reused by nodes/clusters/nodes-cluster-worker-latency-profiles.adoc and by the postinstallation cluster tasks assembly."
Improve cluster stability in high latency environments,"When OpenShift clusters run in a high-latency environment, I want to adjust the frequency that the kubelet and and Kubernetes Controller Manager wait for status updates so that the cluster can remain stable when latency is otherwise high.",,full,modules/post-install-worker-latency-profiles.adoc,post_installation_configuration/cluster-tasks.adoc,full,postinstallation entry point that reuses the same worker latency profile modules,"Fully covered. scalability_and_performance/scaling-worker-latency-profiles.adoc is the primary home (concept, applying at cluster creation, applying to an existing cluster, verifying the resulting kubelet and Kubernetes Controller Manager timings). The same modules are reused by nodes/clusters/nodes-cluster-worker-latency-profiles.adoc and by the postinstallation cluster tasks assembly."
Enable faster container builds,"When my containers build slowly, I want to use the /dev/fuse device so that I enable faster and more efficient container builds",,full,modules/nodes-containers-dev-fuse-configuring.adoc,nodes/containers/nodes-containers-dev-fuse.adoc,full,Procedure: configure /dev/fuse for unprivileged builds in pods (Podman/Buildah overlay mounts).,The /dev/fuse device configuration for unprivileged in-pod builds is fully documented in a single procedure module under a dedicated assembly.
Run Once Duration Override Operator,"When I want to use run-once pods for simple tasks like deploying another pod, I need to force a limit on those run-once pods to save resources instead of waiting for the pod to fail with the Run Once Duration Override Operator.",,full,modules/rodoo-about.adoc,nodes/pods/run_once_duration_override/index.adoc,full,Run Once Duration Override Operator overview,
Run Once Duration Override Operator,"When I want to use run-once pods for simple tasks like deploying another pod, I need to force a limit on those run-once pods to save resources instead of waiting for the pod to fail with the Run Once Duration Override Operator.",,full,modules/rodoo-install-operator.adoc,nodes/pods/run_once_duration_override/run-once-duration-override-install.adoc,full,install the Operator,
Run Once Duration Override Operator,"When I want to use run-once pods for simple tasks like deploying another pod, I need to force a limit on those run-once pods to save resources instead of waiting for the pod to fail with the Run Once Duration Override Operator.",,full,modules/rodoo-enable-override.adoc,nodes/pods/run_once_duration_override/run-once-duration-override-install.adoc,full,enable the override on a namespace,
Run Once Duration Override Operator,"When I want to use run-once pods for simple tasks like deploying another pod, I need to force a limit on those run-once pods to save resources instead of waiting for the pod to fail with the Run Once Duration Override Operator.",,full,modules/rodoo-update-active-deadline-seconds.adoc,nodes/pods/run_once_duration_override/run-once-duration-override-install.adoc,full,update activeDeadlineSeconds,
Run Once Duration Override Operator,"When I want to use run-once pods for simple tasks like deploying another pod, I need to force a limit on those run-once pods to save resources instead of waiting for the pod to fail with the Run Once Duration Override Operator.",,full,modules/rodoo-uninstall-operator.adoc,nodes/pods/run_once_duration_override/run-once-duration-override-uninstall.adoc,full,uninstall the Operator,
Run Once Duration Override Operator,"When I want to use run-once pods for simple tasks like deploying another pod, I need to force a limit on those run-once pods to save resources instead of waiting for the pod to fail with the Run Once Duration Override Operator.",,full,modules/rodoo-uninstall-resources.adoc,nodes/pods/run_once_duration_override/run-once-duration-override-uninstall.adoc,full,remove leftover resources,
Run Once Duration Override Operator,"When I want to use run-once pods for simple tasks like deploying another pod, I need to force a limit on those run-once pods to save resources instead of waiting for the pod to fail with the Run Once Duration Override Operator.",,full,modules/rodoo-rn-1-4-1.adoc,nodes/pods/run_once_duration_override/run-once-duration-override-release-notes.adoc,full,release notes,
Run Once Duration Override Operator,"When I want to use run-once pods for simple tasks like deploying another pod, I need to force a limit on those run-once pods to save resources instead of waiting for the pod to fail with the Run Once Duration Override Operator.",,full,modules/rodoo-rn-1-4-0.adoc,nodes/pods/run_once_duration_override/run-once-duration-override-release-notes.adoc,full,release notes,
Machine configuration for hosted control planes,"When I need to customize my compute nodes, I want to apply tuning and configurations (like Kubelet config and NTP servers), so I can optimize worker nodes for my specific applications.",,full,modules/configuring-node-pools-for-hcp.adoc,hosted_control_planes/hcp-machine-config.adoc,full,MachineConfig/KubeletConfig through node pools,
Machine configuration for hosted control planes,"When I need to customize my compute nodes, I want to apply tuning and configurations (like Kubelet config and NTP servers), so I can optimize worker nodes for my specific applications.",,full,modules/hcp-kubeconf-nodepool.adoc,hosted_control_planes/hcp-machine-config.adoc,full,KubeletConfig in a node pool,
Machine configuration for hosted control planes,"When I need to customize my compute nodes, I want to apply tuning and configurations (like Kubelet config and NTP servers), so I can optimize worker nodes for my specific applications.",,full,modules/node-tuning-hosted-cluster.adoc,hosted_control_planes/hcp-machine-config.adoc,full,node tuning in a hosted cluster,
Machine configuration for hosted control planes,"When I need to customize my compute nodes, I want to apply tuning and configurations (like Kubelet config and NTP servers), so I can optimize worker nodes for my specific applications.",,full,modules/sriov-operator-hosted-control-planes.adoc,hosted_control_planes/hcp-machine-config.adoc,full,SR-IOV Operator for hosted control planes,
Machine configuration for hosted control planes,"When I need to customize my compute nodes, I want to apply tuning and configurations (like Kubelet config and NTP servers), so I can optimize worker nodes for my specific applications.",,full,modules/hcp-configure-ntp.adoc,hosted_control_planes/hcp-machine-config.adoc,full,NTP servers for node pools,
Machine configuration for hosted control planes,"When I need to customize my compute nodes, I want to apply tuning and configurations (like Kubelet config and NTP servers), so I can optimize worker nodes for my specific applications.",,full,modules/scale-down-data-plane.adoc,hosted_control_planes/hcp-machine-config.adoc,full,scaling down the data plane,
Machine configuration for hosted control planes,"When I need to customize my compute nodes, I want to apply tuning and configurations (like Kubelet config and NTP servers), so I can optimize worker nodes for my specific applications.",,full,modules/scale-up-down-autoscaler-hcp.adoc,hosted_control_planes/hcp-machine-config.adoc,full,node pool autoscaling,
Machine configuration for hosted control planes,"When I need to customize my compute nodes, I want to apply tuning and configurations (like Kubelet config and NTP servers), so I can optimize worker nodes for my specific applications.",,full,modules/scale-up-autoscaler-hcp.adoc,hosted_control_planes/hcp-machine-config.adoc,full,node pool autoscaling,
Machine configuration for hosted control planes,"When I need to customize my compute nodes, I want to apply tuning and configurations (like Kubelet config and NTP servers), so I can optimize worker nodes for my specific applications.",,full,modules/hcp-autoscaling-to-from-zero.adoc,hosted_control_planes/hcp-machine-config.adoc,full,scale to and from zero,
Machine configuration for hosted control planes,"When I need to customize my compute nodes, I want to apply tuning and configurations (like Kubelet config and NTP servers), so I can optimize worker nodes for my specific applications.",,full,modules/hcp-autoscaling-to-from-zero-configure.adoc,hosted_control_planes/hcp-machine-config.adoc,full,configure scale to and from zero,
Machine configuration for hosted control planes,"When I need to customize my compute nodes, I want to apply tuning and configurations (like Kubelet config and NTP servers), so I can optimize worker nodes for my specific applications.",,full,modules/hcp-autoscaling-nodepool-reference.adoc,hosted_control_planes/hcp-machine-config.adoc,full,autoscaling node pool reference,
Machine configuration for hosted control planes,"When I need to customize my compute nodes, I want to apply tuning and configurations (like Kubelet config and NTP servers), so I can optimize worker nodes for my specific applications.",,full,modules/hcp-nodepool-api-reference.adoc,hosted_control_planes/hcp-machine-config.adoc,full,NodePool API reference,
Machine configuration for hosted control planes,"When I need to customize my compute nodes, I want to apply tuning and configurations (like Kubelet config and NTP servers), so I can optimize worker nodes for my specific applications.",,full,modules/priority-expander-autoscaler-hcp.adoc,hosted_control_planes/hcp-machine-config.adoc,full,priority expander for node pools,
Machine configuration for hosted control planes,"When I need to customize my compute nodes, I want to apply tuning and configurations (like Kubelet config and NTP servers), so I can optimize worker nodes for my specific applications.",,full,modules/balance-ignored-labels-autoscaler-hcp.adoc,hosted_control_planes/hcp-machine-config.adoc,full,balance-ignored labels for node pools,
Troubleshoot connectivity and internal subnets > Ensure high availability by spreading pods,"When I am deploying a critical application across a cluster, I want to ensure that pods never run in the same failure domain (node, rack, region, etc.), so that a single failure doesn't take my entire service offline.",Troubleshoot connectivity and internal subnets,partial,modules/pod-topology-spread-constraints-max-skew.adoc,nodes/scheduling/nodes-scheduler-pod-topology-spread-constraints.adoc,full,Core skew/topologyKey/whenUnsatisfiable reference for spreading pods across failure domains,"partial: the conceptual overview of pod topology spread constraints (definition, example use cases, important considerations) lives inline in the assembly nodes/scheduling/nodes-scheduler-pod-topology-spread-constraints.adoc and is not modularized, so it cannot be reused by a job map. Also missing: a module on labeling nodes for custom topology domains (rack/region), and a required (hard) multi-replica pod anti-affinity example for failure-domain isolation. DUPLICATE: this child job title also appears under parent 'Optimize workload placement'; the two occurrences share identical module coverage. Reviewer should decide whether to drop this 'Troubleshoot connectivity and internal subnets' copy, which is a poor thematic fit for a connectivity/subnet troubleshooting parent."
Troubleshoot connectivity and internal subnets > Ensure high availability by spreading pods,"When I am deploying a critical application across a cluster, I want to ensure that pods never run in the same failure domain (node, rack, region, etc.), so that a single failure doesn't take my entire service offline.",Troubleshoot connectivity and internal subnets,partial,modules/nodes-scheduler-pod-topology-spread-constraints-examples.adoc,nodes/scheduling/nodes-scheduler-pod-topology-spread-constraints.adoc,full,Single and multiple spread-constraint examples across zone and node topology domains,"partial: the conceptual overview of pod topology spread constraints (definition, example use cases, important considerations) lives inline in the assembly nodes/scheduling/nodes-scheduler-pod-topology-spread-constraints.adoc and is not modularized, so it cannot be reused by a job map. Also missing: a module on labeling nodes for custom topology domains (rack/region), and a required (hard) multi-replica pod anti-affinity example for failure-domain isolation. DUPLICATE: this child job title also appears under parent 'Optimize workload placement'; the two occurrences share identical module coverage. Reviewer should decide whether to drop this 'Troubleshoot connectivity and internal subnets' copy, which is a poor thematic fit for a connectivity/subnet troubleshooting parent."
Troubleshoot connectivity and internal subnets > Ensure high availability by spreading pods,"When I am deploying a critical application across a cluster, I want to ensure that pods never run in the same failure domain (node, rack, region, etc.), so that a single failure doesn't take my entire service offline.",Troubleshoot connectivity and internal subnets,partial,modules/nodes-scheduler-pod-anti-affinity-configuring.adoc,nodes/scheduling/nodes-scheduler-pod-affinity.adoc,partial,"Anti-affinity is the other HA-spreading lever; module only demonstrates a preferred two-pod rule, no requiredDuringScheduling multi-replica example","partial: the conceptual overview of pod topology spread constraints (definition, example use cases, important considerations) lives inline in the assembly nodes/scheduling/nodes-scheduler-pod-topology-spread-constraints.adoc and is not modularized, so it cannot be reused by a job map. Also missing: a module on labeling nodes for custom topology domains (rack/region), and a required (hard) multi-replica pod anti-affinity example for failure-domain isolation. DUPLICATE: this child job title also appears under parent 'Optimize workload placement'; the two occurrences share identical module coverage. Reviewer should decide whether to drop this 'Troubleshoot connectivity and internal subnets' copy, which is a poor thematic fit for a connectivity/subnet troubleshooting parent."
Troubleshoot connectivity and internal subnets > Ensure high availability by spreading pods,"When I am deploying a critical application across a cluster, I want to ensure that pods never run in the same failure domain (node, rack, region, etc.), so that a single failure doesn't take my entire service offline.",Troubleshoot connectivity and internal subnets,partial,modules/nodes-scheduler-pod-affinity-about.adoc,nodes/scheduling/nodes-scheduler-pod-affinity.adoc,partial,"Shared with the grouping job; supplies the anti-affinity concepts (topologyKey, required vs preferred)","partial: the conceptual overview of pod topology spread constraints (definition, example use cases, important considerations) lives inline in the assembly nodes/scheduling/nodes-scheduler-pod-topology-spread-constraints.adoc and is not modularized, so it cannot be reused by a job map. Also missing: a module on labeling nodes for custom topology domains (rack/region), and a required (hard) multi-replica pod anti-affinity example for failure-domain isolation. DUPLICATE: this child job title also appears under parent 'Optimize workload placement'; the two occurrences share identical module coverage. Reviewer should decide whether to drop this 'Troubleshoot connectivity and internal subnets' copy, which is a poor thematic fit for a connectivity/subnet troubleshooting parent."
Troubleshoot connectivity and internal subnets > Improve performance by grouping pods together,"When my application components require frequent inter-service communication, I want to schedule them near each other, so that I can reduce network latency and improve overall transaction speed.",Troubleshoot connectivity and internal subnets,full,modules/nodes-scheduler-pod-affinity-about.adoc,nodes/scheduling/nodes-scheduler-pod-affinity.adoc,full,"Concepts for pod affinity and anti-affinity, required vs preferred, topologyKey","full: pod affinity concepts, configuration procedure, and worked examples are all modularized. DUPLICATE: this child job title also appears under parent 'Optimize workload placement'; the two occurrences share identical module coverage. Reviewer should decide whether to drop this 'Troubleshoot connectivity and internal subnets' copy, which is a poor thematic fit for a connectivity/subnet troubleshooting parent."
Troubleshoot connectivity and internal subnets > Improve performance by grouping pods together,"When my application components require frequent inter-service communication, I want to schedule them near each other, so that I can reduce network latency and improve overall transaction speed.",Troubleshoot connectivity and internal subnets,full,modules/nodes-scheduler-pod-affinity-configuring.adoc,nodes/scheduling/nodes-scheduler-pod-affinity.adoc,full,Procedure to co-locate pods with an affinity rule,"full: pod affinity concepts, configuration procedure, and worked examples are all modularized. DUPLICATE: this child job title also appears under parent 'Optimize workload placement'; the two occurrences share identical module coverage. Reviewer should decide whether to drop this 'Troubleshoot connectivity and internal subnets' copy, which is a poor thematic fit for a connectivity/subnet troubleshooting parent."
Troubleshoot connectivity and internal subnets > Improve performance by grouping pods together,"When my application components require frequent inter-service communication, I want to schedule them near each other, so that I can reduce network latency and improve overall transaction speed.",Troubleshoot connectivity and internal subnets,full,modules/nodes-scheduler-pod-affinity-example.adoc,nodes/scheduling/nodes-scheduler-pod-affinity.adoc,full,Worked examples of affinity and anti-affinity rules,"full: pod affinity concepts, configuration procedure, and worked examples are all modularized. DUPLICATE: this child job title also appears under parent 'Optimize workload placement'; the two occurrences share identical module coverage. Reviewer should decide whether to drop this 'Troubleshoot connectivity and internal subnets' copy, which is a poor thematic fit for a connectivity/subnet troubleshooting parent."
Troubleshoot connectivity and internal subnets > Improve performance by grouping pods together,"When my application components require frequent inter-service communication, I want to schedule them near each other, so that I can reduce network latency and improve overall transaction speed.",Troubleshoot connectivity and internal subnets,full,modules/olm-overriding-operator-pod-affinity.adoc,nodes/scheduling/nodes-scheduler-pod-affinity.adoc,partial,"ifeval-dispatch; context branches verified against source assembly :context: (nodes-scheduler-pod-affinity is a declared branch); Operator-pod-specific co-location only, not general workloads","full: pod affinity concepts, configuration procedure, and worked examples are all modularized. DUPLICATE: this child job title also appears under parent 'Optimize workload placement'; the two occurrences share identical module coverage. Reviewer should decide whether to drop this 'Troubleshoot connectivity and internal subnets' copy, which is a poor thematic fit for a connectivity/subnet troubleshooting parent."
Troubleshoot connectivity and internal subnets > Manage resource utilization by adjusting node density,"When I need to minimize infrastructure costs by packing more workloads onto fewer nodes, I want to define clear resource boundaries and priorities, so that my most critical workloads are never starved of resources by less important services.",Troubleshoot connectivity and internal subnets,full,modules/nodes-nodes-managing-max-pods-proc.adoc,nodes/nodes/nodes-nodes-managing-max-pods.adoc,full,Sets podsPerCore and maxPods to raise node density,"full: node density (maxPods/podsPerCore, capacity estimation), resource boundaries (requests/limits, limit ranges, overcommit and QoS), priorities (priority classes and preemption), and the HighNodeUtilization bin-packing scheduler profile are all modularized. DUPLICATE: this child job title also appears under parent 'Optimize workload placement'; the two occurrences share identical module coverage. Reviewer should decide whether to drop this 'Troubleshoot connectivity and internal subnets' copy, which is a poor thematic fit for a connectivity/subnet troubleshooting parent."
Troubleshoot connectivity and internal subnets > Manage resource utilization by adjusting node density,"When I need to minimize infrastructure costs by packing more workloads onto fewer nodes, I want to define clear resource boundaries and priorities, so that my most critical workloads are never starved of resources by less important services.",Troubleshoot connectivity and internal subnets,full,modules/nodes-cluster-resource-levels-about.adoc,nodes/clusters/nodes-cluster-resource-levels.adoc,full,How to estimate how many pods a node can hold,"full: node density (maxPods/podsPerCore, capacity estimation), resource boundaries (requests/limits, limit ranges, overcommit and QoS), priorities (priority classes and preemption), and the HighNodeUtilization bin-packing scheduler profile are all modularized. DUPLICATE: this child job title also appears under parent 'Optimize workload placement'; the two occurrences share identical module coverage. Reviewer should decide whether to drop this 'Troubleshoot connectivity and internal subnets' copy, which is a poor thematic fit for a connectivity/subnet troubleshooting parent."
Troubleshoot connectivity and internal subnets > Manage resource utilization by adjusting node density,"When I need to minimize infrastructure costs by packing more workloads onto fewer nodes, I want to define clear resource boundaries and priorities, so that my most critical workloads are never starved of resources by less important services.",Troubleshoot connectivity and internal subnets,full,modules/nodes-cluster-resource-levels-command.adoc,nodes/clusters/nodes-cluster-resource-levels.adoc,full,Cluster capacity tool run as a command,"full: node density (maxPods/podsPerCore, capacity estimation), resource boundaries (requests/limits, limit ranges, overcommit and QoS), priorities (priority classes and preemption), and the HighNodeUtilization bin-packing scheduler profile are all modularized. DUPLICATE: this child job title also appears under parent 'Optimize workload placement'; the two occurrences share identical module coverage. Reviewer should decide whether to drop this 'Troubleshoot connectivity and internal subnets' copy, which is a poor thematic fit for a connectivity/subnet troubleshooting parent."
Troubleshoot connectivity and internal subnets > Manage resource utilization by adjusting node density,"When I need to minimize infrastructure costs by packing more workloads onto fewer nodes, I want to define clear resource boundaries and priorities, so that my most critical workloads are never starved of resources by less important services.",Troubleshoot connectivity and internal subnets,full,modules/nodes-cluster-resource-levels-job.adoc,nodes/clusters/nodes-cluster-resource-levels.adoc,full,Cluster capacity tool run as a job,"full: node density (maxPods/podsPerCore, capacity estimation), resource boundaries (requests/limits, limit ranges, overcommit and QoS), priorities (priority classes and preemption), and the HighNodeUtilization bin-packing scheduler profile are all modularized. DUPLICATE: this child job title also appears under parent 'Optimize workload placement'; the two occurrences share identical module coverage. Reviewer should decide whether to drop this 'Troubleshoot connectivity and internal subnets' copy, which is a poor thematic fit for a connectivity/subnet troubleshooting parent."
Troubleshoot connectivity and internal subnets > Manage resource utilization by adjusting node density,"When I need to minimize infrastructure costs by packing more workloads onto fewer nodes, I want to define clear resource boundaries and priorities, so that my most critical workloads are never starved of resources by less important services.",Troubleshoot connectivity and internal subnets,full,modules/nodes-cluster-overcommit-resource-requests.adoc,nodes/clusters/nodes-cluster-overcommit.adoc,full,Requests and limits are the resource boundaries the job statement asks for,"full: node density (maxPods/podsPerCore, capacity estimation), resource boundaries (requests/limits, limit ranges, overcommit and QoS), priorities (priority classes and preemption), and the HighNodeUtilization bin-packing scheduler profile are all modularized. DUPLICATE: this child job title also appears under parent 'Optimize workload placement'; the two occurrences share identical module coverage. Reviewer should decide whether to drop this 'Troubleshoot connectivity and internal subnets' copy, which is a poor thematic fit for a connectivity/subnet troubleshooting parent."
Troubleshoot connectivity and internal subnets > Manage resource utilization by adjusting node density,"When I need to minimize infrastructure costs by packing more workloads onto fewer nodes, I want to define clear resource boundaries and priorities, so that my most critical workloads are never starved of resources by less important services.",Troubleshoot connectivity and internal subnets,full,modules/nodes-cluster-node-overcommit.adoc,nodes/clusters/nodes-cluster-overcommit.adoc,full,Node-level overcommitment concepts for packing workloads onto fewer nodes,"full: node density (maxPods/podsPerCore, capacity estimation), resource boundaries (requests/limits, limit ranges, overcommit and QoS), priorities (priority classes and preemption), and the HighNodeUtilization bin-packing scheduler profile are all modularized. DUPLICATE: this child job title also appears under parent 'Optimize workload placement'; the two occurrences share identical module coverage. Reviewer should decide whether to drop this 'Troubleshoot connectivity and internal subnets' copy, which is a poor thematic fit for a connectivity/subnet troubleshooting parent."
Troubleshoot connectivity and internal subnets > Manage resource utilization by adjusting node density,"When I need to minimize infrastructure costs by packing more workloads onto fewer nodes, I want to define clear resource boundaries and priorities, so that my most critical workloads are never starved of resources by less important services.",Troubleshoot connectivity and internal subnets,full,modules/nodes-cluster-overcommit-qos-about.adoc,nodes/clusters/nodes-cluster-overcommit.adoc,full,QoS tiers determine which workloads get evicted first under pressure,"full: node density (maxPods/podsPerCore, capacity estimation), resource boundaries (requests/limits, limit ranges, overcommit and QoS), priorities (priority classes and preemption), and the HighNodeUtilization bin-packing scheduler profile are all modularized. DUPLICATE: this child job title also appears under parent 'Optimize workload placement'; the two occurrences share identical module coverage. Reviewer should decide whether to drop this 'Troubleshoot connectivity and internal subnets' copy, which is a poor thematic fit for a connectivity/subnet troubleshooting parent."
Troubleshoot connectivity and internal subnets > Manage resource utilization by adjusting node density,"When I need to minimize infrastructure costs by packing more workloads onto fewer nodes, I want to define clear resource boundaries and priorities, so that my most critical workloads are never starved of resources by less important services.",Troubleshoot connectivity and internal subnets,full,modules/nodes-cluster-overcommit-configure-nodes.adoc,nodes/clusters/nodes-cluster-overcommit.adoc,full,Enabling or disabling overcommitment on nodes,"full: node density (maxPods/podsPerCore, capacity estimation), resource boundaries (requests/limits, limit ranges, overcommit and QoS), priorities (priority classes and preemption), and the HighNodeUtilization bin-packing scheduler profile are all modularized. DUPLICATE: this child job title also appears under parent 'Optimize workload placement'; the two occurrences share identical module coverage. Reviewer should decide whether to drop this 'Troubleshoot connectivity and internal subnets' copy, which is a poor thematic fit for a connectivity/subnet troubleshooting parent."
Troubleshoot connectivity and internal subnets > Manage resource utilization by adjusting node density,"When I need to minimize infrastructure costs by packing more workloads onto fewer nodes, I want to define clear resource boundaries and priorities, so that my most critical workloads are never starved of resources by less important services.",Troubleshoot connectivity and internal subnets,full,modules/nodes-cluster-project-overcommit.adoc,nodes/clusters/nodes-cluster-overcommit.adoc,full,Per-project overcommit limits,"full: node density (maxPods/podsPerCore, capacity estimation), resource boundaries (requests/limits, limit ranges, overcommit and QoS), priorities (priority classes and preemption), and the HighNodeUtilization bin-packing scheduler profile are all modularized. DUPLICATE: this child job title also appears under parent 'Optimize workload placement'; the two occurrences share identical module coverage. Reviewer should decide whether to drop this 'Troubleshoot connectivity and internal subnets' copy, which is a poor thematic fit for a connectivity/subnet troubleshooting parent."
Troubleshoot connectivity and internal subnets > Manage resource utilization by adjusting node density,"When I need to minimize infrastructure costs by packing more workloads onto fewer nodes, I want to define clear resource boundaries and priorities, so that my most critical workloads are never starved of resources by less important services.",Troubleshoot connectivity and internal subnets,full,modules/nodes-cluster-resource-override.adoc,nodes/clusters/nodes-cluster-overcommit.adoc,full,Cluster Resource Override Operator for cluster-wide overcommit ratios,"full: node density (maxPods/podsPerCore, capacity estimation), resource boundaries (requests/limits, limit ranges, overcommit and QoS), priorities (priority classes and preemption), and the HighNodeUtilization bin-packing scheduler profile are all modularized. DUPLICATE: this child job title also appears under parent 'Optimize workload placement'; the two occurrences share identical module coverage. Reviewer should decide whether to drop this 'Troubleshoot connectivity and internal subnets' copy, which is a poor thematic fit for a connectivity/subnet troubleshooting parent."
Troubleshoot connectivity and internal subnets > Manage resource utilization by adjusting node density,"When I need to minimize infrastructure costs by packing more workloads onto fewer nodes, I want to define clear resource boundaries and priorities, so that my most critical workloads are never starved of resources by less important services.",Troubleshoot connectivity and internal subnets,full,modules/nodes-pods-priority-about.adoc,nodes/pods/nodes-pods-priority.adoc,full,Priority classes so critical workloads are scheduled ahead of less important ones,"full: node density (maxPods/podsPerCore, capacity estimation), resource boundaries (requests/limits, limit ranges, overcommit and QoS), priorities (priority classes and preemption), and the HighNodeUtilization bin-packing scheduler profile are all modularized. DUPLICATE: this child job title also appears under parent 'Optimize workload placement'; the two occurrences share identical module coverage. Reviewer should decide whether to drop this 'Troubleshoot connectivity and internal subnets' copy, which is a poor thematic fit for a connectivity/subnet troubleshooting parent."
Troubleshoot connectivity and internal subnets > Manage resource utilization by adjusting node density,"When I need to minimize infrastructure costs by packing more workloads onto fewer nodes, I want to define clear resource boundaries and priorities, so that my most critical workloads are never starved of resources by less important services.",Troubleshoot connectivity and internal subnets,full,modules/nodes-pods-priority-preempt-about.adoc,nodes/pods/nodes-pods-priority.adoc,full,Preemption: low-priority pods evicted so critical pods are not starved,"full: node density (maxPods/podsPerCore, capacity estimation), resource boundaries (requests/limits, limit ranges, overcommit and QoS), priorities (priority classes and preemption), and the HighNodeUtilization bin-packing scheduler profile are all modularized. DUPLICATE: this child job title also appears under parent 'Optimize workload placement'; the two occurrences share identical module coverage. Reviewer should decide whether to drop this 'Troubleshoot connectivity and internal subnets' copy, which is a poor thematic fit for a connectivity/subnet troubleshooting parent."
Troubleshoot connectivity and internal subnets > Manage resource utilization by adjusting node density,"When I need to minimize infrastructure costs by packing more workloads onto fewer nodes, I want to define clear resource boundaries and priorities, so that my most critical workloads are never starved of resources by less important services.",Troubleshoot connectivity and internal subnets,full,modules/nodes-pods-priority-configuring.adoc,nodes/pods/nodes-pods-priority.adoc,full,Procedure to create a priority class and apply it to a pod,"full: node density (maxPods/podsPerCore, capacity estimation), resource boundaries (requests/limits, limit ranges, overcommit and QoS), priorities (priority classes and preemption), and the HighNodeUtilization bin-packing scheduler profile are all modularized. DUPLICATE: this child job title also appears under parent 'Optimize workload placement'; the two occurrences share identical module coverage. Reviewer should decide whether to drop this 'Troubleshoot connectivity and internal subnets' copy, which is a poor thematic fit for a connectivity/subnet troubleshooting parent."
Troubleshoot connectivity and internal subnets > Manage resource utilization by adjusting node density,"When I need to minimize infrastructure costs by packing more workloads onto fewer nodes, I want to define clear resource boundaries and priorities, so that my most critical workloads are never starved of resources by less important services.",Troubleshoot connectivity and internal subnets,full,modules/nodes-cluster-limit-ranges-about.adoc,nodes/clusters/nodes-cluster-limit-ranges.adoc,full,Limit ranges bound per-pod/per-container resource consumption in a dense node,"full: node density (maxPods/podsPerCore, capacity estimation), resource boundaries (requests/limits, limit ranges, overcommit and QoS), priorities (priority classes and preemption), and the HighNodeUtilization bin-packing scheduler profile are all modularized. DUPLICATE: this child job title also appears under parent 'Optimize workload placement'; the two occurrences share identical module coverage. Reviewer should decide whether to drop this 'Troubleshoot connectivity and internal subnets' copy, which is a poor thematic fit for a connectivity/subnet troubleshooting parent."
Troubleshoot connectivity and internal subnets > Manage resource utilization by adjusting node density,"When I need to minimize infrastructure costs by packing more workloads onto fewer nodes, I want to define clear resource boundaries and priorities, so that my most critical workloads are never starved of resources by less important services.",Troubleshoot connectivity and internal subnets,full,modules/nodes-cluster-limit-ranges-creating.adoc,nodes/clusters/nodes-cluster-limit-ranges.adoc,full,Procedure to create a limit range,"full: node density (maxPods/podsPerCore, capacity estimation), resource boundaries (requests/limits, limit ranges, overcommit and QoS), priorities (priority classes and preemption), and the HighNodeUtilization bin-packing scheduler profile are all modularized. DUPLICATE: this child job title also appears under parent 'Optimize workload placement'; the two occurrences share identical module coverage. Reviewer should decide whether to drop this 'Troubleshoot connectivity and internal subnets' copy, which is a poor thematic fit for a connectivity/subnet troubleshooting parent."
Troubleshoot connectivity and internal subnets > Manage resource utilization by adjusting node density,"When I need to minimize infrastructure costs by packing more workloads onto fewer nodes, I want to define clear resource boundaries and priorities, so that my most critical workloads are never starved of resources by less important services.",Troubleshoot connectivity and internal subnets,full,modules/nodes-scheduler-profiles-about.adoc,nodes/scheduling/nodes-scheduler-profiles.adoc,full,HighNodeUtilization profile is the bin-packing lever for packing pods onto fewer nodes,"full: node density (maxPods/podsPerCore, capacity estimation), resource boundaries (requests/limits, limit ranges, overcommit and QoS), priorities (priority classes and preemption), and the HighNodeUtilization bin-packing scheduler profile are all modularized. DUPLICATE: this child job title also appears under parent 'Optimize workload placement'; the two occurrences share identical module coverage. Reviewer should decide whether to drop this 'Troubleshoot connectivity and internal subnets' copy, which is a poor thematic fit for a connectivity/subnet troubleshooting parent."
Troubleshoot connectivity and internal subnets > Manage resource utilization by adjusting node density,"When I need to minimize infrastructure costs by packing more workloads onto fewer nodes, I want to define clear resource boundaries and priorities, so that my most critical workloads are never starved of resources by less important services.",Troubleshoot connectivity and internal subnets,full,modules/nodes-scheduler-profiles-configuring.adoc,nodes/scheduling/nodes-scheduler-profiles.adoc,full,Procedure to set the HighNodeUtilization scheduler profile,"full: node density (maxPods/podsPerCore, capacity estimation), resource boundaries (requests/limits, limit ranges, overcommit and QoS), priorities (priority classes and preemption), and the HighNodeUtilization bin-packing scheduler profile are all modularized. DUPLICATE: this child job title also appears under parent 'Optimize workload placement'; the two occurrences share identical module coverage. Reviewer should decide whether to drop this 'Troubleshoot connectivity and internal subnets' copy, which is a poor thematic fit for a connectivity/subnet troubleshooting parent."
Troubleshoot connectivity and internal subnets > Match workloads to specific nodes by using node constraints,"When my applications require specialized hardware or specific environments, I want to target specific nodes for the pods to land, so that the workloads only run on nodes capable of supporting their requirements.",Troubleshoot connectivity and internal subnets,full,modules/nodes-scheduler-node-selectors-about.adoc,nodes/scheduling/nodes-scheduler-node-selectors.adoc,full,"Node selector concepts, the simplest node-constraint mechanism","full: node selectors, node affinity (required and preferred), and taints/tolerations, including dedicating special-hardware nodes, are all modularized. DUPLICATE: this child job title also appears under parent 'Optimize workload placement'; the two occurrences share identical module coverage. Reviewer should decide whether to drop this 'Troubleshoot connectivity and internal subnets' copy, which is a poor thematic fit for a connectivity/subnet troubleshooting parent."
Troubleshoot connectivity and internal subnets > Match workloads to specific nodes by using node constraints,"When my applications require specialized hardware or specific environments, I want to target specific nodes for the pods to land, so that the workloads only run on nodes capable of supporting their requirements.",Troubleshoot connectivity and internal subnets,full,modules/nodes-scheduler-node-selectors-pod.adoc,nodes/scheduling/nodes-scheduler-node-selectors.adoc,full,Pod-level node selector,"full: node selectors, node affinity (required and preferred), and taints/tolerations, including dedicating special-hardware nodes, are all modularized. DUPLICATE: this child job title also appears under parent 'Optimize workload placement'; the two occurrences share identical module coverage. Reviewer should decide whether to drop this 'Troubleshoot connectivity and internal subnets' copy, which is a poor thematic fit for a connectivity/subnet troubleshooting parent."
Troubleshoot connectivity and internal subnets > Match workloads to specific nodes by using node constraints,"When my applications require specialized hardware or specific environments, I want to target specific nodes for the pods to land, so that the workloads only run on nodes capable of supporting their requirements.",Troubleshoot connectivity and internal subnets,full,modules/nodes-scheduler-node-selectors-cluster.adoc,nodes/scheduling/nodes-scheduler-node-selectors.adoc,full,Cluster-wide default node selector,"full: node selectors, node affinity (required and preferred), and taints/tolerations, including dedicating special-hardware nodes, are all modularized. DUPLICATE: this child job title also appears under parent 'Optimize workload placement'; the two occurrences share identical module coverage. Reviewer should decide whether to drop this 'Troubleshoot connectivity and internal subnets' copy, which is a poor thematic fit for a connectivity/subnet troubleshooting parent."
Troubleshoot connectivity and internal subnets > Match workloads to specific nodes by using node constraints,"When my applications require specialized hardware or specific environments, I want to target specific nodes for the pods to land, so that the workloads only run on nodes capable of supporting their requirements.",Troubleshoot connectivity and internal subnets,full,modules/nodes-scheduler-node-selectors-project.adoc,nodes/scheduling/nodes-scheduler-node-selectors.adoc,full,Project-scoped node selector,"full: node selectors, node affinity (required and preferred), and taints/tolerations, including dedicating special-hardware nodes, are all modularized. DUPLICATE: this child job title also appears under parent 'Optimize workload placement'; the two occurrences share identical module coverage. Reviewer should decide whether to drop this 'Troubleshoot connectivity and internal subnets' copy, which is a poor thematic fit for a connectivity/subnet troubleshooting parent."
Troubleshoot connectivity and internal subnets > Match workloads to specific nodes by using node constraints,"When my applications require specialized hardware or specific environments, I want to target specific nodes for the pods to land, so that the workloads only run on nodes capable of supporting their requirements.",Troubleshoot connectivity and internal subnets,full,modules/nodes-scheduler-node-affinity-about.adoc,nodes/scheduling/nodes-scheduler-node-affinity.adoc,full,"Node affinity concepts, required vs preferred","full: node selectors, node affinity (required and preferred), and taints/tolerations, including dedicating special-hardware nodes, are all modularized. DUPLICATE: this child job title also appears under parent 'Optimize workload placement'; the two occurrences share identical module coverage. Reviewer should decide whether to drop this 'Troubleshoot connectivity and internal subnets' copy, which is a poor thematic fit for a connectivity/subnet troubleshooting parent."
Troubleshoot connectivity and internal subnets > Match workloads to specific nodes by using node constraints,"When my applications require specialized hardware or specific environments, I want to target specific nodes for the pods to land, so that the workloads only run on nodes capable of supporting their requirements.",Troubleshoot connectivity and internal subnets,full,modules/nodes-scheduler-node-affinity-configuring-required.adoc,nodes/scheduling/nodes-scheduler-node-affinity.adoc,full,requiredDuringSchedulingIgnoredDuringExecution node affinity rule,"full: node selectors, node affinity (required and preferred), and taints/tolerations, including dedicating special-hardware nodes, are all modularized. DUPLICATE: this child job title also appears under parent 'Optimize workload placement'; the two occurrences share identical module coverage. Reviewer should decide whether to drop this 'Troubleshoot connectivity and internal subnets' copy, which is a poor thematic fit for a connectivity/subnet troubleshooting parent."
Troubleshoot connectivity and internal subnets > Match workloads to specific nodes by using node constraints,"When my applications require specialized hardware or specific environments, I want to target specific nodes for the pods to land, so that the workloads only run on nodes capable of supporting their requirements.",Troubleshoot connectivity and internal subnets,full,modules/nodes-scheduler-node-affinity-configuring-preferred.adoc,nodes/scheduling/nodes-scheduler-node-affinity.adoc,full,preferredDuringSchedulingIgnoredDuringExecution node affinity rule,"full: node selectors, node affinity (required and preferred), and taints/tolerations, including dedicating special-hardware nodes, are all modularized. DUPLICATE: this child job title also appears under parent 'Optimize workload placement'; the two occurrences share identical module coverage. Reviewer should decide whether to drop this 'Troubleshoot connectivity and internal subnets' copy, which is a poor thematic fit for a connectivity/subnet troubleshooting parent."
Troubleshoot connectivity and internal subnets > Match workloads to specific nodes by using node constraints,"When my applications require specialized hardware or specific environments, I want to target specific nodes for the pods to land, so that the workloads only run on nodes capable of supporting their requirements.",Troubleshoot connectivity and internal subnets,full,modules/nodes-scheduler-node-affinity-example.adoc,nodes/scheduling/nodes-scheduler-node-affinity.adoc,full,"Worked node affinity examples, including specialized hardware labels","full: node selectors, node affinity (required and preferred), and taints/tolerations, including dedicating special-hardware nodes, are all modularized. DUPLICATE: this child job title also appears under parent 'Optimize workload placement'; the two occurrences share identical module coverage. Reviewer should decide whether to drop this 'Troubleshoot connectivity and internal subnets' copy, which is a poor thematic fit for a connectivity/subnet troubleshooting parent."
Troubleshoot connectivity and internal subnets > Match workloads to specific nodes by using node constraints,"When my applications require specialized hardware or specific environments, I want to target specific nodes for the pods to land, so that the workloads only run on nodes capable of supporting their requirements.",Troubleshoot connectivity and internal subnets,full,modules/olm-overriding-operator-pod-affinity.adoc,nodes/scheduling/nodes-scheduler-node-affinity.adoc,partial,ifeval-dispatch; context branches verified against source assembly :context: (nodes-scheduler-node-affinity is a declared branch); Operator-pod scope only,"full: node selectors, node affinity (required and preferred), and taints/tolerations, including dedicating special-hardware nodes, are all modularized. DUPLICATE: this child job title also appears under parent 'Optimize workload placement'; the two occurrences share identical module coverage. Reviewer should decide whether to drop this 'Troubleshoot connectivity and internal subnets' copy, which is a poor thematic fit for a connectivity/subnet troubleshooting parent."
Troubleshoot connectivity and internal subnets > Match workloads to specific nodes by using node constraints,"When my applications require specialized hardware or specific environments, I want to target specific nodes for the pods to land, so that the workloads only run on nodes capable of supporting their requirements.",Troubleshoot connectivity and internal subnets,full,modules/nodes-scheduler-taints-tolerations-about.adoc,nodes/scheduling/nodes-scheduler-taints-tolerations.adoc,full,ifeval-dispatch; context branches verified against source assembly :context: (nodes-scheduler-taints-tolerations is a declared branch); taint effects and toleration matching,"full: node selectors, node affinity (required and preferred), and taints/tolerations, including dedicating special-hardware nodes, are all modularized. DUPLICATE: this child job title also appears under parent 'Optimize workload placement'; the two occurrences share identical module coverage. Reviewer should decide whether to drop this 'Troubleshoot connectivity and internal subnets' copy, which is a poor thematic fit for a connectivity/subnet troubleshooting parent."
Troubleshoot connectivity and internal subnets > Match workloads to specific nodes by using node constraints,"When my applications require specialized hardware or specific environments, I want to target specific nodes for the pods to land, so that the workloads only run on nodes capable of supporting their requirements.",Troubleshoot connectivity and internal subnets,full,modules/nodes-scheduler-taints-tolerations-adding.adoc,nodes/scheduling/nodes-scheduler-taints-tolerations.adoc,full,Add a taint to a node and a toleration to a pod,"full: node selectors, node affinity (required and preferred), and taints/tolerations, including dedicating special-hardware nodes, are all modularized. DUPLICATE: this child job title also appears under parent 'Optimize workload placement'; the two occurrences share identical module coverage. Reviewer should decide whether to drop this 'Troubleshoot connectivity and internal subnets' copy, which is a poor thematic fit for a connectivity/subnet troubleshooting parent."
Troubleshoot connectivity and internal subnets > Match workloads to specific nodes by using node constraints,"When my applications require specialized hardware or specific environments, I want to target specific nodes for the pods to land, so that the workloads only run on nodes capable of supporting their requirements.",Troubleshoot connectivity and internal subnets,full,modules/nodes-scheduler-taints-tolerations-adding-machineset.adoc,nodes/scheduling/nodes-scheduler-taints-tolerations.adoc,full,Add taints through a compute machine set so new nodes inherit them,"full: node selectors, node affinity (required and preferred), and taints/tolerations, including dedicating special-hardware nodes, are all modularized. DUPLICATE: this child job title also appears under parent 'Optimize workload placement'; the two occurrences share identical module coverage. Reviewer should decide whether to drop this 'Troubleshoot connectivity and internal subnets' copy, which is a poor thematic fit for a connectivity/subnet troubleshooting parent."
Troubleshoot connectivity and internal subnets > Match workloads to specific nodes by using node constraints,"When my applications require specialized hardware or specific environments, I want to target specific nodes for the pods to land, so that the workloads only run on nodes capable of supporting their requirements.",Troubleshoot connectivity and internal subnets,full,modules/nodes-scheduler-taints-tolerations-binding.adoc,nodes/scheduling/nodes-scheduler-taints-tolerations.adoc,full,"Bind a user to a node by combining taints, tolerations and node selectors","full: node selectors, node affinity (required and preferred), and taints/tolerations, including dedicating special-hardware nodes, are all modularized. DUPLICATE: this child job title also appears under parent 'Optimize workload placement'; the two occurrences share identical module coverage. Reviewer should decide whether to drop this 'Troubleshoot connectivity and internal subnets' copy, which is a poor thematic fit for a connectivity/subnet troubleshooting parent."
Troubleshoot connectivity and internal subnets > Match workloads to specific nodes by using node constraints,"When my applications require specialized hardware or specific environments, I want to target specific nodes for the pods to land, so that the workloads only run on nodes capable of supporting their requirements.",Troubleshoot connectivity and internal subnets,full,modules/nodes-scheduler-taints-tolerations-projects.adoc,nodes/scheduling/nodes-scheduler-taints-tolerations.adoc,full,Project-level tolerations,"full: node selectors, node affinity (required and preferred), and taints/tolerations, including dedicating special-hardware nodes, are all modularized. DUPLICATE: this child job title also appears under parent 'Optimize workload placement'; the two occurrences share identical module coverage. Reviewer should decide whether to drop this 'Troubleshoot connectivity and internal subnets' copy, which is a poor thematic fit for a connectivity/subnet troubleshooting parent."
Troubleshoot connectivity and internal subnets > Match workloads to specific nodes by using node constraints,"When my applications require specialized hardware or specific environments, I want to target specific nodes for the pods to land, so that the workloads only run on nodes capable of supporting their requirements.",Troubleshoot connectivity and internal subnets,full,modules/nodes-scheduler-taints-tolerations-special.adoc,nodes/scheduling/nodes-scheduler-taints-tolerations.adoc,full,Dedicating nodes with special hardware to specific workloads,"full: node selectors, node affinity (required and preferred), and taints/tolerations, including dedicating special-hardware nodes, are all modularized. DUPLICATE: this child job title also appears under parent 'Optimize workload placement'; the two occurrences share identical module coverage. Reviewer should decide whether to drop this 'Troubleshoot connectivity and internal subnets' copy, which is a poor thematic fit for a connectivity/subnet troubleshooting parent."
Troubleshoot connectivity and internal subnets > Match workloads to specific nodes by using node constraints,"When my applications require specialized hardware or specific environments, I want to target specific nodes for the pods to land, so that the workloads only run on nodes capable of supporting their requirements.",Troubleshoot connectivity and internal subnets,full,modules/nodes-scheduler-taints-tolerations-removing.adoc,nodes/scheduling/nodes-scheduler-taints-tolerations.adoc,full,Remove taints and tolerations,"full: node selectors, node affinity (required and preferred), and taints/tolerations, including dedicating special-hardware nodes, are all modularized. DUPLICATE: this child job title also appears under parent 'Optimize workload placement'; the two occurrences share identical module coverage. Reviewer should decide whether to drop this 'Troubleshoot connectivity and internal subnets' copy, which is a poor thematic fit for a connectivity/subnet troubleshooting parent."
Troubleshoot connectivity and internal subnets > Maintain cluster balance by rescheduling pods,"When my cluster's resource distribution has become uneven over time, I want to automatically redistribute pods, so that nodes aren't utilized unevenly.",Troubleshoot connectivity and internal subnets,full,modules/nodes-descheduler-about.adoc,nodes/scheduling/descheduler/index.adoc,full,What the descheduler does and eviction preconditions,"full: descheduler concepts, profiles, install, profile and interval configuration, and uninstall are all modularized. DUPLICATE: this child job title also appears under parent 'Optimize workload placement'; the two occurrences share identical module coverage. Reviewer should decide whether to drop this 'Troubleshoot connectivity and internal subnets' copy, which is a poor thematic fit for a connectivity/subnet troubleshooting parent."
Troubleshoot connectivity and internal subnets > Maintain cluster balance by rescheduling pods,"When my cluster's resource distribution has become uneven over time, I want to automatically redistribute pods, so that nodes aren't utilized unevenly.",Troubleshoot connectivity and internal subnets,full,modules/nodes-descheduler-profiles.adoc,nodes/scheduling/descheduler/index.adoc,full,ifeval-dispatch; context branches verified against source assembly :context: (nodes-descheduler-about is a declared branch); profiles including LifecycleAndUtilization and HighNodeUtilization for rebalancing,"full: descheduler concepts, profiles, install, profile and interval configuration, and uninstall are all modularized. DUPLICATE: this child job title also appears under parent 'Optimize workload placement'; the two occurrences share identical module coverage. Reviewer should decide whether to drop this 'Troubleshoot connectivity and internal subnets' copy, which is a poor thematic fit for a connectivity/subnet troubleshooting parent."
Troubleshoot connectivity and internal subnets > Maintain cluster balance by rescheduling pods,"When my cluster's resource distribution has become uneven over time, I want to automatically redistribute pods, so that nodes aren't utilized unevenly.",Troubleshoot connectivity and internal subnets,full,modules/nodes-descheduler-installing.adoc,nodes/scheduling/descheduler/nodes-descheduler-configuring.adoc,full,ifeval-dispatch; context branches verified against source assembly :context: (nodes-descheduler-configuring is a declared branch); installs the Kube Descheduler Operator,"full: descheduler concepts, profiles, install, profile and interval configuration, and uninstall are all modularized. DUPLICATE: this child job title also appears under parent 'Optimize workload placement'; the two occurrences share identical module coverage. Reviewer should decide whether to drop this 'Troubleshoot connectivity and internal subnets' copy, which is a poor thematic fit for a connectivity/subnet troubleshooting parent."
Troubleshoot connectivity and internal subnets > Maintain cluster balance by rescheduling pods,"When my cluster's resource distribution has become uneven over time, I want to automatically redistribute pods, so that nodes aren't utilized unevenly.",Troubleshoot connectivity and internal subnets,full,modules/nodes-descheduler-configuring-profiles.adoc,nodes/scheduling/descheduler/nodes-descheduler-configuring.adoc,full,Enable the descheduler profiles that drive redistribution,"full: descheduler concepts, profiles, install, profile and interval configuration, and uninstall are all modularized. DUPLICATE: this child job title also appears under parent 'Optimize workload placement'; the two occurrences share identical module coverage. Reviewer should decide whether to drop this 'Troubleshoot connectivity and internal subnets' copy, which is a poor thematic fit for a connectivity/subnet troubleshooting parent."
Troubleshoot connectivity and internal subnets > Maintain cluster balance by rescheduling pods,"When my cluster's resource distribution has become uneven over time, I want to automatically redistribute pods, so that nodes aren't utilized unevenly.",Troubleshoot connectivity and internal subnets,full,modules/nodes-descheduler-configuring-interval.adoc,nodes/scheduling/descheduler/nodes-descheduler-configuring.adoc,full,Set how often the descheduler runs,"full: descheduler concepts, profiles, install, profile and interval configuration, and uninstall are all modularized. DUPLICATE: this child job title also appears under parent 'Optimize workload placement'; the two occurrences share identical module coverage. Reviewer should decide whether to drop this 'Troubleshoot connectivity and internal subnets' copy, which is a poor thematic fit for a connectivity/subnet troubleshooting parent."
Troubleshoot connectivity and internal subnets > Maintain cluster balance by rescheduling pods,"When my cluster's resource distribution has become uneven over time, I want to automatically redistribute pods, so that nodes aren't utilized unevenly.",Troubleshoot connectivity and internal subnets,full,modules/nodes-descheduler-uninstalling.adoc,nodes/scheduling/descheduler/nodes-descheduler-uninstalling.adoc,full,Remove the descheduler,"full: descheduler concepts, profiles, install, profile and interval configuration, and uninstall are all modularized. DUPLICATE: this child job title also appears under parent 'Optimize workload placement'; the two occurrences share identical module coverage. Reviewer should decide whether to drop this 'Troubleshoot connectivity and internal subnets' copy, which is a poor thematic fit for a connectivity/subnet troubleshooting parent."
Troubleshoot connectivity and internal subnets > Extend scheduling behavior with a secondary scheduler,"When my application requires complex placement logic that the default scheduling framework doesn't support, I want to deploy a secondary scheduler, so that I can execute custom scheduling logic for specialized workloads.",Troubleshoot connectivity and internal subnets,partial,modules/nodes-secondary-scheduler-about.adoc,nodes/scheduling/secondary_scheduler/index.adoc,full,What the Secondary Scheduler Operator is and its supported scope,"partial: every secondary scheduler install, configure, and uninstall procedure is documented for the web console only, with no CLI or manifest-based path. There is also no module on authoring or supplying custom scheduler plugins/profiles, which is the actual 'complex placement logic the default framework doesn't support' in the job statement. DUPLICATE: this child job title also appears under parent 'Optimize workload placement'; the two occurrences share identical module coverage. Reviewer should decide whether to drop this 'Troubleshoot connectivity and internal subnets' copy, which is a poor thematic fit for a connectivity/subnet troubleshooting parent."
Troubleshoot connectivity and internal subnets > Extend scheduling behavior with a secondary scheduler,"When my application requires complex placement logic that the default scheduling framework doesn't support, I want to deploy a secondary scheduler, so that I can execute custom scheduling logic for specialized workloads.",Troubleshoot connectivity and internal subnets,partial,modules/nodes-secondary-scheduler-install-console.adoc,nodes/scheduling/secondary_scheduler/nodes-secondary-scheduler-configuring.adoc,partial,Install procedure is web-console only; no CLI/OLM manifest path documented,"partial: every secondary scheduler install, configure, and uninstall procedure is documented for the web console only, with no CLI or manifest-based path. There is also no module on authoring or supplying custom scheduler plugins/profiles, which is the actual 'complex placement logic the default framework doesn't support' in the job statement. DUPLICATE: this child job title also appears under parent 'Optimize workload placement'; the two occurrences share identical module coverage. Reviewer should decide whether to drop this 'Troubleshoot connectivity and internal subnets' copy, which is a poor thematic fit for a connectivity/subnet troubleshooting parent."
Troubleshoot connectivity and internal subnets > Extend scheduling behavior with a secondary scheduler,"When my application requires complex placement logic that the default scheduling framework doesn't support, I want to deploy a secondary scheduler, so that I can execute custom scheduling logic for specialized workloads.",Troubleshoot connectivity and internal subnets,partial,modules/nodes-secondary-scheduler-configuring-console.adoc,nodes/scheduling/secondary_scheduler/nodes-secondary-scheduler-configuring.adoc,partial,Configures the SecondaryScheduler CR through the web console only,"partial: every secondary scheduler install, configure, and uninstall procedure is documented for the web console only, with no CLI or manifest-based path. There is also no module on authoring or supplying custom scheduler plugins/profiles, which is the actual 'complex placement logic the default framework doesn't support' in the job statement. DUPLICATE: this child job title also appears under parent 'Optimize workload placement'; the two occurrences share identical module coverage. Reviewer should decide whether to drop this 'Troubleshoot connectivity and internal subnets' copy, which is a poor thematic fit for a connectivity/subnet troubleshooting parent."
Troubleshoot connectivity and internal subnets > Extend scheduling behavior with a secondary scheduler,"When my application requires complex placement logic that the default scheduling framework doesn't support, I want to deploy a secondary scheduler, so that I can execute custom scheduling logic for specialized workloads.",Troubleshoot connectivity and internal subnets,partial,modules/nodes-secondary-scheduler-pod-console.adoc,nodes/scheduling/secondary_scheduler/nodes-secondary-scheduler-configuring.adoc,full,Deploy a pod that names the secondary scheduler in schedulerName,"partial: every secondary scheduler install, configure, and uninstall procedure is documented for the web console only, with no CLI or manifest-based path. There is also no module on authoring or supplying custom scheduler plugins/profiles, which is the actual 'complex placement logic the default framework doesn't support' in the job statement. DUPLICATE: this child job title also appears under parent 'Optimize workload placement'; the two occurrences share identical module coverage. Reviewer should decide whether to drop this 'Troubleshoot connectivity and internal subnets' copy, which is a poor thematic fit for a connectivity/subnet troubleshooting parent."
Troubleshoot connectivity and internal subnets > Extend scheduling behavior with a secondary scheduler,"When my application requires complex placement logic that the default scheduling framework doesn't support, I want to deploy a secondary scheduler, so that I can execute custom scheduling logic for specialized workloads.",Troubleshoot connectivity and internal subnets,partial,modules/nodes-secondary-scheduler-uninstall-console.adoc,nodes/scheduling/secondary_scheduler/nodes-secondary-scheduler-uninstalling.adoc,partial,Uninstall through the web console only,"partial: every secondary scheduler install, configure, and uninstall procedure is documented for the web console only, with no CLI or manifest-based path. There is also no module on authoring or supplying custom scheduler plugins/profiles, which is the actual 'complex placement logic the default framework doesn't support' in the job statement. DUPLICATE: this child job title also appears under parent 'Optimize workload placement'; the two occurrences share identical module coverage. Reviewer should decide whether to drop this 'Troubleshoot connectivity and internal subnets' copy, which is a poor thematic fit for a connectivity/subnet troubleshooting parent."
Troubleshoot connectivity and internal subnets > Extend scheduling behavior with a secondary scheduler,"When my application requires complex placement logic that the default scheduling framework doesn't support, I want to deploy a secondary scheduler, so that I can execute custom scheduling logic for specialized workloads.",Troubleshoot connectivity and internal subnets,partial,modules/nodes-secondary-scheduler-remove-resources-console.adoc,nodes/scheduling/secondary_scheduler/nodes-secondary-scheduler-uninstalling.adoc,full,Clean up leftover secondary scheduler resources,"partial: every secondary scheduler install, configure, and uninstall procedure is documented for the web console only, with no CLI or manifest-based path. There is also no module on authoring or supplying custom scheduler plugins/profiles, which is the actual 'complex placement logic the default framework doesn't support' in the job statement. DUPLICATE: this child job title also appears under parent 'Optimize workload placement'; the two occurrences share identical module coverage. Reviewer should decide whether to drop this 'Troubleshoot connectivity and internal subnets' copy, which is a poor thematic fit for a connectivity/subnet troubleshooting parent."
Enable NFD Topology Updater for NUMA topology > Enable NFD Topology Updater for NUMA topology,"When I need to expose per-zone resource availability for NUMA-aware scheduling, I want to enable the NFD Topology Updater, so the scheduler can make NUMA-aware placement decisions for workloads.",Enable NFD Topology Updater for NUMA topology,full,modules/psap-node-feature-discovery-using-topology-updater.adoc,hardware_enablement/psap-node-feature-discovery-operator.adoc,full,enabling topologyupdater and the resulting NodeResourceTopology CRs,
Enable NFD Topology Updater for NUMA topology > Enable NFD Topology Updater for NUMA topology,"When I need to expose per-zone resource availability for NUMA-aware scheduling, I want to enable the NFD Topology Updater, so the scheduler can make NUMA-aware placement decisions for workloads.",Enable NFD Topology Updater for NUMA topology,full,modules/psap-node-feature-discovery-topology-updater-command-reference.adoc,hardware_enablement/psap-node-feature-discovery-operator.adoc,full,nfd-topology-updater command-line reference,
Enable NFD Topology Updater for NUMA topology > Enable NFD Topology Updater for NUMA topology,"When I need to expose per-zone resource availability for NUMA-aware scheduling, I want to enable the NFD Topology Updater, so the scheduler can make NUMA-aware placement decisions for workloads.",Enable NFD Topology Updater for NUMA topology,full,modules/psap-node-feature-discovery-operator.adoc,hardware_enablement/psap-node-feature-discovery-operator.adoc,partial,"NFD concepts, prerequisite context; ifeval-dispatch; ifeval branches are operator-reference / psap-node-feature-discovery-operator - source assembly context 'psap-node-feature-discovery-operator' matches a branch",
Enable NFD Topology Updater for NUMA topology > Enable NFD Topology Updater for NUMA topology,"When I need to expose per-zone resource availability for NUMA-aware scheduling, I want to enable the NFD Topology Updater, so the scheduler can make NUMA-aware placement decisions for workloads.",Enable NFD Topology Updater for NUMA topology,full,modules/psap-installing-node-feature-discovery-operator.adoc,hardware_enablement/psap-node-feature-discovery-operator.adoc,partial,prerequisite install step,
Enable NFD Topology Updater for NUMA topology > Enable NFD Topology Updater for NUMA topology,"When I need to expose per-zone resource availability for NUMA-aware scheduling, I want to enable the NFD Topology Updater, so the scheduler can make NUMA-aware placement decisions for workloads.",Enable NFD Topology Updater for NUMA topology,full,modules/nfd-using-operator-overview.adoc,hardware_enablement/psap-node-feature-discovery-operator.adoc,partial,,
Enable NFD Topology Updater for NUMA topology > Enable NFD Topology Updater for NUMA topology,"When I need to expose per-zone resource availability for NUMA-aware scheduling, I want to enable the NFD Topology Updater, so the scheduler can make NUMA-aware placement decisions for workloads.",Enable NFD Topology Updater for NUMA topology,full,modules/creating-nfd-cr-cli.adoc,hardware_enablement/psap-node-feature-discovery-operator.adoc,partial,the NodeFeatureDiscovery CR where topologyupdater: true is actually set,
Enable NFD Topology Updater for NUMA topology > Enable NFD Topology Updater for NUMA topology,"When I need to expose per-zone resource availability for NUMA-aware scheduling, I want to enable the NFD Topology Updater, so the scheduler can make NUMA-aware placement decisions for workloads.",Enable NFD Topology Updater for NUMA topology,full,modules/creating-nfd-cr-web-console.adoc,hardware_enablement/psap-node-feature-discovery-operator.adoc,partial,,
Enable NFD Topology Updater for NUMA topology > Enable NFD Topology Updater for NUMA topology,"When I need to expose per-zone resource availability for NUMA-aware scheduling, I want to enable the NFD Topology Updater, so the scheduler can make NUMA-aware placement decisions for workloads.",Enable NFD Topology Updater for NUMA topology,full,modules/nfd-configuring-core.adoc,hardware_enablement/psap-node-feature-discovery-operator.adoc,partial,,
Enable NFD Topology Updater for NUMA topology > Enable NFD Topology Updater for NUMA topology,"When I need to expose per-zone resource availability for NUMA-aware scheduling, I want to enable the NFD Topology Updater, so the scheduler can make NUMA-aware placement decisions for workloads.",Enable NFD Topology Updater for NUMA topology,full,modules/cnf-about-numa-aware-scheduling.adoc,scalability_and_performance/cnf-numa-aware-scheduling.adoc,partial,downstream consumer of the topology data; explains why the updater is needed,
Manage image streams and imports > 12.1. Inspect image streams and tags,Manage image streams and imports > 12.1. Inspect image streams and tags,Manage image streams and imports,full,modules/images-getting-info-about-imagestreams.adoc,openshift_images/image-streams-manage.adoc,full,Procedure: oc describe is/<name> to inspect an image stream and its tags.,Inspection is covered by the oc describe/get procedure plus the image stream image and image stream tag concept modules.
Manage image streams and imports > 12.1. Inspect image streams and tags,Manage image streams and imports > 12.1. Inspect image streams and tags,Manage image streams and imports,full,modules/images-using-imagestream-images.adoc,openshift_images/image-streams-manage.adoc,full,Concept/reference: image stream image objects and how to reference them.,Inspection is covered by the oc describe/get procedure plus the image stream image and image stream tag concept modules.
Manage image streams and imports > 12.1. Inspect image streams and tags,Manage image streams and imports > 12.1. Inspect image streams and tags,Manage image streams and imports,full,modules/images-using-imagestream-tags.adoc,openshift_images/image-streams-manage.adoc,full,Concept/reference: image stream tag objects.,Inspection is covered by the oc describe/get procedure plus the image stream image and image stream tag concept modules.
Manage image streams and imports > 12.1. Inspect image streams and tags,Manage image streams and imports > 12.1. Inspect image streams and tags,Manage image streams and imports,full,modules/images-imagestream-image.adoc,openshift_images/images-understand.adoc,full,Overview-level concept of an image stream image.,Inspection is covered by the oc describe/get procedure plus the image stream image and image stream tag concept modules.
Manage image streams and imports > 12.1. Inspect image streams and tags,Manage image streams and imports > 12.1. Inspect image streams and tags,Manage image streams and imports,full,modules/images-imagestream-tag.adoc,openshift_images/images-understand.adoc,full,Overview-level concept of an image stream tag.,Inspection is covered by the oc describe/get procedure plus the image stream image and image stream tag concept modules.
Manage image streams and imports > 12.2. Tag external and internal images,Manage image streams and imports > 12.2. Tag external and internal images,Manage image streams and imports,full,modules/images-imagestream-adding-tags.adoc,openshift_images/image-streams-manage.adoc,full,Procedure: oc tag to add tags to an image stream.,"Adding, updating and removing tags is documented for both internal and external (external-image) tags, with tag conventions and reference syntax/types."
Manage image streams and imports > 12.2. Tag external and internal images,Manage image streams and imports > 12.2. Tag external and internal images,Manage image streams and imports,full,modules/images-imagestream-external-image-tags.adoc,openshift_images/image-streams-manage.adoc,full,Procedure: add tags that point at an external image.,"Adding, updating and removing tags is documented for both internal and external (external-image) tags, with tag conventions and reference syntax/types."
Manage image streams and imports > 12.2. Tag external and internal images,Manage image streams and imports > 12.2. Tag external and internal images,Manage image streams and imports,full,modules/images-imagestream-update-tag.adoc,openshift_images/image-streams-manage.adoc,full,Procedure: update an image stream tag.,"Adding, updating and removing tags is documented for both internal and external (external-image) tags, with tag conventions and reference syntax/types."
Manage image streams and imports > 12.2. Tag external and internal images,Manage image streams and imports > 12.2. Tag external and internal images,Manage image streams and imports,full,modules/images-imagestream-remove-tag.adoc,openshift_images/image-streams-manage.adoc,full,Procedure: remove an image stream tag.,"Adding, updating and removing tags is documented for both internal and external (external-image) tags, with tag conventions and reference syntax/types."
Manage image streams and imports > 12.2. Tag external and internal images,Manage image streams and imports > 12.2. Tag external and internal images,Manage image streams and imports,full,modules/images-tag.adoc,openshift_images/managing_images/tagging-images.adoc,full,Concept: image tags in image streams.,"Adding, updating and removing tags is documented for both internal and external (external-image) tags, with tag conventions and reference syntax/types."
Manage image streams and imports > 12.2. Tag external and internal images,Manage image streams and imports > 12.2. Tag external and internal images,Manage image streams and imports,full,modules/images-tagging-conventions.adoc,openshift_images/managing_images/tagging-images.adoc,full,Reference: image tag naming conventions.,"Adding, updating and removing tags is documented for both internal and external (external-image) tags, with tag conventions and reference syntax/types."
Manage image streams and imports > 12.2. Tag external and internal images,Manage image streams and imports > 12.2. Tag external and internal images,Manage image streams and imports,full,modules/images-add-tags-to-imagestreams.adoc,openshift_images/managing_images/tagging-images.adoc,full,Procedure: adding tags to image streams (tagging-images variant).,"Adding, updating and removing tags is documented for both internal and external (external-image) tags, with tag conventions and reference syntax/types."
Manage image streams and imports > 12.2. Tag external and internal images,Manage image streams and imports > 12.2. Tag external and internal images,Manage image streams and imports,full,modules/images-remove-tag-imagestream.adoc,openshift_images/managing_images/tagging-images.adoc,full,Procedure: removing tags from image streams (tagging-images variant).,"Adding, updating and removing tags is documented for both internal and external (external-image) tags, with tag conventions and reference syntax/types."
Manage image streams and imports > 12.2. Tag external and internal images,Manage image streams and imports > 12.2. Tag external and internal images,Manage image streams and imports,full,modules/images-referencing-images-imagestreams.adoc,openshift_images/managing_images/tagging-images.adoc,full,Reference: image stream reference syntax used when tagging.,"Adding, updating and removing tags is documented for both internal and external (external-image) tags, with tag conventions and reference syntax/types."
Manage image streams and imports > 12.2. Tag external and internal images,Manage image streams and imports > 12.2. Tag external and internal images,Manage image streams and imports,full,modules/images-imagestream-reference-types.adoc,openshift_images/managing_images/tagging-images.adoc,full,"Concept: source, DockerImage and ImageStreamTag reference types (--reference-policy).","Adding, updating and removing tags is documented for both internal and external (external-image) tags, with tag conventions and reference syntax/types."
Manage image streams and imports > 12.3. Schedule periodic re-import,Manage image streams and imports > 12.3. Schedule periodic re-import,Manage image streams and imports,full,modules/images-imagestream-import.adoc,openshift_images/image-streams-manage.adoc,full,Procedure: configuring periodic importing of image stream tags (oc tag --scheduled).,Scheduled re-import is documented for both plain image stream tags (--scheduled) and manifest lists.
Manage image streams and imports > 12.3. Schedule periodic re-import,Manage image streams and imports > 12.3. Schedule periodic re-import,Manage image streams and imports,full,modules/images-imagestream-periodic-import-list.adoc,openshift_images/image-streams-manage.adoc,full,Procedure: configuring periodic importing of manifest lists.,Scheduled re-import is documented for both plain image stream tags (--scheduled) and manifest lists.
Manage image streams and imports > 12.4. Import from private registries and manifest lists,Manage image streams and imports > 12.4. Import from private registries and manifest lists,Manage image streams and imports,full,modules/images-imagestream-import-images-image-streams.adoc,openshift_images/image-streams-manage.adoc,full,Concept/procedure: importing images and image streams generally.,"Import from private registries, --import-mode manifest-list handling, architecture selection, SSL/TLS handling and the multi-arch import procedure are all documented."
Manage image streams and imports > 12.4. Import from private registries and manifest lists,Manage image streams and imports > 12.4. Import from private registries and manifest lists,Manage image streams and imports,full,modules/images-imagestream-import-images-private-registry.adoc,openshift_images/image-streams-manage.adoc,full,Procedure: import images and image streams from private registries using a secret.,"Import from private registries, --import-mode manifest-list handling, architecture selection, SSL/TLS handling and the multi-arch import procedure are all documented."
Manage image streams and imports > 12.4. Import from private registries and manifest lists,Manage image streams and imports > 12.4. Import from private registries and manifest lists,Manage image streams and imports,full,modules/images-imagestream-import-import-mode.adoc,openshift_images/image-streams-manage.adoc,full,Procedure: working with manifest lists via --import-mode.,"Import from private registries, --import-mode manifest-list handling, architecture selection, SSL/TLS handling and the multi-arch import procedure are all documented."
Manage image streams and imports > 12.4. Import from private registries and manifest lists,Manage image streams and imports > 12.4. Import from private registries and manifest lists,Manage image streams and imports,full,modules/images-imagestream-ssl-import-list.adoc,openshift_images/image-streams-manage.adoc,full,Procedure: configuring SSL/TLS when importing manifest lists.,"Import from private registries, --import-mode manifest-list handling, architecture selection, SSL/TLS handling and the multi-arch import procedure are all documented."
Manage image streams and imports > 12.4. Import from private registries and manifest lists,Manage image streams and imports > 12.4. Import from private registries and manifest lists,Manage image streams and imports,full,modules/images-imagestream-specify-architecture.adoc,openshift_images/image-streams-manage.adoc,full,Procedure: specifying architecture for --import-mode.,"Import from private registries, --import-mode manifest-list handling, architecture selection, SSL/TLS handling and the multi-arch import procedure are all documented."
Manage image streams and imports > 12.4. Import from private registries and manifest lists,Manage image streams and imports > 12.4. Import from private registries and manifest lists,Manage image streams and imports,full,modules/importmode-configuration-fields.adoc,openshift_images/image-streams-manage.adoc,full,Reference: configuration fields for --import-mode.,"Import from private registries, --import-mode manifest-list handling, architecture selection, SSL/TLS handling and the multi-arch import procedure are all documented."
Manage image streams and imports > 12.4. Import from private registries and manifest lists,Manage image streams and imports > 12.4. Import from private registries and manifest lists,Manage image streams and imports,full,modules/multi-architecture-import-imagestreams.adoc,post_installation_configuration/configuring-multi-arch-compute-machines/multi-architecture-compute-managing.adoc,full,Procedure: importing manifest lists in image streams on multi-architecture compute machines.,"Import from private registries, --import-mode manifest-list handling, architecture selection, SSL/TLS handling and the multi-arch import procedure are all documented."
Manage image streams and imports > 12.5. Reference image streams in Kubernetes workloads,Manage image streams and imports > 12.5. Reference image streams in Kubernetes workloads,Manage image streams and imports,full,modules/images-managing-images-enabling-imagestreams-kube.adoc,openshift_images/using-imagestreams-with-kube-resources.adoc,full,"Procedure: enabling image streams with Kubernetes resources (image.openshift.io/triggers, local resolution).","Enabling image stream resolution for Kubernetes resources and setting image triggers via oc set triggers are both documented, plus the underlying trigger concepts."
Manage image streams and imports > 12.5. Reference image streams in Kubernetes workloads,Manage image streams and imports > 12.5. Reference image streams in Kubernetes workloads,Manage image streams and imports,full,modules/images-triggering-updates-imagestream-changes-kubernetes-about.adoc,openshift_images/triggering-updates-on-imagestream-changes.adoc,full,Concept: triggering Kubernetes resources on image stream changes.,"Enabling image stream resolution for Kubernetes resources and setting image triggers via oc set triggers are both documented, plus the underlying trigger concepts."
Manage image streams and imports > 12.5. Reference image streams in Kubernetes workloads,Manage image streams and imports > 12.5. Reference image streams in Kubernetes workloads,Manage image streams and imports,full,modules/images-triggering-updates-imagestream-changes-kubernetes-cli.adoc,openshift_images/triggering-updates-on-imagestream-changes.adoc,full,Procedure: oc set triggers to set the image trigger on Kubernetes resources.,"Enabling image stream resolution for Kubernetes resources and setting image triggers via oc set triggers are both documented, plus the underlying trigger concepts."
Manage image streams and imports > 12.5. Reference image streams in Kubernetes workloads,Manage image streams and imports > 12.5. Reference image streams in Kubernetes workloads,Manage image streams and imports,full,modules/images-using-imagestream-change-triggers.adoc,openshift_images/image-streams-manage.adoc,full,Concept/reference: image stream change triggers.,"Enabling image stream resolution for Kubernetes resources and setting image triggers via oc set triggers are both documented, plus the underlying trigger concepts."
Manage image streams and imports > 12.5. Reference image streams in Kubernetes workloads,Manage image streams and imports > 12.5. Reference image streams in Kubernetes workloads,Manage image streams and imports,full,modules/images-imagestream-trigger.adoc,openshift_images/images-understand.adoc,full,Overview-level concept of image stream triggers.,"Enabling image stream resolution for Kubernetes resources and setting image triggers via oc set triggers are both documented, plus the underlying trigger concepts."
Manage image streams and imports,"When I manage container images in OpenShift, I want to use image streams to abstract and track image versions, so I can import, tag, and inspect images without re-pushing manually.",,full,modules/images-imagestream-use.adoc,openshift_images/image-streams-manage.adoc,full,Concept: what image streams are and why to use them.,"Top-level job is covered by the Managing image streams assembly: what image streams are, how to configure them, image stream mapping, and the working-with-image-streams entry point; the import/tag/inspect specifics live in the five child jobs."
Manage image streams and imports,"When I manage container images in OpenShift, I want to use image streams to abstract and track image versions, so I can import, tag, and inspect images without re-pushing manually.",,full,modules/images-imagestream-configure.adoc,openshift_images/image-streams-manage.adoc,full,Reference: image stream spec/status configuration fields.,"Top-level job is covered by the Managing image streams assembly: what image streams are, how to configure them, image stream mapping, and the working-with-image-streams entry point; the import/tag/inspect specifics live in the five child jobs."
Manage image streams and imports,"When I manage container images in OpenShift, I want to use image streams to abstract and track image versions, so I can import, tag, and inspect images without re-pushing manually.",,full,modules/images-imagestream-mapping.adoc,openshift_images/image-streams-manage.adoc,full,Reference: image stream mapping object (not rendered for ROSA/OSD; ifndef in the assembly).,"Top-level job is covered by the Managing image streams assembly: what image streams are, how to configure them, image stream mapping, and the working-with-image-streams entry point; the import/tag/inspect specifics live in the five child jobs."
Manage image streams and imports,"When I manage container images in OpenShift, I want to use image streams to abstract and track image versions, so I can import, tag, and inspect images without re-pushing manually.",,full,modules/working-with-image-streams.adoc,openshift_images/image-streams-manage.adoc,full,Concept: umbrella section introducing the image stream management tasks.,"Top-level job is covered by the Managing image streams assembly: what image streams are, how to configure them, image stream mapping, and the working-with-image-streams entry point; the import/tag/inspect specifics live in the five child jobs."
Enable symmetric multithreading on my nodes to improve efficiency.,"When I want to enable multithreading on nodes in a specific pool, I can create a machine config object to set the nosmt extension, so that I can enable symmetric multithreading (SMT) on those nodes to improve node efficiency.",,partial,modules/nodes-nodes-kernel-arguments.adoc,machine_configuration/machine-configs-configure.adoc,partial,nosmt appears only as a bullet in the kernel-argument list; no SMT-specific procedure or verification,"No task covers ENABLING SMT: OCP nodes have SMT on by default and the only machine config coverage is the nosmt kernel argument, which disables it. modules/nodes-nodes-kernel-arguments.adoc mentions nosmt only as one bullet in a generic kernel-argument list, with no SMT-specific procedure, no machine config pool targeting example, and no verification step. The performance-profile content covers disabling hyperthreading only. Writer TODO: add an SMT-specific concept plus a MachineConfig/performance-profile procedure (including how to re-enable SMT by removing nosmt) and a verification step."
Enable symmetric multithreading on my nodes to improve efficiency.,"When I want to enable multithreading on nodes in a specific pool, I can create a machine config object to set the nosmt extension, so that I can enable symmetric multithreading (SMT) on those nodes to improve node efficiency.",,partial,modules/cnf-about-hyperthreading-for-low-latency-and-real-time-applications.adoc,scalability_and_performance/cnf-understanding-low-latency.adoc,partial,"hyperthreading concept, scoped to low-latency workloads","No task covers ENABLING SMT: OCP nodes have SMT on by default and the only machine config coverage is the nosmt kernel argument, which disables it. modules/nodes-nodes-kernel-arguments.adoc mentions nosmt only as one bullet in a generic kernel-argument list, with no SMT-specific procedure, no machine config pool targeting example, and no verification step. The performance-profile content covers disabling hyperthreading only. Writer TODO: add an SMT-specific concept plus a MachineConfig/performance-profile procedure (including how to re-enable SMT by removing nosmt) and a verification step."
Enable symmetric multithreading on my nodes to improve efficiency.,"When I want to enable multithreading on nodes in a specific pool, I can create a machine config object to set the nosmt extension, so that I can enable symmetric multithreading (SMT) on those nodes to improve node efficiency.",,partial,modules/disabling-hyperthreading-for-low-latency-applications.adoc,scalability_and_performance/cnf-tuning-low-latency-nodes-with-perf-profile.adoc,partial,disables SMT via performance profile; no enable path,"No task covers ENABLING SMT: OCP nodes have SMT on by default and the only machine config coverage is the nosmt kernel argument, which disables it. modules/nodes-nodes-kernel-arguments.adoc mentions nosmt only as one bullet in a generic kernel-argument list, with no SMT-specific procedure, no machine config pool targeting example, and no verification step. The performance-profile content covers disabling hyperthreading only. Writer TODO: add an SMT-specific concept plus a MachineConfig/performance-profile procedure (including how to re-enable SMT by removing nosmt) and a verification step."
Separate infrastructure machines from machines that run workloads,"When I administer an OCP cluster, I want to host infrastructure components separately from machines that run workloads so that the infrastructure machines are not counted toward the total number of subscriptions that are required to run the environment.",,full,modules/infrastructure-components.adoc,machine_management/creating-infrastructure-machinesets.adoc,full,which components qualify as infrastructure for subscription purposes,
Separate infrastructure machines from machines that run workloads,"When I administer an OCP cluster, I want to host infrastructure components separately from machines that run workloads so that the infrastructure machines are not counted toward the total number of subscriptions that are required to run the environment.",,full,modules/creating-an-infra-node.adoc,machine_management/creating-infrastructure-machinesets.adoc,full,create the infra node and machine config pool,
Separate infrastructure machines from machines that run workloads,"When I administer an OCP cluster, I want to host infrastructure components separately from machines that run workloads so that the infrastructure machines are not counted toward the total number of subscriptions that are required to run the environment.",,full,modules/binding-infra-node-workloads-using-taints-tolerations.adoc,machine_management/creating-infrastructure-machinesets.adoc,full,taints and tolerations keep workloads off infra nodes,
Separate infrastructure machines from machines that run workloads,"When I administer an OCP cluster, I want to host infrastructure components separately from machines that run workloads so that the infrastructure machines are not counted toward the total number of subscriptions that are required to run the environment.",,full,modules/infra-machine-sets-moving.adoc,machine_management/creating-infrastructure-machinesets.adoc,full,move resources to infra machine sets,
Separate infrastructure machines from machines that run workloads,"When I administer an OCP cluster, I want to host infrastructure components separately from machines that run workloads so that the infrastructure machines are not counted toward the total number of subscriptions that are required to run the environment.",,full,modules/infrastructure-moving-router.adoc,machine_management/creating-infrastructure-machinesets.adoc,full,move the router,
Separate infrastructure machines from machines that run workloads,"When I administer an OCP cluster, I want to host infrastructure components separately from machines that run workloads so that the infrastructure machines are not counted toward the total number of subscriptions that are required to run the environment.",,full,modules/infrastructure-moving-registry.adoc,machine_management/creating-infrastructure-machinesets.adoc,full,move the registry,
Separate infrastructure machines from machines that run workloads,"When I administer an OCP cluster, I want to host infrastructure components separately from machines that run workloads so that the infrastructure machines are not counted toward the total number of subscriptions that are required to run the environment.",,full,modules/infrastructure-moving-monitoring.adoc,machine_management/creating-infrastructure-machinesets.adoc,full,move monitoring,
Separate infrastructure machines from machines that run workloads,"When I administer an OCP cluster, I want to host infrastructure components separately from machines that run workloads so that the infrastructure machines are not counted toward the total number of subscriptions that are required to run the environment.",,full,modules/nodes-pods-vertical-autoscaler-moving-vpa.adoc,machine_management/creating-infrastructure-machinesets.adoc,full,move the VPA Operator; ifeval-dispatch (context MATCHES a branch),
Separate infrastructure machines from machines that run workloads,"When I administer an OCP cluster, I want to host infrastructure components separately from machines that run workloads so that the infrastructure machines are not counted toward the total number of subscriptions that are required to run the environment.",,full,modules/nodes-cluster-resource-override-move-infra.adoc,machine_management/creating-infrastructure-machinesets.adoc,full,"move the Cluster Resource Override Operator; ifeval-dispatch (context creating-infrastructure-machinesets NOT in branches ['nodes-cluster-overcommit', 'nodes-pods-vertical-autoscaler'])",
Scale the number of compute machines that use a specific configuration,"When I need to change the number of compute machines that a compute machine set manages, I want to scale the machines that use that configuration so that I can automate provisioning and deprovisioning the machines.",,full,modules/machine-managing-compute-machines.adoc,machine_management/index.adoc,full,Overview of using compute machine sets to manage compute machines,"Machine API compute machine set path is fully covered: per-provider machine set YAML samples (AWS, Azure, Azure Stack Hub, bare metal, GCP, IBM Cloud, IBM Power VS, Nutanix, OpenStack, vSphere), the shared creation procedure, manual scaling, delete policy, and modification. Cluster API alternative is also documented. No provider gaps identified for this job."
Scale the number of compute machines that use a specific configuration,"When I need to change the number of compute machines that a compute machine set manages, I want to scale the machines that use that configuration so that I can automate provisioning and deprovisioning the machines.",,full,modules/machineset-manually-scaling.adoc,machine_management/manually-scaling-machineset.adoc,full,Core procedure: scale a compute machine set up or down,"Machine API compute machine set path is fully covered: per-provider machine set YAML samples (AWS, Azure, Azure Stack Hub, bare metal, GCP, IBM Cloud, IBM Power VS, Nutanix, OpenStack, vSphere), the shared creation procedure, manual scaling, delete policy, and modification. Cluster API alternative is also documented. No provider gaps identified for this job."
Scale the number of compute machines that use a specific configuration,"When I need to change the number of compute machines that a compute machine set manages, I want to scale the machines that use that configuration so that I can automate provisioning and deprovisioning the machines.",,full,modules/machineset-delete-policy.adoc,machine_management/manually-scaling-machineset.adoc,full,Controls which machines are removed when scaling down,"Machine API compute machine set path is fully covered: per-provider machine set YAML samples (AWS, Azure, Azure Stack Hub, bare metal, GCP, IBM Cloud, IBM Power VS, Nutanix, OpenStack, vSphere), the shared creation procedure, manual scaling, delete policy, and modification. Cluster API alternative is also documented. No provider gaps identified for this job."
Scale the number of compute machines that use a specific configuration,"When I need to change the number of compute machines that a compute machine set manages, I want to scale the machines that use that configuration so that I can automate provisioning and deprovisioning the machines.",,full,modules/machineset-modifying.adoc,machine_management/modifying-machineset.adoc,full,Change the configuration that the machine set applies to its machines,"Machine API compute machine set path is fully covered: per-provider machine set YAML samples (AWS, Azure, Azure Stack Hub, bare metal, GCP, IBM Cloud, IBM Power VS, Nutanix, OpenStack, vSphere), the shared creation procedure, manual scaling, delete policy, and modification. Cluster API alternative is also documented. No provider gaps identified for this job."
Scale the number of compute machines that use a specific configuration,"When I need to change the number of compute machines that a compute machine set manages, I want to scale the machines that use that configuration so that I can automate provisioning and deprovisioning the machines.",,full,modules/machineset-creating.adoc,machine_management/creating_machinesets/creating-machineset-aws.adoc,full,"ifeval-dispatch; branches for creating-windows-machineset-aws/azure/vsphere, creating-machineset-azure-stack-hub, creating-machineset-vsphere, aws-compute-edge-zone-tasks and creating-machineset-aws; source context creating-machineset-aws matches a branch. Same module is also included by every other creating-machineset-* assembly.","Machine API compute machine set path is fully covered: per-provider machine set YAML samples (AWS, Azure, Azure Stack Hub, bare metal, GCP, IBM Cloud, IBM Power VS, Nutanix, OpenStack, vSphere), the shared creation procedure, manual scaling, delete policy, and modification. Cluster API alternative is also documented. No provider gaps identified for this job."
Scale the number of compute machines that use a specific configuration,"When I need to change the number of compute machines that a compute machine set manages, I want to scale the machines that use that configuration so that I can automate provisioning and deprovisioning the machines.",,full,modules/machineset-yaml-aws.adoc,machine_management/creating_machinesets/creating-machineset-aws.adoc,full,"ifeval-dispatch; branches target aws-compute-edge-zone-tasks/cluster-tasks/creating-infrastructure-machinesets, so under context creating-machineset-aws the default content renders","Machine API compute machine set path is fully covered: per-provider machine set YAML samples (AWS, Azure, Azure Stack Hub, bare metal, GCP, IBM Cloud, IBM Power VS, Nutanix, OpenStack, vSphere), the shared creation procedure, manual scaling, delete policy, and modification. Cluster API alternative is also documented. No provider gaps identified for this job."
Scale the number of compute machines that use a specific configuration,"When I need to change the number of compute machines that a compute machine set manages, I want to scale the machines that use that configuration so that I can automate provisioning and deprovisioning the machines.",,full,modules/machineset-yaml-azure.adoc,machine_management/creating_machinesets/creating-machineset-azure.adoc,full,ifeval-dispatch; branches target cluster-tasks/creating-infrastructure-machinesets; default content renders under creating-machineset-azure,"Machine API compute machine set path is fully covered: per-provider machine set YAML samples (AWS, Azure, Azure Stack Hub, bare metal, GCP, IBM Cloud, IBM Power VS, Nutanix, OpenStack, vSphere), the shared creation procedure, manual scaling, delete policy, and modification. Cluster API alternative is also documented. No provider gaps identified for this job."
Scale the number of compute machines that use a specific configuration,"When I need to change the number of compute machines that a compute machine set manages, I want to scale the machines that use that configuration so that I can automate provisioning and deprovisioning the machines.",,full,modules/machineset-yaml-azure-stack-hub.adoc,machine_management/creating_machinesets/creating-machineset-azure-stack-hub.adoc,full,ifeval-dispatch; branches target cluster-tasks/creating-infrastructure-machinesets; default content renders,"Machine API compute machine set path is fully covered: per-provider machine set YAML samples (AWS, Azure, Azure Stack Hub, bare metal, GCP, IBM Cloud, IBM Power VS, Nutanix, OpenStack, vSphere), the shared creation procedure, manual scaling, delete policy, and modification. Cluster API alternative is also documented. No provider gaps identified for this job."
Scale the number of compute machines that use a specific configuration,"When I need to change the number of compute machines that a compute machine set manages, I want to scale the machines that use that configuration so that I can automate provisioning and deprovisioning the machines.",,full,modules/machineset-yaml-baremetal.adoc,machine_management/creating_machinesets/creating-machineset-bare-metal.adoc,full,Bare metal compute machine set sample YAML,"Machine API compute machine set path is fully covered: per-provider machine set YAML samples (AWS, Azure, Azure Stack Hub, bare metal, GCP, IBM Cloud, IBM Power VS, Nutanix, OpenStack, vSphere), the shared creation procedure, manual scaling, delete policy, and modification. Cluster API alternative is also documented. No provider gaps identified for this job."
Scale the number of compute machines that use a specific configuration,"When I need to change the number of compute machines that a compute machine set manages, I want to scale the machines that use that configuration so that I can automate provisioning and deprovisioning the machines.",,full,modules/machineset-yaml-gcp.adoc,machine_management/creating_machinesets/creating-machineset-gcp.adoc,full,ifeval-dispatch; only branch is creating-infrastructure-machinesets; default content renders,"Machine API compute machine set path is fully covered: per-provider machine set YAML samples (AWS, Azure, Azure Stack Hub, bare metal, GCP, IBM Cloud, IBM Power VS, Nutanix, OpenStack, vSphere), the shared creation procedure, manual scaling, delete policy, and modification. Cluster API alternative is also documented. No provider gaps identified for this job."
Scale the number of compute machines that use a specific configuration,"When I need to change the number of compute machines that a compute machine set manages, I want to scale the machines that use that configuration so that I can automate provisioning and deprovisioning the machines.",,full,modules/machineset-yaml-ibm-cloud.adoc,machine_management/creating_machinesets/creating-machineset-ibm-cloud.adoc,full,ifeval-dispatch; only branch is creating-infrastructure-machinesets; default content renders,"Machine API compute machine set path is fully covered: per-provider machine set YAML samples (AWS, Azure, Azure Stack Hub, bare metal, GCP, IBM Cloud, IBM Power VS, Nutanix, OpenStack, vSphere), the shared creation procedure, manual scaling, delete policy, and modification. Cluster API alternative is also documented. No provider gaps identified for this job."
Scale the number of compute machines that use a specific configuration,"When I need to change the number of compute machines that a compute machine set manages, I want to scale the machines that use that configuration so that I can automate provisioning and deprovisioning the machines.",,full,modules/machineset-yaml-ibm-power-vs.adoc,machine_management/creating_machinesets/creating-machineset-ibm-power-vs.adoc,full,IBM Power VS compute machine set sample YAML,"Machine API compute machine set path is fully covered: per-provider machine set YAML samples (AWS, Azure, Azure Stack Hub, bare metal, GCP, IBM Cloud, IBM Power VS, Nutanix, OpenStack, vSphere), the shared creation procedure, manual scaling, delete policy, and modification. Cluster API alternative is also documented. No provider gaps identified for this job."
Scale the number of compute machines that use a specific configuration,"When I need to change the number of compute machines that a compute machine set manages, I want to scale the machines that use that configuration so that I can automate provisioning and deprovisioning the machines.",,full,modules/machineset-yaml-nutanix.adoc,machine_management/creating_machinesets/creating-machineset-nutanix.adoc,full,ifeval-dispatch; branches target cluster-tasks/creating-infrastructure-machinesets; default content renders,"Machine API compute machine set path is fully covered: per-provider machine set YAML samples (AWS, Azure, Azure Stack Hub, bare metal, GCP, IBM Cloud, IBM Power VS, Nutanix, OpenStack, vSphere), the shared creation procedure, manual scaling, delete policy, and modification. Cluster API alternative is also documented. No provider gaps identified for this job."
Scale the number of compute machines that use a specific configuration,"When I need to change the number of compute machines that a compute machine set manages, I want to scale the machines that use that configuration so that I can automate provisioning and deprovisioning the machines.",,full,modules/machineset-yaml-osp.adoc,machine_management/creating_machinesets/creating-machineset-osp.adoc,full,ifeval-dispatch; branches target cluster-tasks/creating-infrastructure-machinesets; default content renders,"Machine API compute machine set path is fully covered: per-provider machine set YAML samples (AWS, Azure, Azure Stack Hub, bare metal, GCP, IBM Cloud, IBM Power VS, Nutanix, OpenStack, vSphere), the shared creation procedure, manual scaling, delete policy, and modification. Cluster API alternative is also documented. No provider gaps identified for this job."
Scale the number of compute machines that use a specific configuration,"When I need to change the number of compute machines that a compute machine set manages, I want to scale the machines that use that configuration so that I can automate provisioning and deprovisioning the machines.",,full,modules/machineset-yaml-vsphere.adoc,machine_management/creating_machinesets/creating-machineset-vsphere.adoc,full,ifeval-dispatch; branches target cluster-tasks/creating-infrastructure-machinesets; default content renders,"Machine API compute machine set path is fully covered: per-provider machine set YAML samples (AWS, Azure, Azure Stack Hub, bare metal, GCP, IBM Cloud, IBM Power VS, Nutanix, OpenStack, vSphere), the shared creation procedure, manual scaling, delete policy, and modification. Cluster API alternative is also documented. No provider gaps identified for this job."
Scale the number of compute machines that use a specific configuration,"When I need to change the number of compute machines that a compute machine set manages, I want to scale the machines that use that configuration so that I can automate provisioning and deprovisioning the machines.",,full,modules/capi-creating-machine-template.adoc,machine_management/cluster_api_machine_management/cluster-api-getting-started.adoc,full,Cluster API alternative: machine template that the CAPI machine set references,"Machine API compute machine set path is fully covered: per-provider machine set YAML samples (AWS, Azure, Azure Stack Hub, bare metal, GCP, IBM Cloud, IBM Power VS, Nutanix, OpenStack, vSphere), the shared creation procedure, manual scaling, delete policy, and modification. Cluster API alternative is also documented. No provider gaps identified for this job."
Scale the number of compute machines that use a specific configuration,"When I need to change the number of compute machines that a compute machine set manages, I want to scale the machines that use that configuration so that I can automate provisioning and deprovisioning the machines.",,full,modules/capi-creating-machine-set.adoc,machine_management/cluster_api_machine_management/cluster-api-getting-started.adoc,full,Cluster API alternative to the Machine API compute machine set,"Machine API compute machine set path is fully covered: per-provider machine set YAML samples (AWS, Azure, Azure Stack Hub, bare metal, GCP, IBM Cloud, IBM Power VS, Nutanix, OpenStack, vSphere), the shared creation procedure, manual scaling, delete policy, and modification. Cluster API alternative is also documented. No provider gaps identified for this job."
Add compute machines manually,"When I need to change the number of compute machines in my cluster without automated scaling capabilities, I want to add machines manually so that my workloads and infrastructure have the configuration and resources that they require.",,full,modules/machine-adding-compute-machines-upi.adoc,machine_management/index.adoc,full,Overview of adding compute machines to UPI clusters,"User-provisioned infrastructure paths are covered for AWS (CloudFormation), Azure, Azure Stack Hub, GCP, vSphere (VM and bare-metal-in-vSphere) and bare metal (ISO and PXE), plus CSR approval. IBM Z/LinuxONE and IBM Power manual compute additions are not in machine_management/user_infra; they are only documented as multi-architecture compute nodes under post_installation_configuration/configuring-multi-arch-compute-machines/, which is out of this job's assembly set."
Add compute machines manually,"When I need to change the number of compute machines in my cluster without automated scaling capabilities, I want to add machines manually so that my workloads and infrastructure have the configuration and resources that they require.",,full,modules/machine-adding-aws-compute-cloudformation.adoc,machine_management/user_infra/adding-aws-compute-user-infra.adoc,full,AWS: add compute machines with a CloudFormation template,"User-provisioned infrastructure paths are covered for AWS (CloudFormation), Azure, Azure Stack Hub, GCP, vSphere (VM and bare-metal-in-vSphere) and bare metal (ISO and PXE), plus CSR approval. IBM Z/LinuxONE and IBM Power manual compute additions are not in machine_management/user_infra; they are only documented as multi-architecture compute nodes under post_installation_configuration/configuring-multi-arch-compute-machines/, which is out of this job's assembly set."
Add compute machines manually,"When I need to change the number of compute machines in my cluster without automated scaling capabilities, I want to add machines manually so that my workloads and infrastructure have the configuration and resources that they require.",,full,modules/upi-adding-compute-aws.adoc,machine_management/user_infra/adding-compute-user-infra-general.adoc,full,AWS entry point in the general UPI assembly,"User-provisioned infrastructure paths are covered for AWS (CloudFormation), Azure, Azure Stack Hub, GCP, vSphere (VM and bare-metal-in-vSphere) and bare metal (ISO and PXE), plus CSR approval. IBM Z/LinuxONE and IBM Power manual compute additions are not in machine_management/user_infra; they are only documented as multi-architecture compute nodes under post_installation_configuration/configuring-multi-arch-compute-machines/, which is out of this job's assembly set."
Add compute machines manually,"When I need to change the number of compute machines in my cluster without automated scaling capabilities, I want to add machines manually so that my workloads and infrastructure have the configuration and resources that they require.",,full,modules/upi-adding-compute-azure.adoc,machine_management/user_infra/adding-compute-user-infra-general.adoc,full,Azure entry point in the general UPI assembly,"User-provisioned infrastructure paths are covered for AWS (CloudFormation), Azure, Azure Stack Hub, GCP, vSphere (VM and bare-metal-in-vSphere) and bare metal (ISO and PXE), plus CSR approval. IBM Z/LinuxONE and IBM Power manual compute additions are not in machine_management/user_infra; they are only documented as multi-architecture compute nodes under post_installation_configuration/configuring-multi-arch-compute-machines/, which is out of this job's assembly set."
Add compute machines manually,"When I need to change the number of compute machines in my cluster without automated scaling capabilities, I want to add machines manually so that my workloads and infrastructure have the configuration and resources that they require.",,full,modules/upi-adding-compute-ash.adoc,machine_management/user_infra/adding-compute-user-infra-general.adoc,full,Azure Stack Hub entry point in the general UPI assembly,"User-provisioned infrastructure paths are covered for AWS (CloudFormation), Azure, Azure Stack Hub, GCP, vSphere (VM and bare-metal-in-vSphere) and bare metal (ISO and PXE), plus CSR approval. IBM Z/LinuxONE and IBM Power manual compute additions are not in machine_management/user_infra; they are only documented as multi-architecture compute nodes under post_installation_configuration/configuring-multi-arch-compute-machines/, which is out of this job's assembly set."
Add compute machines manually,"When I need to change the number of compute machines in my cluster without automated scaling capabilities, I want to add machines manually so that my workloads and infrastructure have the configuration and resources that they require.",,full,modules/upi-adding-compute-gcp.adoc,machine_management/user_infra/adding-compute-user-infra-general.adoc,full,GCP entry point in the general UPI assembly,"User-provisioned infrastructure paths are covered for AWS (CloudFormation), Azure, Azure Stack Hub, GCP, vSphere (VM and bare-metal-in-vSphere) and bare metal (ISO and PXE), plus CSR approval. IBM Z/LinuxONE and IBM Power manual compute additions are not in machine_management/user_infra; they are only documented as multi-architecture compute nodes under post_installation_configuration/configuring-multi-arch-compute-machines/, which is out of this job's assembly set."
Add compute machines manually,"When I need to change the number of compute machines in my cluster without automated scaling capabilities, I want to add machines manually so that my workloads and infrastructure have the configuration and resources that they require.",,full,modules/upi-adding-compute-vsphere.adoc,machine_management/user_infra/adding-compute-user-infra-general.adoc,full,vSphere entry point in the general UPI assembly,"User-provisioned infrastructure paths are covered for AWS (CloudFormation), Azure, Azure Stack Hub, GCP, vSphere (VM and bare-metal-in-vSphere) and bare metal (ISO and PXE), plus CSR approval. IBM Z/LinuxONE and IBM Power manual compute additions are not in machine_management/user_infra; they are only documented as multi-architecture compute nodes under post_installation_configuration/configuring-multi-arch-compute-machines/, which is out of this job's assembly set."
Add compute machines manually,"When I need to change the number of compute machines in my cluster without automated scaling capabilities, I want to add machines manually so that my workloads and infrastructure have the configuration and resources that they require.",,full,modules/upi-adding-compute-baremetal.adoc,machine_management/user_infra/adding-compute-user-infra-general.adoc,full,Bare metal entry point in the general UPI assembly,"User-provisioned infrastructure paths are covered for AWS (CloudFormation), Azure, Azure Stack Hub, GCP, vSphere (VM and bare-metal-in-vSphere) and bare metal (ISO and PXE), plus CSR approval. IBM Z/LinuxONE and IBM Power manual compute additions are not in machine_management/user_infra; they are only documented as multi-architecture compute nodes under post_installation_configuration/configuring-multi-arch-compute-machines/, which is out of this job's assembly set."
Add compute machines manually,"When I need to change the number of compute machines in my cluster without automated scaling capabilities, I want to add machines manually so that my workloads and infrastructure have the configuration and resources that they require.",,full,modules/adding-bare-metal-compute-user-infra-prereqs.adoc,machine_management/user_infra/adding-bare-metal-compute-user-infra.adoc,full,Bare metal prerequisites,"User-provisioned infrastructure paths are covered for AWS (CloudFormation), Azure, Azure Stack Hub, GCP, vSphere (VM and bare-metal-in-vSphere) and bare metal (ISO and PXE), plus CSR approval. IBM Z/LinuxONE and IBM Power manual compute additions are not in machine_management/user_infra; they are only documented as multi-architecture compute nodes under post_installation_configuration/configuring-multi-arch-compute-machines/, which is out of this job's assembly set."
Add compute machines manually,"When I need to change the number of compute machines in my cluster without automated scaling capabilities, I want to add machines manually so that my workloads and infrastructure have the configuration and resources that they require.",,full,modules/creating-rhcos-machines-bare-metal.adoc,machine_management/user_infra/adding-bare-metal-compute-user-infra.adoc,full,Create RHCOS machines on bare metal,"User-provisioned infrastructure paths are covered for AWS (CloudFormation), Azure, Azure Stack Hub, GCP, vSphere (VM and bare-metal-in-vSphere) and bare metal (ISO and PXE), plus CSR approval. IBM Z/LinuxONE and IBM Power manual compute additions are not in machine_management/user_infra; they are only documented as multi-architecture compute nodes under post_installation_configuration/configuring-multi-arch-compute-machines/, which is out of this job's assembly set."
Add compute machines manually,"When I need to change the number of compute machines in my cluster without automated scaling capabilities, I want to add machines manually so that my workloads and infrastructure have the configuration and resources that they require.",,full,modules/machine-user-infra-machines-iso.adoc,machine_management/user_infra/adding-bare-metal-compute-user-infra.adoc,full,"ifeval-dispatch; branches target creating-multi-arch-compute-nodes-ibm-power and multi-architecture-configuration, so under context adding-bare-metal-compute-user-infra the default content renders","User-provisioned infrastructure paths are covered for AWS (CloudFormation), Azure, Azure Stack Hub, GCP, vSphere (VM and bare-metal-in-vSphere) and bare metal (ISO and PXE), plus CSR approval. IBM Z/LinuxONE and IBM Power manual compute additions are not in machine_management/user_infra; they are only documented as multi-architecture compute nodes under post_installation_configuration/configuring-multi-arch-compute-machines/, which is out of this job's assembly set."
Add compute machines manually,"When I need to change the number of compute machines in my cluster without automated scaling capabilities, I want to add machines manually so that my workloads and infrastructure have the configuration and resources that they require.",,full,modules/machine-user-infra-machines-pxe.adoc,machine_management/user_infra/adding-bare-metal-compute-user-infra.adoc,full,ifeval-dispatch; only branch is creating-multi-arch-compute-nodes-ibm-power; default content renders under adding-bare-metal-compute-user-infra,"User-provisioned infrastructure paths are covered for AWS (CloudFormation), Azure, Azure Stack Hub, GCP, vSphere (VM and bare-metal-in-vSphere) and bare metal (ISO and PXE), plus CSR approval. IBM Z/LinuxONE and IBM Power manual compute additions are not in machine_management/user_infra; they are only documented as multi-architecture compute nodes under post_installation_configuration/configuring-multi-arch-compute-machines/, which is out of this job's assembly set."
Add compute machines manually,"When I need to change the number of compute machines in my cluster without automated scaling capabilities, I want to add machines manually so that my workloads and infrastructure have the configuration and resources that they require.",,full,modules/bare-metal-vsphere-prerequisites.adoc,machine_management/user_infra/adding-bare-metal-compute-vsphere-user-infra.adoc,full,Prerequisites for bare-metal compute machines in a vSphere cluster,"User-provisioned infrastructure paths are covered for AWS (CloudFormation), Azure, Azure Stack Hub, GCP, vSphere (VM and bare-metal-in-vSphere) and bare metal (ISO and PXE), plus CSR approval. IBM Z/LinuxONE and IBM Power manual compute additions are not in machine_management/user_infra; they are only documented as multi-architecture compute nodes under post_installation_configuration/configuring-multi-arch-compute-machines/, which is out of this job's assembly set."
Add compute machines manually,"When I need to change the number of compute machines in my cluster without automated scaling capabilities, I want to add machines manually so that my workloads and infrastructure have the configuration and resources that they require.",,full,modules/bare-metal-vsphere-iso.adoc,machine_management/user_infra/adding-bare-metal-compute-vsphere-user-infra.adoc,full,Create bare-metal machines with an ISO in a vSphere cluster,"User-provisioned infrastructure paths are covered for AWS (CloudFormation), Azure, Azure Stack Hub, GCP, vSphere (VM and bare-metal-in-vSphere) and bare metal (ISO and PXE), plus CSR approval. IBM Z/LinuxONE and IBM Power manual compute additions are not in machine_management/user_infra; they are only documented as multi-architecture compute nodes under post_installation_configuration/configuring-multi-arch-compute-machines/, which is out of this job's assembly set."
Add compute machines manually,"When I need to change the number of compute machines in my cluster without automated scaling capabilities, I want to add machines manually so that my workloads and infrastructure have the configuration and resources that they require.",,full,modules/bare-metal-vsphere-remove-uninit-taint.adoc,machine_management/user_infra/adding-bare-metal-compute-vsphere-user-infra.adoc,full,Post-add step: remove the uninitialized taint,"User-provisioned infrastructure paths are covered for AWS (CloudFormation), Azure, Azure Stack Hub, GCP, vSphere (VM and bare-metal-in-vSphere) and bare metal (ISO and PXE), plus CSR approval. IBM Z/LinuxONE and IBM Power manual compute additions are not in machine_management/user_infra; they are only documented as multi-architecture compute nodes under post_installation_configuration/configuring-multi-arch-compute-machines/, which is out of this job's assembly set."
Add compute machines manually,"When I need to change the number of compute machines in my cluster without automated scaling capabilities, I want to add machines manually so that my workloads and infrastructure have the configuration and resources that they require.",,full,modules/adding-vsphere-compute-user-infra-prereqs.adoc,machine_management/user_infra/adding-vsphere-compute-user-infra.adoc,full,vSphere prerequisites,"User-provisioned infrastructure paths are covered for AWS (CloudFormation), Azure, Azure Stack Hub, GCP, vSphere (VM and bare-metal-in-vSphere) and bare metal (ISO and PXE), plus CSR approval. IBM Z/LinuxONE and IBM Power manual compute additions are not in machine_management/user_infra; they are only documented as multi-architecture compute nodes under post_installation_configuration/configuring-multi-arch-compute-machines/, which is out of this job's assembly set."
Add compute machines manually,"When I need to change the number of compute machines in my cluster without automated scaling capabilities, I want to add machines manually so that my workloads and infrastructure have the configuration and resources that they require.",,full,modules/machine-vsphere-machines.adoc,machine_management/user_infra/adding-vsphere-compute-user-infra.adoc,full,ifeval-dispatch; only branch is installing-vsphere; default content renders under adding-vsphere-compute-user-infra,"User-provisioned infrastructure paths are covered for AWS (CloudFormation), Azure, Azure Stack Hub, GCP, vSphere (VM and bare-metal-in-vSphere) and bare metal (ISO and PXE), plus CSR approval. IBM Z/LinuxONE and IBM Power manual compute additions are not in machine_management/user_infra; they are only documented as multi-architecture compute nodes under post_installation_configuration/configuring-multi-arch-compute-machines/, which is out of this job's assembly set."
Add compute machines manually,"When I need to change the number of compute machines in my cluster without automated scaling capabilities, I want to add machines manually so that my workloads and infrastructure have the configuration and resources that they require.",,full,modules/installation-approve-csrs.adoc,machine_management/user_infra/adding-vsphere-compute-user-infra.adoc,full,"ifeval-dispatch; branches target installing-ibm-z, installing-ibm-z-kvm, installing-ibm-z-lpar and creating-multi-arch-compute-nodes-ibm-power, so the default content renders here. Shared final step, also included by the AWS and bare metal UPI assemblies in this job","User-provisioned infrastructure paths are covered for AWS (CloudFormation), Azure, Azure Stack Hub, GCP, vSphere (VM and bare-metal-in-vSphere) and bare metal (ISO and PXE), plus CSR approval. IBM Z/LinuxONE and IBM Power manual compute additions are not in machine_management/user_infra; they are only documented as multi-architecture compute nodes under post_installation_configuration/configuring-multi-arch-compute-machines/, which is out of this job's assembly set."
Configure automated machine scaling in an OCP cluster,"When I administer an OCP cluster, I want to configure automated machine scaling so that I can define thresholds for various resources, set the cluster to scale to meet these requirements automatically, and specify desired scaling behavior.",,full,modules/machine-applying-autoscaling.adoc,machine_management/index.adoc,full,Overview of applying autoscaling,"Fully covered by machine_management/applying-autoscaling.adoc: cluster autoscaler concept plus CR reference and priority expander configuration, machine autoscaler concept plus configuration and CR reference, the shared deploy step, and removal of both autoscalers."
Configure automated machine scaling in an OCP cluster,"When I administer an OCP cluster, I want to configure automated machine scaling so that I can define thresholds for various resources, set the cluster to scale to meet these requirements automatically, and specify desired scaling behavior.",,full,modules/cluster-autoscaler-about.adoc,machine_management/applying-autoscaling.adoc,full,Concept: cluster autoscaler and its thresholds,"Fully covered by machine_management/applying-autoscaling.adoc: cluster autoscaler concept plus CR reference and priority expander configuration, machine autoscaler concept plus configuration and CR reference, the shared deploy step, and removal of both autoscalers."
Configure automated machine scaling in an OCP cluster,"When I administer an OCP cluster, I want to configure automated machine scaling so that I can define thresholds for various resources, set the cluster to scale to meet these requirements automatically, and specify desired scaling behavior.",,full,modules/cluster-autoscaler-cr.adoc,machine_management/applying-autoscaling.adoc,full,ClusterAutoscaler CR reference: resource limits and scale-down behavior,"Fully covered by machine_management/applying-autoscaling.adoc: cluster autoscaler concept plus CR reference and priority expander configuration, machine autoscaler concept plus configuration and CR reference, the shared deploy step, and removal of both autoscalers."
Configure automated machine scaling in an OCP cluster,"When I administer an OCP cluster, I want to configure automated machine scaling so that I can define thresholds for various resources, set the cluster to scale to meet these requirements automatically, and specify desired scaling behavior.",,full,modules/cluster-autoscaler-config-priority-expander.adoc,machine_management/applying-autoscaling.adoc,full,Configure scaling behavior with the priority expander,"Fully covered by machine_management/applying-autoscaling.adoc: cluster autoscaler concept plus CR reference and priority expander configuration, machine autoscaler concept plus configuration and CR reference, the shared deploy step, and removal of both autoscalers."
Configure automated machine scaling in an OCP cluster,"When I administer an OCP cluster, I want to configure automated machine scaling so that I can define thresholds for various resources, set the cluster to scale to meet these requirements automatically, and specify desired scaling behavior.",,full,modules/deploying-resource.adoc,machine_management/applying-autoscaling.adoc,full,"Shared deploy step, included twice (cluster autoscaler and machine autoscaler)","Fully covered by machine_management/applying-autoscaling.adoc: cluster autoscaler concept plus CR reference and priority expander configuration, machine autoscaler concept plus configuration and CR reference, the shared deploy step, and removal of both autoscalers."
Configure automated machine scaling in an OCP cluster,"When I administer an OCP cluster, I want to configure automated machine scaling so that I can define thresholds for various resources, set the cluster to scale to meet these requirements automatically, and specify desired scaling behavior.",,full,modules/machine-autoscaler-about.adoc,machine_management/applying-autoscaling.adoc,full,Concept: machine autoscaler per machine set,"Fully covered by machine_management/applying-autoscaling.adoc: cluster autoscaler concept plus CR reference and priority expander configuration, machine autoscaler concept plus configuration and CR reference, the shared deploy step, and removal of both autoscalers."
Configure automated machine scaling in an OCP cluster,"When I administer an OCP cluster, I want to configure automated machine scaling so that I can define thresholds for various resources, set the cluster to scale to meet these requirements automatically, and specify desired scaling behavior.",,full,modules/machine-autoscaler-configuring.adoc,machine_management/applying-autoscaling.adoc,full,Procedure: configure machine autoscalers,"Fully covered by machine_management/applying-autoscaling.adoc: cluster autoscaler concept plus CR reference and priority expander configuration, machine autoscaler concept plus configuration and CR reference, the shared deploy step, and removal of both autoscalers."
Configure automated machine scaling in an OCP cluster,"When I administer an OCP cluster, I want to configure automated machine scaling so that I can define thresholds for various resources, set the cluster to scale to meet these requirements automatically, and specify desired scaling behavior.",,full,modules/machine-autoscaler-cr.adoc,machine_management/applying-autoscaling.adoc,full,MachineAutoscaler CR reference: min and max replicas,"Fully covered by machine_management/applying-autoscaling.adoc: cluster autoscaler concept plus CR reference and priority expander configuration, machine autoscaler concept plus configuration and CR reference, the shared deploy step, and removal of both autoscalers."
Configure automated machine scaling in an OCP cluster,"When I administer an OCP cluster, I want to configure automated machine scaling so that I can define thresholds for various resources, set the cluster to scale to meet these requirements automatically, and specify desired scaling behavior.",,full,modules/deleting-machine-autoscaler.adoc,machine_management/applying-autoscaling.adoc,full,Disable automated scaling for a machine set,"Fully covered by machine_management/applying-autoscaling.adoc: cluster autoscaler concept plus CR reference and priority expander configuration, machine autoscaler concept plus configuration and CR reference, the shared deploy step, and removal of both autoscalers."
Configure automated machine scaling in an OCP cluster,"When I administer an OCP cluster, I want to configure automated machine scaling so that I can define thresholds for various resources, set the cluster to scale to meet these requirements automatically, and specify desired scaling behavior.",,full,modules/deleting-cluster-autoscaler.adoc,machine_management/applying-autoscaling.adoc,full,Disable automated scaling for the cluster,"Fully covered by machine_management/applying-autoscaling.adoc: cluster autoscaler concept plus CR reference and priority expander configuration, machine autoscaler concept plus configuration and CR reference, the shared deploy step, and removal of both autoscalers."
Label GPU machine sets for autoscaler,"When my cluster that contains GPU-enabled instances has automated machine scaling, I want to label GPU machine sets for the autoscaler so that it can scale workloads to GPU nodes as required.",,partial,modules/machineset-label-gpu-autoscaler.adoc,machine_management/applying-autoscaling.adoc,full,Machine API: label a GPU machine set so the cluster autoscaler can select it,"Partial. The Machine API module is rendered from the autoscaling assembly and reused by nearly every creating-machineset-* provider assembly (AWS, Azure, Azure Stack Hub, bare metal, GCP, IBM Cloud, Nutanix, OpenStack, vSphere); it is not included by creating-machineset-ibm-power-vs. What is missing is the Cluster API equivalent: cluster-api-config-options-aws.adoc and cluster-api-config-options-bare-metal.adoc both include modules/machine-feature-agnostic-options-label-gpu-autoscaler.adoc, but that module file does not exist on this branch, so the CAPI GPU autoscaler labelling content is a broken include and renders nothing."
Label GPU machine sets for autoscaler,"When my cluster that contains GPU-enabled instances has automated machine scaling, I want to label GPU machine sets for the autoscaler so that it can scale workloads to GPU nodes as required.",,partial,modules/machineset-label-gpu-autoscaler.adoc,machine_management/creating_machinesets/creating-machineset-aws.adoc,full,"Same module rendered in the AWS provider assembly; also reused by azure, azure-stack-hub, bare-metal, gcp, ibm-cloud, nutanix, osp and vsphere creating-machineset assemblies","Partial. The Machine API module is rendered from the autoscaling assembly and reused by nearly every creating-machineset-* provider assembly (AWS, Azure, Azure Stack Hub, bare metal, GCP, IBM Cloud, Nutanix, OpenStack, vSphere); it is not included by creating-machineset-ibm-power-vs. What is missing is the Cluster API equivalent: cluster-api-config-options-aws.adoc and cluster-api-config-options-bare-metal.adoc both include modules/machine-feature-agnostic-options-label-gpu-autoscaler.adoc, but that module file does not exist on this branch, so the CAPI GPU autoscaler labelling content is a broken include and renders nothing."
Label GPU machine sets for autoscaler,"When my cluster that contains GPU-enabled instances has automated machine scaling, I want to label GPU machine sets for the autoscaler so that it can scale workloads to GPU nodes as required.",,partial,,,gap,"BROKEN INCLUDE: cluster-api-config-options-aws.adoc (line 28) and cluster-api-config-options-bare-metal.adoc (line 34) include modules/machine-feature-agnostic-options-label-gpu-autoscaler.adoc, which does not exist on disk. No Cluster API GPU machine set labelling content is rendered for any provider","Partial. The Machine API module is rendered from the autoscaling assembly and reused by nearly every creating-machineset-* provider assembly (AWS, Azure, Azure Stack Hub, bare metal, GCP, IBM Cloud, Nutanix, OpenStack, vSphere); it is not included by creating-machineset-ibm-power-vs. What is missing is the Cluster API equivalent: cluster-api-config-options-aws.adoc and cluster-api-config-options-bare-metal.adoc both include modules/machine-feature-agnostic-options-label-gpu-autoscaler.adoc, but that module file does not exist on this branch, so the CAPI GPU autoscaler labelling content is a broken include and renders nothing."
Deploy machines on non-guaranteed instance types,"When I have a workload that can tolerate interruptions, I want to use a machine deployed on non-guaranteed instance type so that I can save money.",,partial,modules/machineset-non-guaranteed-instance.adoc,machine_management/creating_machinesets/creating-machineset-aws.adoc,full,"AWS Spot Instances concept. ifeval-dispatch; branches are creating-machineset-aws, creating-machineset-azure, creating-machineset-gcp and legacy-preempt; the source assembly context matches a branch","Machine API coverage exists for the three providers that offer the feature: AWS Spot Instances, Azure Spot VMs and GCP preemptible/Spot VMs, each with a concept module and a creation procedure. Cluster API coverage exists only for AWS (machine-feature-agnostic-nonguaranteed-instances is rendered solely from cluster-api-config-options-aws); there is no CAPI Azure or GCP non-guaranteed instance content, and no non-guaranteed content for vSphere, bare metal, Nutanix, IBM Cloud, IBM Power VS or OpenStack (not offered by those platforms)."
Deploy machines on non-guaranteed instance types,"When I have a workload that can tolerate interruptions, I want to use a machine deployed on non-guaranteed instance type so that I can save money.",,partial,modules/machineset-creating-non-guaranteed-instances.adoc,machine_management/creating_machinesets/creating-machineset-aws.adoc,full,"AWS Spot Instances machine set procedure. ifeval-dispatch; branches are creating-machineset-aws, creating-machineset-azure, creating-machineset-gcp and legacy-preempt; the source assembly context matches a branch","Machine API coverage exists for the three providers that offer the feature: AWS Spot Instances, Azure Spot VMs and GCP preemptible/Spot VMs, each with a concept module and a creation procedure. Cluster API coverage exists only for AWS (machine-feature-agnostic-nonguaranteed-instances is rendered solely from cluster-api-config-options-aws); there is no CAPI Azure or GCP non-guaranteed instance content, and no non-guaranteed content for vSphere, bare metal, Nutanix, IBM Cloud, IBM Power VS or OpenStack (not offered by those platforms)."
Deploy machines on non-guaranteed instance types,"When I have a workload that can tolerate interruptions, I want to use a machine deployed on non-guaranteed instance type so that I can save money.",,partial,modules/machineset-non-guaranteed-instance.adoc,machine_management/creating_machinesets/creating-machineset-azure.adoc,full,"Azure Spot VMs concept. ifeval-dispatch; branches are creating-machineset-aws, creating-machineset-azure, creating-machineset-gcp and legacy-preempt; the source assembly context matches a branch","Machine API coverage exists for the three providers that offer the feature: AWS Spot Instances, Azure Spot VMs and GCP preemptible/Spot VMs, each with a concept module and a creation procedure. Cluster API coverage exists only for AWS (machine-feature-agnostic-nonguaranteed-instances is rendered solely from cluster-api-config-options-aws); there is no CAPI Azure or GCP non-guaranteed instance content, and no non-guaranteed content for vSphere, bare metal, Nutanix, IBM Cloud, IBM Power VS or OpenStack (not offered by those platforms)."
Deploy machines on non-guaranteed instance types,"When I have a workload that can tolerate interruptions, I want to use a machine deployed on non-guaranteed instance type so that I can save money.",,partial,modules/machineset-creating-non-guaranteed-instances.adoc,machine_management/creating_machinesets/creating-machineset-azure.adoc,full,"Azure Spot VMs machine set procedure. ifeval-dispatch; branches are creating-machineset-aws, creating-machineset-azure, creating-machineset-gcp and legacy-preempt; the source assembly context matches a branch","Machine API coverage exists for the three providers that offer the feature: AWS Spot Instances, Azure Spot VMs and GCP preemptible/Spot VMs, each with a concept module and a creation procedure. Cluster API coverage exists only for AWS (machine-feature-agnostic-nonguaranteed-instances is rendered solely from cluster-api-config-options-aws); there is no CAPI Azure or GCP non-guaranteed instance content, and no non-guaranteed content for vSphere, bare metal, Nutanix, IBM Cloud, IBM Power VS or OpenStack (not offered by those platforms)."
Deploy machines on non-guaranteed instance types,"When I have a workload that can tolerate interruptions, I want to use a machine deployed on non-guaranteed instance type so that I can save money.",,partial,modules/machineset-non-guaranteed-instance.adoc,machine_management/creating_machinesets/creating-machineset-gcp.adoc,full,"GCP preemptible/Spot VMs concept; included twice in the GCP assembly. ifeval-dispatch; branches are creating-machineset-aws, creating-machineset-azure, creating-machineset-gcp and legacy-preempt; the source assembly context matches a branch","Machine API coverage exists for the three providers that offer the feature: AWS Spot Instances, Azure Spot VMs and GCP preemptible/Spot VMs, each with a concept module and a creation procedure. Cluster API coverage exists only for AWS (machine-feature-agnostic-nonguaranteed-instances is rendered solely from cluster-api-config-options-aws); there is no CAPI Azure or GCP non-guaranteed instance content, and no non-guaranteed content for vSphere, bare metal, Nutanix, IBM Cloud, IBM Power VS or OpenStack (not offered by those platforms)."
Deploy machines on non-guaranteed instance types,"When I have a workload that can tolerate interruptions, I want to use a machine deployed on non-guaranteed instance type so that I can save money.",,partial,modules/machineset-creating-non-guaranteed-instances.adoc,machine_management/creating_machinesets/creating-machineset-gcp.adoc,full,"GCP preemptible/Spot VMs machine set procedure; included twice in the GCP assembly. ifeval-dispatch; branches are creating-machineset-aws, creating-machineset-azure, creating-machineset-gcp and legacy-preempt; the source assembly context matches a branch","Machine API coverage exists for the three providers that offer the feature: AWS Spot Instances, Azure Spot VMs and GCP preemptible/Spot VMs, each with a concept module and a creation procedure. Cluster API coverage exists only for AWS (machine-feature-agnostic-nonguaranteed-instances is rendered solely from cluster-api-config-options-aws); there is no CAPI Azure or GCP non-guaranteed instance content, and no non-guaranteed content for vSphere, bare metal, Nutanix, IBM Cloud, IBM Power VS or OpenStack (not offered by those platforms)."
Deploy machines on non-guaranteed instance types,"When I have a workload that can tolerate interruptions, I want to use a machine deployed on non-guaranteed instance type so that I can save money.",,partial,modules/machine-feature-agnostic-nonguaranteed-instances.adoc,machine_management/cluster_api_machine_management/cluster_api_provider_configurations/cluster-api-config-options-aws.adoc,partial,ifeval-dispatch; single branch cluster-api-config-options-aws which matches the source context. Cluster API non-guaranteed instance coverage is AWS-only,"Machine API coverage exists for the three providers that offer the feature: AWS Spot Instances, Azure Spot VMs and GCP preemptible/Spot VMs, each with a concept module and a creation procedure. Cluster API coverage exists only for AWS (machine-feature-agnostic-nonguaranteed-instances is rendered solely from cluster-api-config-options-aws); there is no CAPI Azure or GCP non-guaranteed instance content, and no non-guaranteed content for vSphere, bare metal, Nutanix, IBM Cloud, IBM Power VS or OpenStack (not offered by those platforms)."
Deploy machines into reserved capacity,"When I have a planned workload that needs resources with specific parameters, I want to deploy machines into capacity that I have reserved with my cloud provider so that my workload can be deployed as required.",,full,modules/machineset-capacity-reservation.adoc,machine_management/creating_machinesets/creating-machineset-aws.adoc,full,"AWS On-Demand Capacity Reservations and Capacity Blocks for ML on compute machine sets. ifeval-dispatch; branches are creating-machineset-azure, cpmso-supported-features-azure, creating-machineset-aws and cpmso-supported-features-aws; the source assembly context matches a branch","Covered for AWS (On-Demand Capacity Reservations and Capacity Blocks for ML) and Azure (capacity reservation groups) across compute machine sets, control plane machine sets and, for AWS only, the Cluster API. No GCP reservation/commitment content and nothing for the non-cloud providers, which is consistent with the feature not being offered there."
Deploy machines into reserved capacity,"When I have a planned workload that needs resources with specific parameters, I want to deploy machines into capacity that I have reserved with my cloud provider so that my workload can be deployed as required.",,full,modules/machineset-capacity-reservation.adoc,machine_management/creating_machinesets/creating-machineset-azure.adoc,full,"Azure capacity reservation groups on compute machine sets. ifeval-dispatch; branches are creating-machineset-azure, cpmso-supported-features-azure, creating-machineset-aws and cpmso-supported-features-aws; the source assembly context matches a branch","Covered for AWS (On-Demand Capacity Reservations and Capacity Blocks for ML) and Azure (capacity reservation groups) across compute machine sets, control plane machine sets and, for AWS only, the Cluster API. No GCP reservation/commitment content and nothing for the non-cloud providers, which is consistent with the feature not being offered there."
Deploy machines into reserved capacity,"When I have a planned workload that needs resources with specific parameters, I want to deploy machines into capacity that I have reserved with my cloud provider so that my workload can be deployed as required.",,full,modules/machineset-capacity-reservation.adoc,machine_management/control_plane_machine_management/cpmso_provider_configurations/cpmso-supported-features-aws.adoc,full,"AWS capacity reservations for control plane machines. ifeval-dispatch; branches are creating-machineset-azure, cpmso-supported-features-azure, creating-machineset-aws and cpmso-supported-features-aws; the source assembly context matches a branch","Covered for AWS (On-Demand Capacity Reservations and Capacity Blocks for ML) and Azure (capacity reservation groups) across compute machine sets, control plane machine sets and, for AWS only, the Cluster API. No GCP reservation/commitment content and nothing for the non-cloud providers, which is consistent with the feature not being offered there."
Deploy machines into reserved capacity,"When I have a planned workload that needs resources with specific parameters, I want to deploy machines into capacity that I have reserved with my cloud provider so that my workload can be deployed as required.",,full,modules/machineset-capacity-reservation.adoc,machine_management/control_plane_machine_management/cpmso_provider_configurations/cpmso-supported-features-azure.adoc,full,"Azure capacity reservations for control plane machines. ifeval-dispatch; branches are creating-machineset-azure, cpmso-supported-features-azure, creating-machineset-aws and cpmso-supported-features-aws; the source assembly context matches a branch","Covered for AWS (On-Demand Capacity Reservations and Capacity Blocks for ML) and Azure (capacity reservation groups) across compute machine sets, control plane machine sets and, for AWS only, the Cluster API. No GCP reservation/commitment content and nothing for the non-cloud providers, which is consistent with the feature not being offered there."
Deploy machines into reserved capacity,"When I have a planned workload that needs resources with specific parameters, I want to deploy machines into capacity that I have reserved with my cloud provider so that my workload can be deployed as required.",,full,modules/machine-feature-agnostic-capacity-reservation.adoc,machine_management/cluster_api_machine_management/cluster_api_provider_configurations/cluster-api-config-options-aws.adoc,full,ifeval-dispatch; single branch cluster-api-config-options-aws which matches the source context. Cluster API capacity reservation coverage is AWS-only,"Covered for AWS (On-Demand Capacity Reservations and Capacity Blocks for ML) and Azure (capacity reservation groups) across compute machine sets, control plane machine sets and, for AWS only, the Cluster API. No GCP reservation/commitment content and nothing for the non-cloud providers, which is consistent with the feature not being offered there."
Add GPU nodes to machine sets,"When my workloads benefit from GPU acceleration, I want to deploy GPU-enabled machines so that my compute-intensive workloads have the resource they require.",,partial,modules/nvidia-gpu-aws-adding-a-gpu-node.adoc,machine_management/creating_machinesets/creating-machineset-aws.adoc,full,AWS: add a GPU node to an existing cluster via a machine set,"Partial. Machine-set-level GPU node procedures exist only for AWS, Azure and GCP (plus a Cluster API NVIDIA GPU node module for AWS). There is no equivalent add-a-GPU-node machine set procedure for vSphere, bare metal, Nutanix, OpenStack, IBM Cloud or IBM Power VS in machine_management/; GPU support for those platforms is only described conceptually in hardware_accelerators/. GCP additionally has a GPU support enablement module with no AWS/Azure counterpart."
Add GPU nodes to machine sets,"When my workloads benefit from GPU acceleration, I want to deploy GPU-enabled machines so that my compute-intensive workloads have the resource they require.",,partial,modules/nvidia-gpu-azure-adding-a-gpu-node.adoc,machine_management/creating_machinesets/creating-machineset-azure.adoc,full,Azure: add a GPU node to an existing cluster via a machine set,"Partial. Machine-set-level GPU node procedures exist only for AWS, Azure and GCP (plus a Cluster API NVIDIA GPU node module for AWS). There is no equivalent add-a-GPU-node machine set procedure for vSphere, bare metal, Nutanix, OpenStack, IBM Cloud or IBM Power VS in machine_management/; GPU support for those platforms is only described conceptually in hardware_accelerators/. GCP additionally has a GPU support enablement module with no AWS/Azure counterpart."
Add GPU nodes to machine sets,"When my workloads benefit from GPU acceleration, I want to deploy GPU-enabled machines so that my compute-intensive workloads have the resource they require.",,partial,modules/nvidia-gpu-gcp-adding-a-gpu-node.adoc,machine_management/creating_machinesets/creating-machineset-gcp.adoc,full,GCP: add a GPU node to an existing cluster via a machine set,"Partial. Machine-set-level GPU node procedures exist only for AWS, Azure and GCP (plus a Cluster API NVIDIA GPU node module for AWS). There is no equivalent add-a-GPU-node machine set procedure for vSphere, bare metal, Nutanix, OpenStack, IBM Cloud or IBM Power VS in machine_management/; GPU support for those platforms is only described conceptually in hardware_accelerators/. GCP additionally has a GPU support enablement module with no AWS/Azure counterpart."
Add GPU nodes to machine sets,"When my workloads benefit from GPU acceleration, I want to deploy GPU-enabled machines so that my compute-intensive workloads have the resource they require.",,partial,modules/machineset-gcp-enabling-gpu-support.adoc,machine_management/creating_machinesets/creating-machineset-gcp.adoc,full,GCP-only: enable GPU support on a compute machine set; no AWS or Azure counterpart,"Partial. Machine-set-level GPU node procedures exist only for AWS, Azure and GCP (plus a Cluster API NVIDIA GPU node module for AWS). There is no equivalent add-a-GPU-node machine set procedure for vSphere, bare metal, Nutanix, OpenStack, IBM Cloud or IBM Power VS in machine_management/; GPU support for those platforms is only described conceptually in hardware_accelerators/. GCP additionally has a GPU support enablement module with no AWS/Azure counterpart."
Add GPU nodes to machine sets,"When my workloads benefit from GPU acceleration, I want to deploy GPU-enabled machines so that my compute-intensive workloads have the resource they require.",,partial,modules/nvidia-gpu-aws-deploying-the-node-feature-discovery-operator.adoc,machine_management/creating_machinesets/creating-machineset-aws.adoc,full,"Prerequisite NFD Operator step; the same module is reused by the Azure, GCP and Cluster API AWS assemblies","Partial. Machine-set-level GPU node procedures exist only for AWS, Azure and GCP (plus a Cluster API NVIDIA GPU node module for AWS). There is no equivalent add-a-GPU-node machine set procedure for vSphere, bare metal, Nutanix, OpenStack, IBM Cloud or IBM Power VS in machine_management/; GPU support for those platforms is only described conceptually in hardware_accelerators/. GCP additionally has a GPU support enablement module with no AWS/Azure counterpart."
Add GPU nodes to machine sets,"When my workloads benefit from GPU acceleration, I want to deploy GPU-enabled machines so that my compute-intensive workloads have the resource they require.",,partial,modules/machine-feature-aws-add-nvidia-gpu-node.adoc,machine_management/cluster_api_machine_management/cluster_api_provider_configurations/cluster-api-config-options-aws.adoc,partial,Cluster API NVIDIA GPU node support exists for AWS only,"Partial. Machine-set-level GPU node procedures exist only for AWS, Azure and GCP (plus a Cluster API NVIDIA GPU node module for AWS). There is no equivalent add-a-GPU-node machine set procedure for vSphere, bare metal, Nutanix, OpenStack, IBM Cloud or IBM Power VS in machine_management/; GPU support for those platforms is only described conceptually in hardware_accelerators/. GCP additionally has a GPU support enablement module with no AWS/Azure counterpart."
Add GPU nodes to machine sets,"When my workloads benefit from GPU acceleration, I want to deploy GPU-enabled machines so that my compute-intensive workloads have the resource they require.",,partial,,,gap,"No machine set GPU node procedure for vSphere, bare metal, Nutanix, OpenStack, IBM Cloud or IBM Power VS","Partial. Machine-set-level GPU node procedures exist only for AWS, Azure and GCP (plus a Cluster API NVIDIA GPU node module for AWS). There is no equivalent add-a-GPU-node machine set procedure for vSphere, bare metal, Nutanix, OpenStack, IBM Cloud or IBM Power VS in machine_management/; GPU support for those platforms is only described conceptually in hardware_accelerators/. GCP additionally has a GPU support enablement module with no AWS/Azure counterpart."
Network Observability Deployment and Management > - 11.8 Optimize collection performance and resource usage,Network Observability Deployment and Management > - 11.8 Optimize collection performance and resource usage,Network Observability Deployment and Management,full,modules/network-observability-configuring-FLP-sampling.adoc,observability/network_observability/configuring-operator.adoc,full,"Patch spec.agent.ebpf.sampling, the primary collection-cost lever","ORPHAN: parent job ""Network Observability Deployment and Management"" lives in the Discover category (maps/ocp/discover.adoc); this job map is intentionally not wired into maps/ocp/optimize.adoc. eBPF sampling, ingestion-time and eBPF-rule flow filtering, Kafka compression, resource recommendations and measured resource-usage tables, and recording-rule performance optimization together cover the job. Content is spread across four assemblies (configuring-operator, observing-network-traffic, the Kafka scaling assembly, and the health rules assembly), so the job map will need to pull from all four."
Network Observability Deployment and Management > - 11.8 Optimize collection performance and resource usage,Network Observability Deployment and Management > - 11.8 Optimize collection performance and resource usage,Network Observability Deployment and Management,full,modules/network-observability-filter-network-flows-at-ingestion.adoc,observability/network_observability/configuring-operator.adoc,full,Reduce generated flows to lower component resource usage,"ORPHAN: parent job ""Network Observability Deployment and Management"" lives in the Discover category (maps/ocp/discover.adoc); this job map is intentionally not wired into maps/ocp/optimize.adoc. eBPF sampling, ingestion-time and eBPF-rule flow filtering, Kafka compression, resource recommendations and measured resource-usage tables, and recording-rule performance optimization together cover the job. Content is spread across four assemblies (configuring-operator, observing-network-traffic, the Kafka scaling assembly, and the health rules assembly), so the job map will need to pull from all four."
Network Observability Deployment and Management > - 11.8 Optimize collection performance and resource usage,Network Observability Deployment and Management > - 11.8 Optimize collection performance and resource usage,Network Observability Deployment and Management,full,modules/network-observability-resource-recommendations.adoc,observability/network_observability/configuring-operator.adoc,full,Settings that govern resource consumption and performance criteria,"ORPHAN: parent job ""Network Observability Deployment and Management"" lives in the Discover category (maps/ocp/discover.adoc); this job map is intentionally not wired into maps/ocp/optimize.adoc. eBPF sampling, ingestion-time and eBPF-rule flow filtering, Kafka compression, resource recommendations and measured resource-usage tables, and recording-rule performance optimization together cover the job. Content is spread across four assemblies (configuring-operator, observing-network-traffic, the Kafka scaling assembly, and the health rules assembly), so the job map will need to pull from all four."
Network Observability Deployment and Management > - 11.8 Optimize collection performance and resource usage,Network Observability Deployment and Management > - 11.8 Optimize collection performance and resource usage,Network Observability Deployment and Management,full,modules/network-observability-resources-table.adoc,observability/network_observability/configuring-operator.adoc,full,Measured baselines per workload size,"ORPHAN: parent job ""Network Observability Deployment and Management"" lives in the Discover category (maps/ocp/discover.adoc); this job map is intentionally not wired into maps/ocp/optimize.adoc. eBPF sampling, ingestion-time and eBPF-rule flow filtering, Kafka compression, resource recommendations and measured resource-usage tables, and recording-rule performance optimization together cover the job. Content is spread across four assemblies (configuring-operator, observing-network-traffic, the Kafka scaling assembly, and the health rules assembly), so the job map will need to pull from all four."
Network Observability Deployment and Management > - 11.8 Optimize collection performance and resource usage,Network Observability Deployment and Management > - 11.8 Optimize collection performance and resource usage,Network Observability Deployment and Management,full,modules/network-observability-total-resource-usage.adoc,observability/network_observability/configuring-operator.adoc,full,Average CPU/memory at sampling 1 vs 50,"ORPHAN: parent job ""Network Observability Deployment and Management"" lives in the Discover category (maps/ocp/discover.adoc); this job map is intentionally not wired into maps/ocp/optimize.adoc. eBPF sampling, ingestion-time and eBPF-rule flow filtering, Kafka compression, resource recommendations and measured resource-usage tables, and recording-rule performance optimization together cover the job. Content is spread across four assemblies (configuring-operator, observing-network-traffic, the Kafka scaling assembly, and the health rules assembly), so the job map will need to pull from all four."
Network Observability Deployment and Management > - 11.8 Optimize collection performance and resource usage,Network Observability Deployment and Management > - 11.8 Optimize collection performance and resource usage,Network Observability Deployment and Management,full,modules/network-observability-ebpf-rule-flow-filter.adoc,observability/network_observability/observing-network-traffic.adoc,full,eBPF agent rule-based flow filtering,"ORPHAN: parent job ""Network Observability Deployment and Management"" lives in the Discover category (maps/ocp/discover.adoc); this job map is intentionally not wired into maps/ocp/optimize.adoc. eBPF sampling, ingestion-time and eBPF-rule flow filtering, Kafka compression, resource recommendations and measured resource-usage tables, and recording-rule performance optimization together cover the job. Content is spread across four assemblies (configuring-operator, observing-network-traffic, the Kafka scaling assembly, and the health rules assembly), so the job map will need to pull from all four."
Network Observability Deployment and Management > - 11.8 Optimize collection performance and resource usage,Network Observability Deployment and Management > - 11.8 Optimize collection performance and resource usage,Network Observability Deployment and Management,full,modules/network-observability-flow-filter-parameters.adoc,observability/network_observability/observing-network-traffic.adoc,full,Reference for the filter rules,"ORPHAN: parent job ""Network Observability Deployment and Management"" lives in the Discover category (maps/ocp/discover.adoc); this job map is intentionally not wired into maps/ocp/optimize.adoc. eBPF sampling, ingestion-time and eBPF-rule flow filtering, Kafka compression, resource recommendations and measured resource-usage tables, and recording-rule performance optimization together cover the job. Content is spread across four assemblies (configuring-operator, observing-network-traffic, the Kafka scaling assembly, and the health rules assembly), so the job map will need to pull from all four."
Network Observability Deployment and Management > - 11.8 Optimize collection performance and resource usage,Network Observability Deployment and Management > - 11.8 Optimize collection performance and resource usage,Network Observability Deployment and Management,full,modules/network-observability-filtering-ebpf-rule.adoc,observability/network_observability/observing-network-traffic.adoc,full,Procedure to apply an eBPF flow filter rule,"ORPHAN: parent job ""Network Observability Deployment and Management"" lives in the Discover category (maps/ocp/discover.adoc); this job map is intentionally not wired into maps/ocp/optimize.adoc. eBPF sampling, ingestion-time and eBPF-rule flow filtering, Kafka compression, resource recommendations and measured resource-usage tables, and recording-rule performance optimization together cover the job. Content is spread across four assemblies (configuring-operator, observing-network-traffic, the Kafka scaling assembly, and the health rules assembly), so the job map will need to pull from all four."
Network Observability Deployment and Management > - 11.8 Optimize collection performance and resource usage,Network Observability Deployment and Management > - 11.8 Optimize collection performance and resource usage,Network Observability Deployment and Management,full,modules/network-observability-ebpf-flow-data-filtering-examples.adoc,observability/network_observability/observing-network-traffic.adoc,full,Worked filter examples,"ORPHAN: parent job ""Network Observability Deployment and Management"" lives in the Discover category (maps/ocp/discover.adoc); this job map is intentionally not wired into maps/ocp/optimize.adoc. eBPF sampling, ingestion-time and eBPF-rule flow filtering, Kafka compression, resource recommendations and measured resource-usage tables, and recording-rule performance optimization together cover the job. Content is spread across four assemblies (configuring-operator, observing-network-traffic, the Kafka scaling assembly, and the health rules assembly), so the job map will need to pull from all four."
Network Observability Deployment and Management > - 11.8 Optimize collection performance and resource usage,Network Observability Deployment and Management > - 11.8 Optimize collection performance and resource usage,Network Observability Deployment and Management,full,modules/network-observability-kafka-compression-benefits.adoc,observability/network_observability/network-observability-kafka-operator-scaling-network-flow-collection.adoc,full,Throughput/storage benefit of compressing flows on Kafka,"ORPHAN: parent job ""Network Observability Deployment and Management"" lives in the Discover category (maps/ocp/discover.adoc); this job map is intentionally not wired into maps/ocp/optimize.adoc. eBPF sampling, ingestion-time and eBPF-rule flow filtering, Kafka compression, resource recommendations and measured resource-usage tables, and recording-rule performance optimization together cover the job. Content is spread across four assemblies (configuring-operator, observing-network-traffic, the Kafka scaling assembly, and the health rules assembly), so the job map will need to pull from all four."
Network Observability Deployment and Management > - 11.8 Optimize collection performance and resource usage,Network Observability Deployment and Management > - 11.8 Optimize collection performance and resource usage,Network Observability Deployment and Management,full,modules/network-observability-configuring-kafka-compression.adoc,observability/network_observability/network-observability-kafka-operator-scaling-network-flow-collection.adoc,full,,"ORPHAN: parent job ""Network Observability Deployment and Management"" lives in the Discover category (maps/ocp/discover.adoc); this job map is intentionally not wired into maps/ocp/optimize.adoc. eBPF sampling, ingestion-time and eBPF-rule flow filtering, Kafka compression, resource recommendations and measured resource-usage tables, and recording-rule performance optimization together cover the job. Content is spread across four assemblies (configuring-operator, observing-network-traffic, the Kafka scaling assembly, and the health rules assembly), so the job map will need to pull from all four."
Network Observability Deployment and Management > - 11.8 Optimize collection performance and resource usage,Network Observability Deployment and Management > - 11.8 Optimize collection performance and resource usage,Network Observability Deployment and Management,full,modules/network-observability-kafka-compression-codec-reference.adoc,observability/network_observability/network-observability-kafka-operator-scaling-network-flow-collection.adoc,full,,"ORPHAN: parent job ""Network Observability Deployment and Management"" lives in the Discover category (maps/ocp/discover.adoc); this job map is intentionally not wired into maps/ocp/optimize.adoc. eBPF sampling, ingestion-time and eBPF-rule flow filtering, Kafka compression, resource recommendations and measured resource-usage tables, and recording-rule performance optimization together cover the job. Content is spread across four assemblies (configuring-operator, observing-network-traffic, the Kafka scaling assembly, and the health rules assembly), so the job map will need to pull from all four."
Network Observability Deployment and Management > - 11.8 Optimize collection performance and resource usage,Network Observability Deployment and Management > - 11.8 Optimize collection performance and resource usage,Network Observability Deployment and Management,full,modules/network-observability-health-rules-recording-rules-performance-optimization.adoc,observability/network_observability/network-observability-health-rules.adoc,full,Recording rules to cut query/metric cost,"ORPHAN: parent job ""Network Observability Deployment and Management"" lives in the Discover category (maps/ocp/discover.adoc); this job map is intentionally not wired into maps/ocp/optimize.adoc. eBPF sampling, ingestion-time and eBPF-rule flow filtering, Kafka compression, resource recommendations and measured resource-usage tables, and recording-rule performance optimization together cover the job. Content is spread across four assemblies (configuring-operator, observing-network-traffic, the Kafka scaling assembly, and the health rules assembly), so the job map will need to pull from all four."
Network Observability Deployment and Management > - 11.16 Scale components based on cluster size,Network Observability Deployment and Management > - 11.16 Scale components based on cluster size,Network Observability Deployment and Management,partial,modules/network-observability-resources-table.adoc,observability/network_observability/configuring-operator.adoc,full,Per-workload-size baseline resource limits; the sizing input for this job,"ORPHAN: parent job ""Network Observability Deployment and Management"" lives in the Discover category (maps/ocp/discover.adoc); this job map is intentionally not wired into maps/ocp/optimize.adoc. Sizing baselines and the Kafka large-scale path exist, but there is no procedure module for actually scaling the components: nothing documents setting spec.processor.kafkaConsumerReplicas, spec.consolePlugin.replicas or its autoscaler (spec.consolePlugin.autoscaler), or eBPF agent resource limits per cluster size -- those fields appear only inside the generated FlowCollector API reference (modules/network-observability-flowcollector-api-specifications.adoc). Also missing: LokiStack size selection (1x.demo / 1x.extra-small / 1x.small / 1x.medium) tied to cluster size, and any guidance on when to scale up versus increase sampling. Write a 'Scaling network observability components' procedure module keyed to the resource tables."
Network Observability Deployment and Management > - 11.16 Scale components based on cluster size,Network Observability Deployment and Management > - 11.16 Scale components based on cluster size,Network Observability Deployment and Management,partial,modules/network-observability-total-resource-usage.adoc,observability/network_observability/configuring-operator.adoc,full,Total CPU/memory by test scale,"ORPHAN: parent job ""Network Observability Deployment and Management"" lives in the Discover category (maps/ocp/discover.adoc); this job map is intentionally not wired into maps/ocp/optimize.adoc. Sizing baselines and the Kafka large-scale path exist, but there is no procedure module for actually scaling the components: nothing documents setting spec.processor.kafkaConsumerReplicas, spec.consolePlugin.replicas or its autoscaler (spec.consolePlugin.autoscaler), or eBPF agent resource limits per cluster size -- those fields appear only inside the generated FlowCollector API reference (modules/network-observability-flowcollector-api-specifications.adoc). Also missing: LokiStack size selection (1x.demo / 1x.extra-small / 1x.small / 1x.medium) tied to cluster size, and any guidance on when to scale up versus increase sampling. Write a 'Scaling network observability components' procedure module keyed to the resource tables."
Network Observability Deployment and Management > - 11.16 Scale components based on cluster size,Network Observability Deployment and Management > - 11.16 Scale components based on cluster size,Network Observability Deployment and Management,partial,modules/network-observability-resource-recommendations.adoc,observability/network_observability/configuring-operator.adoc,partial,Lists the settings to consider but does not give a scaling procedure,"ORPHAN: parent job ""Network Observability Deployment and Management"" lives in the Discover category (maps/ocp/discover.adoc); this job map is intentionally not wired into maps/ocp/optimize.adoc. Sizing baselines and the Kafka large-scale path exist, but there is no procedure module for actually scaling the components: nothing documents setting spec.processor.kafkaConsumerReplicas, spec.consolePlugin.replicas or its autoscaler (spec.consolePlugin.autoscaler), or eBPF agent resource limits per cluster size -- those fields appear only inside the generated FlowCollector API reference (modules/network-observability-flowcollector-api-specifications.adoc). Also missing: LokiStack size selection (1x.demo / 1x.extra-small / 1x.small / 1x.medium) tied to cluster size, and any guidance on when to scale up versus increase sampling. Write a 'Scaling network observability components' procedure module keyed to the resource tables."
Network Observability Deployment and Management > - 11.16 Scale components based on cluster size,Network Observability Deployment and Management > - 11.16 Scale components based on cluster size,Network Observability Deployment and Management,partial,modules/network-observability-kafka-for-large-scale-environments.adoc,observability/network_observability/network-observability-kafka-operator-scaling-network-flow-collection.adoc,full,When to introduce Kafka for large clusters,"ORPHAN: parent job ""Network Observability Deployment and Management"" lives in the Discover category (maps/ocp/discover.adoc); this job map is intentionally not wired into maps/ocp/optimize.adoc. Sizing baselines and the Kafka large-scale path exist, but there is no procedure module for actually scaling the components: nothing documents setting spec.processor.kafkaConsumerReplicas, spec.consolePlugin.replicas or its autoscaler (spec.consolePlugin.autoscaler), or eBPF agent resource limits per cluster size -- those fields appear only inside the generated FlowCollector API reference (modules/network-observability-flowcollector-api-specifications.adoc). Also missing: LokiStack size selection (1x.demo / 1x.extra-small / 1x.small / 1x.medium) tied to cluster size, and any guidance on when to scale up versus increase sampling. Write a 'Scaling network observability components' procedure module keyed to the resource tables."
Network Observability Deployment and Management > - 11.16 Scale components based on cluster size,Network Observability Deployment and Management > - 11.16 Scale components based on cluster size,Network Observability Deployment and Management,partial,modules/network-observability-flowcollector-kafka-config.adoc,observability/network_observability/configuring-operator.adoc,full,Configure the FlowCollector to use Kafka for scale-out,"ORPHAN: parent job ""Network Observability Deployment and Management"" lives in the Discover category (maps/ocp/discover.adoc); this job map is intentionally not wired into maps/ocp/optimize.adoc. Sizing baselines and the Kafka large-scale path exist, but there is no procedure module for actually scaling the components: nothing documents setting spec.processor.kafkaConsumerReplicas, spec.consolePlugin.replicas or its autoscaler (spec.consolePlugin.autoscaler), or eBPF agent resource limits per cluster size -- those fields appear only inside the generated FlowCollector API reference (modules/network-observability-flowcollector-api-specifications.adoc). Also missing: LokiStack size selection (1x.demo / 1x.extra-small / 1x.small / 1x.medium) tied to cluster size, and any guidance on when to scale up versus increase sampling. Write a 'Scaling network observability components' procedure module keyed to the resource tables."
Network Observability Deployment and Management > - 11.16 Scale components based on cluster size,Network Observability Deployment and Management > - 11.16 Scale components based on cluster size,Network Observability Deployment and Management,partial,modules/network-observability-nodes-taints-tolerations.adoc,observability/network_observability/network-observability-scheduling-resources.adoc,partial,Placement of agents/components on nodes; scheduling rather than sizing,"ORPHAN: parent job ""Network Observability Deployment and Management"" lives in the Discover category (maps/ocp/discover.adoc); this job map is intentionally not wired into maps/ocp/optimize.adoc. Sizing baselines and the Kafka large-scale path exist, but there is no procedure module for actually scaling the components: nothing documents setting spec.processor.kafkaConsumerReplicas, spec.consolePlugin.replicas or its autoscaler (spec.consolePlugin.autoscaler), or eBPF agent resource limits per cluster size -- those fields appear only inside the generated FlowCollector API reference (modules/network-observability-flowcollector-api-specifications.adoc). Also missing: LokiStack size selection (1x.demo / 1x.extra-small / 1x.small / 1x.medium) tied to cluster size, and any guidance on when to scale up versus increase sampling. Write a 'Scaling network observability components' procedure module keyed to the resource tables."
Network Observability Deployment and Management > - 11.16 Scale components based on cluster size,Network Observability Deployment and Management > - 11.16 Scale components based on cluster size,Network Observability Deployment and Management,partial,modules/network-observability-flowcollector-api-specifications.adoc,observability/network_observability/flowcollector-api.adoc,partial,"Only place replica/autoscaler fields are documented; generated API reference, not task content","ORPHAN: parent job ""Network Observability Deployment and Management"" lives in the Discover category (maps/ocp/discover.adoc); this job map is intentionally not wired into maps/ocp/optimize.adoc. Sizing baselines and the Kafka large-scale path exist, but there is no procedure module for actually scaling the components: nothing documents setting spec.processor.kafkaConsumerReplicas, spec.consolePlugin.replicas or its autoscaler (spec.consolePlugin.autoscaler), or eBPF agent resource limits per cluster size -- those fields appear only inside the generated FlowCollector API reference (modules/network-observability-flowcollector-api-specifications.adoc). Also missing: LokiStack size selection (1x.demo / 1x.extra-small / 1x.small / 1x.medium) tied to cluster size, and any guidance on when to scale up versus increase sampling. Write a 'Scaling network observability components' procedure module keyed to the resource tables."
Customize kernel behavior > Configure kernel parameters for pods,"When I want to fine-tune my performance and networking at the pod level, I need to enable safe or unsafe linux sysctls for pods or network interfaces.",Customize kernel behavior,full,modules/nodes-containers-sysctls-about.adoc,nodes/containers/nodes-containers-sysctls.adoc,full,,
Customize kernel behavior > Configure kernel parameters for pods,"When I want to fine-tune my performance and networking at the pod level, I need to enable safe or unsafe linux sysctls for pods or network interfaces.",Customize kernel behavior,full,modules/nodes-namespaced-nodelevel-sysctls.adoc,nodes/containers/nodes-containers-sysctls.adoc,full,namespaced vs node-level sysctls,
Customize kernel behavior > Configure kernel parameters for pods,"When I want to fine-tune my performance and networking at the pod level, I need to enable safe or unsafe linux sysctls for pods or network interfaces.",Customize kernel behavior,full,modules/nodes-safe-sysctls-list.adoc,nodes/containers/nodes-containers-sysctls.adoc,full,safe vs unsafe classification,
Customize kernel behavior > Configure kernel parameters for pods,"When I want to fine-tune my performance and networking at the pod level, I need to enable safe or unsafe linux sysctls for pods or network interfaces.",Customize kernel behavior,full,modules/update-network-sysctl-allowlist.adoc,nodes/containers/nodes-containers-sysctls.adoc,full,extending the allowlist of network sysctls,
Customize kernel behavior > Configure kernel parameters for pods,"When I want to fine-tune my performance and networking at the pod level, I need to enable safe or unsafe linux sysctls for pods or network interfaces.",Customize kernel behavior,full,modules/nodes-containers-start-pod-safe-sysctls.adoc,nodes/containers/nodes-containers-sysctls.adoc,full,setting safe sysctls on a pod,
Customize kernel behavior > Configure kernel parameters for pods,"When I want to fine-tune my performance and networking at the pod level, I need to enable safe or unsafe linux sysctls for pods or network interfaces.",Customize kernel behavior,full,modules/nodes-containers-sysctls-setting.adoc,nodes/containers/nodes-containers-sysctls.adoc,full,,
Customize kernel behavior > Configure kernel parameters for pods,"When I want to fine-tune my performance and networking at the pod level, I need to enable safe or unsafe linux sysctls for pods or network interfaces.",Customize kernel behavior,full,modules/nodes-containers-sysctls-unsafe.adoc,nodes/containers/nodes-containers-sysctls.adoc,full,enabling unsafe sysctls on the kubelet,
Customize kernel behavior > Configure kernel parameters for pods,"When I want to fine-tune my performance and networking at the pod level, I need to enable safe or unsafe linux sysctls for pods or network interfaces.",Customize kernel behavior,full,modules/nw-cfg-tuning-interface-cni.adoc,networking/configuring_network_settings/configure-syscontrols-interface-tuning-cni.adoc,full,interface-level sysctls through the tuning CNI plug-in,
Customize kernel behavior > Configure kernel parameters for pods,"When I want to fine-tune my performance and networking at the pod level, I need to enable safe or unsafe linux sysctls for pods or network interfaces.",Customize kernel behavior,full,modules/nw-cfg-config-all-multi-cni.adoc,networking/configuring_network_settings/configure-syscontrols-interface-tuning-cni.adoc,full,all-multicast mode via the tuning plug-in,
Customize kernel behavior > Configure kernel parameters for pods,"When I want to fine-tune my performance and networking at the pod level, I need to enable safe or unsafe linux sysctls for pods or network interfaces.",Customize kernel behavior,full,modules/nw-label-nodes-with-sriov.adoc,networking/hardware_networks/configuring-interface-sysctl-sriov-device.adoc,partial,prerequisite node labeling for the SR-IOV sysctl flow,
Customize kernel behavior > Configure kernel parameters for pods,"When I want to fine-tune my performance and networking at the pod level, I need to enable safe or unsafe linux sysctls for pods or network interfaces.",Customize kernel behavior,full,modules/nw-sriov-interface-level-sysctl-basic.adoc,networking/hardware_networks/configuring-interface-sysctl-sriov-device.adoc,full,,
Customize kernel behavior > Configure kernel parameters for pods,"When I want to fine-tune my performance and networking at the pod level, I need to enable safe or unsafe linux sysctls for pods or network interfaces.",Customize kernel behavior,full,modules/nw-sriov-interface-level-sysctl-basic-node-policy.adoc,networking/hardware_networks/configuring-interface-sysctl-sriov-device.adoc,full,,
Customize kernel behavior > Configure kernel parameters for pods,"When I want to fine-tune my performance and networking at the pod level, I need to enable safe or unsafe linux sysctls for pods or network interfaces.",Customize kernel behavior,full,modules/nw-configure-sysctl-interface-sriov-network.adoc,networking/hardware_networks/configuring-interface-sysctl-sriov-device.adoc,full,,
Customize kernel behavior > Configure kernel parameters for pods,"When I want to fine-tune my performance and networking at the pod level, I need to enable safe or unsafe linux sysctls for pods or network interfaces.",Customize kernel behavior,full,modules/nw-sriov-interface-level-sysctl-bonded.adoc,networking/hardware_networks/configuring-interface-sysctl-sriov-device.adoc,full,,
Customize kernel behavior > Configure kernel parameters for pods,"When I want to fine-tune my performance and networking at the pod level, I need to enable safe or unsafe linux sysctls for pods or network interfaces.",Customize kernel behavior,full,modules/nw-sriov-interface-level-sysctl-bonded-node-policy.adoc,networking/hardware_networks/configuring-interface-sysctl-sriov-device.adoc,full,,
Customize kernel behavior > Configure kernel parameters for pods,"When I want to fine-tune my performance and networking at the pod level, I need to enable safe or unsafe linux sysctls for pods or network interfaces.",Customize kernel behavior,full,modules/nw-configure-sysctl-interface-sriov-network-bonded.adoc,networking/hardware_networks/configuring-interface-sysctl-sriov-device.adoc,full,,
Deploy clusters across data centers > Understand etcd performance,"When I am managing my cluster, I want to understand how etcd works, so I can make informed decisions about infrastructure tuning and performance optimization",Deploy clusters across data centers,full,modules/how-etcd-works.adoc,etcd/etcd-overview.adoc,full,CONCEPT: how etcd works,FOLDED: superseded by the coarse job understand-etcd-performance-factors; the granular job map was deleted and its modules are covered there. 
Deploy clusters across data centers > Understand etcd performance,"When I am managing my cluster, I want to understand how etcd works, so I can make informed decisions about infrastructure tuning and performance optimization",Deploy clusters across data centers,full,modules/understand-etcd-performance.adoc,etcd/etcd-overview.adoc,full,CONCEPT: conditions affecting etcd performance,FOLDED: superseded by the coarse job understand-etcd-performance-factors; the granular job map was deleted and its modules are covered there. 
Deploy clusters across data centers > Effects of disk latency on etcd,"When troubleshooting performance, I want to understand how disk latency affects etcd, so I can identify if slow storage is causing missed heartbeats, request timeouts, or unexpected leader elections",Deploy clusters across data centers,full,modules/etcd-disk-latency.adoc,etcd/etcd-performance.adoc,full,CONCEPT: exact title match 'Effects of disk latency on etcd',FOLDED: superseded by the coarse job understand-etcd-performance-factors and optimize-etcd-performance; the granular job map was deleted and its modules are covered there. 
Deploy clusters across data centers > Effects of disk latency on etcd,"When troubleshooting performance, I want to understand how disk latency affects etcd, so I can identify if slow storage is causing missed heartbeats, request timeouts, or unexpected leader elections",Deploy clusters across data centers,full,modules/etcd-consensus-latency.adoc,etcd/etcd-performance.adoc,full,PROCEDURE: monitor consensus latency to identify slow storage,FOLDED: superseded by the coarse job understand-etcd-performance-factors and optimize-etcd-performance; the granular job map was deleted and its modules are covered there. 
Deploy clusters across data centers > Leader election and log replication of etcd,"When learning about etcd internals, I want to understand the Raft leader election and log replication processes, so I can better diagnose consensus and replication issues",Deploy clusters across data centers,full,modules/etcd-leader-election-log-replication.adoc,etcd/etcd-performance.adoc,full,CONCEPT: exact title match,FOLDED: superseded by the coarse job understand-etcd-performance-factors; the granular job map was deleted and its modules are covered there. 
Deploy clusters across data centers > OpenShift Container Platform timer tunables for etcd,"When my cluster is running in a high-latency environment, I want to review the available timer tunables, so I can decide if I need to adjust them to prevent stability issues",Deploy clusters across data centers,full,modules/etcd-timer-tunables.adoc,etcd/etcd-performance.adoc,full,CONCEPT: exact title match '{product-title} timer tunables for etcd',FOLDED: superseded by the coarse job optimize-etcd-performance and understand-etcd-performance-factors; the granular job map was deleted and its modules are covered there. 
Deploy clusters across data centers > OpenShift Container Platform timer tunables for etcd,"When my cluster is running in a high-latency environment, I want to review the available timer tunables, so I can decide if I need to adjust them to prevent stability issues",Deploy clusters across data centers,full,modules/etcd-tuning-parameters.adoc,etcd/etcd-performance.adoc,full,PROCEDURE: how to actually adjust the tunables after reviewing them,FOLDED: superseded by the coarse job optimize-etcd-performance and understand-etcd-performance-factors; the granular job map was deleted and its modules are covered there. 
Deploy clusters across data centers > How etcd peer round trip time affects performance,"When analyzing network metrics, I want to understand how etcd peer round trip time differs from standard ping latency, so I can measure exactly how quickly etcd finishes replicating client requests among members",Deploy clusters across data centers,full,modules/etcd-peer-round-trip.adoc,etcd/etcd-performance.adoc,full,CONCEPT: exact title match 'How etcd peer round-trip time affects performance',FOLDED: superseded by the coarse job understand-etcd-performance-factors and optimize-etcd-performance; the granular job map was deleted and its modules are covered there. 
Deploy clusters across data centers > How etcd peer round trip time affects performance,"When analyzing network metrics, I want to understand how etcd peer round trip time differs from standard ping latency, so I can measure exactly how quickly etcd finishes replicating client requests among members",Deploy clusters across data centers,full,modules/etcd-network-latency-jitter.adoc,etcd/etcd-performance.adoc,full,PROCEDURE: measuring network jitter between control plane nodes,FOLDED: superseded by the coarse job understand-etcd-performance-factors and optimize-etcd-performance; the granular job map was deleted and its modules are covered there. 
Move etcd to a different disk > Limit Kubernetes event duration to manage etcd size,"When my etcd database is growing rapidly, I want to limit the duration of Kubernetes events, so I can keep the database size manageable and prevent space exhaustion",Move etcd to a different disk,full,modules/etcd-customize-ttl.adoc,etcd/etcd-performance.adoc,full,PROCEDURE: 'Managing etcd size by limiting the duration of Kubernetes events' - exact fit,FOLDED: superseded by the coarse job scale-etcd-database-size; the granular job map was deleted and its modules are covered there. 
Move etcd to a different disk > Set hardware tuning parameters for etcd,"When my cluster experiences high network latency or missed heartbeats, I want to set etcd tuning parameters like hardware speed tolerance, so I can reduce disruptive leader elections and optimize cluster stability.",Move etcd to a different disk,full,modules/etcd-tuning-parameters.adoc,etcd/etcd-performance.adoc,full,PROCEDURE: 'Setting tuning parameters for etcd' - HardwareSpeed - exact fit,FOLDED: superseded by the coarse job optimize-etcd-performance; the granular job map was deleted and its modules are covered there. 
Move etcd to a different disk > Set hardware tuning parameters for etcd,"When my cluster experiences high network latency or missed heartbeats, I want to set etcd tuning parameters like hardware speed tolerance, so I can reduce disruptive leader elections and optimize cluster stability.",Move etcd to a different disk,full,modules/etcd-timer-tunables.adoc,etcd/etcd-performance.adoc,full,CONCEPT: values behind each hardware speed setting,FOLDED: superseded by the coarse job optimize-etcd-performance; the granular job map was deleted and its modules are covered there. 
Optimize etcd performance > Determine etcd database size,"When I am observing cluster health, I want to determine the current etcd database capacity and usage, so I can see if it is approaching its storage quota",Optimize etcd performance,full,modules/etcd-database-size.adoc,etcd/etcd-performance.adoc,full,PROCEDURE: 'Determining the size of the etcd database and understanding its effects' - exact fit,
Optimize etcd performance > Increase etcd database size,"When my cluster requires more than the default storage quota, I want to increase the etcd database size limit, so I can accommodate a larger number of resources and events without triggering alarms",Optimize etcd performance,full,modules/etcd-increase-db.adoc,etcd/etcd-performance.adoc,full,PROCEDURE: 'Increasing the database size for etcd' - exact fit,
Optimize etcd performance > Increase etcd database size,"When my cluster requires more than the default storage quota, I want to increase the etcd database size limit, so I can accommodate a larger number of resources and events without triggering alarms",Optimize etcd performance,full,modules/etcd-increase-db-troubleshooting.adoc,etcd/etcd-performance.adoc,full,REFERENCE: troubleshooting the increase,
