job_name,job_statement,parent_job,job_coverage,module_file,source_assembly,module_status,module_note,job_notes
Manage ephermeral storage,"When I need to work with temporary storage in OpenShift, I want to understand how ephemeral storage works, so that I can make informed decisions about when to use it for my workloads.",,full,modules/ephemeral-storage-csi-inline-overview.adoc,storage/container_storage_interface/ephemeral-storage-csi-inline.adoc,existing,ephemeral,7 sub-jobs
Manage ephermeral storage,"When I need to work with temporary storage in OpenShift, I want to understand how ephemeral storage works, so that I can make informed decisions about when to use it for my workloads.",,full,modules/ephemeral-storage-csi-inline-overview-admin-plugin.adoc,storage/container_storage_interface/ephemeral-storage-csi-inline.adoc,existing,ephemeral,7 sub-jobs
Manage ephermeral storage,"When I need to work with temporary storage in OpenShift, I want to understand how ephemeral storage works, so that I can make informed decisions about when to use it for my workloads.",,full,modules/ephemeral-storage-csi-inline-pod.adoc,storage/container_storage_interface/ephemeral-storage-csi-inline.adoc,existing,ephemeral,7 sub-jobs
Manage ephermeral storage,"When I need to work with temporary storage in OpenShift, I want to understand how ephemeral storage works, so that I can make informed decisions about when to use it for my workloads.",,full,modules/storage-ephemeral-vols-overview.adoc,storage/generic-ephemeral-vols.adoc,existing,ephemeral,7 sub-jobs
Manage ephermeral storage,"When I need to work with temporary storage in OpenShift, I want to understand how ephemeral storage works, so that I can make informed decisions about when to use it for my workloads.",,full,modules/storage-ephemeral-vols-lifecycle.adoc,storage/generic-ephemeral-vols.adoc,existing,ephemeral,7 sub-jobs
Manage ephermeral storage,"When I need to work with temporary storage in OpenShift, I want to understand how ephemeral storage works, so that I can make informed decisions about when to use it for my workloads.",,full,modules/storage-ephemeral-vols-security.adoc,storage/generic-ephemeral-vols.adoc,existing,ephemeral,7 sub-jobs
Manage ephermeral storage,"When I need to work with temporary storage in OpenShift, I want to understand how ephemeral storage works, so that I can make informed decisions about when to use it for my workloads.",,full,modules/storage-ephemeral-vols-pvc-naming.adoc,storage/generic-ephemeral-vols.adoc,existing,ephemeral,7 sub-jobs
Manage ephermeral storage,"When I need to work with temporary storage in OpenShift, I want to understand how ephemeral storage works, so that I can make informed decisions about when to use it for my workloads.",,full,modules/storage-ephemeral-vols-procedure.adoc,storage/generic-ephemeral-vols.adoc,existing,ephemeral,7 sub-jobs
Manage ephermeral storage,"When I need to work with temporary storage in OpenShift, I want to understand how ephemeral storage works, so that I can make informed decisions about when to use it for my workloads.",,full,modules/storage-ephemeral-storage-overview.adoc,storage/understanding-ephemeral-storage.adoc,existing,ephemeral,7 sub-jobs
Manage ephermeral storage,"When I need to work with temporary storage in OpenShift, I want to understand how ephemeral storage works, so that I can make informed decisions about when to use it for my workloads.",,full,modules/storage-ephemeral-storage-types.adoc,storage/understanding-ephemeral-storage.adoc,existing,ephemeral,7 sub-jobs
Manage ephermeral storage,"When I need to work with temporary storage in OpenShift, I want to understand how ephemeral storage works, so that I can make informed decisions about when to use it for my workloads.",,full,modules/storage-ephemeral-storage-manage-overview.adoc,storage/understanding-ephemeral-storage.adoc,existing,ephemeral,7 sub-jobs
Manage ephermeral storage,"When I need to work with temporary storage in OpenShift, I want to understand how ephemeral storage works, so that I can make informed decisions about when to use it for my workloads.",,full,modules/storage-ephemeral-storage-manage-requests-and-limits.adoc,storage/understanding-ephemeral-storage.adoc,existing,ephemeral,7 sub-jobs
Manage ephermeral storage,"When I need to work with temporary storage in OpenShift, I want to understand how ephemeral storage works, so that I can make informed decisions about when to use it for my workloads.",,full,modules/storage-ephemeral-storage-manage-config-and-eviction.adoc,storage/understanding-ephemeral-storage.adoc,existing,ephemeral,7 sub-jobs
Manage ephermeral storage,"When I need to work with temporary storage in OpenShift, I want to understand how ephemeral storage works, so that I can make informed decisions about when to use it for my workloads.",,full,modules/storage-ephemeral-storage-monitoring.adoc,storage/understanding-ephemeral-storage.adoc,existing,ephemeral,7 sub-jobs
Understand persistent storage,"When I'm working with persistent storage, I want to understand the PV/PVC lifecycle, so that I can properly manage storage provisioning and cleanup.",,full,modules/persistent-storage-csi-efs-overview.adoc,storage/container_storage_interface/persistent-storage-csi-aws-efs.adoc,existing,persistent,1 sub-jobs
Understand persistent storage,"When I'm working with persistent storage, I want to understand the PV/PVC lifecycle, so that I can properly manage storage provisioning and cleanup.",,full,modules/persistent-storage-csi-about.adoc,storage/container_storage_interface/persistent-storage-csi-aws-efs.adoc,existing,persistent,1 sub-jobs
Understand persistent storage,"When I'm working with persistent storage, I want to understand the PV/PVC lifecycle, so that I can properly manage storage provisioning and cleanup.",,full,modules/persistent-storage-efs-csi-driver-operator-setup.adoc,storage/container_storage_interface/persistent-storage-csi-aws-efs.adoc,existing,persistent,1 sub-jobs
Understand persistent storage,"When I'm working with persistent storage, I want to understand the PV/PVC lifecycle, so that I can properly manage storage provisioning and cleanup.",,full,modules/persistent-storage-csi-efs-sts.adoc,storage/container_storage_interface/persistent-storage-csi-aws-efs.adoc,existing,persistent,1 sub-jobs
Understand persistent storage,"When I'm working with persistent storage, I want to understand the PV/PVC lifecycle, so that I can properly manage storage provisioning and cleanup.",,full,modules/sd-persistent-storage-csi-efs-sts.adoc,storage/container_storage_interface/persistent-storage-csi-aws-efs.adoc,existing,persistent,1 sub-jobs
Understand persistent storage,"When I'm working with persistent storage, I want to understand the PV/PVC lifecycle, so that I can properly manage storage provisioning and cleanup.",,full,modules/persistent-storage-csi-olm-operator-install.adoc,storage/container_storage_interface/persistent-storage-csi-aws-efs.adoc,existing,persistent,1 sub-jobs
Understand persistent storage,"When I'm working with persistent storage, I want to understand the PV/PVC lifecycle, so that I can properly manage storage provisioning and cleanup.",,full,modules/persistent-storage-csi-efs-driver-install.adoc,storage/container_storage_interface/persistent-storage-csi-aws-efs.adoc,existing,persistent,1 sub-jobs
Understand persistent storage,"When I'm working with persistent storage, I want to understand the PV/PVC lifecycle, so that I can properly manage storage provisioning and cleanup.",,full,modules/storage-create-storage-class.adoc,storage/container_storage_interface/persistent-storage-csi-aws-efs.adoc,existing,persistent,1 sub-jobs
Understand persistent storage,"When I'm working with persistent storage, I want to understand the PV/PVC lifecycle, so that I can properly manage storage provisioning and cleanup.",,full,modules/storage-create-storage-class-console.adoc,storage/container_storage_interface/persistent-storage-csi-aws-efs.adoc,existing,persistent,1 sub-jobs
Understand persistent storage,"When I'm working with persistent storage, I want to understand the PV/PVC lifecycle, so that I can properly manage storage provisioning and cleanup.",,full,modules/storage-create-storage-class-cli.adoc,storage/container_storage_interface/persistent-storage-csi-aws-efs.adoc,existing,persistent,1 sub-jobs
Understand persistent storage,"When I'm working with persistent storage, I want to understand the PV/PVC lifecycle, so that I can properly manage storage provisioning and cleanup.",,full,modules/persistent-storage-csi-efs-cross-account.adoc,storage/container_storage_interface/persistent-storage-csi-aws-efs.adoc,existing,persistent,1 sub-jobs
Understand persistent storage,"When I'm working with persistent storage, I want to understand the PV/PVC lifecycle, so that I can properly manage storage provisioning and cleanup.",,full,modules/persistent-storage-csi-efs-one-zone-intro.adoc,storage/container_storage_interface/persistent-storage-csi-aws-efs.adoc,existing,persistent,1 sub-jobs
Understand persistent storage,"When I'm working with persistent storage, I want to understand the PV/PVC lifecycle, so that I can properly manage storage provisioning and cleanup.",,full,modules/persistent-storage-csi-efs-one-zone-overview.adoc,storage/container_storage_interface/persistent-storage-csi-aws-efs.adoc,existing,persistent,1 sub-jobs
Understand persistent storage,"When I'm working with persistent storage, I want to understand the PV/PVC lifecycle, so that I can properly manage storage provisioning and cleanup.",,full,modules/persistent-storage-csi-efs-one-zone-procedure.adoc,storage/container_storage_interface/persistent-storage-csi-aws-efs.adoc,existing,persistent,1 sub-jobs
Understand persistent storage,"When I'm working with persistent storage, I want to understand the PV/PVC lifecycle, so that I can properly manage storage provisioning and cleanup.",,full,modules/persistent-storage-csi-dynamic-provisioning-aws-efs.adoc,storage/container_storage_interface/persistent-storage-csi-aws-efs.adoc,existing,persistent,1 sub-jobs
Understand persistent storage,"When I'm working with persistent storage, I want to understand the PV/PVC lifecycle, so that I can properly manage storage provisioning and cleanup.",,full,modules/persistent-storage-csi-efs-static-pv.adoc,storage/container_storage_interface/persistent-storage-csi-aws-efs.adoc,existing,persistent,1 sub-jobs
Understand persistent storage,"When I'm working with persistent storage, I want to understand the PV/PVC lifecycle, so that I can properly manage storage provisioning and cleanup.",,full,modules/persistent-storage-csi-efs-security.adoc,storage/container_storage_interface/persistent-storage-csi-aws-efs.adoc,existing,persistent,1 sub-jobs
Understand persistent storage,"When I'm working with persistent storage, I want to understand the PV/PVC lifecycle, so that I can properly manage storage provisioning and cleanup.",,full,modules/persistent-storage-csi-efs-metrics-overview.adoc,storage/container_storage_interface/persistent-storage-csi-aws-efs.adoc,existing,persistent,1 sub-jobs
Understand persistent storage,"When I'm working with persistent storage, I want to understand the PV/PVC lifecycle, so that I can properly manage storage provisioning and cleanup.",,full,modules/persistent-storage-csi-efs-metrics-procedure-gui.adoc,storage/container_storage_interface/persistent-storage-csi-aws-efs.adoc,existing,persistent,1 sub-jobs
Understand persistent storage,"When I'm working with persistent storage, I want to understand the PV/PVC lifecycle, so that I can properly manage storage provisioning and cleanup.",,full,modules/persistent-storage-csi-efs-metrics-procedure-cli.adoc,storage/container_storage_interface/persistent-storage-csi-aws-efs.adoc,existing,persistent,1 sub-jobs
Understand persistent storage,"When I'm working with persistent storage, I want to understand the PV/PVC lifecycle, so that I can properly manage storage provisioning and cleanup.",,full,modules/persistent-storage-csi-efs-troubleshooting.adoc,storage/container_storage_interface/persistent-storage-csi-aws-efs.adoc,existing,persistent,1 sub-jobs
Understand persistent storage,"When I'm working with persistent storage, I want to understand the PV/PVC lifecycle, so that I can properly manage storage provisioning and cleanup.",,full,modules/persistent-storage-csi-olm-operator-uninstall.adoc,storage/container_storage_interface/persistent-storage-csi-aws-efs.adoc,existing,persistent,1 sub-jobs
Understand persistent storage,"When I'm working with persistent storage, I want to understand the PV/PVC lifecycle, so that I can properly manage storage provisioning and cleanup.",,full,modules/persistent-storage-csi-azure-file-overview.adoc,storage/container_storage_interface/persistent-storage-csi-azure-file.adoc,existing,persistent,1 sub-jobs
Understand persistent storage,"When I'm working with persistent storage, I want to understand the PV/PVC lifecycle, so that I can properly manage storage provisioning and cleanup.",,full,modules/persistent-storage-csi-azure-file-nfs.adoc,storage/container_storage_interface/persistent-storage-csi-azure-file.adoc,existing,persistent,1 sub-jobs
Understand persistent storage,"When I'm working with persistent storage, I want to understand the PV/PVC lifecycle, so that I can properly manage storage provisioning and cleanup.",,full,modules/persistent-storage-csi-azure-file-cross-sub-overview.adoc,storage/container_storage_interface/persistent-storage-csi-azure-file.adoc,existing,persistent,1 sub-jobs
Understand persistent storage,"When I'm working with persistent storage, I want to understand the PV/PVC lifecycle, so that I can properly manage storage provisioning and cleanup.",,full,modules/persistent-storage-csi-azure-file-cross-sub-dynamic-provisioning-procedure.adoc,storage/container_storage_interface/persistent-storage-csi-azure-file.adoc,existing,persistent,1 sub-jobs
Understand persistent storage,"When I'm working with persistent storage, I want to understand the PV/PVC lifecycle, so that I can properly manage storage provisioning and cleanup.",,full,modules/persistent-storage-csi-azure-file-cross-sub-dynamic-pre-provisioning-pv-pvc-procedure.adoc,storage/container_storage_interface/persistent-storage-csi-azure-file.adoc,existing,persistent,1 sub-jobs
Understand persistent storage,"When I'm working with persistent storage, I want to understand the PV/PVC lifecycle, so that I can properly manage storage provisioning and cleanup.",,full,modules/persistent-storage-csi-azure-file-static-provisioning-procedure.adoc,storage/container_storage_interface/persistent-storage-csi-azure-file.adoc,existing,persistent,1 sub-jobs
Understand persistent storage,"When I'm working with persistent storage, I want to understand the PV/PVC lifecycle, so that I can properly manage storage provisioning and cleanup.",,full,modules/persistent-storage-csi-azure-stack-hub-overview.adoc,storage/container_storage_interface/persistent-storage-csi-azure-stack-hub.adoc,existing,persistent,1 sub-jobs
Understand persistent storage,"When I'm working with persistent storage, I want to understand the PV/PVC lifecycle, so that I can properly manage storage provisioning and cleanup.",,full,modules/persistent-storage-csi-azure-disk-overview.adoc,storage/container_storage_interface/persistent-storage-csi-azure.adoc,existing,persistent,1 sub-jobs
Understand persistent storage,"When I'm working with persistent storage, I want to understand the PV/PVC lifecycle, so that I can properly manage storage provisioning and cleanup.",,full,modules/persistent-storage-csi-azure-disk-sc-zrs.adoc,storage/container_storage_interface/persistent-storage-csi-azure.adoc,existing,persistent,1 sub-jobs
Understand persistent storage,"When I'm working with persistent storage, I want to understand the PV/PVC lifecycle, so that I can properly manage storage provisioning and cleanup.",,full,modules/persistent-storage-csi-azure-disk-perf-plus.adoc,storage/container_storage_interface/persistent-storage-csi-azure.adoc,existing,persistent,1 sub-jobs
Understand persistent storage,"When I'm working with persistent storage, I want to understand the PV/PVC lifecycle, so that I can properly manage storage provisioning and cleanup.",,full,modules/persistent-storage-csi-azure-disk-perf-plus-overview.adoc,storage/container_storage_interface/persistent-storage-csi-azure.adoc,existing,persistent,1 sub-jobs
Understand persistent storage,"When I'm working with persistent storage, I want to understand the PV/PVC lifecycle, so that I can properly manage storage provisioning and cleanup.",,full,modules/persistent-storage-csi-azure-disk-perf-plus-limits.adoc,storage/container_storage_interface/persistent-storage-csi-azure.adoc,existing,persistent,1 sub-jobs
Understand persistent storage,"When I'm working with persistent storage, I want to understand the PV/PVC lifecycle, so that I can properly manage storage provisioning and cleanup.",,full,modules/persistent-storage-csi-azure-disk-perf-plus-sc.adoc,storage/container_storage_interface/persistent-storage-csi-azure.adoc,existing,persistent,1 sub-jobs
Understand persistent storage,"When I'm working with persistent storage, I want to understand the PV/PVC lifecycle, so that I can properly manage storage provisioning and cleanup.",,full,modules/persistent-storage-csi-azure-disk-perf-plus-create-new-disk-by-snapshot-clone.adoc,storage/container_storage_interface/persistent-storage-csi-azure.adoc,existing,persistent,1 sub-jobs
Understand persistent storage,"When I'm working with persistent storage, I want to understand the PV/PVC lifecycle, so that I can properly manage storage provisioning and cleanup.",,full,modules/persistent-storage-byok.adoc,storage/container_storage_interface/persistent-storage-csi-azure.adoc,existing,persistent,1 sub-jobs
Understand persistent storage,"When I'm working with persistent storage, I want to understand the PV/PVC lifecycle, so that I can properly manage storage provisioning and cleanup.",,full,modules/machineset-azure-ultra-disk.adoc,storage/container_storage_interface/persistent-storage-csi-azure.adoc,existing,persistent,1 sub-jobs
Understand persistent storage,"When I'm working with persistent storage, I want to understand the PV/PVC lifecycle, so that I can properly manage storage provisioning and cleanup.",,full,modules/machineset-creating-azure-ultra-disk.adoc,storage/container_storage_interface/persistent-storage-csi-azure.adoc,existing,persistent,1 sub-jobs
Understand persistent storage,"When I'm working with persistent storage, I want to understand the PV/PVC lifecycle, so that I can properly manage storage provisioning and cleanup.",,full,modules/machineset-troubleshooting-azure-ultra-disk.adoc,storage/container_storage_interface/persistent-storage-csi-azure.adoc,existing,persistent,1 sub-jobs
Understand persistent storage,"When I'm working with persistent storage, I want to understand the PV/PVC lifecycle, so that I can properly manage storage provisioning and cleanup.",,full,modules/persistent-storage-csi-cinder-overview.adoc,storage/container_storage_interface/persistent-storage-csi-cinder.adoc,existing,persistent,1 sub-jobs
Understand persistent storage,"When I'm working with persistent storage, I want to understand the PV/PVC lifecycle, so that I can properly manage storage provisioning and cleanup.",,full,modules/persistent-storage-csi-cinder-storage-class.adoc,storage/container_storage_interface/persistent-storage-csi-cinder.adoc,existing,persistent,1 sub-jobs
Understand persistent storage,"When I'm working with persistent storage, I want to understand the PV/PVC lifecycle, so that I can properly manage storage provisioning and cleanup.",,full,modules/persistent-storage-csi-cloning-overview.adoc,storage/container_storage_interface/persistent-storage-csi-cloning.adoc,existing,persistent,1 sub-jobs
Understand persistent storage,"When I'm working with persistent storage, I want to understand the PV/PVC lifecycle, so that I can properly manage storage provisioning and cleanup.",,full,modules/persistent-storage-csi-cloning-provisioning.adoc,storage/container_storage_interface/persistent-storage-csi-cloning.adoc,existing,persistent,1 sub-jobs
Understand persistent storage,"When I'm working with persistent storage, I want to understand the PV/PVC lifecycle, so that I can properly manage storage provisioning and cleanup.",,full,modules/persistent-storage-csi-aws-ebs-overview.adoc,storage/container_storage_interface/persistent-storage-csi-ebs.adoc,existing,persistent,1 sub-jobs
Understand persistent storage,"When I'm working with persistent storage, I want to understand the PV/PVC lifecycle, so that I can properly manage storage provisioning and cleanup.",,full,modules/persistent-storage-csi-eusc.adoc,storage/container_storage_interface/persistent-storage-csi-ebs.adoc,existing,persistent,1 sub-jobs
Understand persistent storage,"When I'm working with persistent storage, I want to understand the PV/PVC lifecycle, so that I can properly manage storage provisioning and cleanup.",,full,modules/persistent-storage-csi-gcp-pd-overview.adoc,storage/container_storage_interface/persistent-storage-csi-gcp-pd.adoc,existing,persistent,1 sub-jobs
Understand persistent storage,"When I'm working with persistent storage, I want to understand the PV/PVC lifecycle, so that I can properly manage storage provisioning and cleanup.",,full,modules/persistent-storage-csi-gcp-pd-reduce-permissions.adoc,storage/container_storage_interface/persistent-storage-csi-gcp-pd.adoc,existing,persistent,1 sub-jobs
Understand persistent storage,"When I'm working with persistent storage, I want to understand the PV/PVC lifecycle, so that I can properly manage storage provisioning and cleanup.",,full,modules/persistent-storage-csi-gcp-pd-storage-class-ref.adoc,storage/container_storage_interface/persistent-storage-csi-gcp-pd.adoc,existing,persistent,1 sub-jobs
Understand persistent storage,"When I'm working with persistent storage, I want to understand the PV/PVC lifecycle, so that I can properly manage storage provisioning and cleanup.",,full,modules/persistent-storage-csi-gcp-hyperdisk-overview.adoc,storage/container_storage_interface/persistent-storage-csi-gcp-pd.adoc,existing,persistent,1 sub-jobs
Understand persistent storage,"When I'm working with persistent storage, I want to understand the PV/PVC lifecycle, so that I can properly manage storage provisioning and cleanup.",,full,modules/persistent-storage-csi-gcp-hyperdisk-limitations.adoc,storage/container_storage_interface/persistent-storage-csi-gcp-pd.adoc,existing,persistent,1 sub-jobs
Understand persistent storage,"When I'm working with persistent storage, I want to understand the PV/PVC lifecycle, so that I can properly manage storage provisioning and cleanup.",,full,modules/persistent-storage-csi-gcp-hyperdisk-ha-overview.adoc,storage/container_storage_interface/persistent-storage-csi-gcp-pd.adoc,existing,persistent,1 sub-jobs
Understand persistent storage,"When I'm working with persistent storage, I want to understand the PV/PVC lifecycle, so that I can properly manage storage provisioning and cleanup.",,full,modules/persistent-storage-csi-gcp-hyperdisk-storage-pools-overview.adoc,storage/container_storage_interface/persistent-storage-csi-gcp-pd.adoc,existing,persistent,1 sub-jobs
Understand persistent storage,"When I'm working with persistent storage, I want to understand the PV/PVC lifecycle, so that I can properly manage storage provisioning and cleanup.",,full,modules/persistent-storage-csi-gcp-hyperdisk-storage-pools-procedure.adoc,storage/container_storage_interface/persistent-storage-csi-gcp-pd.adoc,existing,persistent,1 sub-jobs
Understand persistent storage,"When I'm working with persistent storage, I want to understand the PV/PVC lifecycle, so that I can properly manage storage provisioning and cleanup.",,full,modules/persistent-storage-csi-gcp-pd-encrypted-pv.adoc,storage/container_storage_interface/persistent-storage-csi-gcp-pd.adoc,existing,persistent,1 sub-jobs
Understand persistent storage,"When I'm working with persistent storage, I want to understand the PV/PVC lifecycle, so that I can properly manage storage provisioning and cleanup.",,full,modules/persistent-storage-csi-gcp-images-snapshot-class-overview.adoc,storage/container_storage_interface/persistent-storage-csi-gcp-pd.adoc,existing,persistent,1 sub-jobs
Understand persistent storage,"When I'm working with persistent storage, I want to understand the PV/PVC lifecycle, so that I can properly manage storage provisioning and cleanup.",,full,modules/persistent-storage-csi-google-cloud-file-overview.adoc,storage/container_storage_interface/persistent-storage-csi-google-cloud-file.adoc,existing,persistent,1 sub-jobs
Understand persistent storage,"When I'm working with persistent storage, I want to understand the PV/PVC lifecycle, so that I can properly manage storage provisioning and cleanup.",,full,modules/persistent-storage-csi-gcp-file-install-overview.adoc,storage/container_storage_interface/persistent-storage-csi-google-cloud-file.adoc,existing,persistent,1 sub-jobs
Understand persistent storage,"When I'm working with persistent storage, I want to understand the PV/PVC lifecycle, so that I can properly manage storage provisioning and cleanup.",,full,modules/persistent-storage-csi-gcp-filestore-wif.adoc,storage/container_storage_interface/persistent-storage-csi-google-cloud-file.adoc,existing,persistent,1 sub-jobs
Understand persistent storage,"When I'm working with persistent storage, I want to understand the PV/PVC lifecycle, so that I can properly manage storage provisioning and cleanup.",,full,modules/persistent-storage-csi-gcp-file-install.adoc,storage/container_storage_interface/persistent-storage-csi-google-cloud-file.adoc,existing,persistent,1 sub-jobs
Understand persistent storage,"When I'm working with persistent storage, I want to understand the PV/PVC lifecycle, so that I can properly manage storage provisioning and cleanup.",,full,modules/persistent-storage-csi-google-cloud-file-create-sc.adoc,storage/container_storage_interface/persistent-storage-csi-google-cloud-file.adoc,existing,persistent,1 sub-jobs
Understand persistent storage,"When I'm working with persistent storage, I want to understand the PV/PVC lifecycle, so that I can properly manage storage provisioning and cleanup.",,full,modules/persistent-storage-csi-gcp-filestore-nfs-export-options.adoc,storage/container_storage_interface/persistent-storage-csi-google-cloud-file.adoc,existing,persistent,1 sub-jobs
Understand persistent storage,"When I'm working with persistent storage, I want to understand the PV/PVC lifecycle, so that I can properly manage storage provisioning and cleanup.",,full,modules/persistent-storage-csi-google-cloud-file-delete-instances.adoc,storage/container_storage_interface/persistent-storage-csi-google-cloud-file.adoc,existing,persistent,1 sub-jobs
Understand persistent storage,"When I'm working with persistent storage, I want to understand the PV/PVC lifecycle, so that I can properly manage storage provisioning and cleanup.",,full,modules/persistent-storage-csi-group-snapshots-overview.adoc,storage/container_storage_interface/persistent-storage-csi-group-snapshots.adoc,existing,persistent,1 sub-jobs
Understand persistent storage,"When I'm working with persistent storage, I want to understand the PV/PVC lifecycle, so that I can properly manage storage provisioning and cleanup.",,full,modules/persistent-storage-csi-group-snapshots-limitations.adoc,storage/container_storage_interface/persistent-storage-csi-group-snapshots.adoc,existing,persistent,1 sub-jobs
Understand persistent storage,"When I'm working with persistent storage, I want to understand the PV/PVC lifecycle, so that I can properly manage storage provisioning and cleanup.",,full,modules/persistent-storage-csi-group-snapshot-create-admin.adoc,storage/container_storage_interface/persistent-storage-csi-group-snapshots.adoc,existing,persistent,1 sub-jobs
Understand persistent storage,"When I'm working with persistent storage, I want to understand the PV/PVC lifecycle, so that I can properly manage storage provisioning and cleanup.",,full,modules/persistent-storage-csi-group-snapshots-create.adoc,storage/container_storage_interface/persistent-storage-csi-group-snapshots.adoc,existing,persistent,1 sub-jobs
Understand persistent storage,"When I'm working with persistent storage, I want to understand the PV/PVC lifecycle, so that I can properly manage storage provisioning and cleanup.",,full,modules/persistent-storage-csi-group-snapshots-restore.adoc,storage/container_storage_interface/persistent-storage-csi-group-snapshots.adoc,existing,persistent,1 sub-jobs
Understand persistent storage,"When I'm working with persistent storage, I want to understand the PV/PVC lifecycle, so that I can properly manage storage provisioning and cleanup.",,full,modules/persistent-storage-csi-ibm-vpc-block-overview.adoc,storage/container_storage_interface/persistent-storage-csi-ibm-cloud-vpc-block.adoc,existing,persistent,1 sub-jobs
Understand persistent storage,"When I'm working with persistent storage, I want to understand the PV/PVC lifecycle, so that I can properly manage storage provisioning and cleanup.",,full,modules/persistent-storage-csi-ibm-powervs-block-intro.adoc,storage/container_storage_interface/persistent-storage-csi-ibm-powervs-block.adoc,existing,persistent,1 sub-jobs
Understand persistent storage,"When I'm working with persistent storage, I want to understand the PV/PVC lifecycle, so that I can properly manage storage provisioning and cleanup.",,full,modules/persistent-storage-csi-ibm-powervs-block-overview.adoc,storage/container_storage_interface/persistent-storage-csi-ibm-powervs-block.adoc,existing,persistent,1 sub-jobs
Understand persistent storage,"When I'm working with persistent storage, I want to understand the PV/PVC lifecycle, so that I can properly manage storage provisioning and cleanup.",,full,modules/persistent-storage-csi-manila-overview.adoc,storage/container_storage_interface/persistent-storage-csi-manila.adoc,existing,persistent,1 sub-jobs
Understand persistent storage,"When I'm working with persistent storage, I want to understand the PV/PVC lifecycle, so that I can properly manage storage provisioning and cleanup.",,full,modules/persistent-storage-csi-manila-limitations.adoc,storage/container_storage_interface/persistent-storage-csi-manila.adoc,existing,persistent,1 sub-jobs
Understand persistent storage,"When I'm working with persistent storage, I want to understand the PV/PVC lifecycle, so that I can properly manage storage provisioning and cleanup.",,full,modules/persistent-storage-csi-manila-dynamic-provisioning-overview.adoc,storage/container_storage_interface/persistent-storage-csi-manila.adoc,existing,persistent,1 sub-jobs
Understand persistent storage,"When I'm working with persistent storage, I want to understand the PV/PVC lifecycle, so that I can properly manage storage provisioning and cleanup.",,full,modules/persistent-storage-csi-manila-dynamic-provisioning-console.adoc,storage/container_storage_interface/persistent-storage-csi-manila.adoc,existing,persistent,1 sub-jobs
Understand persistent storage,"When I'm working with persistent storage, I want to understand the PV/PVC lifecycle, so that I can properly manage storage provisioning and cleanup.",,full,modules/persistent-storage-csi-manila-dynamic-provisioning.adoc,storage/container_storage_interface/persistent-storage-csi-manila.adoc,existing,persistent,1 sub-jobs
Understand persistent storage,"When I'm working with persistent storage, I want to understand the PV/PVC lifecycle, so that I can properly manage storage provisioning and cleanup.",,full,modules/persistent-storage-csi-manila-share-access-rules.adoc,storage/container_storage_interface/persistent-storage-csi-manila.adoc,existing,persistent,1 sub-jobs
Understand persistent storage,"When I'm working with persistent storage, I want to understand the PV/PVC lifecycle, so that I can properly manage storage provisioning and cleanup.",,full,modules/persistent-storage-csi-migration-overview.adoc,storage/container_storage_interface/persistent-storage-csi-migration.adoc,existing,persistent,1 sub-jobs
Understand persistent storage,"When I'm working with persistent storage, I want to understand the PV/PVC lifecycle, so that I can properly manage storage provisioning and cleanup.",,full,modules/persistent-storage-csi-migration-sc.adoc,storage/container_storage_interface/persistent-storage-csi-migration.adoc,existing,persistent,1 sub-jobs
Understand persistent storage,"When I'm working with persistent storage, I want to understand the PV/PVC lifecycle, so that I can properly manage storage provisioning and cleanup.",,full,modules/persistent-storage-csi-sc-overview.adoc,storage/container_storage_interface/persistent-storage-csi-sc-manage.adoc,existing,persistent,1 sub-jobs
Understand persistent storage,"When I'm working with persistent storage, I want to understand the PV/PVC lifecycle, so that I can properly manage storage provisioning and cleanup.",,full,modules/persistent-storage-csi-sc-managing.adoc,storage/container_storage_interface/persistent-storage-csi-sc-manage.adoc,existing,persistent,1 sub-jobs
Understand persistent storage,"When I'm working with persistent storage, I want to understand the PV/PVC lifecycle, so that I can properly manage storage provisioning and cleanup.",,full,modules/persistent-storage-csi-sc-managing-cli.adoc,storage/container_storage_interface/persistent-storage-csi-sc-manage.adoc,existing,persistent,1 sub-jobs
Understand persistent storage,"When I'm working with persistent storage, I want to understand the PV/PVC lifecycle, so that I can properly manage storage provisioning and cleanup.",,full,modules/persistent-storage-csi-sc-multiple-none.adoc,storage/container_storage_interface/persistent-storage-csi-sc-manage.adoc,existing,persistent,1 sub-jobs
Understand persistent storage,"When I'm working with persistent storage, I want to understand the PV/PVC lifecycle, so that I can properly manage storage provisioning and cleanup.",,full,modules/dynamic-provisioning-change-default-class.adoc,storage/container_storage_interface/persistent-storage-csi-sc-manage.adoc,existing,persistent,1 sub-jobs
Understand persistent storage,"When I'm working with persistent storage, I want to understand the PV/PVC lifecycle, so that I can properly manage storage provisioning and cleanup.",,full,modules/persistent-storage-csi-secrets-store-driver-overview.adoc,storage/container_storage_interface/persistent-storage-csi-secrets-store.adoc,existing,persistent,1 sub-jobs
Understand persistent storage,"When I'm working with persistent storage, I want to understand the PV/PVC lifecycle, so that I can properly manage storage provisioning and cleanup.",,full,modules/secrets-store-providers.adoc,storage/container_storage_interface/persistent-storage-csi-secrets-store.adoc,existing,persistent,1 sub-jobs
Understand persistent storage,"When I'm working with persistent storage, I want to understand the PV/PVC lifecycle, so that I can properly manage storage provisioning and cleanup.",,full,modules/persistent-storage-csi-secrets-store-disconnect-environment.adoc,storage/container_storage_interface/persistent-storage-csi-secrets-store.adoc,existing,persistent,1 sub-jobs
Understand persistent storage,"When I'm working with persistent storage, I want to understand the PV/PVC lifecycle, so that I can properly manage storage provisioning and cleanup.",,full,modules/persistent-storage-csi-secrets-store-network-policies.adoc,storage/container_storage_interface/persistent-storage-csi-secrets-store.adoc,existing,persistent,1 sub-jobs
Understand persistent storage,"When I'm working with persistent storage, I want to understand the PV/PVC lifecycle, so that I can properly manage storage provisioning and cleanup.",,full,modules/persistent-storage-csi-secrets-store-driver-install.adoc,storage/container_storage_interface/persistent-storage-csi-secrets-store.adoc,existing,persistent,1 sub-jobs
Understand persistent storage,"When I'm working with persistent storage, I want to understand the PV/PVC lifecycle, so that I can properly manage storage provisioning and cleanup.",,full,modules/persistent-storage-csi-secrets-store-driver-install-cli.adoc,storage/container_storage_interface/persistent-storage-csi-secrets-store.adoc,existing,persistent,1 sub-jobs
Understand persistent storage,"When I'm working with persistent storage, I want to understand the PV/PVC lifecycle, so that I can properly manage storage provisioning and cleanup.",,full,modules/persistent-storage-csi-secrets-store-driver-uninstall.adoc,storage/container_storage_interface/persistent-storage-csi-secrets-store.adoc,existing,persistent,1 sub-jobs
Understand persistent storage,"When I'm working with persistent storage, I want to understand the PV/PVC lifecycle, so that I can properly manage storage provisioning and cleanup.",,full,modules/persistent-storage-csi-smb-cifs-overview.adoc,storage/container_storage_interface/persistent-storage-csi-smb-cifs.adoc,existing,persistent,1 sub-jobs
Understand persistent storage,"When I'm working with persistent storage, I want to understand the PV/PVC lifecycle, so that I can properly manage storage provisioning and cleanup.",,full,modules/persistent-storage-csi-smb-cifs-limits.adoc,storage/container_storage_interface/persistent-storage-csi-smb-cifs.adoc,existing,persistent,1 sub-jobs
Understand persistent storage,"When I'm working with persistent storage, I want to understand the PV/PVC lifecycle, so that I can properly manage storage provisioning and cleanup.",,full,modules/persistent-storage-csi-smb-cifs-operator-install-driver.adoc,storage/container_storage_interface/persistent-storage-csi-smb-cifs.adoc,existing,persistent,1 sub-jobs
Understand persistent storage,"When I'm working with persistent storage, I want to understand the PV/PVC lifecycle, so that I can properly manage storage provisioning and cleanup.",,full,modules/persistent-storage-csi-smb-cifs-provision-dynamic.adoc,storage/container_storage_interface/persistent-storage-csi-smb-cifs.adoc,existing,persistent,1 sub-jobs
Understand persistent storage,"When I'm working with persistent storage, I want to understand the PV/PVC lifecycle, so that I can properly manage storage provisioning and cleanup.",,full,modules/persistent-storage-csi-smb-cifs-provision-static.adoc,storage/container_storage_interface/persistent-storage-csi-smb-cifs.adoc,existing,persistent,1 sub-jobs
Understand persistent storage,"When I'm working with persistent storage, I want to understand the PV/PVC lifecycle, so that I can properly manage storage provisioning and cleanup.",,full,modules/persistent-storage-csi-snapshots-overview.adoc,storage/container_storage_interface/persistent-storage-csi-snapshots.adoc,existing,persistent,1 sub-jobs
Understand persistent storage,"When I'm working with persistent storage, I want to understand the PV/PVC lifecycle, so that I can properly manage storage provisioning and cleanup.",,full,modules/persistent-storage-csi-snapshots-controller-sidecar.adoc,storage/container_storage_interface/persistent-storage-csi-snapshots.adoc,existing,persistent,1 sub-jobs
Understand persistent storage,"When I'm working with persistent storage, I want to understand the PV/PVC lifecycle, so that I can properly manage storage provisioning and cleanup.",,full,modules/persistent-storage-csi-snapshots-operator.adoc,storage/container_storage_interface/persistent-storage-csi-snapshots.adoc,existing,persistent,1 sub-jobs
Understand persistent storage,"When I'm working with persistent storage, I want to understand the PV/PVC lifecycle, so that I can properly manage storage provisioning and cleanup.",,full,modules/persistent-storage-csi-snapshots-provision.adoc,storage/container_storage_interface/persistent-storage-csi-snapshots.adoc,existing,persistent,1 sub-jobs
Understand persistent storage,"When I'm working with persistent storage, I want to understand the PV/PVC lifecycle, so that I can properly manage storage provisioning and cleanup.",,full,modules/persistent-storage-csi-snapshots-create.adoc,storage/container_storage_interface/persistent-storage-csi-snapshots.adoc,existing,persistent,1 sub-jobs
Understand persistent storage,"When I'm working with persistent storage, I want to understand the PV/PVC lifecycle, so that I can properly manage storage provisioning and cleanup.",,full,modules/persistent-storage-csi-snapshots-create-static.adoc,storage/container_storage_interface/persistent-storage-csi-snapshots.adoc,existing,persistent,1 sub-jobs
Understand persistent storage,"When I'm working with persistent storage, I want to understand the PV/PVC lifecycle, so that I can properly manage storage provisioning and cleanup.",,full,modules/persistent-storage-csi-snapshots-delete.adoc,storage/container_storage_interface/persistent-storage-csi-snapshots.adoc,existing,persistent,1 sub-jobs
Understand persistent storage,"When I'm working with persistent storage, I want to understand the PV/PVC lifecycle, so that I can properly manage storage provisioning and cleanup.",,full,modules/persistent-storage-csi-snapshots-restore.adoc,storage/container_storage_interface/persistent-storage-csi-snapshots.adoc,existing,persistent,1 sub-jobs
Understand persistent storage,"When I'm working with persistent storage, I want to understand the PV/PVC lifecycle, so that I can properly manage storage provisioning and cleanup.",,full,modules/persistent-storage-csi-vsphere-change-max-snapshot.adoc,storage/container_storage_interface/persistent-storage-csi-snapshots.adoc,existing,persistent,1 sub-jobs
Understand persistent storage,"When I'm working with persistent storage, I want to understand the PV/PVC lifecycle, so that I can properly manage storage provisioning and cleanup.",,full,modules/persistent-storage-csi-vol-populator.adoc,storage/container_storage_interface/persistent-storage-csi-vol-populators.adoc,existing,persistent,1 sub-jobs
Understand persistent storage,"When I'm working with persistent storage, I want to understand the PV/PVC lifecycle, so that I can properly manage storage provisioning and cleanup.",,full,modules/persistent-storage-csi-vol-populator-procedure-top-level.adoc,storage/container_storage_interface/persistent-storage-csi-vol-populators.adoc,existing,persistent,1 sub-jobs
Understand persistent storage,"When I'm working with persistent storage, I want to understand the PV/PVC lifecycle, so that I can properly manage storage provisioning and cleanup.",,full,modules/persistent-storage-csi-vol-populator-procedure-admin.adoc,storage/container_storage_interface/persistent-storage-csi-vol-populators.adoc,existing,persistent,1 sub-jobs
Understand persistent storage,"When I'm working with persistent storage, I want to understand the PV/PVC lifecycle, so that I can properly manage storage provisioning and cleanup.",,full,modules/persistent-storage-csi-vol-populator-procedure.adoc,storage/container_storage_interface/persistent-storage-csi-vol-populators.adoc,existing,persistent,1 sub-jobs
Understand persistent storage,"When I'm working with persistent storage, I want to understand the PV/PVC lifecycle, so that I can properly manage storage provisioning and cleanup.",,full,modules/persistent-storage-csi-vol-populator-uninstall.adoc,storage/container_storage_interface/persistent-storage-csi-vol-populators.adoc,existing,persistent,1 sub-jobs
Understand persistent storage,"When I'm working with persistent storage, I want to understand the PV/PVC lifecycle, so that I can properly manage storage provisioning and cleanup.",,full,modules/persistent-storage-csi-vsphere-overview.adoc,storage/container_storage_interface/persistent-storage-csi-vsphere.adoc,existing,persistent,1 sub-jobs
Understand persistent storage,"When I'm working with persistent storage, I want to understand the PV/PVC lifecycle, so that I can properly manage storage provisioning and cleanup.",,full,modules/persistent-storage-csi-vsphere-limitations.adoc,storage/container_storage_interface/persistent-storage-csi-vsphere.adoc,existing,persistent,1 sub-jobs
Understand persistent storage,"When I'm working with persistent storage, I want to understand the PV/PVC lifecycle, so that I can properly manage storage provisioning and cleanup.",,full,modules/persistent-storage-csi-vsphere-stor-policy.adoc,storage/container_storage_interface/persistent-storage-csi-vsphere.adoc,existing,persistent,1 sub-jobs
Understand persistent storage,"When I'm working with persistent storage, I want to understand the PV/PVC lifecycle, so that I can properly manage storage provisioning and cleanup.",,full,modules/persistent-storage-csi-vsphere-rwx.adoc,storage/container_storage_interface/persistent-storage-csi-vsphere.adoc,existing,persistent,1 sub-jobs
Understand persistent storage,"When I'm working with persistent storage, I want to understand the PV/PVC lifecycle, so that I can properly manage storage provisioning and cleanup.",,full,modules/vmware-csi-driver-reqs.adoc,storage/container_storage_interface/persistent-storage-csi-vsphere.adoc,existing,persistent,1 sub-jobs
Understand persistent storage,"When I'm working with persistent storage, I want to understand the PV/PVC lifecycle, so that I can properly manage storage provisioning and cleanup.",,full,modules/persistent-storage-csi-vsphere-install-issues.adoc,storage/container_storage_interface/persistent-storage-csi-vsphere.adoc,existing,persistent,1 sub-jobs
Understand persistent storage,"When I'm working with persistent storage, I want to understand the PV/PVC lifecycle, so that I can properly manage storage provisioning and cleanup.",,full,modules/persistent-storage-csi-vsphere-encryption.adoc,storage/container_storage_interface/persistent-storage-csi-vsphere.adoc,existing,persistent,1 sub-jobs
Understand persistent storage,"When I'm working with persistent storage, I want to understand the PV/PVC lifecycle, so that I can properly manage storage provisioning and cleanup.",,full,modules/persistent-storage-csi-vsphere-encryption-datastore-url.adoc,storage/container_storage_interface/persistent-storage-csi-vsphere.adoc,existing,persistent,1 sub-jobs
Understand persistent storage,"When I'm working with persistent storage, I want to understand the PV/PVC lifecycle, so that I can properly manage storage provisioning and cleanup.",,full,modules/persistent-storage-csi-vsphere-encryption-tag-based.adoc,storage/container_storage_interface/persistent-storage-csi-vsphere.adoc,existing,persistent,1 sub-jobs
Understand persistent storage,"When I'm working with persistent storage, I want to understand the PV/PVC lifecycle, so that I can properly manage storage provisioning and cleanup.",,full,modules/persistent-storage-csi-vsphere-multi-vcenter-support-overview.adoc,storage/container_storage_interface/persistent-storage-csi-vsphere.adoc,existing,persistent,1 sub-jobs
Understand persistent storage,"When I'm working with persistent storage, I want to understand the PV/PVC lifecycle, so that I can properly manage storage provisioning and cleanup.",,full,modules/persistent-storage-csi-vsphere-multi-vcenter-support-procedure-install.adoc,storage/container_storage_interface/persistent-storage-csi-vsphere.adoc,existing,persistent,1 sub-jobs
Understand persistent storage,"When I'm working with persistent storage, I want to understand the PV/PVC lifecycle, so that I can properly manage storage provisioning and cleanup.",,full,modules/persistent-storage-csi-vsphere-top-aware-overview.adoc,storage/container_storage_interface/persistent-storage-csi-vsphere.adoc,existing,persistent,1 sub-jobs
Understand persistent storage,"When I'm working with persistent storage, I want to understand the PV/PVC lifecycle, so that I can properly manage storage provisioning and cleanup.",,full,modules/persistent-storage-csi-vsphere-top-aware-during-install.adoc,storage/container_storage_interface/persistent-storage-csi-vsphere.adoc,existing,persistent,1 sub-jobs
Understand persistent storage,"When I'm working with persistent storage, I want to understand the PV/PVC lifecycle, so that I can properly manage storage provisioning and cleanup.",,full,modules/persistent-storage-csi-vsphere-top-aware-post-install.adoc,storage/container_storage_interface/persistent-storage-csi-vsphere.adoc,existing,persistent,1 sub-jobs
Understand persistent storage,"When I'm working with persistent storage, I want to understand the PV/PVC lifecycle, so that I can properly manage storage provisioning and cleanup.",,full,modules/persistent-storage-csi-vsphere-top-aware-infra-top.adoc,storage/container_storage_interface/persistent-storage-csi-vsphere.adoc,existing,persistent,1 sub-jobs
Understand persistent storage,"When I'm working with persistent storage, I want to understand the PV/PVC lifecycle, so that I can properly manage storage provisioning and cleanup.",,full,modules/persistent-storage-csi-vsphere-top-aware-results.adoc,storage/container_storage_interface/persistent-storage-csi-vsphere.adoc,existing,persistent,1 sub-jobs
Understand persistent storage,"When I'm working with persistent storage, I want to understand the PV/PVC lifecycle, so that I can properly manage storage provisioning and cleanup.",,full,modules/persistent-storage-csi-vsphere-migrating-cns-vols-between-datastores.adoc,storage/container_storage_interface/persistent-storage-csi-vsphere.adoc,existing,persistent,1 sub-jobs
Understand persistent storage,"When I'm working with persistent storage, I want to understand the PV/PVC lifecycle, so that I can properly manage storage provisioning and cleanup.",,full,modules/persistent-storage-csi-vsphere-disable-storage-overview.adoc,storage/container_storage_interface/persistent-storage-csi-vsphere.adoc,existing,persistent,1 sub-jobs
Understand persistent storage,"When I'm working with persistent storage, I want to understand the PV/PVC lifecycle, so that I can properly manage storage provisioning and cleanup.",,full,modules/persistent-storage-csi-vsphere-disable-storage-consequences.adoc,storage/container_storage_interface/persistent-storage-csi-vsphere.adoc,existing,persistent,1 sub-jobs
Understand persistent storage,"When I'm working with persistent storage, I want to understand the PV/PVC lifecycle, so that I can properly manage storage provisioning and cleanup.",,full,modules/persistent-storage-csi-vsphere-disable-storage-procedure.adoc,storage/container_storage_interface/persistent-storage-csi-vsphere.adoc,existing,persistent,1 sub-jobs
Understand persistent storage,"When I'm working with persistent storage, I want to understand the PV/PVC lifecycle, so that I can properly manage storage provisioning and cleanup.",,full,modules/persistent-storage-csi-vsphere-adding-bm-nodes.adoc,storage/container_storage_interface/persistent-storage-csi-vsphere.adoc,existing,persistent,1 sub-jobs
Understand persistent storage,"When I'm working with persistent storage, I want to understand the PV/PVC lifecycle, so that I can properly manage storage provisioning and cleanup.",,full,modules/persistent-storage-csi-vsphere-increase-max-vols-per-node-overview.adoc,storage/container_storage_interface/persistent-storage-csi-vsphere.adoc,existing,persistent,1 sub-jobs
Understand persistent storage,"When I'm working with persistent storage, I want to understand the PV/PVC lifecycle, so that I can properly manage storage provisioning and cleanup.",,full,modules/persistent-storage-csi-vsphere-increase-max-vols-per-node-procedure.adoc,storage/container_storage_interface/persistent-storage-csi-vsphere.adoc,existing,persistent,1 sub-jobs
Understand persistent storage,"When I'm working with persistent storage, I want to understand the PV/PVC lifecycle, so that I can properly manage storage provisioning and cleanup.",,full,modules/persistent-storage-csi-architecture.adoc,storage/container_storage_interface/persistent-storage-csi.adoc,existing,persistent,1 sub-jobs
Understand persistent storage,"When I'm working with persistent storage, I want to understand the PV/PVC lifecycle, so that I can properly manage storage provisioning and cleanup.",,full,modules/persistent-storage-csi-external-controllers.adoc,storage/container_storage_interface/persistent-storage-csi.adoc,existing,persistent,1 sub-jobs
Understand persistent storage,"When I'm working with persistent storage, I want to understand the PV/PVC lifecycle, so that I can properly manage storage provisioning and cleanup.",,full,modules/persistent-storage-csi-driver-daemonset.adoc,storage/container_storage_interface/persistent-storage-csi.adoc,existing,persistent,1 sub-jobs
Understand persistent storage,"When I'm working with persistent storage, I want to understand the PV/PVC lifecycle, so that I can properly manage storage provisioning and cleanup.",,full,modules/persistent-storage-csi-drivers-supported.adoc,storage/container_storage_interface/persistent-storage-csi.adoc,existing,persistent,1 sub-jobs
Understand persistent storage,"When I'm working with persistent storage, I want to understand the PV/PVC lifecycle, so that I can properly manage storage provisioning and cleanup.",,full,modules/persistent-storage-csi-dynamic-provisioning.adoc,storage/container_storage_interface/persistent-storage-csi.adoc,existing,persistent,1 sub-jobs
Understand persistent storage,"When I'm working with persistent storage, I want to understand the PV/PVC lifecycle, so that I can properly manage storage provisioning and cleanup.",,full,modules/persistent-storage-csi-mysql-example.adoc,storage/container_storage_interface/persistent-storage-csi.adoc,existing,persistent,1 sub-jobs
Understand persistent storage,"When I'm working with persistent storage, I want to understand the PV/PVC lifecycle, so that I can properly manage storage provisioning and cleanup.",,full,modules/dynamic-provisioning-gce-definition.adoc,storage/dynamic-provisioning.adoc,existing,persistent,1 sub-jobs
Understand persistent storage,"When I'm working with persistent storage, I want to understand the PV/PVC lifecycle, so that I can properly manage storage provisioning and cleanup.",,full,modules/storage-expanding-add-volume-expansion.adoc,storage/expanding-persistent-volumes.adoc,existing,persistent,1 sub-jobs
Understand persistent storage,"When I'm working with persistent storage, I want to understand the PV/PVC lifecycle, so that I can properly manage storage provisioning and cleanup.",,full,modules/storage-expanding-csi-volumes.adoc,storage/expanding-persistent-volumes.adoc,existing,persistent,1 sub-jobs
Understand persistent storage,"When I'm working with persistent storage, I want to understand the PV/PVC lifecycle, so that I can properly manage storage provisioning and cleanup.",,full,modules/storage-expanding-flexvolume.adoc,storage/expanding-persistent-volumes.adoc,existing,persistent,1 sub-jobs
Understand persistent storage,"When I'm working with persistent storage, I want to understand the PV/PVC lifecycle, so that I can properly manage storage provisioning and cleanup.",,full,modules/storage-expanding-local-volumes.adoc,storage/expanding-persistent-volumes.adoc,existing,persistent,1 sub-jobs
Understand persistent storage,"When I'm working with persistent storage, I want to understand the PV/PVC lifecycle, so that I can properly manage storage provisioning and cleanup.",,full,modules/storage-expanding-filesystem-pvc.adoc,storage/expanding-persistent-volumes.adoc,existing,persistent,1 sub-jobs
Understand persistent storage,"When I'm working with persistent storage, I want to understand the PV/PVC lifecycle, so that I can properly manage storage provisioning and cleanup.",,full,modules/storage-expanding-recovering-failure.adoc,storage/expanding-persistent-volumes.adoc,existing,persistent,1 sub-jobs
Understand persistent storage,"When I'm working with persistent storage, I want to understand the PV/PVC lifecycle, so that I can properly manage storage provisioning and cleanup.",,full,modules/storage-expanding-recovering-failure-view-status.adoc,storage/expanding-persistent-volumes.adoc,existing,persistent,1 sub-jobs
Understand persistent storage,"When I'm working with persistent storage, I want to understand the PV/PVC lifecycle, so that I can properly manage storage provisioning and cleanup.",,full,modules/storage-ephemeral-vols-lifecycle.adoc,storage/generic-ephemeral-vols.adoc,existing,persistent,1 sub-jobs
Understand persistent storage,"When I'm working with persistent storage, I want to understand the PV/PVC lifecycle, so that I can properly manage storage provisioning and cleanup.",,full,modules/storage-ephemeral-vols-pvc-naming.adoc,storage/generic-ephemeral-vols.adoc,existing,persistent,1 sub-jobs
Understand persistent storage,"When I'm working with persistent storage, I want to understand the PV/PVC lifecycle, so that I can properly manage storage provisioning and cleanup.",,full,modules/persistent-storage-csi-vol-detach-non-graceful-shutdown-overview.adoc,storage/persistent-storage-csi-vol-detach-non-graceful-shutdown.adoc,existing,persistent,1 sub-jobs
Understand persistent storage,"When I'm working with persistent storage, I want to understand the PV/PVC lifecycle, so that I can properly manage storage provisioning and cleanup.",,full,modules/persistent-storage-csi-vol-detach-non-graceful-shutdown-procedure.adoc,storage/persistent-storage-csi-vol-detach-non-graceful-shutdown.adoc,existing,persistent,1 sub-jobs
Understand persistent storage,"When I'm working with persistent storage, I want to understand the PV/PVC lifecycle, so that I can properly manage storage provisioning and cleanup.",,full,modules/storage-persistent-storage-creating-volume-claim.adoc,storage/persistent_storage/persistent-storage-aws.adoc,existing,persistent,1 sub-jobs
Understand persistent storage,"When I'm working with persistent storage, I want to understand the PV/PVC lifecycle, so that I can properly manage storage provisioning and cleanup.",,full,modules/storage-persistent-storage-volume-format.adoc,storage/persistent_storage/persistent-storage-aws.adoc,existing,persistent,1 sub-jobs
Understand persistent storage,"When I'm working with persistent storage, I want to understand the PV/PVC lifecycle, so that I can properly manage storage provisioning and cleanup.",,full,modules/storage-persistent-storage-aws-maximum-volumes.adoc,storage/persistent_storage/persistent-storage-aws.adoc,existing,persistent,1 sub-jobs
Understand persistent storage,"When I'm working with persistent storage, I want to understand the PV/PVC lifecycle, so that I can properly manage storage provisioning and cleanup.",,full,modules/storage-persistent-storage-volume-encrypt-with-kms-key.adoc,storage/persistent_storage/persistent-storage-aws.adoc,existing,persistent,1 sub-jobs
Understand persistent storage,"When I'm working with persistent storage, I want to understand the PV/PVC lifecycle, so that I can properly manage storage provisioning and cleanup.",,full,modules/storage-persistent-storage-azure-file.adoc,storage/persistent_storage/persistent-storage-azure-file.adoc,existing,persistent,1 sub-jobs
Understand persistent storage,"When I'm working with persistent storage, I want to understand the PV/PVC lifecycle, so that I can properly manage storage provisioning and cleanup.",,full,modules/storage-persistent-storage-azure-file-pod.adoc,storage/persistent_storage/persistent-storage-azure-file.adoc,existing,persistent,1 sub-jobs
Understand persistent storage,"When I'm working with persistent storage, I want to understand the PV/PVC lifecycle, so that I can properly manage storage provisioning and cleanup.",,full,modules/storage-azure-create-storage-class.adoc,storage/persistent_storage/persistent-storage-azure.adoc,existing,persistent,1 sub-jobs
Understand persistent storage,"When I'm working with persistent storage, I want to understand the PV/PVC lifecycle, so that I can properly manage storage provisioning and cleanup.",,full,modules/storage-persistent-storage-azure-volume-format.adoc,storage/persistent_storage/persistent-storage-azure.adoc,existing,persistent,1 sub-jobs
Understand persistent storage,"When I'm working with persistent storage, I want to understand the PV/PVC lifecycle, so that I can properly manage storage provisioning and cleanup.",,full,modules/persistent-storage-cinder-provisioning.adoc,storage/persistent_storage/persistent-storage-cinder.adoc,existing,persistent,1 sub-jobs
Understand persistent storage,"When I'm working with persistent storage, I want to understand the PV/PVC lifecycle, so that I can properly manage storage provisioning and cleanup.",,full,modules/persistent-storage-cinder-creating-pv.adoc,storage/persistent_storage/persistent-storage-cinder.adoc,existing,persistent,1 sub-jobs
Understand persistent storage,"When I'm working with persistent storage, I want to understand the PV/PVC lifecycle, so that I can properly manage storage provisioning and cleanup.",,full,modules/persistent-storage-cinder-pv-format.adoc,storage/persistent_storage/persistent-storage-cinder.adoc,existing,persistent,1 sub-jobs
Understand persistent storage,"When I'm working with persistent storage, I want to understand the PV/PVC lifecycle, so that I can properly manage storage provisioning and cleanup.",,full,modules/persistent-storage-cinder-volume-security.adoc,storage/persistent_storage/persistent-storage-cinder.adoc,existing,persistent,1 sub-jobs
Understand persistent storage,"When I'm working with persistent storage, I want to understand the PV/PVC lifecycle, so that I can properly manage storage provisioning and cleanup.",,full,modules/persistent-storage-fibre-provisioning.adoc,storage/persistent_storage/persistent-storage-fibre.adoc,existing,persistent,1 sub-jobs
Understand persistent storage,"When I'm working with persistent storage, I want to understand the PV/PVC lifecycle, so that I can properly manage storage provisioning and cleanup.",,full,modules/persistent-storage-fibre-disk-quotas.adoc,storage/persistent_storage/persistent-storage-fibre.adoc,existing,persistent,1 sub-jobs
Understand persistent storage,"When I'm working with persistent storage, I want to understand the PV/PVC lifecycle, so that I can properly manage storage provisioning and cleanup.",,full,modules/persistent-storage-fibre-volume-security.adoc,storage/persistent_storage/persistent-storage-fibre.adoc,existing,persistent,1 sub-jobs
Understand persistent storage,"When I'm working with persistent storage, I want to understand the PV/PVC lifecycle, so that I can properly manage storage provisioning and cleanup.",,full,modules/persistent-storage-flexvolume-drivers.adoc,storage/persistent_storage/persistent-storage-flexvolume.adoc,existing,persistent,1 sub-jobs
Understand persistent storage,"When I'm working with persistent storage, I want to understand the PV/PVC lifecycle, so that I can properly manage storage provisioning and cleanup.",,full,modules/persistent-storage-flexvolume-driver-example.adoc,storage/persistent_storage/persistent-storage-flexvolume.adoc,existing,persistent,1 sub-jobs
Understand persistent storage,"When I'm working with persistent storage, I want to understand the PV/PVC lifecycle, so that I can properly manage storage provisioning and cleanup.",,full,modules/persistent-storage-flexvolume-installing.adoc,storage/persistent_storage/persistent-storage-flexvolume.adoc,existing,persistent,1 sub-jobs
Understand persistent storage,"When I'm working with persistent storage, I want to understand the PV/PVC lifecycle, so that I can properly manage storage provisioning and cleanup.",,full,modules/persistent-storage-flexvolume-consuming.adoc,storage/persistent_storage/persistent-storage-flexvolume.adoc,existing,persistent,1 sub-jobs
Understand persistent storage,"When I'm working with persistent storage, I want to understand the PV/PVC lifecycle, so that I can properly manage storage provisioning and cleanup.",,full,modules/storage-persistent-storage-iscsi-provisioning.adoc,storage/persistent_storage/persistent-storage-iscsi.adoc,existing,persistent,1 sub-jobs
Understand persistent storage,"When I'm working with persistent storage, I want to understand the PV/PVC lifecycle, so that I can properly manage storage provisioning and cleanup.",,full,modules/storage-persistent-storage-iscsi-enforcing-disk-quota.adoc,storage/persistent_storage/persistent-storage-iscsi.adoc,existing,persistent,1 sub-jobs
Understand persistent storage,"When I'm working with persistent storage, I want to understand the PV/PVC lifecycle, so that I can properly manage storage provisioning and cleanup.",,full,modules/storage-persistent-storage-iscsi-volume-security.adoc,storage/persistent_storage/persistent-storage-iscsi.adoc,existing,persistent,1 sub-jobs
Understand persistent storage,"When I'm working with persistent storage, I want to understand the PV/PVC lifecycle, so that I can properly manage storage provisioning and cleanup.",,full,modules/storage-persistent-storage-iscsi-multipath.adoc,storage/persistent_storage/persistent-storage-iscsi.adoc,existing,persistent,1 sub-jobs
Understand persistent storage,"When I'm working with persistent storage, I want to understand the PV/PVC lifecycle, so that I can properly manage storage provisioning and cleanup.",,full,modules/storage-persistent-storage-iscsi-custom-initiator.adoc,storage/persistent_storage/persistent-storage-iscsi.adoc,existing,persistent,1 sub-jobs
Understand persistent storage,"When I'm working with persistent storage, I want to understand the PV/PVC lifecycle, so that I can properly manage storage provisioning and cleanup.",,full,modules/storage-persistent-storage-nfs-provisioning.adoc,storage/persistent_storage/persistent-storage-nfs.adoc,existing,persistent,1 sub-jobs
Understand persistent storage,"When I'm working with persistent storage, I want to understand the PV/PVC lifecycle, so that I can properly manage storage provisioning and cleanup.",,full,modules/storage-persistent-storage-nfs-enforcing-disk-quota.adoc,storage/persistent_storage/persistent-storage-nfs.adoc,existing,persistent,1 sub-jobs
Understand persistent storage,"When I'm working with persistent storage, I want to understand the PV/PVC lifecycle, so that I can properly manage storage provisioning and cleanup.",,full,modules/storage-persistent-storage-nfs-volume-security.adoc,storage/persistent_storage/persistent-storage-nfs.adoc,existing,persistent,1 sub-jobs
Understand persistent storage,"When I'm working with persistent storage, I want to understand the PV/PVC lifecycle, so that I can properly manage storage provisioning and cleanup.",,full,modules/storage-persistent-storage-nfs-group-ids.adoc,storage/persistent_storage/persistent-storage-nfs.adoc,existing,persistent,1 sub-jobs
Understand persistent storage,"When I'm working with persistent storage, I want to understand the PV/PVC lifecycle, so that I can properly manage storage provisioning and cleanup.",,full,modules/storage-persistent-storage-nfs-user-ids.adoc,storage/persistent_storage/persistent-storage-nfs.adoc,existing,persistent,1 sub-jobs
Understand persistent storage,"When I'm working with persistent storage, I want to understand the PV/PVC lifecycle, so that I can properly manage storage provisioning and cleanup.",,full,modules/storage-persistent-storage-nfs-selinux.adoc,storage/persistent_storage/persistent-storage-nfs.adoc,existing,persistent,1 sub-jobs
Understand persistent storage,"When I'm working with persistent storage, I want to understand the PV/PVC lifecycle, so that I can properly manage storage provisioning and cleanup.",,full,modules/storage-persistent-storage-nfs-export-settings.adoc,storage/persistent_storage/persistent-storage-nfs.adoc,existing,persistent,1 sub-jobs
Understand persistent storage,"When I'm working with persistent storage, I want to understand the PV/PVC lifecycle, so that I can properly manage storage provisioning and cleanup.",,full,modules/storage-persistent-storage-nfs-reclaiming-resources.adoc,storage/persistent_storage/persistent-storage-nfs.adoc,existing,persistent,1 sub-jobs
Understand persistent storage,"When I'm working with persistent storage, I want to understand the PV/PVC lifecycle, so that I can properly manage storage provisioning and cleanup.",,full,modules/storage-persistent-storage-nfs-additional-configuration.adoc,storage/persistent_storage/persistent-storage-nfs.adoc,existing,persistent,1 sub-jobs
Understand persistent storage,"When I'm working with persistent storage, I want to understand the PV/PVC lifecycle, so that I can properly manage storage provisioning and cleanup.",,full,modules/persistent-storage-vsphere-dynamic-provisioning.adoc,storage/persistent_storage/persistent-storage-vsphere.adoc,existing,persistent,1 sub-jobs
Understand persistent storage,"When I'm working with persistent storage, I want to understand the PV/PVC lifecycle, so that I can properly manage storage provisioning and cleanup.",,full,modules/persistent-storage-vsphere-dynamic-provisioning-cli.adoc,storage/persistent_storage/persistent-storage-vsphere.adoc,existing,persistent,1 sub-jobs
Understand persistent storage,"When I'm working with persistent storage, I want to understand the PV/PVC lifecycle, so that I can properly manage storage provisioning and cleanup.",,full,modules/persistent-storage-vsphere-static-provisioning.adoc,storage/persistent_storage/persistent-storage-vsphere.adoc,existing,persistent,1 sub-jobs
Understand persistent storage,"When I'm working with persistent storage, I want to understand the PV/PVC lifecycle, so that I can properly manage storage provisioning and cleanup.",,full,modules/persistent-storage-vsphere-formatting.adoc,storage/persistent_storage/persistent-storage-vsphere.adoc,existing,persistent,1 sub-jobs
Understand persistent storage,"When I'm working with persistent storage, I want to understand the PV/PVC lifecycle, so that I can properly manage storage provisioning and cleanup.",,full,modules/persistent-storage-hostpath-about.adoc,storage/persistent_storage_local/persistent-storage-hostpath.adoc,existing,persistent,1 sub-jobs
Understand persistent storage,"When I'm working with persistent storage, I want to understand the PV/PVC lifecycle, so that I can properly manage storage provisioning and cleanup.",,full,modules/persistent-storage-hostpath-static-provisioning.adoc,storage/persistent_storage_local/persistent-storage-hostpath.adoc,existing,persistent,1 sub-jobs
Understand persistent storage,"When I'm working with persistent storage, I want to understand the PV/PVC lifecycle, so that I can properly manage storage provisioning and cleanup.",,full,modules/persistent-storage-hostpath-pod.adoc,storage/persistent_storage_local/persistent-storage-hostpath.adoc,existing,persistent,1 sub-jobs
Understand persistent storage,"When I'm working with persistent storage, I want to understand the PV/PVC lifecycle, so that I can properly manage storage provisioning and cleanup.",,full,modules/persistent-storage-local-overview.adoc,storage/persistent_storage_local/persistent-storage-local.adoc,existing,persistent,1 sub-jobs
Understand persistent storage,"When I'm working with persistent storage, I want to understand the PV/PVC lifecycle, so that I can properly manage storage provisioning and cleanup.",,full,modules/persistent-storage-local-install-overview.adoc,storage/persistent_storage_local/persistent-storage-local.adoc,existing,persistent,1 sub-jobs
Understand persistent storage,"When I'm working with persistent storage, I want to understand the PV/PVC lifecycle, so that I can properly manage storage provisioning and cleanup.",,full,modules/persistent-storage-local-install.adoc,storage/persistent_storage_local/persistent-storage-local.adoc,existing,persistent,1 sub-jobs
Understand persistent storage,"When I'm working with persistent storage, I want to understand the PV/PVC lifecycle, so that I can properly manage storage provisioning and cleanup.",,full,modules/persistent-storage-local-install-cli.adoc,storage/persistent_storage_local/persistent-storage-local.adoc,existing,persistent,1 sub-jobs
Understand persistent storage,"When I'm working with persistent storage, I want to understand the PV/PVC lifecycle, so that I can properly manage storage provisioning and cleanup.",,full,modules/persistent-storage-local-install-console.adoc,storage/persistent_storage_local/persistent-storage-local.adoc,existing,persistent,1 sub-jobs
Understand persistent storage,"When I'm working with persistent storage, I want to understand the PV/PVC lifecycle, so that I can properly manage storage provisioning and cleanup.",,full,modules/persistent-storage-local-create-cr.adoc,storage/persistent_storage_local/persistent-storage-local.adoc,existing,persistent,1 sub-jobs
Understand persistent storage,"When I'm working with persistent storage, I want to understand the PV/PVC lifecycle, so that I can properly manage storage provisioning and cleanup.",,full,modules/persistent-storage-local-create-cr-manual.adoc,storage/persistent_storage_local/persistent-storage-local.adoc,existing,persistent,1 sub-jobs
Understand persistent storage,"When I'm working with persistent storage, I want to understand the PV/PVC lifecycle, so that I can properly manage storage provisioning and cleanup.",,full,modules/persistent-storage-local-pvc.adoc,storage/persistent_storage_local/persistent-storage-local.adoc,existing,persistent,1 sub-jobs
Understand persistent storage,"When I'm working with persistent storage, I want to understand the PV/PVC lifecycle, so that I can properly manage storage provisioning and cleanup.",,full,modules/persistent-storage-local-pod.adoc,storage/persistent_storage_local/persistent-storage-local.adoc,existing,persistent,1 sub-jobs
Understand persistent storage,"When I'm working with persistent storage, I want to understand the PV/PVC lifecycle, so that I can properly manage storage provisioning and cleanup.",,full,modules/persistent-storage-local-discovery.adoc,storage/persistent_storage_local/persistent-storage-local.adoc,existing,persistent,1 sub-jobs
Understand persistent storage,"When I'm working with persistent storage, I want to understand the PV/PVC lifecycle, so that I can properly manage storage provisioning and cleanup.",,full,modules/persistent-storage-local-symlinks-top-level.adoc,storage/persistent_storage_local/persistent-storage-local.adoc,existing,persistent,1 sub-jobs
Understand persistent storage,"When I'm working with persistent storage, I want to understand the PV/PVC lifecycle, so that I can properly manage storage provisioning and cleanup.",,full,modules/persistent-storage-local-symlinks-overview.adoc,storage/persistent_storage_local/persistent-storage-local.adoc,existing,persistent,1 sub-jobs
Understand persistent storage,"When I'm working with persistent storage, I want to understand the PV/PVC lifecycle, so that I can properly manage storage provisioning and cleanup.",,full,modules/persistent-storage-local-symlinks-procedure.adoc,storage/persistent_storage_local/persistent-storage-local.adoc,existing,persistent,1 sub-jobs
Understand persistent storage,"When I'm working with persistent storage, I want to understand the PV/PVC lifecycle, so that I can properly manage storage provisioning and cleanup.",,full,modules/persistent-storage-local-tolerations.adoc,storage/persistent_storage_local/persistent-storage-local.adoc,existing,persistent,1 sub-jobs
Understand persistent storage,"When I'm working with persistent storage, I want to understand the PV/PVC lifecycle, so that I can properly manage storage provisioning and cleanup.",,full,modules/persistent-storage-local-metrics.adoc,storage/persistent_storage_local/persistent-storage-local.adoc,existing,persistent,1 sub-jobs
Understand persistent storage,"When I'm working with persistent storage, I want to understand the PV/PVC lifecycle, so that I can properly manage storage provisioning and cleanup.",,full,modules/persistent-storage-local-metrics-procedure.adoc,storage/persistent_storage_local/persistent-storage-local.adoc,existing,persistent,1 sub-jobs
Understand persistent storage,"When I'm working with persistent storage, I want to understand the PV/PVC lifecycle, so that I can properly manage storage provisioning and cleanup.",,full,modules/persistent-storage-local-deleting-resources-overview.adoc,storage/persistent_storage_local/persistent-storage-local.adoc,existing,persistent,1 sub-jobs
Understand persistent storage,"When I'm working with persistent storage, I want to understand the PV/PVC lifecycle, so that I can properly manage storage provisioning and cleanup.",,full,modules/persistent-storage-local-removing-devices.adoc,storage/persistent_storage_local/persistent-storage-local.adoc,existing,persistent,1 sub-jobs
Understand persistent storage,"When I'm working with persistent storage, I want to understand the PV/PVC lifecycle, so that I can properly manage storage provisioning and cleanup.",,full,modules/persistent-storage-local-uninstall-operator.adoc,storage/persistent_storage_local/persistent-storage-local.adoc,existing,persistent,1 sub-jobs
Understand persistent storage,"When I'm working with persistent storage, I want to understand the PV/PVC lifecycle, so that I can properly manage storage provisioning and cleanup.",,full,modules/lvms-about-lvm-storage-installation.adoc,storage/persistent_storage_local/persistent-storage-using-lvms.adoc,existing,persistent,1 sub-jobs
Understand persistent storage,"When I'm working with persistent storage, I want to understand the PV/PVC lifecycle, so that I can properly manage storage provisioning and cleanup.",,full,modules/lvms-installing-logical-volume-manager-operator-using-cli.adoc,storage/persistent_storage_local/persistent-storage-using-lvms.adoc,existing,persistent,1 sub-jobs
Understand persistent storage,"When I'm working with persistent storage, I want to understand the PV/PVC lifecycle, so that I can properly manage storage provisioning and cleanup.",,full,modules/lvms-installing-logical-volume-manager-operator-using-openshift-web-console.adoc,storage/persistent_storage_local/persistent-storage-using-lvms.adoc,existing,persistent,1 sub-jobs
Understand persistent storage,"When I'm working with persistent storage, I want to understand the PV/PVC lifecycle, so that I can properly manage storage provisioning and cleanup.",,full,modules/lvms-installing-logical-volume-manager-operator-disconnected-environment.adoc,storage/persistent_storage_local/persistent-storage-using-lvms.adoc,existing,persistent,1 sub-jobs
Understand persistent storage,"When I'm working with persistent storage, I want to understand the PV/PVC lifecycle, so that I can properly manage storage provisioning and cleanup.",,full,modules/lvms-installing-logical-volume-manager-operator-using-rhacm.adoc,storage/persistent_storage_local/persistent-storage-using-lvms.adoc,existing,persistent,1 sub-jobs
Understand persistent storage,"When I'm working with persistent storage, I want to understand the PV/PVC lifecycle, so that I can properly manage storage provisioning and cleanup.",,full,modules/static-device-discovery-in-lvms.adoc,storage/persistent_storage_local/persistent-storage-using-lvms.adoc,existing,persistent,1 sub-jobs
Understand persistent storage,"When I'm working with persistent storage, I want to understand the PV/PVC lifecycle, so that I can properly manage storage provisioning and cleanup.",,full,modules/static-mode-enforcement.adoc,storage/persistent_storage_local/persistent-storage-using-lvms.adoc,existing,persistent,1 sub-jobs
Understand persistent storage,"When I'm working with persistent storage, I want to understand the PV/PVC lifecycle, so that I can properly manage storage provisioning and cleanup.",,full,modules/validation-rules-for-device-discovery-policy.adoc,storage/persistent_storage_local/persistent-storage-using-lvms.adoc,existing,persistent,1 sub-jobs
Understand persistent storage,"When I'm working with persistent storage, I want to understand the PV/PVC lifecycle, so that I can properly manage storage provisioning and cleanup.",,full,modules/lvm-cluster-custom-resource-examples.adoc,storage/persistent_storage_local/persistent-storage-using-lvms.adoc,existing,persistent,1 sub-jobs
Understand persistent storage,"When I'm working with persistent storage, I want to understand the PV/PVC lifecycle, so that I can properly manage storage provisioning and cleanup.",,full,modules/lvm-cluster-custom-resource-status-reporting.adoc,storage/persistent_storage_local/persistent-storage-using-lvms.adoc,existing,persistent,1 sub-jobs
Understand persistent storage,"When I'm working with persistent storage, I want to understand the PV/PVC lifecycle, so that I can properly manage storage provisioning and cleanup.",,full,modules/lvms-about-lvmcluster-cr.adoc,storage/persistent_storage_local/persistent-storage-using-lvms.adoc,existing,persistent,1 sub-jobs
Understand persistent storage,"When I'm working with persistent storage, I want to understand the PV/PVC lifecycle, so that I can properly manage storage provisioning and cleanup.",,full,modules/lvms-limitations-to-configure-size-of-devices.adoc,storage/persistent_storage_local/persistent-storage-using-lvms.adoc,existing,persistent,1 sub-jobs
Understand persistent storage,"When I'm working with persistent storage, I want to understand the PV/PVC lifecycle, so that I can properly manage storage provisioning and cleanup.",,full,modules/lvms-about-adding-devices-to-a-vg.adoc,storage/persistent_storage_local/persistent-storage-using-lvms.adoc,existing,persistent,1 sub-jobs
Understand persistent storage,"When I'm working with persistent storage, I want to understand the PV/PVC lifecycle, so that I can properly manage storage provisioning and cleanup.",,full,modules/lvms-about-removing-devices-deviceclasses-from-a-vg.adoc,storage/persistent_storage_local/persistent-storage-using-lvms.adoc,existing,persistent,1 sub-jobs
Understand persistent storage,"When I'm working with persistent storage, I want to understand the PV/PVC lifecycle, so that I can properly manage storage provisioning and cleanup.",,full,modules/lvms-unsupported-devices.adoc,storage/persistent_storage_local/persistent-storage-using-lvms.adoc,existing,persistent,1 sub-jobs
Understand persistent storage,"When I'm working with persistent storage, I want to understand the PV/PVC lifecycle, so that I can properly manage storage provisioning and cleanup.",,full,modules/lvms-about-creating-lvmcluster-cr.adoc,storage/persistent_storage_local/persistent-storage-using-lvms.adoc,existing,persistent,1 sub-jobs
Understand persistent storage,"When I'm working with persistent storage, I want to understand the PV/PVC lifecycle, so that I can properly manage storage provisioning and cleanup.",,full,modules/lvms-reusing-vg-from-prev-installation.adoc,storage/persistent_storage_local/persistent-storage-using-lvms.adoc,existing,persistent,1 sub-jobs
Understand persistent storage,"When I'm working with persistent storage, I want to understand the PV/PVC lifecycle, so that I can properly manage storage provisioning and cleanup.",,full,modules/lvms-creating-lvms-cluster-using-cli.adoc,storage/persistent_storage_local/persistent-storage-using-lvms.adoc,existing,persistent,1 sub-jobs
Understand persistent storage,"When I'm working with persistent storage, I want to understand the PV/PVC lifecycle, so that I can properly manage storage provisioning and cleanup.",,full,modules/lvms-creating-lvms-cluster-using-web-console.adoc,storage/persistent_storage_local/persistent-storage-using-lvms.adoc,existing,persistent,1 sub-jobs
Understand persistent storage,"When I'm working with persistent storage, I want to understand the PV/PVC lifecycle, so that I can properly manage storage provisioning and cleanup.",,full,modules/lvms-creating-lvmcluster-using-rhacm.adoc,storage/persistent_storage_local/persistent-storage-using-lvms.adoc,existing,persistent,1 sub-jobs
Understand persistent storage,"When I'm working with persistent storage, I want to understand the PV/PVC lifecycle, so that I can properly manage storage provisioning and cleanup.",,full,modules/lvms-about-deleting-lvmcluster-cr.adoc,storage/persistent_storage_local/persistent-storage-using-lvms.adoc,existing,persistent,1 sub-jobs
Understand persistent storage,"When I'm working with persistent storage, I want to understand the PV/PVC lifecycle, so that I can properly manage storage provisioning and cleanup.",,full,modules/lvms-deleting-lvmcluster-using-cli.adoc,storage/persistent_storage_local/persistent-storage-using-lvms.adoc,existing,persistent,1 sub-jobs
Understand persistent storage,"When I'm working with persistent storage, I want to understand the PV/PVC lifecycle, so that I can properly manage storage provisioning and cleanup.",,full,modules/lvms-deleting-lvmcluster-using-web-console.adoc,storage/persistent_storage_local/persistent-storage-using-lvms.adoc,existing,persistent,1 sub-jobs
Understand persistent storage,"When I'm working with persistent storage, I want to understand the PV/PVC lifecycle, so that I can properly manage storage provisioning and cleanup.",,full,modules/lvms-deleting-lvmcluster-using-rhacm.adoc,storage/persistent_storage_local/persistent-storage-using-lvms.adoc,existing,persistent,1 sub-jobs
Understand persistent storage,"When I'm working with persistent storage, I want to understand the PV/PVC lifecycle, so that I can properly manage storage provisioning and cleanup.",,full,modules/deleting-an-lvm-cluster.adoc,storage/persistent_storage_local/persistent-storage-using-lvms.adoc,existing,persistent,1 sub-jobs
Understand persistent storage,"When I'm working with persistent storage, I want to understand the PV/PVC lifecycle, so that I can properly manage storage provisioning and cleanup.",,full,modules/lvms-provisioning-storage-using-logical-volume-manager-operator.adoc,storage/persistent_storage_local/persistent-storage-using-lvms.adoc,existing,persistent,1 sub-jobs
Understand persistent storage,"When I'm working with persistent storage, I want to understand the PV/PVC lifecycle, so that I can properly manage storage provisioning and cleanup.",,full,modules/storageclass-customization-for-lvms-device-classes.adoc,storage/persistent_storage_local/persistent-storage-using-lvms.adoc,existing,persistent,1 sub-jobs
Understand persistent storage,"When I'm working with persistent storage, I want to understand the PV/PVC lifecycle, so that I can properly manage storage provisioning and cleanup.",,full,modules/storageclass-options.adoc,storage/persistent_storage_local/persistent-storage-using-lvms.adoc,existing,persistent,1 sub-jobs
Understand persistent storage,"When I'm working with persistent storage, I want to understand the PV/PVC lifecycle, so that I can properly manage storage provisioning and cleanup.",,full,modules/updating-lvm-cluster-labels.adoc,storage/persistent_storage_local/persistent-storage-using-lvms.adoc,existing,persistent,1 sub-jobs
Understand persistent storage,"When I'm working with persistent storage, I want to understand the PV/PVC lifecycle, so that I can properly manage storage provisioning and cleanup.",,full,modules/sample-lvm-cluster-configuration-with-storage-class-option.adoc,storage/persistent_storage_local/persistent-storage-using-lvms.adoc,existing,persistent,1 sub-jobs
Understand persistent storage,"When I'm working with persistent storage, I want to understand the PV/PVC lifecycle, so that I can properly manage storage provisioning and cleanup.",,full,modules/immutable-fields-of-the-storage-class-options.adoc,storage/persistent_storage_local/persistent-storage-using-lvms.adoc,existing,persistent,1 sub-jobs
Understand persistent storage,"When I'm working with persistent storage, I want to understand the PV/PVC lifecycle, so that I can properly manage storage provisioning and cleanup.",,full,modules/behaviors-not-controlled-by-storage-class-options.adoc,storage/persistent_storage_local/persistent-storage-using-lvms.adoc,existing,persistent,1 sub-jobs
Understand persistent storage,"When I'm working with persistent storage, I want to understand the PV/PVC lifecycle, so that I can properly manage storage provisioning and cleanup.",,full,modules/lvms-about-scaling-storage-of-clusters.adoc,storage/persistent_storage_local/persistent-storage-using-lvms.adoc,existing,persistent,1 sub-jobs
Understand persistent storage,"When I'm working with persistent storage, I want to understand the PV/PVC lifecycle, so that I can properly manage storage provisioning and cleanup.",,full,modules/lvms-scaling-storage-of-clusters-using-cli.adoc,storage/persistent_storage_local/persistent-storage-using-lvms.adoc,existing,persistent,1 sub-jobs
Understand persistent storage,"When I'm working with persistent storage, I want to understand the PV/PVC lifecycle, so that I can properly manage storage provisioning and cleanup.",,full,modules/lvms-scaling-storage-of-clusters-using-web-console.adoc,storage/persistent_storage_local/persistent-storage-using-lvms.adoc,existing,persistent,1 sub-jobs
Understand persistent storage,"When I'm working with persistent storage, I want to understand the PV/PVC lifecycle, so that I can properly manage storage provisioning and cleanup.",,full,modules/lvms-scaling-storage-of-clusters-using-rhacm.adoc,storage/persistent_storage_local/persistent-storage-using-lvms.adoc,existing,persistent,1 sub-jobs
Understand persistent storage,"When I'm working with persistent storage, I want to understand the PV/PVC lifecycle, so that I can properly manage storage provisioning and cleanup.",,full,modules/lvms-scaling-storage-expand-pvc.adoc,storage/persistent_storage_local/persistent-storage-using-lvms.adoc,existing,persistent,1 sub-jobs
Understand persistent storage,"When I'm working with persistent storage, I want to understand the PV/PVC lifecycle, so that I can properly manage storage provisioning and cleanup.",,full,modules/lvms-deleting-pvc.adoc,storage/persistent_storage_local/persistent-storage-using-lvms.adoc,existing,persistent,1 sub-jobs
Understand persistent storage,"When I'm working with persistent storage, I want to understand the PV/PVC lifecycle, so that I can properly manage storage provisioning and cleanup.",,full,modules/lvms-about-volume-snapshots.adoc,storage/persistent_storage_local/persistent-storage-using-lvms.adoc,existing,persistent,1 sub-jobs
Understand persistent storage,"When I'm working with persistent storage, I want to understand the PV/PVC lifecycle, so that I can properly manage storage provisioning and cleanup.",,full,modules/lvms-creating-volume-snapshots.adoc,storage/persistent_storage_local/persistent-storage-using-lvms.adoc,existing,persistent,1 sub-jobs
Understand persistent storage,"When I'm working with persistent storage, I want to understand the PV/PVC lifecycle, so that I can properly manage storage provisioning and cleanup.",,full,modules/lvms-restoring-volume-snapshots.adoc,storage/persistent_storage_local/persistent-storage-using-lvms.adoc,existing,persistent,1 sub-jobs
Understand persistent storage,"When I'm working with persistent storage, I want to understand the PV/PVC lifecycle, so that I can properly manage storage provisioning and cleanup.",,full,modules/lvms-deleting-volume-snapshots.adoc,storage/persistent_storage_local/persistent-storage-using-lvms.adoc,existing,persistent,1 sub-jobs
Understand persistent storage,"When I'm working with persistent storage, I want to understand the PV/PVC lifecycle, so that I can properly manage storage provisioning and cleanup.",,full,modules/lvms-about-volume-clones.adoc,storage/persistent_storage_local/persistent-storage-using-lvms.adoc,existing,persistent,1 sub-jobs
Understand persistent storage,"When I'm working with persistent storage, I want to understand the PV/PVC lifecycle, so that I can properly manage storage provisioning and cleanup.",,full,modules/lvms-creating-volume-clones.adoc,storage/persistent_storage_local/persistent-storage-using-lvms.adoc,existing,persistent,1 sub-jobs
Understand persistent storage,"When I'm working with persistent storage, I want to understand the PV/PVC lifecycle, so that I can properly manage storage provisioning and cleanup.",,full,modules/lvms-deleting-volume-clones.adoc,storage/persistent_storage_local/persistent-storage-using-lvms.adoc,existing,persistent,1 sub-jobs
Understand persistent storage,"When I'm working with persistent storage, I want to understand the PV/PVC lifecycle, so that I can properly manage storage provisioning and cleanup.",,full,modules/lvms-updating-lvms.adoc,storage/persistent_storage_local/persistent-storage-using-lvms.adoc,existing,persistent,1 sub-jobs
Understand persistent storage,"When I'm working with persistent storage, I want to understand the PV/PVC lifecycle, so that I can properly manage storage provisioning and cleanup.",,full,modules/lvms-monitoring-logical-volume-manager-operator.adoc,storage/persistent_storage_local/persistent-storage-using-lvms.adoc,existing,persistent,1 sub-jobs
Understand persistent storage,"When I'm working with persistent storage, I want to understand the PV/PVC lifecycle, so that I can properly manage storage provisioning and cleanup.",,full,modules/lvms-about-volume-metrics-alerts.adoc,storage/persistent_storage_local/persistent-storage-using-lvms.adoc,existing,persistent,1 sub-jobs
Understand persistent storage,"When I'm working with persistent storage, I want to understand the PV/PVC lifecycle, so that I can properly manage storage provisioning and cleanup.",,full,modules/lvms-uninstalling-logical-volume-manager-operator-using-openshift-cli.adoc,storage/persistent_storage_local/persistent-storage-using-lvms.adoc,existing,persistent,1 sub-jobs
Understand persistent storage,"When I'm working with persistent storage, I want to understand the PV/PVC lifecycle, so that I can properly manage storage provisioning and cleanup.",,full,modules/lvms-uninstalling-logical-volume-manager-operator-using-openshift-web-console.adoc,storage/persistent_storage_local/persistent-storage-using-lvms.adoc,existing,persistent,1 sub-jobs
Understand persistent storage,"When I'm working with persistent storage, I want to understand the PV/PVC lifecycle, so that I can properly manage storage provisioning and cleanup.",,full,modules/lvms-uninstalling-logical-volume-manager-operator-using-rhacm.adoc,storage/persistent_storage_local/persistent-storage-using-lvms.adoc,existing,persistent,1 sub-jobs
Understand persistent storage,"When I'm working with persistent storage, I want to understand the PV/PVC lifecycle, so that I can properly manage storage provisioning and cleanup.",,full,modules/lvms-download-log-files-and-diagnostics.adoc,storage/persistent_storage_local/persistent-storage-using-lvms.adoc,existing,persistent,1 sub-jobs
Understand persistent storage,"When I'm working with persistent storage, I want to understand the PV/PVC lifecycle, so that I can properly manage storage provisioning and cleanup.",,full,modules/lvms-troubleshooting-persistent-storage.adoc,storage/persistent_storage_local/persistent-storage-using-lvms.adoc,existing,persistent,1 sub-jobs
Understand persistent storage,"When I'm working with persistent storage, I want to understand the PV/PVC lifecycle, so that I can properly manage storage provisioning and cleanup.",,full,modules/lvms-troubleshooting-investigating-a-pvc-stuck-in-the-pending-state.adoc,storage/persistent_storage_local/persistent-storage-using-lvms.adoc,existing,persistent,1 sub-jobs
Understand persistent storage,"When I'm working with persistent storage, I want to understand the PV/PVC lifecycle, so that I can properly manage storage provisioning and cleanup.",,full,modules/lvms-troubleshooting-recovering-from-missing-lvms-or-operator-components.adoc,storage/persistent_storage_local/persistent-storage-using-lvms.adoc,existing,persistent,1 sub-jobs
Understand persistent storage,"When I'm working with persistent storage, I want to understand the PV/PVC lifecycle, so that I can properly manage storage provisioning and cleanup.",,full,modules/lvms-troubleshooting-recovering-from-node-failure.adoc,storage/persistent_storage_local/persistent-storage-using-lvms.adoc,existing,persistent,1 sub-jobs
Understand persistent storage,"When I'm working with persistent storage, I want to understand the PV/PVC lifecycle, so that I can properly manage storage provisioning and cleanup.",,full,modules/lvms-troubleshooting-recovering-from-disk-failure.adoc,storage/persistent_storage_local/persistent-storage-using-lvms.adoc,existing,persistent,1 sub-jobs
Understand persistent storage,"When I'm working with persistent storage, I want to understand the PV/PVC lifecycle, so that I can properly manage storage provisioning and cleanup.",,full,modules/lvms-troubleshooting-performing-a-forced-cleanup.adoc,storage/persistent_storage_local/persistent-storage-using-lvms.adoc,existing,persistent,1 sub-jobs
Understand persistent storage,"When I'm working with persistent storage, I want to understand the PV/PVC lifecycle, so that I can properly manage storage provisioning and cleanup.",,full,modules/persistent-storage-local-top-level-overview.adoc,storage/persistent_storage_local/ways-to-provision-local-storage.adoc,existing,persistent,1 sub-jobs
Understand persistent storage,"When I'm working with persistent storage, I want to understand the PV/PVC lifecycle, so that I can properly manage storage provisioning and cleanup.",,full,modules/comparison-of-solutions-to-provision-node-local-storage.adoc,storage/persistent_storage_local/ways-to-provision-local-storage.adoc,existing,persistent,1 sub-jobs
Understand persistent storage,"When I'm working with persistent storage, I want to understand the PV/PVC lifecycle, so that I can properly manage storage provisioning and cleanup.",,full,modules/storage-persistent-storage-overview.adoc,storage/understanding-persistent-storage.adoc,existing,persistent,1 sub-jobs
Understand persistent storage,"When I'm working with persistent storage, I want to understand the PV/PVC lifecycle, so that I can properly manage storage provisioning and cleanup.",,full,modules/storage-persistent-storage-lifecycle.adoc,storage/understanding-persistent-storage.adoc,existing,persistent,1 sub-jobs
Understand persistent storage,"When I'm working with persistent storage, I want to understand the PV/PVC lifecycle, so that I can properly manage storage provisioning and cleanup.",,full,modules/storage-persistent-storage-reclaim-manual.adoc,storage/understanding-persistent-storage.adoc,existing,persistent,1 sub-jobs
Understand persistent storage,"When I'm working with persistent storage, I want to understand the PV/PVC lifecycle, so that I can properly manage storage provisioning and cleanup.",,full,modules/storage-persistent-storage-reclaim.adoc,storage/understanding-persistent-storage.adoc,existing,persistent,1 sub-jobs
Understand persistent storage,"When I'm working with persistent storage, I want to understand the PV/PVC lifecycle, so that I can properly manage storage provisioning and cleanup.",,full,modules/storage-persistent-storage-pv.adoc,storage/understanding-persistent-storage.adoc,existing,persistent,1 sub-jobs
Understand persistent storage,"When I'm working with persistent storage, I want to understand the PV/PVC lifecycle, so that I can properly manage storage provisioning and cleanup.",,full,modules/storage-persistent-storage-pvc.adoc,storage/understanding-persistent-storage.adoc,existing,persistent,1 sub-jobs
Understand persistent storage,"When I'm working with persistent storage, I want to understand the PV/PVC lifecycle, so that I can properly manage storage provisioning and cleanup.",,full,modules/storage-persistent-storage-pvc-volumeattributesclass.adoc,storage/understanding-persistent-storage.adoc,existing,persistent,1 sub-jobs
Understand persistent storage,"When I'm working with persistent storage, I want to understand the PV/PVC lifecycle, so that I can properly manage storage provisioning and cleanup.",,full,modules/storage-persistent-storage-pvc-volumeattributesclass-apply-vac.adoc,storage/understanding-persistent-storage.adoc,existing,persistent,1 sub-jobs
Understand persistent storage,"When I'm working with persistent storage, I want to understand the PV/PVC lifecycle, so that I can properly manage storage provisioning and cleanup.",,full,modules/storage-persistent-storage-pvc-volumeattributesclass-delete-vac.adoc,storage/understanding-persistent-storage.adoc,existing,persistent,1 sub-jobs
Understand persistent storage,"When I'm working with persistent storage, I want to understand the PV/PVC lifecycle, so that I can properly manage storage provisioning and cleanup.",,full,modules/storage-persistent-storage-block-volume.adoc,storage/understanding-persistent-storage.adoc,existing,persistent,1 sub-jobs
Understand persistent storage,"When I'm working with persistent storage, I want to understand the PV/PVC lifecycle, so that I can properly manage storage provisioning and cleanup.",,full,modules/storage-persistent-storage-block-volume-examples.adoc,storage/understanding-persistent-storage.adoc,existing,persistent,1 sub-jobs
Understand persistent storage,"When I'm working with persistent storage, I want to understand the PV/PVC lifecycle, so that I can properly manage storage provisioning and cleanup.",,full,modules/storage-persistent-storage-fsgroup.adoc,storage/understanding-persistent-storage.adoc,existing,persistent,1 sub-jobs
Understand persistent storage,"When I'm working with persistent storage, I want to understand the PV/PVC lifecycle, so that I can properly manage storage provisioning and cleanup.",,full,modules/storage-persistent-storage-fsGroup-namespace.adoc,storage/understanding-persistent-storage.adoc,existing,persistent,1 sub-jobs
Understand persistent storage,"When I'm working with persistent storage, I want to understand the PV/PVC lifecycle, so that I can properly manage storage provisioning and cleanup.",,full,modules/storage-persistent-storage-fsGroup-pod.adoc,storage/understanding-persistent-storage.adoc,existing,persistent,1 sub-jobs
Understand persistent storage,"When I'm working with persistent storage, I want to understand the PV/PVC lifecycle, so that I can properly manage storage provisioning and cleanup.",,full,modules/storage-persistent-storage-selinuxChangePolicy.adoc,storage/understanding-persistent-storage.adoc,existing,persistent,1 sub-jobs
Understand persistent storage,"When I'm working with persistent storage, I want to understand the PV/PVC lifecycle, so that I can properly manage storage provisioning and cleanup.",,full,modules/storage-persistent-storage-selinuxChangePolicy-testing-mountoption-RWO-RWX.adoc,storage/understanding-persistent-storage.adoc,existing,persistent,1 sub-jobs
Understand persistent storage,"When I'm working with persistent storage, I want to understand the PV/PVC lifecycle, so that I can properly manage storage provisioning and cleanup.",,full,modules/storage-persistent-storage-selinuxChangePolicy-opt-out.adoc,storage/understanding-persistent-storage.adoc,existing,persistent,1 sub-jobs
Understand persistent storage,"When I'm working with persistent storage, I want to understand the PV/PVC lifecycle, so that I can properly manage storage provisioning and cleanup.",,full,modules/storage-persistent-storage-selinuxChangePolicy-namespace.adoc,storage/understanding-persistent-storage.adoc,existing,persistent,1 sub-jobs
Understand persistent storage,"When I'm working with persistent storage, I want to understand the PV/PVC lifecycle, so that I can properly manage storage provisioning and cleanup.",,full,modules/storage-persistent-storage-selinuxChangePolicy-pod.adoc,storage/understanding-persistent-storage.adoc,existing,persistent,1 sub-jobs
Manage persistent volumes,"When I need to work with persistent storage, I want to understand persistent volumes (PVs), so that I can make informed decisions about storage configuration and management.",,full,modules/persistent-storage-csi-cloning-overview.adoc,storage/container_storage_interface/persistent-storage-csi-cloning.adoc,existing,persistent-volume,7 sub-jobs
Manage persistent volumes,"When I need to work with persistent storage, I want to understand persistent volumes (PVs), so that I can make informed decisions about storage configuration and management.",,full,modules/persistent-storage-csi-cloning-provisioning.adoc,storage/container_storage_interface/persistent-storage-csi-cloning.adoc,existing,persistent-volume,7 sub-jobs
Manage persistent volumes,"When I need to work with persistent storage, I want to understand persistent volumes (PVs), so that I can make informed decisions about storage configuration and management.",,full,modules/persistent-storage-csi-gcp-pd-encrypted-pv.adoc,storage/container_storage_interface/persistent-storage-csi-gcp-pd.adoc,existing,persistent-volume,7 sub-jobs
Manage persistent volumes,"When I need to work with persistent storage, I want to understand persistent volumes (PVs), so that I can make informed decisions about storage configuration and management.",,full,modules/persistent-storage-csi-gcp-images-snapshot-class-overview.adoc,storage/container_storage_interface/persistent-storage-csi-gcp-pd.adoc,existing,persistent-volume,7 sub-jobs
Manage persistent volumes,"When I need to work with persistent storage, I want to understand persistent volumes (PVs), so that I can make informed decisions about storage configuration and management.",,full,modules/persistent-storage-csi-group-snapshots-overview.adoc,storage/container_storage_interface/persistent-storage-csi-group-snapshots.adoc,existing,persistent-volume,7 sub-jobs
Manage persistent volumes,"When I need to work with persistent storage, I want to understand persistent volumes (PVs), so that I can make informed decisions about storage configuration and management.",,full,modules/persistent-storage-csi-group-snapshots-limitations.adoc,storage/container_storage_interface/persistent-storage-csi-group-snapshots.adoc,existing,persistent-volume,7 sub-jobs
Manage persistent volumes,"When I need to work with persistent storage, I want to understand persistent volumes (PVs), so that I can make informed decisions about storage configuration and management.",,full,modules/persistent-storage-csi-group-snapshot-create-admin.adoc,storage/container_storage_interface/persistent-storage-csi-group-snapshots.adoc,existing,persistent-volume,7 sub-jobs
Manage persistent volumes,"When I need to work with persistent storage, I want to understand persistent volumes (PVs), so that I can make informed decisions about storage configuration and management.",,full,modules/persistent-storage-csi-group-snapshots-create.adoc,storage/container_storage_interface/persistent-storage-csi-group-snapshots.adoc,existing,persistent-volume,7 sub-jobs
Manage persistent volumes,"When I need to work with persistent storage, I want to understand persistent volumes (PVs), so that I can make informed decisions about storage configuration and management.",,full,modules/persistent-storage-csi-group-snapshots-restore.adoc,storage/container_storage_interface/persistent-storage-csi-group-snapshots.adoc,existing,persistent-volume,7 sub-jobs
Manage persistent volumes,"When I need to work with persistent storage, I want to understand persistent volumes (PVs), so that I can make informed decisions about storage configuration and management.",,full,modules/persistent-storage-csi-manila-dynamic-provisioning-overview.adoc,storage/container_storage_interface/persistent-storage-csi-manila.adoc,existing,persistent-volume,7 sub-jobs
Manage persistent volumes,"When I need to work with persistent storage, I want to understand persistent volumes (PVs), so that I can make informed decisions about storage configuration and management.",,full,modules/persistent-storage-csi-manila-dynamic-provisioning-console.adoc,storage/container_storage_interface/persistent-storage-csi-manila.adoc,existing,persistent-volume,7 sub-jobs
Manage persistent volumes,"When I need to work with persistent storage, I want to understand persistent volumes (PVs), so that I can make informed decisions about storage configuration and management.",,full,modules/persistent-storage-csi-manila-dynamic-provisioning.adoc,storage/container_storage_interface/persistent-storage-csi-manila.adoc,existing,persistent-volume,7 sub-jobs
Manage persistent volumes,"When I need to work with persistent storage, I want to understand persistent volumes (PVs), so that I can make informed decisions about storage configuration and management.",,full,modules/persistent-storage-csi-snapshots-overview.adoc,storage/container_storage_interface/persistent-storage-csi-snapshots.adoc,existing,persistent-volume,7 sub-jobs
Manage persistent volumes,"When I need to work with persistent storage, I want to understand persistent volumes (PVs), so that I can make informed decisions about storage configuration and management.",,full,modules/persistent-storage-csi-snapshots-provision.adoc,storage/container_storage_interface/persistent-storage-csi-snapshots.adoc,existing,persistent-volume,7 sub-jobs
Manage persistent volumes,"When I need to work with persistent storage, I want to understand persistent volumes (PVs), so that I can make informed decisions about storage configuration and management.",,full,modules/persistent-storage-csi-snapshots-create.adoc,storage/container_storage_interface/persistent-storage-csi-snapshots.adoc,existing,persistent-volume,7 sub-jobs
Manage persistent volumes,"When I need to work with persistent storage, I want to understand persistent volumes (PVs), so that I can make informed decisions about storage configuration and management.",,full,modules/persistent-storage-csi-snapshots-create-static.adoc,storage/container_storage_interface/persistent-storage-csi-snapshots.adoc,existing,persistent-volume,7 sub-jobs
Manage persistent volumes,"When I need to work with persistent storage, I want to understand persistent volumes (PVs), so that I can make informed decisions about storage configuration and management.",,full,modules/persistent-storage-csi-snapshots-delete.adoc,storage/container_storage_interface/persistent-storage-csi-snapshots.adoc,existing,persistent-volume,7 sub-jobs
Manage persistent volumes,"When I need to work with persistent storage, I want to understand persistent volumes (PVs), so that I can make informed decisions about storage configuration and management.",,full,modules/persistent-storage-csi-snapshots-restore.adoc,storage/container_storage_interface/persistent-storage-csi-snapshots.adoc,existing,persistent-volume,7 sub-jobs
Manage persistent volumes,"When I need to work with persistent storage, I want to understand persistent volumes (PVs), so that I can make informed decisions about storage configuration and management.",,full,modules/persistent-storage-csi-vol-populator.adoc,storage/container_storage_interface/persistent-storage-csi-vol-populators.adoc,existing,persistent-volume,7 sub-jobs
Manage persistent volumes,"When I need to work with persistent storage, I want to understand persistent volumes (PVs), so that I can make informed decisions about storage configuration and management.",,full,modules/persistent-storage-csi-vol-populator-procedure-top-level.adoc,storage/container_storage_interface/persistent-storage-csi-vol-populators.adoc,existing,persistent-volume,7 sub-jobs
Manage persistent volumes,"When I need to work with persistent storage, I want to understand persistent volumes (PVs), so that I can make informed decisions about storage configuration and management.",,full,modules/persistent-storage-csi-vol-populator-procedure-admin.adoc,storage/container_storage_interface/persistent-storage-csi-vol-populators.adoc,existing,persistent-volume,7 sub-jobs
Manage persistent volumes,"When I need to work with persistent storage, I want to understand persistent volumes (PVs), so that I can make informed decisions about storage configuration and management.",,full,modules/persistent-storage-csi-vol-populator-procedure.adoc,storage/container_storage_interface/persistent-storage-csi-vol-populators.adoc,existing,persistent-volume,7 sub-jobs
Manage persistent volumes,"When I need to work with persistent storage, I want to understand persistent volumes (PVs), so that I can make informed decisions about storage configuration and management.",,full,modules/persistent-storage-csi-vol-populator-uninstall.adoc,storage/container_storage_interface/persistent-storage-csi-vol-populators.adoc,existing,persistent-volume,7 sub-jobs
Manage persistent volumes,"When I need to work with persistent storage, I want to understand persistent volumes (PVs), so that I can make informed decisions about storage configuration and management.",,full,modules/persistent-storage-csi-vsphere-rwx.adoc,storage/container_storage_interface/persistent-storage-csi-vsphere.adoc,existing,persistent-volume,7 sub-jobs
Manage persistent volumes,"When I need to work with persistent storage, I want to understand persistent volumes (PVs), so that I can make informed decisions about storage configuration and management.",,full,modules/persistent-storage-csi-vsphere-migrating-cns-vols-between-datastores.adoc,storage/container_storage_interface/persistent-storage-csi-vsphere.adoc,existing,persistent-volume,7 sub-jobs
Manage persistent volumes,"When I need to work with persistent storage, I want to understand persistent volumes (PVs), so that I can make informed decisions about storage configuration and management.",,full,modules/persistent-storage-csi-vsphere-increase-max-vols-per-node-overview.adoc,storage/container_storage_interface/persistent-storage-csi-vsphere.adoc,existing,persistent-volume,7 sub-jobs
Manage persistent volumes,"When I need to work with persistent storage, I want to understand persistent volumes (PVs), so that I can make informed decisions about storage configuration and management.",,full,modules/persistent-storage-csi-vsphere-increase-max-vols-per-node-procedure.adoc,storage/container_storage_interface/persistent-storage-csi-vsphere.adoc,existing,persistent-volume,7 sub-jobs
Manage persistent volumes,"When I need to work with persistent storage, I want to understand persistent volumes (PVs), so that I can make informed decisions about storage configuration and management.",,full,modules/storage-expanding-add-volume-expansion.adoc,storage/expanding-persistent-volumes.adoc,existing,persistent-volume,7 sub-jobs
Manage persistent volumes,"When I need to work with persistent storage, I want to understand persistent volumes (PVs), so that I can make informed decisions about storage configuration and management.",,full,modules/storage-expanding-csi-volumes.adoc,storage/expanding-persistent-volumes.adoc,existing,persistent-volume,7 sub-jobs
Manage persistent volumes,"When I need to work with persistent storage, I want to understand persistent volumes (PVs), so that I can make informed decisions about storage configuration and management.",,full,modules/storage-expanding-flexvolume.adoc,storage/expanding-persistent-volumes.adoc,existing,persistent-volume,7 sub-jobs
Manage persistent volumes,"When I need to work with persistent storage, I want to understand persistent volumes (PVs), so that I can make informed decisions about storage configuration and management.",,full,modules/storage-expanding-local-volumes.adoc,storage/expanding-persistent-volumes.adoc,existing,persistent-volume,7 sub-jobs
Manage persistent volumes,"When I need to work with persistent storage, I want to understand persistent volumes (PVs), so that I can make informed decisions about storage configuration and management.",,full,modules/storage-expanding-filesystem-pvc.adoc,storage/expanding-persistent-volumes.adoc,existing,persistent-volume,7 sub-jobs
Manage persistent volumes,"When I need to work with persistent storage, I want to understand persistent volumes (PVs), so that I can make informed decisions about storage configuration and management.",,full,modules/storage-expanding-recovering-failure.adoc,storage/expanding-persistent-volumes.adoc,existing,persistent-volume,7 sub-jobs
Manage persistent volumes,"When I need to work with persistent storage, I want to understand persistent volumes (PVs), so that I can make informed decisions about storage configuration and management.",,full,modules/storage-expanding-recovering-failure-view-status.adoc,storage/expanding-persistent-volumes.adoc,existing,persistent-volume,7 sub-jobs
Manage persistent volumes,"When I need to work with persistent storage, I want to understand persistent volumes (PVs), so that I can make informed decisions about storage configuration and management.",,full,modules/storage-ephemeral-vols-lifecycle.adoc,storage/generic-ephemeral-vols.adoc,existing,persistent-volume,7 sub-jobs
Manage persistent volumes,"When I need to work with persistent storage, I want to understand persistent volumes (PVs), so that I can make informed decisions about storage configuration and management.",,full,modules/storage-ephemeral-vols-pvc-naming.adoc,storage/generic-ephemeral-vols.adoc,existing,persistent-volume,7 sub-jobs
Manage persistent volumes,"When I need to work with persistent storage, I want to understand persistent volumes (PVs), so that I can make informed decisions about storage configuration and management.",,full,modules/persistent-storage-csi-vol-detach-non-graceful-shutdown-procedure.adoc,storage/persistent-storage-csi-vol-detach-non-graceful-shutdown.adoc,existing,persistent-volume,7 sub-jobs
Manage persistent volumes,"When I need to work with persistent storage, I want to understand persistent volumes (PVs), so that I can make informed decisions about storage configuration and management.",,full,modules/storage-persistent-storage-creating-volume-claim.adoc,storage/persistent_storage/persistent-storage-aws.adoc,existing,persistent-volume,7 sub-jobs
Manage persistent volumes,"When I need to work with persistent storage, I want to understand persistent volumes (PVs), so that I can make informed decisions about storage configuration and management.",,full,modules/storage-persistent-storage-volume-format.adoc,storage/persistent_storage/persistent-storage-aws.adoc,existing,persistent-volume,7 sub-jobs
Manage persistent volumes,"When I need to work with persistent storage, I want to understand persistent volumes (PVs), so that I can make informed decisions about storage configuration and management.",,full,modules/storage-persistent-storage-aws-maximum-volumes.adoc,storage/persistent_storage/persistent-storage-aws.adoc,existing,persistent-volume,7 sub-jobs
Manage persistent volumes,"When I need to work with persistent storage, I want to understand persistent volumes (PVs), so that I can make informed decisions about storage configuration and management.",,full,modules/storage-persistent-storage-volume-encrypt-with-kms-key.adoc,storage/persistent_storage/persistent-storage-aws.adoc,existing,persistent-volume,7 sub-jobs
Manage persistent volumes,"When I need to work with persistent storage, I want to understand persistent volumes (PVs), so that I can make informed decisions about storage configuration and management.",,full,modules/storage-persistent-storage-azure-file.adoc,storage/persistent_storage/persistent-storage-azure-file.adoc,existing,persistent-volume,7 sub-jobs
Manage persistent volumes,"When I need to work with persistent storage, I want to understand persistent volumes (PVs), so that I can make informed decisions about storage configuration and management.",,full,modules/storage-persistent-storage-azure-volume-format.adoc,storage/persistent_storage/persistent-storage-azure.adoc,existing,persistent-volume,7 sub-jobs
Manage persistent volumes,"When I need to work with persistent storage, I want to understand persistent volumes (PVs), so that I can make informed decisions about storage configuration and management.",,full,modules/persistent-storage-cinder-creating-pv.adoc,storage/persistent_storage/persistent-storage-cinder.adoc,existing,persistent-volume,7 sub-jobs
Manage persistent volumes,"When I need to work with persistent storage, I want to understand persistent volumes (PVs), so that I can make informed decisions about storage configuration and management.",,full,modules/persistent-storage-cinder-pv-format.adoc,storage/persistent_storage/persistent-storage-cinder.adoc,existing,persistent-volume,7 sub-jobs
Manage persistent volumes,"When I need to work with persistent storage, I want to understand persistent volumes (PVs), so that I can make informed decisions about storage configuration and management.",,full,modules/persistent-storage-cinder-volume-security.adoc,storage/persistent_storage/persistent-storage-cinder.adoc,existing,persistent-volume,7 sub-jobs
Manage persistent volumes,"When I need to work with persistent storage, I want to understand persistent volumes (PVs), so that I can make informed decisions about storage configuration and management.",,full,modules/persistent-storage-fibre-volume-security.adoc,storage/persistent_storage/persistent-storage-fibre.adoc,existing,persistent-volume,7 sub-jobs
Manage persistent volumes,"When I need to work with persistent storage, I want to understand persistent volumes (PVs), so that I can make informed decisions about storage configuration and management.",,full,modules/persistent-storage-flexvolume-drivers.adoc,storage/persistent_storage/persistent-storage-flexvolume.adoc,existing,persistent-volume,7 sub-jobs
Manage persistent volumes,"When I need to work with persistent storage, I want to understand persistent volumes (PVs), so that I can make informed decisions about storage configuration and management.",,full,modules/persistent-storage-flexvolume-driver-example.adoc,storage/persistent_storage/persistent-storage-flexvolume.adoc,existing,persistent-volume,7 sub-jobs
Manage persistent volumes,"When I need to work with persistent storage, I want to understand persistent volumes (PVs), so that I can make informed decisions about storage configuration and management.",,full,modules/persistent-storage-flexvolume-installing.adoc,storage/persistent_storage/persistent-storage-flexvolume.adoc,existing,persistent-volume,7 sub-jobs
Manage persistent volumes,"When I need to work with persistent storage, I want to understand persistent volumes (PVs), so that I can make informed decisions about storage configuration and management.",,full,modules/persistent-storage-flexvolume-consuming.adoc,storage/persistent_storage/persistent-storage-flexvolume.adoc,existing,persistent-volume,7 sub-jobs
Manage persistent volumes,"When I need to work with persistent storage, I want to understand persistent volumes (PVs), so that I can make informed decisions about storage configuration and management.",,full,modules/storage-persistent-storage-iscsi-volume-security.adoc,storage/persistent_storage/persistent-storage-iscsi.adoc,existing,persistent-volume,7 sub-jobs
Manage persistent volumes,"When I need to work with persistent storage, I want to understand persistent volumes (PVs), so that I can make informed decisions about storage configuration and management.",,full,modules/storage-persistent-storage-nfs-volume-security.adoc,storage/persistent_storage/persistent-storage-nfs.adoc,existing,persistent-volume,7 sub-jobs
Manage persistent volumes,"When I need to work with persistent storage, I want to understand persistent volumes (PVs), so that I can make informed decisions about storage configuration and management.",,full,modules/persistent-storage-vsphere-dynamic-provisioning.adoc,storage/persistent_storage/persistent-storage-vsphere.adoc,existing,persistent-volume,7 sub-jobs
Manage persistent volumes,"When I need to work with persistent storage, I want to understand persistent volumes (PVs), so that I can make informed decisions about storage configuration and management.",,full,modules/persistent-storage-vsphere-dynamic-provisioning-cli.adoc,storage/persistent_storage/persistent-storage-vsphere.adoc,existing,persistent-volume,7 sub-jobs
Manage persistent volumes,"When I need to work with persistent storage, I want to understand persistent volumes (PVs), so that I can make informed decisions about storage configuration and management.",,full,modules/persistent-storage-vsphere-static-provisioning.adoc,storage/persistent_storage/persistent-storage-vsphere.adoc,existing,persistent-volume,7 sub-jobs
Manage persistent volumes,"When I need to work with persistent storage, I want to understand persistent volumes (PVs), so that I can make informed decisions about storage configuration and management.",,full,modules/persistent-storage-vsphere-formatting.adoc,storage/persistent_storage/persistent-storage-vsphere.adoc,existing,persistent-volume,7 sub-jobs
Manage persistent volumes,"When I need to work with persistent storage, I want to understand persistent volumes (PVs), so that I can make informed decisions about storage configuration and management.",,full,modules/persistent-storage-hostpath-static-provisioning.adoc,storage/persistent_storage_local/persistent-storage-hostpath.adoc,existing,persistent-volume,7 sub-jobs
Manage persistent volumes,"When I need to work with persistent storage, I want to understand persistent volumes (PVs), so that I can make informed decisions about storage configuration and management.",,full,modules/persistent-storage-local-create-cr.adoc,storage/persistent_storage_local/persistent-storage-local.adoc,existing,persistent-volume,7 sub-jobs
Manage persistent volumes,"When I need to work with persistent storage, I want to understand persistent volumes (PVs), so that I can make informed decisions about storage configuration and management.",,full,modules/persistent-storage-local-create-cr-manual.adoc,storage/persistent_storage_local/persistent-storage-local.adoc,existing,persistent-volume,7 sub-jobs
Manage persistent volumes,"When I need to work with persistent storage, I want to understand persistent volumes (PVs), so that I can make informed decisions about storage configuration and management.",,full,modules/persistent-storage-local-pvc.adoc,storage/persistent_storage_local/persistent-storage-local.adoc,existing,persistent-volume,7 sub-jobs
Manage persistent volumes,"When I need to work with persistent storage, I want to understand persistent volumes (PVs), so that I can make informed decisions about storage configuration and management.",,full,modules/persistent-storage-local-removing-devices.adoc,storage/persistent_storage_local/persistent-storage-local.adoc,existing,persistent-volume,7 sub-jobs
Manage persistent volumes,"When I need to work with persistent storage, I want to understand persistent volumes (PVs), so that I can make informed decisions about storage configuration and management.",,full,modules/lvms-about-lvm-storage-installation.adoc,storage/persistent_storage_local/persistent-storage-using-lvms.adoc,existing,persistent-volume,7 sub-jobs
Manage persistent volumes,"When I need to work with persistent storage, I want to understand persistent volumes (PVs), so that I can make informed decisions about storage configuration and management.",,full,modules/lvms-installing-logical-volume-manager-operator-using-cli.adoc,storage/persistent_storage_local/persistent-storage-using-lvms.adoc,existing,persistent-volume,7 sub-jobs
Manage persistent volumes,"When I need to work with persistent storage, I want to understand persistent volumes (PVs), so that I can make informed decisions about storage configuration and management.",,full,modules/lvms-installing-logical-volume-manager-operator-using-openshift-web-console.adoc,storage/persistent_storage_local/persistent-storage-using-lvms.adoc,existing,persistent-volume,7 sub-jobs
Manage persistent volumes,"When I need to work with persistent storage, I want to understand persistent volumes (PVs), so that I can make informed decisions about storage configuration and management.",,full,modules/lvms-installing-logical-volume-manager-operator-disconnected-environment.adoc,storage/persistent_storage_local/persistent-storage-using-lvms.adoc,existing,persistent-volume,7 sub-jobs
Manage persistent volumes,"When I need to work with persistent storage, I want to understand persistent volumes (PVs), so that I can make informed decisions about storage configuration and management.",,full,modules/lvms-installing-logical-volume-manager-operator-using-rhacm.adoc,storage/persistent_storage_local/persistent-storage-using-lvms.adoc,existing,persistent-volume,7 sub-jobs
Manage persistent volumes,"When I need to work with persistent storage, I want to understand persistent volumes (PVs), so that I can make informed decisions about storage configuration and management.",,full,modules/lvms-about-adding-devices-to-a-vg.adoc,storage/persistent_storage_local/persistent-storage-using-lvms.adoc,existing,persistent-volume,7 sub-jobs
Manage persistent volumes,"When I need to work with persistent storage, I want to understand persistent volumes (PVs), so that I can make informed decisions about storage configuration and management.",,full,modules/lvms-about-removing-devices-deviceclasses-from-a-vg.adoc,storage/persistent_storage_local/persistent-storage-using-lvms.adoc,existing,persistent-volume,7 sub-jobs
Manage persistent volumes,"When I need to work with persistent storage, I want to understand persistent volumes (PVs), so that I can make informed decisions about storage configuration and management.",,full,modules/lvms-reusing-vg-from-prev-installation.adoc,storage/persistent_storage_local/persistent-storage-using-lvms.adoc,existing,persistent-volume,7 sub-jobs
Manage persistent volumes,"When I need to work with persistent storage, I want to understand persistent volumes (PVs), so that I can make informed decisions about storage configuration and management.",,full,modules/lvms-provisioning-storage-using-logical-volume-manager-operator.adoc,storage/persistent_storage_local/persistent-storage-using-lvms.adoc,existing,persistent-volume,7 sub-jobs
Manage persistent volumes,"When I need to work with persistent storage, I want to understand persistent volumes (PVs), so that I can make informed decisions about storage configuration and management.",,full,modules/lvms-scaling-storage-expand-pvc.adoc,storage/persistent_storage_local/persistent-storage-using-lvms.adoc,existing,persistent-volume,7 sub-jobs
Manage persistent volumes,"When I need to work with persistent storage, I want to understand persistent volumes (PVs), so that I can make informed decisions about storage configuration and management.",,full,modules/lvms-deleting-pvc.adoc,storage/persistent_storage_local/persistent-storage-using-lvms.adoc,existing,persistent-volume,7 sub-jobs
Manage persistent volumes,"When I need to work with persistent storage, I want to understand persistent volumes (PVs), so that I can make informed decisions about storage configuration and management.",,full,modules/lvms-about-volume-snapshots.adoc,storage/persistent_storage_local/persistent-storage-using-lvms.adoc,existing,persistent-volume,7 sub-jobs
Manage persistent volumes,"When I need to work with persistent storage, I want to understand persistent volumes (PVs), so that I can make informed decisions about storage configuration and management.",,full,modules/lvms-creating-volume-snapshots.adoc,storage/persistent_storage_local/persistent-storage-using-lvms.adoc,existing,persistent-volume,7 sub-jobs
Manage persistent volumes,"When I need to work with persistent storage, I want to understand persistent volumes (PVs), so that I can make informed decisions about storage configuration and management.",,full,modules/lvms-restoring-volume-snapshots.adoc,storage/persistent_storage_local/persistent-storage-using-lvms.adoc,existing,persistent-volume,7 sub-jobs
Manage persistent volumes,"When I need to work with persistent storage, I want to understand persistent volumes (PVs), so that I can make informed decisions about storage configuration and management.",,full,modules/lvms-deleting-volume-snapshots.adoc,storage/persistent_storage_local/persistent-storage-using-lvms.adoc,existing,persistent-volume,7 sub-jobs
Manage persistent volumes,"When I need to work with persistent storage, I want to understand persistent volumes (PVs), so that I can make informed decisions about storage configuration and management.",,full,modules/lvms-about-volume-clones.adoc,storage/persistent_storage_local/persistent-storage-using-lvms.adoc,existing,persistent-volume,7 sub-jobs
Manage persistent volumes,"When I need to work with persistent storage, I want to understand persistent volumes (PVs), so that I can make informed decisions about storage configuration and management.",,full,modules/lvms-creating-volume-clones.adoc,storage/persistent_storage_local/persistent-storage-using-lvms.adoc,existing,persistent-volume,7 sub-jobs
Manage persistent volumes,"When I need to work with persistent storage, I want to understand persistent volumes (PVs), so that I can make informed decisions about storage configuration and management.",,full,modules/lvms-deleting-volume-clones.adoc,storage/persistent_storage_local/persistent-storage-using-lvms.adoc,existing,persistent-volume,7 sub-jobs
Manage persistent volumes,"When I need to work with persistent storage, I want to understand persistent volumes (PVs), so that I can make informed decisions about storage configuration and management.",,full,modules/lvms-monitoring-logical-volume-manager-operator.adoc,storage/persistent_storage_local/persistent-storage-using-lvms.adoc,existing,persistent-volume,7 sub-jobs
Manage persistent volumes,"When I need to work with persistent storage, I want to understand persistent volumes (PVs), so that I can make informed decisions about storage configuration and management.",,full,modules/lvms-about-volume-metrics-alerts.adoc,storage/persistent_storage_local/persistent-storage-using-lvms.adoc,existing,persistent-volume,7 sub-jobs
Manage persistent volumes,"When I need to work with persistent storage, I want to understand persistent volumes (PVs), so that I can make informed decisions about storage configuration and management.",,full,modules/lvms-uninstalling-logical-volume-manager-operator-using-openshift-cli.adoc,storage/persistent_storage_local/persistent-storage-using-lvms.adoc,existing,persistent-volume,7 sub-jobs
Manage persistent volumes,"When I need to work with persistent storage, I want to understand persistent volumes (PVs), so that I can make informed decisions about storage configuration and management.",,full,modules/lvms-uninstalling-logical-volume-manager-operator-using-openshift-web-console.adoc,storage/persistent_storage_local/persistent-storage-using-lvms.adoc,existing,persistent-volume,7 sub-jobs
Manage persistent volumes,"When I need to work with persistent storage, I want to understand persistent volumes (PVs), so that I can make informed decisions about storage configuration and management.",,full,modules/lvms-uninstalling-logical-volume-manager-operator-using-rhacm.adoc,storage/persistent_storage_local/persistent-storage-using-lvms.adoc,existing,persistent-volume,7 sub-jobs
Manage persistent volumes,"When I need to work with persistent storage, I want to understand persistent volumes (PVs), so that I can make informed decisions about storage configuration and management.",,full,modules/storage-persistent-storage-lifecycle.adoc,storage/understanding-persistent-storage.adoc,existing,persistent-volume,7 sub-jobs
Manage persistent volumes,"When I need to work with persistent storage, I want to understand persistent volumes (PVs), so that I can make informed decisions about storage configuration and management.",,full,modules/storage-persistent-storage-reclaim-manual.adoc,storage/understanding-persistent-storage.adoc,existing,persistent-volume,7 sub-jobs
Manage persistent volumes,"When I need to work with persistent storage, I want to understand persistent volumes (PVs), so that I can make informed decisions about storage configuration and management.",,full,modules/storage-persistent-storage-reclaim.adoc,storage/understanding-persistent-storage.adoc,existing,persistent-volume,7 sub-jobs
Manage persistent volumes,"When I need to work with persistent storage, I want to understand persistent volumes (PVs), so that I can make informed decisions about storage configuration and management.",,full,modules/storage-persistent-storage-pv.adoc,storage/understanding-persistent-storage.adoc,existing,persistent-volume,7 sub-jobs
Manage persistent volumes,"When I need to work with persistent storage, I want to understand persistent volumes (PVs), so that I can make informed decisions about storage configuration and management.",,full,modules/storage-persistent-storage-pvc.adoc,storage/understanding-persistent-storage.adoc,existing,persistent-volume,7 sub-jobs
Manage persistent volumes,"When I need to work with persistent storage, I want to understand persistent volumes (PVs), so that I can make informed decisions about storage configuration and management.",,full,modules/storage-persistent-storage-pvc-volumeattributesclass.adoc,storage/understanding-persistent-storage.adoc,existing,persistent-volume,7 sub-jobs
Manage persistent volumes,"When I need to work with persistent storage, I want to understand persistent volumes (PVs), so that I can make informed decisions about storage configuration and management.",,full,modules/storage-persistent-storage-pvc-volumeattributesclass-apply-vac.adoc,storage/understanding-persistent-storage.adoc,existing,persistent-volume,7 sub-jobs
Manage persistent volumes,"When I need to work with persistent storage, I want to understand persistent volumes (PVs), so that I can make informed decisions about storage configuration and management.",,full,modules/storage-persistent-storage-pvc-volumeattributesclass-delete-vac.adoc,storage/understanding-persistent-storage.adoc,existing,persistent-volume,7 sub-jobs
Manage persistent volumes,"When I need to work with persistent storage, I want to understand persistent volumes (PVs), so that I can make informed decisions about storage configuration and management.",,full,modules/storage-persistent-storage-block-volume.adoc,storage/understanding-persistent-storage.adoc,existing,persistent-volume,7 sub-jobs
Manage persistent volumes,"When I need to work with persistent storage, I want to understand persistent volumes (PVs), so that I can make informed decisions about storage configuration and management.",,full,modules/storage-persistent-storage-block-volume-examples.adoc,storage/understanding-persistent-storage.adoc,existing,persistent-volume,7 sub-jobs
Manage persistent volume claims,"When I need applications to request storage, I want to understand persistent volume claims (PVCs), so that I can properly configure storage requests for my workloads.",,full,modules/persistent-storage-csi-azure-file-cross-sub-dynamic-pre-provisioning-pv-pvc-procedure.adoc,storage/container_storage_interface/persistent-storage-csi-azure-file.adoc,existing,pvc,3 sub-jobs
Manage persistent volume claims,"When I need applications to request storage, I want to understand persistent volume claims (PVCs), so that I can properly configure storage requests for my workloads.",,full,modules/storage-expanding-filesystem-pvc.adoc,storage/expanding-persistent-volumes.adoc,existing,pvc,3 sub-jobs
Manage persistent volume claims,"When I need applications to request storage, I want to understand persistent volume claims (PVCs), so that I can properly configure storage requests for my workloads.",,full,modules/storage-ephemeral-vols-pvc-naming.adoc,storage/generic-ephemeral-vols.adoc,existing,pvc,3 sub-jobs
Manage persistent volume claims,"When I need applications to request storage, I want to understand persistent volume claims (PVCs), so that I can properly configure storage requests for my workloads.",,full,modules/persistent-storage-local-pvc.adoc,storage/persistent_storage_local/persistent-storage-local.adoc,existing,pvc,3 sub-jobs
Manage persistent volume claims,"When I need applications to request storage, I want to understand persistent volume claims (PVCs), so that I can properly configure storage requests for my workloads.",,full,modules/lvms-scaling-storage-expand-pvc.adoc,storage/persistent_storage_local/persistent-storage-using-lvms.adoc,existing,pvc,3 sub-jobs
Manage persistent volume claims,"When I need applications to request storage, I want to understand persistent volume claims (PVCs), so that I can properly configure storage requests for my workloads.",,full,modules/lvms-deleting-pvc.adoc,storage/persistent_storage_local/persistent-storage-using-lvms.adoc,existing,pvc,3 sub-jobs
Manage persistent volume claims,"When I need applications to request storage, I want to understand persistent volume claims (PVCs), so that I can properly configure storage requests for my workloads.",,full,modules/lvms-troubleshooting-investigating-a-pvc-stuck-in-the-pending-state.adoc,storage/persistent_storage_local/persistent-storage-using-lvms.adoc,existing,pvc,3 sub-jobs
Manage persistent volume claims,"When I need applications to request storage, I want to understand persistent volume claims (PVCs), so that I can properly configure storage requests for my workloads.",,full,modules/storage-persistent-storage-pvc.adoc,storage/understanding-persistent-storage.adoc,existing,pvc,3 sub-jobs
Manage persistent volume claims,"When I need applications to request storage, I want to understand persistent volume claims (PVCs), so that I can properly configure storage requests for my workloads.",,full,modules/storage-persistent-storage-pvc-volumeattributesclass.adoc,storage/understanding-persistent-storage.adoc,existing,pvc,3 sub-jobs
Manage persistent volume claims,"When I need applications to request storage, I want to understand persistent volume claims (PVCs), so that I can properly configure storage requests for my workloads.",,full,modules/storage-persistent-storage-pvc-volumeattributesclass-apply-vac.adoc,storage/understanding-persistent-storage.adoc,existing,pvc,3 sub-jobs
Manage persistent volume claims,"When I need applications to request storage, I want to understand persistent volume claims (PVCs), so that I can properly configure storage requests for my workloads.",,full,modules/storage-persistent-storage-pvc-volumeattributesclass-delete-vac.adoc,storage/understanding-persistent-storage.adoc,existing,pvc,3 sub-jobs
Optimize performance with volume attribute classes,"When I need to optimize storage performance, I may want to modify performance characteristics by applying Volume Attribute Classes (VAC) to PVCs, so that I can adjust performance parameters without reprovisioning volumes.",,full,modules/storage-persistent-storage-pvc-volumeattributesclass.adoc,storage/understanding-persistent-storage.adoc,existing,volumeattributesclass,1 sub-jobs
Optimize performance with volume attribute classes,"When I need to optimize storage performance, I may want to modify performance characteristics by applying Volume Attribute Classes (VAC) to PVCs, so that I can adjust performance parameters without reprovisioning volumes.",,full,modules/storage-persistent-storage-pvc-volumeattributesclass-apply-vac.adoc,storage/understanding-persistent-storage.adoc,existing,volumeattributesclass,1 sub-jobs
Optimize performance with volume attribute classes,"When I need to optimize storage performance, I may want to modify performance characteristics by applying Volume Attribute Classes (VAC) to PVCs, so that I can adjust performance parameters without reprovisioning volumes.",,full,modules/storage-persistent-storage-pvc-volumeattributesclass-delete-vac.adoc,storage/understanding-persistent-storage.adoc,existing,volumeattributesclass,1 sub-jobs
Provision raw block volumes,"When I have applications that require direct block device access, I want to provision raw block volumes, so that I can achieve better performance for these applications.",,full,modules/storage-persistent-storage-block-volume.adoc,storage/understanding-persistent-storage.adoc,existing,block-volume,1 sub-jobs
Provision raw block volumes,"When I have applications that require direct block device access, I want to provision raw block volumes, so that I can achieve better performance for these applications.",,full,modules/storage-persistent-storage-block-volume-examples.adoc,storage/understanding-persistent-storage.adoc,existing,block-volume,1 sub-jobs
Reduce pod timeouts using fsGroup,"When pod startup is slow due to permission changes, I want to reduce pod timeouts using fsGroup, so that I can improve application startup times.",,full,modules/storage-persistent-storage-fsgroup.adoc,storage/understanding-persistent-storage.adoc,existing,fsgroup,1 sub-jobs
Reduce pod timeouts using fsGroup,"When pod startup is slow due to permission changes, I want to reduce pod timeouts using fsGroup, so that I can improve application startup times.",,full,modules/storage-persistent-storage-fsGroup-namespace.adoc,storage/understanding-persistent-storage.adoc,existing,fsgroup,1 sub-jobs
Reduce pod timeouts using fsGroup,"When pod startup is slow due to permission changes, I want to reduce pod timeouts using fsGroup, so that I can improve application startup times.",,full,modules/storage-persistent-storage-fsGroup-pod.adoc,storage/understanding-persistent-storage.adoc,existing,fsgroup,1 sub-jobs
Reduce pod timouts using seLinuxChangePolicy,"When pod startup is slow due to SELinux relabeling, I want to reduce pod timeouts using seLinuxChangePolicy, so that I can accelerate container initialization.",,full,modules/storage-persistent-storage-nfs-selinux.adoc,storage/persistent_storage/persistent-storage-nfs.adoc,existing,selinux,1 sub-jobs
Reduce pod timouts using seLinuxChangePolicy,"When pod startup is slow due to SELinux relabeling, I want to reduce pod timeouts using seLinuxChangePolicy, so that I can accelerate container initialization.",,full,modules/storage-persistent-storage-selinuxChangePolicy.adoc,storage/understanding-persistent-storage.adoc,existing,selinux,1 sub-jobs
Reduce pod timouts using seLinuxChangePolicy,"When pod startup is slow due to SELinux relabeling, I want to reduce pod timeouts using seLinuxChangePolicy, so that I can accelerate container initialization.",,full,modules/storage-persistent-storage-selinuxChangePolicy-testing-mountoption-RWO-RWX.adoc,storage/understanding-persistent-storage.adoc,existing,selinux,1 sub-jobs
Reduce pod timouts using seLinuxChangePolicy,"When pod startup is slow due to SELinux relabeling, I want to reduce pod timeouts using seLinuxChangePolicy, so that I can accelerate container initialization.",,full,modules/storage-persistent-storage-selinuxChangePolicy-opt-out.adoc,storage/understanding-persistent-storage.adoc,existing,selinux,1 sub-jobs
Reduce pod timouts using seLinuxChangePolicy,"When pod startup is slow due to SELinux relabeling, I want to reduce pod timeouts using seLinuxChangePolicy, so that I can accelerate container initialization.",,full,modules/storage-persistent-storage-selinuxChangePolicy-namespace.adoc,storage/understanding-persistent-storage.adoc,existing,selinux,1 sub-jobs
Reduce pod timouts using seLinuxChangePolicy,"When pod startup is slow due to SELinux relabeling, I want to reduce pod timeouts using seLinuxChangePolicy, so that I can accelerate container initialization.",,full,modules/storage-persistent-storage-selinuxChangePolicy-pod.adoc,storage/understanding-persistent-storage.adoc,existing,selinux,1 sub-jobs
AWS Elastic Block Storage,"When I'm working on AWS, I want to understand In-Tree AWS Elastic Block Storage, so that I can make informed decisions about storage usage.",Configure persistent storage,full,modules/persistent-storage-csi-aws-ebs-overview.adoc,storage/container_storage_interface/persistent-storage-csi-ebs.adoc,existing,aws-ebs,4 sub-jobs
AWS Elastic Block Storage,"When I'm working on AWS, I want to understand In-Tree AWS Elastic Block Storage, so that I can make informed decisions about storage usage.",Configure persistent storage,full,modules/dynamic-provisioning-aws-definition.adoc,storage/dynamic-provisioning.adoc,existing,aws-ebs,4 sub-jobs
AWS Elastic Block Storage,"When I'm working on AWS, I want to understand In-Tree AWS Elastic Block Storage, so that I can make informed decisions about storage usage.",Configure persistent storage,full,modules/storage-persistent-storage-aws-maximum-volumes.adoc,storage/persistent_storage/persistent-storage-aws.adoc,existing,aws-ebs,4 sub-jobs
Azure disk storage,"When I'm working on Azure, I want to understand In-Tree Azure storage, so that I can make informed decisions about storage usage.",,full,modules/persistent-storage-csi-azure-disk-overview.adoc,storage/container_storage_interface/persistent-storage-csi-azure.adoc,existing,azure-disk,5 sub-jobs
Azure disk storage,"When I'm working on Azure, I want to understand In-Tree Azure storage, so that I can make informed decisions about storage usage.",,full,modules/persistent-storage-csi-azure-disk-sc-zrs.adoc,storage/container_storage_interface/persistent-storage-csi-azure.adoc,existing,azure-disk,5 sub-jobs
Azure disk storage,"When I'm working on Azure, I want to understand In-Tree Azure storage, so that I can make informed decisions about storage usage.",,full,modules/persistent-storage-csi-azure-disk-perf-plus.adoc,storage/container_storage_interface/persistent-storage-csi-azure.adoc,existing,azure-disk,5 sub-jobs
Azure disk storage,"When I'm working on Azure, I want to understand In-Tree Azure storage, so that I can make informed decisions about storage usage.",,full,modules/persistent-storage-csi-azure-disk-perf-plus-overview.adoc,storage/container_storage_interface/persistent-storage-csi-azure.adoc,existing,azure-disk,5 sub-jobs
Azure disk storage,"When I'm working on Azure, I want to understand In-Tree Azure storage, so that I can make informed decisions about storage usage.",,full,modules/persistent-storage-csi-azure-disk-perf-plus-limits.adoc,storage/container_storage_interface/persistent-storage-csi-azure.adoc,existing,azure-disk,5 sub-jobs
Azure disk storage,"When I'm working on Azure, I want to understand In-Tree Azure storage, so that I can make informed decisions about storage usage.",,full,modules/persistent-storage-csi-azure-disk-perf-plus-sc.adoc,storage/container_storage_interface/persistent-storage-csi-azure.adoc,existing,azure-disk,5 sub-jobs
Azure disk storage,"When I'm working on Azure, I want to understand In-Tree Azure storage, so that I can make informed decisions about storage usage.",,full,modules/persistent-storage-csi-azure-disk-perf-plus-create-new-disk-by-snapshot-clone.adoc,storage/container_storage_interface/persistent-storage-csi-azure.adoc,existing,azure-disk,5 sub-jobs
Azure disk storage,"When I'm working on Azure, I want to understand In-Tree Azure storage, so that I can make informed decisions about storage usage.",,full,modules/machineset-azure-ultra-disk.adoc,storage/container_storage_interface/persistent-storage-csi-azure.adoc,existing,azure-disk,5 sub-jobs
Azure disk storage,"When I'm working on Azure, I want to understand In-Tree Azure storage, so that I can make informed decisions about storage usage.",,full,modules/machineset-creating-azure-ultra-disk.adoc,storage/container_storage_interface/persistent-storage-csi-azure.adoc,existing,azure-disk,5 sub-jobs
Azure disk storage,"When I'm working on Azure, I want to understand In-Tree Azure storage, so that I can make informed decisions about storage usage.",,full,modules/machineset-troubleshooting-azure-ultra-disk.adoc,storage/container_storage_interface/persistent-storage-csi-azure.adoc,existing,azure-disk,5 sub-jobs
Azure disk storage,"When I'm working on Azure, I want to understand In-Tree Azure storage, so that I can make informed decisions about storage usage.",,full,modules/dynamic-provisioning-azure-disk-definition.adoc,storage/dynamic-provisioning.adoc,existing,azure-disk,5 sub-jobs
Azure File Storage,"When I need shared file storage on Azure, I want to understand Azure File, so that I can determine when to use this storage type for my workloads.",,full,modules/persistent-storage-csi-azure-file-overview.adoc,storage/container_storage_interface/persistent-storage-csi-azure-file.adoc,existing,azure-file,2 sub-jobs
Azure File Storage,"When I need shared file storage on Azure, I want to understand Azure File, so that I can determine when to use this storage type for my workloads.",,full,modules/persistent-storage-csi-about.adoc,storage/container_storage_interface/persistent-storage-csi-azure-file.adoc,existing,azure-file,2 sub-jobs
Azure File Storage,"When I need shared file storage on Azure, I want to understand Azure File, so that I can determine when to use this storage type for my workloads.",,full,modules/persistent-storage-csi-azure-file-nfs.adoc,storage/container_storage_interface/persistent-storage-csi-azure-file.adoc,existing,azure-file,2 sub-jobs
Azure File Storage,"When I need shared file storage on Azure, I want to understand Azure File, so that I can determine when to use this storage type for my workloads.",,full,modules/persistent-storage-csi-azure-file-cross-sub-overview.adoc,storage/container_storage_interface/persistent-storage-csi-azure-file.adoc,existing,azure-file,2 sub-jobs
Azure File Storage,"When I need shared file storage on Azure, I want to understand Azure File, so that I can determine when to use this storage type for my workloads.",,full,modules/persistent-storage-csi-azure-file-cross-sub-dynamic-provisioning-procedure.adoc,storage/container_storage_interface/persistent-storage-csi-azure-file.adoc,existing,azure-file,2 sub-jobs
Azure File Storage,"When I need shared file storage on Azure, I want to understand Azure File, so that I can determine when to use this storage type for my workloads.",,full,modules/persistent-storage-csi-azure-file-cross-sub-dynamic-pre-provisioning-pv-pvc-procedure.adoc,storage/container_storage_interface/persistent-storage-csi-azure-file.adoc,existing,azure-file,2 sub-jobs
Azure File Storage,"When I need shared file storage on Azure, I want to understand Azure File, so that I can determine when to use this storage type for my workloads.",,full,modules/persistent-storage-csi-azure-file-static-provisioning-procedure.adoc,storage/container_storage_interface/persistent-storage-csi-azure-file.adoc,existing,azure-file,2 sub-jobs
Azure File Storage,"When I need shared file storage on Azure, I want to understand Azure File, so that I can determine when to use this storage type for my workloads.",,full,modules/dynamic-provisioning-azure-file-definition.adoc,storage/dynamic-provisioning.adoc,existing,azure-file,2 sub-jobs
Azure File Storage,"When I need shared file storage on Azure, I want to understand Azure File, so that I can determine when to use this storage type for my workloads.",,full,modules/dynamic-provisioning-azure-file-considerations.adoc,storage/dynamic-provisioning.adoc,existing,azure-file,2 sub-jobs
Azure File Storage,"When I need shared file storage on Azure, I want to understand Azure File, so that I can determine when to use this storage type for my workloads.",,full,modules/storage-persistent-storage-azure-file.adoc,storage/persistent_storage/persistent-storage-azure-file.adoc,existing,azure-file,2 sub-jobs
Azure File Storage,"When I need shared file storage on Azure, I want to understand Azure File, so that I can determine when to use this storage type for my workloads.",,full,modules/storage-persistent-storage-azure-file-pod.adoc,storage/persistent_storage/persistent-storage-azure-file.adoc,existing,azure-file,2 sub-jobs
Storage on OpenStack with Cinder,"When I'm working on OpenStack, I want to understand storage using Cinder, so that I can make informed decisions about block storage configuration.",,full,modules/persistent-storage-csi-cinder-overview.adoc,storage/container_storage_interface/persistent-storage-csi-cinder.adoc,existing,cinder,4 sub-jobs
Storage on OpenStack with Cinder,"When I'm working on OpenStack, I want to understand storage using Cinder, so that I can make informed decisions about block storage configuration.",,full,modules/persistent-storage-csi-about.adoc,storage/container_storage_interface/persistent-storage-csi-cinder.adoc,existing,cinder,4 sub-jobs
Storage on OpenStack with Cinder,"When I'm working on OpenStack, I want to understand storage using Cinder, so that I can make informed decisions about block storage configuration.",,full,modules/persistent-storage-csi-cinder-storage-class.adoc,storage/container_storage_interface/persistent-storage-csi-cinder.adoc,existing,cinder,4 sub-jobs
Storage on OpenStack with Cinder,"When I'm working on OpenStack, I want to understand storage using Cinder, so that I can make informed decisions about block storage configuration.",,full,modules/dynamic-provisioning-cinder-definition.adoc,storage/dynamic-provisioning.adoc,existing,cinder,4 sub-jobs
Storage on OpenStack with Cinder,"When I'm working on OpenStack, I want to understand storage using Cinder, so that I can make informed decisions about block storage configuration.",,full,modules/persistent-storage-cinder-provisioning.adoc,storage/persistent_storage/persistent-storage-cinder.adoc,existing,cinder,4 sub-jobs
Storage on OpenStack with Cinder,"When I'm working on OpenStack, I want to understand storage using Cinder, so that I can make informed decisions about block storage configuration.",,full,modules/persistent-storage-cinder-creating-pv.adoc,storage/persistent_storage/persistent-storage-cinder.adoc,existing,cinder,4 sub-jobs
Storage on OpenStack with Cinder,"When I'm working on OpenStack, I want to understand storage using Cinder, so that I can make informed decisions about block storage configuration.",,full,modules/persistent-storage-cinder-pv-format.adoc,storage/persistent_storage/persistent-storage-cinder.adoc,existing,cinder,4 sub-jobs
Storage on OpenStack with Cinder,"When I'm working on OpenStack, I want to understand storage using Cinder, so that I can make informed decisions about block storage configuration.",,full,modules/persistent-storage-cinder-volume-security.adoc,storage/persistent_storage/persistent-storage-cinder.adoc,existing,cinder,4 sub-jobs
Storage with Fibre Channel,"When I'm planning Fibre Channel storage, I want to understand storage using Fibre Channel, so that I can determine if it meets my requirements.",,full,modules/persistent-storage-fibre-provisioning.adoc,storage/persistent_storage/persistent-storage-fibre.adoc,existing,fibre,3 sub-jobs
Storage with Fibre Channel,"When I'm planning Fibre Channel storage, I want to understand storage using Fibre Channel, so that I can determine if it meets my requirements.",,full,modules/persistent-storage-fibre-disk-quotas.adoc,storage/persistent_storage/persistent-storage-fibre.adoc,existing,fibre,3 sub-jobs
Storage with Fibre Channel,"When I'm planning Fibre Channel storage, I want to understand storage using Fibre Channel, so that I can determine if it meets my requirements.",,full,modules/persistent-storage-fibre-volume-security.adoc,storage/persistent_storage/persistent-storage-fibre.adoc,existing,fibre,3 sub-jobs
Storage for legacy volume plugins with FlexVolume,"When I need to use legacy volume plugins, I want to understand storage using FlexVolume, so that I can determine if it's appropriate for my use case.",,full,modules/storage-expanding-flexvolume.adoc,storage/expanding-persistent-volumes.adoc,existing,flexvolume,4 sub-jobs
Storage for legacy volume plugins with FlexVolume,"When I need to use legacy volume plugins, I want to understand storage using FlexVolume, so that I can determine if it's appropriate for my use case.",,full,modules/persistent-storage-flexvolume-drivers.adoc,storage/persistent_storage/persistent-storage-flexvolume.adoc,existing,flexvolume,4 sub-jobs
Storage for legacy volume plugins with FlexVolume,"When I need to use legacy volume plugins, I want to understand storage using FlexVolume, so that I can determine if it's appropriate for my use case.",,full,modules/persistent-storage-flexvolume-driver-example.adoc,storage/persistent_storage/persistent-storage-flexvolume.adoc,existing,flexvolume,4 sub-jobs
Storage for legacy volume plugins with FlexVolume,"When I need to use legacy volume plugins, I want to understand storage using FlexVolume, so that I can determine if it's appropriate for my use case.",,full,modules/persistent-storage-flexvolume-installing.adoc,storage/persistent_storage/persistent-storage-flexvolume.adoc,existing,flexvolume,4 sub-jobs
Storage for legacy volume plugins with FlexVolume,"When I need to use legacy volume plugins, I want to understand storage using FlexVolume, so that I can determine if it's appropriate for my use case.",,full,modules/persistent-storage-flexvolume-consuming.adoc,storage/persistent_storage/persistent-storage-flexvolume.adoc,existing,flexvolume,4 sub-jobs
Google Cloud Engine persistent storage,"When I'm working on Google Cloud, I want to understand storage using GCE Persistent Disk, so that I can make informed decisions about block storage configuration.",,full,modules/persistent-storage-csi-efs-overview.adoc,storage/container_storage_interface/persistent-storage-csi-aws-efs.adoc,existing,persistent,3 sub-jobs
Google Cloud Engine persistent storage,"When I'm working on Google Cloud, I want to understand storage using GCE Persistent Disk, so that I can make informed decisions about block storage configuration.",,full,modules/persistent-storage-csi-about.adoc,storage/container_storage_interface/persistent-storage-csi-aws-efs.adoc,existing,persistent,3 sub-jobs
Google Cloud Engine persistent storage,"When I'm working on Google Cloud, I want to understand storage using GCE Persistent Disk, so that I can make informed decisions about block storage configuration.",,full,modules/persistent-storage-efs-csi-driver-operator-setup.adoc,storage/container_storage_interface/persistent-storage-csi-aws-efs.adoc,existing,persistent,3 sub-jobs
Google Cloud Engine persistent storage,"When I'm working on Google Cloud, I want to understand storage using GCE Persistent Disk, so that I can make informed decisions about block storage configuration.",,full,modules/persistent-storage-csi-efs-sts.adoc,storage/container_storage_interface/persistent-storage-csi-aws-efs.adoc,existing,persistent,3 sub-jobs
Google Cloud Engine persistent storage,"When I'm working on Google Cloud, I want to understand storage using GCE Persistent Disk, so that I can make informed decisions about block storage configuration.",,full,modules/sd-persistent-storage-csi-efs-sts.adoc,storage/container_storage_interface/persistent-storage-csi-aws-efs.adoc,existing,persistent,3 sub-jobs
Google Cloud Engine persistent storage,"When I'm working on Google Cloud, I want to understand storage using GCE Persistent Disk, so that I can make informed decisions about block storage configuration.",,full,modules/persistent-storage-csi-olm-operator-install.adoc,storage/container_storage_interface/persistent-storage-csi-aws-efs.adoc,existing,persistent,3 sub-jobs
Google Cloud Engine persistent storage,"When I'm working on Google Cloud, I want to understand storage using GCE Persistent Disk, so that I can make informed decisions about block storage configuration.",,full,modules/persistent-storage-csi-efs-driver-install.adoc,storage/container_storage_interface/persistent-storage-csi-aws-efs.adoc,existing,persistent,3 sub-jobs
Google Cloud Engine persistent storage,"When I'm working on Google Cloud, I want to understand storage using GCE Persistent Disk, so that I can make informed decisions about block storage configuration.",,full,modules/storage-create-storage-class.adoc,storage/container_storage_interface/persistent-storage-csi-aws-efs.adoc,existing,persistent,3 sub-jobs
Google Cloud Engine persistent storage,"When I'm working on Google Cloud, I want to understand storage using GCE Persistent Disk, so that I can make informed decisions about block storage configuration.",,full,modules/storage-create-storage-class-console.adoc,storage/container_storage_interface/persistent-storage-csi-aws-efs.adoc,existing,persistent,3 sub-jobs
Google Cloud Engine persistent storage,"When I'm working on Google Cloud, I want to understand storage using GCE Persistent Disk, so that I can make informed decisions about block storage configuration.",,full,modules/storage-create-storage-class-cli.adoc,storage/container_storage_interface/persistent-storage-csi-aws-efs.adoc,existing,persistent,3 sub-jobs
Google Cloud Engine persistent storage,"When I'm working on Google Cloud, I want to understand storage using GCE Persistent Disk, so that I can make informed decisions about block storage configuration.",,full,modules/persistent-storage-csi-efs-cross-account.adoc,storage/container_storage_interface/persistent-storage-csi-aws-efs.adoc,existing,persistent,3 sub-jobs
Google Cloud Engine persistent storage,"When I'm working on Google Cloud, I want to understand storage using GCE Persistent Disk, so that I can make informed decisions about block storage configuration.",,full,modules/persistent-storage-csi-efs-one-zone-intro.adoc,storage/container_storage_interface/persistent-storage-csi-aws-efs.adoc,existing,persistent,3 sub-jobs
Google Cloud Engine persistent storage,"When I'm working on Google Cloud, I want to understand storage using GCE Persistent Disk, so that I can make informed decisions about block storage configuration.",,full,modules/persistent-storage-csi-efs-one-zone-overview.adoc,storage/container_storage_interface/persistent-storage-csi-aws-efs.adoc,existing,persistent,3 sub-jobs
Google Cloud Engine persistent storage,"When I'm working on Google Cloud, I want to understand storage using GCE Persistent Disk, so that I can make informed decisions about block storage configuration.",,full,modules/persistent-storage-csi-efs-one-zone-procedure.adoc,storage/container_storage_interface/persistent-storage-csi-aws-efs.adoc,existing,persistent,3 sub-jobs
Google Cloud Engine persistent storage,"When I'm working on Google Cloud, I want to understand storage using GCE Persistent Disk, so that I can make informed decisions about block storage configuration.",,full,modules/persistent-storage-csi-dynamic-provisioning-aws-efs.adoc,storage/container_storage_interface/persistent-storage-csi-aws-efs.adoc,existing,persistent,3 sub-jobs
Google Cloud Engine persistent storage,"When I'm working on Google Cloud, I want to understand storage using GCE Persistent Disk, so that I can make informed decisions about block storage configuration.",,full,modules/persistent-storage-csi-efs-static-pv.adoc,storage/container_storage_interface/persistent-storage-csi-aws-efs.adoc,existing,persistent,3 sub-jobs
Google Cloud Engine persistent storage,"When I'm working on Google Cloud, I want to understand storage using GCE Persistent Disk, so that I can make informed decisions about block storage configuration.",,full,modules/persistent-storage-csi-efs-security.adoc,storage/container_storage_interface/persistent-storage-csi-aws-efs.adoc,existing,persistent,3 sub-jobs
Google Cloud Engine persistent storage,"When I'm working on Google Cloud, I want to understand storage using GCE Persistent Disk, so that I can make informed decisions about block storage configuration.",,full,modules/persistent-storage-csi-efs-metrics-overview.adoc,storage/container_storage_interface/persistent-storage-csi-aws-efs.adoc,existing,persistent,3 sub-jobs
Google Cloud Engine persistent storage,"When I'm working on Google Cloud, I want to understand storage using GCE Persistent Disk, so that I can make informed decisions about block storage configuration.",,full,modules/persistent-storage-csi-efs-metrics-procedure-gui.adoc,storage/container_storage_interface/persistent-storage-csi-aws-efs.adoc,existing,persistent,3 sub-jobs
Google Cloud Engine persistent storage,"When I'm working on Google Cloud, I want to understand storage using GCE Persistent Disk, so that I can make informed decisions about block storage configuration.",,full,modules/persistent-storage-csi-efs-metrics-procedure-cli.adoc,storage/container_storage_interface/persistent-storage-csi-aws-efs.adoc,existing,persistent,3 sub-jobs
Google Cloud Engine persistent storage,"When I'm working on Google Cloud, I want to understand storage using GCE Persistent Disk, so that I can make informed decisions about block storage configuration.",,full,modules/persistent-storage-csi-efs-troubleshooting.adoc,storage/container_storage_interface/persistent-storage-csi-aws-efs.adoc,existing,persistent,3 sub-jobs
Google Cloud Engine persistent storage,"When I'm working on Google Cloud, I want to understand storage using GCE Persistent Disk, so that I can make informed decisions about block storage configuration.",,full,modules/persistent-storage-csi-olm-operator-uninstall.adoc,storage/container_storage_interface/persistent-storage-csi-aws-efs.adoc,existing,persistent,3 sub-jobs
Google Cloud Engine persistent storage,"When I'm working on Google Cloud, I want to understand storage using GCE Persistent Disk, so that I can make informed decisions about block storage configuration.",,full,modules/persistent-storage-csi-azure-file-overview.adoc,storage/container_storage_interface/persistent-storage-csi-azure-file.adoc,existing,persistent,3 sub-jobs
Google Cloud Engine persistent storage,"When I'm working on Google Cloud, I want to understand storage using GCE Persistent Disk, so that I can make informed decisions about block storage configuration.",,full,modules/persistent-storage-csi-azure-file-nfs.adoc,storage/container_storage_interface/persistent-storage-csi-azure-file.adoc,existing,persistent,3 sub-jobs
Google Cloud Engine persistent storage,"When I'm working on Google Cloud, I want to understand storage using GCE Persistent Disk, so that I can make informed decisions about block storage configuration.",,full,modules/persistent-storage-csi-azure-file-cross-sub-overview.adoc,storage/container_storage_interface/persistent-storage-csi-azure-file.adoc,existing,persistent,3 sub-jobs
Google Cloud Engine persistent storage,"When I'm working on Google Cloud, I want to understand storage using GCE Persistent Disk, so that I can make informed decisions about block storage configuration.",,full,modules/persistent-storage-csi-azure-file-cross-sub-dynamic-provisioning-procedure.adoc,storage/container_storage_interface/persistent-storage-csi-azure-file.adoc,existing,persistent,3 sub-jobs
Google Cloud Engine persistent storage,"When I'm working on Google Cloud, I want to understand storage using GCE Persistent Disk, so that I can make informed decisions about block storage configuration.",,full,modules/persistent-storage-csi-azure-file-cross-sub-dynamic-pre-provisioning-pv-pvc-procedure.adoc,storage/container_storage_interface/persistent-storage-csi-azure-file.adoc,existing,persistent,3 sub-jobs
Google Cloud Engine persistent storage,"When I'm working on Google Cloud, I want to understand storage using GCE Persistent Disk, so that I can make informed decisions about block storage configuration.",,full,modules/persistent-storage-csi-azure-file-static-provisioning-procedure.adoc,storage/container_storage_interface/persistent-storage-csi-azure-file.adoc,existing,persistent,3 sub-jobs
Google Cloud Engine persistent storage,"When I'm working on Google Cloud, I want to understand storage using GCE Persistent Disk, so that I can make informed decisions about block storage configuration.",,full,modules/persistent-storage-csi-azure-stack-hub-overview.adoc,storage/container_storage_interface/persistent-storage-csi-azure-stack-hub.adoc,existing,persistent,3 sub-jobs
Google Cloud Engine persistent storage,"When I'm working on Google Cloud, I want to understand storage using GCE Persistent Disk, so that I can make informed decisions about block storage configuration.",,full,modules/persistent-storage-csi-azure-disk-overview.adoc,storage/container_storage_interface/persistent-storage-csi-azure.adoc,existing,persistent,3 sub-jobs
Google Cloud Engine persistent storage,"When I'm working on Google Cloud, I want to understand storage using GCE Persistent Disk, so that I can make informed decisions about block storage configuration.",,full,modules/persistent-storage-csi-azure-disk-sc-zrs.adoc,storage/container_storage_interface/persistent-storage-csi-azure.adoc,existing,persistent,3 sub-jobs
Google Cloud Engine persistent storage,"When I'm working on Google Cloud, I want to understand storage using GCE Persistent Disk, so that I can make informed decisions about block storage configuration.",,full,modules/persistent-storage-csi-azure-disk-perf-plus.adoc,storage/container_storage_interface/persistent-storage-csi-azure.adoc,existing,persistent,3 sub-jobs
Google Cloud Engine persistent storage,"When I'm working on Google Cloud, I want to understand storage using GCE Persistent Disk, so that I can make informed decisions about block storage configuration.",,full,modules/persistent-storage-csi-azure-disk-perf-plus-overview.adoc,storage/container_storage_interface/persistent-storage-csi-azure.adoc,existing,persistent,3 sub-jobs
Google Cloud Engine persistent storage,"When I'm working on Google Cloud, I want to understand storage using GCE Persistent Disk, so that I can make informed decisions about block storage configuration.",,full,modules/persistent-storage-csi-azure-disk-perf-plus-limits.adoc,storage/container_storage_interface/persistent-storage-csi-azure.adoc,existing,persistent,3 sub-jobs
Google Cloud Engine persistent storage,"When I'm working on Google Cloud, I want to understand storage using GCE Persistent Disk, so that I can make informed decisions about block storage configuration.",,full,modules/persistent-storage-csi-azure-disk-perf-plus-sc.adoc,storage/container_storage_interface/persistent-storage-csi-azure.adoc,existing,persistent,3 sub-jobs
Google Cloud Engine persistent storage,"When I'm working on Google Cloud, I want to understand storage using GCE Persistent Disk, so that I can make informed decisions about block storage configuration.",,full,modules/persistent-storage-csi-azure-disk-perf-plus-create-new-disk-by-snapshot-clone.adoc,storage/container_storage_interface/persistent-storage-csi-azure.adoc,existing,persistent,3 sub-jobs
Google Cloud Engine persistent storage,"When I'm working on Google Cloud, I want to understand storage using GCE Persistent Disk, so that I can make informed decisions about block storage configuration.",,full,modules/persistent-storage-byok.adoc,storage/container_storage_interface/persistent-storage-csi-azure.adoc,existing,persistent,3 sub-jobs
Google Cloud Engine persistent storage,"When I'm working on Google Cloud, I want to understand storage using GCE Persistent Disk, so that I can make informed decisions about block storage configuration.",,full,modules/machineset-azure-ultra-disk.adoc,storage/container_storage_interface/persistent-storage-csi-azure.adoc,existing,persistent,3 sub-jobs
Google Cloud Engine persistent storage,"When I'm working on Google Cloud, I want to understand storage using GCE Persistent Disk, so that I can make informed decisions about block storage configuration.",,full,modules/machineset-creating-azure-ultra-disk.adoc,storage/container_storage_interface/persistent-storage-csi-azure.adoc,existing,persistent,3 sub-jobs
Google Cloud Engine persistent storage,"When I'm working on Google Cloud, I want to understand storage using GCE Persistent Disk, so that I can make informed decisions about block storage configuration.",,full,modules/machineset-troubleshooting-azure-ultra-disk.adoc,storage/container_storage_interface/persistent-storage-csi-azure.adoc,existing,persistent,3 sub-jobs
Google Cloud Engine persistent storage,"When I'm working on Google Cloud, I want to understand storage using GCE Persistent Disk, so that I can make informed decisions about block storage configuration.",,full,modules/persistent-storage-csi-cinder-overview.adoc,storage/container_storage_interface/persistent-storage-csi-cinder.adoc,existing,persistent,3 sub-jobs
Google Cloud Engine persistent storage,"When I'm working on Google Cloud, I want to understand storage using GCE Persistent Disk, so that I can make informed decisions about block storage configuration.",,full,modules/persistent-storage-csi-cinder-storage-class.adoc,storage/container_storage_interface/persistent-storage-csi-cinder.adoc,existing,persistent,3 sub-jobs
Google Cloud Engine persistent storage,"When I'm working on Google Cloud, I want to understand storage using GCE Persistent Disk, so that I can make informed decisions about block storage configuration.",,full,modules/persistent-storage-csi-cloning-overview.adoc,storage/container_storage_interface/persistent-storage-csi-cloning.adoc,existing,persistent,3 sub-jobs
Google Cloud Engine persistent storage,"When I'm working on Google Cloud, I want to understand storage using GCE Persistent Disk, so that I can make informed decisions about block storage configuration.",,full,modules/persistent-storage-csi-cloning-provisioning.adoc,storage/container_storage_interface/persistent-storage-csi-cloning.adoc,existing,persistent,3 sub-jobs
Google Cloud Engine persistent storage,"When I'm working on Google Cloud, I want to understand storage using GCE Persistent Disk, so that I can make informed decisions about block storage configuration.",,full,modules/persistent-storage-csi-aws-ebs-overview.adoc,storage/container_storage_interface/persistent-storage-csi-ebs.adoc,existing,persistent,3 sub-jobs
Google Cloud Engine persistent storage,"When I'm working on Google Cloud, I want to understand storage using GCE Persistent Disk, so that I can make informed decisions about block storage configuration.",,full,modules/persistent-storage-csi-eusc.adoc,storage/container_storage_interface/persistent-storage-csi-ebs.adoc,existing,persistent,3 sub-jobs
Google Cloud Engine persistent storage,"When I'm working on Google Cloud, I want to understand storage using GCE Persistent Disk, so that I can make informed decisions about block storage configuration.",,full,modules/persistent-storage-csi-gcp-pd-overview.adoc,storage/container_storage_interface/persistent-storage-csi-gcp-pd.adoc,existing,persistent,3 sub-jobs
Google Cloud Engine persistent storage,"When I'm working on Google Cloud, I want to understand storage using GCE Persistent Disk, so that I can make informed decisions about block storage configuration.",,full,modules/persistent-storage-csi-gcp-pd-reduce-permissions.adoc,storage/container_storage_interface/persistent-storage-csi-gcp-pd.adoc,existing,persistent,3 sub-jobs
Google Cloud Engine persistent storage,"When I'm working on Google Cloud, I want to understand storage using GCE Persistent Disk, so that I can make informed decisions about block storage configuration.",,full,modules/persistent-storage-csi-gcp-pd-storage-class-ref.adoc,storage/container_storage_interface/persistent-storage-csi-gcp-pd.adoc,existing,persistent,3 sub-jobs
Google Cloud Engine persistent storage,"When I'm working on Google Cloud, I want to understand storage using GCE Persistent Disk, so that I can make informed decisions about block storage configuration.",,full,modules/persistent-storage-csi-gcp-hyperdisk-overview.adoc,storage/container_storage_interface/persistent-storage-csi-gcp-pd.adoc,existing,persistent,3 sub-jobs
Google Cloud Engine persistent storage,"When I'm working on Google Cloud, I want to understand storage using GCE Persistent Disk, so that I can make informed decisions about block storage configuration.",,full,modules/persistent-storage-csi-gcp-hyperdisk-limitations.adoc,storage/container_storage_interface/persistent-storage-csi-gcp-pd.adoc,existing,persistent,3 sub-jobs
Google Cloud Engine persistent storage,"When I'm working on Google Cloud, I want to understand storage using GCE Persistent Disk, so that I can make informed decisions about block storage configuration.",,full,modules/persistent-storage-csi-gcp-hyperdisk-ha-overview.adoc,storage/container_storage_interface/persistent-storage-csi-gcp-pd.adoc,existing,persistent,3 sub-jobs
Google Cloud Engine persistent storage,"When I'm working on Google Cloud, I want to understand storage using GCE Persistent Disk, so that I can make informed decisions about block storage configuration.",,full,modules/persistent-storage-csi-gcp-hyperdisk-storage-pools-overview.adoc,storage/container_storage_interface/persistent-storage-csi-gcp-pd.adoc,existing,persistent,3 sub-jobs
Google Cloud Engine persistent storage,"When I'm working on Google Cloud, I want to understand storage using GCE Persistent Disk, so that I can make informed decisions about block storage configuration.",,full,modules/persistent-storage-csi-gcp-hyperdisk-storage-pools-procedure.adoc,storage/container_storage_interface/persistent-storage-csi-gcp-pd.adoc,existing,persistent,3 sub-jobs
Google Cloud Engine persistent storage,"When I'm working on Google Cloud, I want to understand storage using GCE Persistent Disk, so that I can make informed decisions about block storage configuration.",,full,modules/persistent-storage-csi-gcp-pd-encrypted-pv.adoc,storage/container_storage_interface/persistent-storage-csi-gcp-pd.adoc,existing,persistent,3 sub-jobs
Google Cloud Engine persistent storage,"When I'm working on Google Cloud, I want to understand storage using GCE Persistent Disk, so that I can make informed decisions about block storage configuration.",,full,modules/persistent-storage-csi-gcp-images-snapshot-class-overview.adoc,storage/container_storage_interface/persistent-storage-csi-gcp-pd.adoc,existing,persistent,3 sub-jobs
Google Cloud Engine persistent storage,"When I'm working on Google Cloud, I want to understand storage using GCE Persistent Disk, so that I can make informed decisions about block storage configuration.",,full,modules/persistent-storage-csi-google-cloud-file-overview.adoc,storage/container_storage_interface/persistent-storage-csi-google-cloud-file.adoc,existing,persistent,3 sub-jobs
Google Cloud Engine persistent storage,"When I'm working on Google Cloud, I want to understand storage using GCE Persistent Disk, so that I can make informed decisions about block storage configuration.",,full,modules/persistent-storage-csi-gcp-file-install-overview.adoc,storage/container_storage_interface/persistent-storage-csi-google-cloud-file.adoc,existing,persistent,3 sub-jobs
Google Cloud Engine persistent storage,"When I'm working on Google Cloud, I want to understand storage using GCE Persistent Disk, so that I can make informed decisions about block storage configuration.",,full,modules/persistent-storage-csi-gcp-filestore-wif.adoc,storage/container_storage_interface/persistent-storage-csi-google-cloud-file.adoc,existing,persistent,3 sub-jobs
Google Cloud Engine persistent storage,"When I'm working on Google Cloud, I want to understand storage using GCE Persistent Disk, so that I can make informed decisions about block storage configuration.",,full,modules/persistent-storage-csi-gcp-file-install.adoc,storage/container_storage_interface/persistent-storage-csi-google-cloud-file.adoc,existing,persistent,3 sub-jobs
Google Cloud Engine persistent storage,"When I'm working on Google Cloud, I want to understand storage using GCE Persistent Disk, so that I can make informed decisions about block storage configuration.",,full,modules/persistent-storage-csi-google-cloud-file-create-sc.adoc,storage/container_storage_interface/persistent-storage-csi-google-cloud-file.adoc,existing,persistent,3 sub-jobs
Google Cloud Engine persistent storage,"When I'm working on Google Cloud, I want to understand storage using GCE Persistent Disk, so that I can make informed decisions about block storage configuration.",,full,modules/persistent-storage-csi-gcp-filestore-nfs-export-options.adoc,storage/container_storage_interface/persistent-storage-csi-google-cloud-file.adoc,existing,persistent,3 sub-jobs
Google Cloud Engine persistent storage,"When I'm working on Google Cloud, I want to understand storage using GCE Persistent Disk, so that I can make informed decisions about block storage configuration.",,full,modules/persistent-storage-csi-google-cloud-file-delete-instances.adoc,storage/container_storage_interface/persistent-storage-csi-google-cloud-file.adoc,existing,persistent,3 sub-jobs
Google Cloud Engine persistent storage,"When I'm working on Google Cloud, I want to understand storage using GCE Persistent Disk, so that I can make informed decisions about block storage configuration.",,full,modules/persistent-storage-csi-group-snapshots-overview.adoc,storage/container_storage_interface/persistent-storage-csi-group-snapshots.adoc,existing,persistent,3 sub-jobs
Google Cloud Engine persistent storage,"When I'm working on Google Cloud, I want to understand storage using GCE Persistent Disk, so that I can make informed decisions about block storage configuration.",,full,modules/persistent-storage-csi-group-snapshots-limitations.adoc,storage/container_storage_interface/persistent-storage-csi-group-snapshots.adoc,existing,persistent,3 sub-jobs
Google Cloud Engine persistent storage,"When I'm working on Google Cloud, I want to understand storage using GCE Persistent Disk, so that I can make informed decisions about block storage configuration.",,full,modules/persistent-storage-csi-group-snapshot-create-admin.adoc,storage/container_storage_interface/persistent-storage-csi-group-snapshots.adoc,existing,persistent,3 sub-jobs
Google Cloud Engine persistent storage,"When I'm working on Google Cloud, I want to understand storage using GCE Persistent Disk, so that I can make informed decisions about block storage configuration.",,full,modules/persistent-storage-csi-group-snapshots-create.adoc,storage/container_storage_interface/persistent-storage-csi-group-snapshots.adoc,existing,persistent,3 sub-jobs
Google Cloud Engine persistent storage,"When I'm working on Google Cloud, I want to understand storage using GCE Persistent Disk, so that I can make informed decisions about block storage configuration.",,full,modules/persistent-storage-csi-group-snapshots-restore.adoc,storage/container_storage_interface/persistent-storage-csi-group-snapshots.adoc,existing,persistent,3 sub-jobs
Google Cloud Engine persistent storage,"When I'm working on Google Cloud, I want to understand storage using GCE Persistent Disk, so that I can make informed decisions about block storage configuration.",,full,modules/persistent-storage-csi-ibm-vpc-block-overview.adoc,storage/container_storage_interface/persistent-storage-csi-ibm-cloud-vpc-block.adoc,existing,persistent,3 sub-jobs
Google Cloud Engine persistent storage,"When I'm working on Google Cloud, I want to understand storage using GCE Persistent Disk, so that I can make informed decisions about block storage configuration.",,full,modules/persistent-storage-csi-ibm-powervs-block-intro.adoc,storage/container_storage_interface/persistent-storage-csi-ibm-powervs-block.adoc,existing,persistent,3 sub-jobs
Google Cloud Engine persistent storage,"When I'm working on Google Cloud, I want to understand storage using GCE Persistent Disk, so that I can make informed decisions about block storage configuration.",,full,modules/persistent-storage-csi-ibm-powervs-block-overview.adoc,storage/container_storage_interface/persistent-storage-csi-ibm-powervs-block.adoc,existing,persistent,3 sub-jobs
Google Cloud Engine persistent storage,"When I'm working on Google Cloud, I want to understand storage using GCE Persistent Disk, so that I can make informed decisions about block storage configuration.",,full,modules/persistent-storage-csi-manila-overview.adoc,storage/container_storage_interface/persistent-storage-csi-manila.adoc,existing,persistent,3 sub-jobs
Google Cloud Engine persistent storage,"When I'm working on Google Cloud, I want to understand storage using GCE Persistent Disk, so that I can make informed decisions about block storage configuration.",,full,modules/persistent-storage-csi-manila-limitations.adoc,storage/container_storage_interface/persistent-storage-csi-manila.adoc,existing,persistent,3 sub-jobs
Google Cloud Engine persistent storage,"When I'm working on Google Cloud, I want to understand storage using GCE Persistent Disk, so that I can make informed decisions about block storage configuration.",,full,modules/persistent-storage-csi-manila-dynamic-provisioning-overview.adoc,storage/container_storage_interface/persistent-storage-csi-manila.adoc,existing,persistent,3 sub-jobs
Google Cloud Engine persistent storage,"When I'm working on Google Cloud, I want to understand storage using GCE Persistent Disk, so that I can make informed decisions about block storage configuration.",,full,modules/persistent-storage-csi-manila-dynamic-provisioning-console.adoc,storage/container_storage_interface/persistent-storage-csi-manila.adoc,existing,persistent,3 sub-jobs
Google Cloud Engine persistent storage,"When I'm working on Google Cloud, I want to understand storage using GCE Persistent Disk, so that I can make informed decisions about block storage configuration.",,full,modules/persistent-storage-csi-manila-dynamic-provisioning.adoc,storage/container_storage_interface/persistent-storage-csi-manila.adoc,existing,persistent,3 sub-jobs
Google Cloud Engine persistent storage,"When I'm working on Google Cloud, I want to understand storage using GCE Persistent Disk, so that I can make informed decisions about block storage configuration.",,full,modules/persistent-storage-csi-manila-share-access-rules.adoc,storage/container_storage_interface/persistent-storage-csi-manila.adoc,existing,persistent,3 sub-jobs
Google Cloud Engine persistent storage,"When I'm working on Google Cloud, I want to understand storage using GCE Persistent Disk, so that I can make informed decisions about block storage configuration.",,full,modules/persistent-storage-csi-migration-overview.adoc,storage/container_storage_interface/persistent-storage-csi-migration.adoc,existing,persistent,3 sub-jobs
Google Cloud Engine persistent storage,"When I'm working on Google Cloud, I want to understand storage using GCE Persistent Disk, so that I can make informed decisions about block storage configuration.",,full,modules/persistent-storage-csi-migration-sc.adoc,storage/container_storage_interface/persistent-storage-csi-migration.adoc,existing,persistent,3 sub-jobs
Google Cloud Engine persistent storage,"When I'm working on Google Cloud, I want to understand storage using GCE Persistent Disk, so that I can make informed decisions about block storage configuration.",,full,modules/persistent-storage-csi-sc-overview.adoc,storage/container_storage_interface/persistent-storage-csi-sc-manage.adoc,existing,persistent,3 sub-jobs
Google Cloud Engine persistent storage,"When I'm working on Google Cloud, I want to understand storage using GCE Persistent Disk, so that I can make informed decisions about block storage configuration.",,full,modules/persistent-storage-csi-sc-managing.adoc,storage/container_storage_interface/persistent-storage-csi-sc-manage.adoc,existing,persistent,3 sub-jobs
Google Cloud Engine persistent storage,"When I'm working on Google Cloud, I want to understand storage using GCE Persistent Disk, so that I can make informed decisions about block storage configuration.",,full,modules/persistent-storage-csi-sc-managing-cli.adoc,storage/container_storage_interface/persistent-storage-csi-sc-manage.adoc,existing,persistent,3 sub-jobs
Google Cloud Engine persistent storage,"When I'm working on Google Cloud, I want to understand storage using GCE Persistent Disk, so that I can make informed decisions about block storage configuration.",,full,modules/persistent-storage-csi-sc-multiple-none.adoc,storage/container_storage_interface/persistent-storage-csi-sc-manage.adoc,existing,persistent,3 sub-jobs
Google Cloud Engine persistent storage,"When I'm working on Google Cloud, I want to understand storage using GCE Persistent Disk, so that I can make informed decisions about block storage configuration.",,full,modules/dynamic-provisioning-change-default-class.adoc,storage/container_storage_interface/persistent-storage-csi-sc-manage.adoc,existing,persistent,3 sub-jobs
Google Cloud Engine persistent storage,"When I'm working on Google Cloud, I want to understand storage using GCE Persistent Disk, so that I can make informed decisions about block storage configuration.",,full,modules/persistent-storage-csi-secrets-store-driver-overview.adoc,storage/container_storage_interface/persistent-storage-csi-secrets-store.adoc,existing,persistent,3 sub-jobs
Google Cloud Engine persistent storage,"When I'm working on Google Cloud, I want to understand storage using GCE Persistent Disk, so that I can make informed decisions about block storage configuration.",,full,modules/secrets-store-providers.adoc,storage/container_storage_interface/persistent-storage-csi-secrets-store.adoc,existing,persistent,3 sub-jobs
Google Cloud Engine persistent storage,"When I'm working on Google Cloud, I want to understand storage using GCE Persistent Disk, so that I can make informed decisions about block storage configuration.",,full,modules/persistent-storage-csi-secrets-store-disconnect-environment.adoc,storage/container_storage_interface/persistent-storage-csi-secrets-store.adoc,existing,persistent,3 sub-jobs
Google Cloud Engine persistent storage,"When I'm working on Google Cloud, I want to understand storage using GCE Persistent Disk, so that I can make informed decisions about block storage configuration.",,full,modules/persistent-storage-csi-secrets-store-network-policies.adoc,storage/container_storage_interface/persistent-storage-csi-secrets-store.adoc,existing,persistent,3 sub-jobs
Google Cloud Engine persistent storage,"When I'm working on Google Cloud, I want to understand storage using GCE Persistent Disk, so that I can make informed decisions about block storage configuration.",,full,modules/persistent-storage-csi-secrets-store-driver-install.adoc,storage/container_storage_interface/persistent-storage-csi-secrets-store.adoc,existing,persistent,3 sub-jobs
Google Cloud Engine persistent storage,"When I'm working on Google Cloud, I want to understand storage using GCE Persistent Disk, so that I can make informed decisions about block storage configuration.",,full,modules/persistent-storage-csi-secrets-store-driver-install-cli.adoc,storage/container_storage_interface/persistent-storage-csi-secrets-store.adoc,existing,persistent,3 sub-jobs
Google Cloud Engine persistent storage,"When I'm working on Google Cloud, I want to understand storage using GCE Persistent Disk, so that I can make informed decisions about block storage configuration.",,full,modules/persistent-storage-csi-secrets-store-driver-uninstall.adoc,storage/container_storage_interface/persistent-storage-csi-secrets-store.adoc,existing,persistent,3 sub-jobs
Google Cloud Engine persistent storage,"When I'm working on Google Cloud, I want to understand storage using GCE Persistent Disk, so that I can make informed decisions about block storage configuration.",,full,modules/persistent-storage-csi-smb-cifs-overview.adoc,storage/container_storage_interface/persistent-storage-csi-smb-cifs.adoc,existing,persistent,3 sub-jobs
Google Cloud Engine persistent storage,"When I'm working on Google Cloud, I want to understand storage using GCE Persistent Disk, so that I can make informed decisions about block storage configuration.",,full,modules/persistent-storage-csi-smb-cifs-limits.adoc,storage/container_storage_interface/persistent-storage-csi-smb-cifs.adoc,existing,persistent,3 sub-jobs
Google Cloud Engine persistent storage,"When I'm working on Google Cloud, I want to understand storage using GCE Persistent Disk, so that I can make informed decisions about block storage configuration.",,full,modules/persistent-storage-csi-smb-cifs-operator-install-driver.adoc,storage/container_storage_interface/persistent-storage-csi-smb-cifs.adoc,existing,persistent,3 sub-jobs
Google Cloud Engine persistent storage,"When I'm working on Google Cloud, I want to understand storage using GCE Persistent Disk, so that I can make informed decisions about block storage configuration.",,full,modules/persistent-storage-csi-smb-cifs-provision-dynamic.adoc,storage/container_storage_interface/persistent-storage-csi-smb-cifs.adoc,existing,persistent,3 sub-jobs
Google Cloud Engine persistent storage,"When I'm working on Google Cloud, I want to understand storage using GCE Persistent Disk, so that I can make informed decisions about block storage configuration.",,full,modules/persistent-storage-csi-smb-cifs-provision-static.adoc,storage/container_storage_interface/persistent-storage-csi-smb-cifs.adoc,existing,persistent,3 sub-jobs
Google Cloud Engine persistent storage,"When I'm working on Google Cloud, I want to understand storage using GCE Persistent Disk, so that I can make informed decisions about block storage configuration.",,full,modules/persistent-storage-csi-snapshots-overview.adoc,storage/container_storage_interface/persistent-storage-csi-snapshots.adoc,existing,persistent,3 sub-jobs
Google Cloud Engine persistent storage,"When I'm working on Google Cloud, I want to understand storage using GCE Persistent Disk, so that I can make informed decisions about block storage configuration.",,full,modules/persistent-storage-csi-snapshots-controller-sidecar.adoc,storage/container_storage_interface/persistent-storage-csi-snapshots.adoc,existing,persistent,3 sub-jobs
Google Cloud Engine persistent storage,"When I'm working on Google Cloud, I want to understand storage using GCE Persistent Disk, so that I can make informed decisions about block storage configuration.",,full,modules/persistent-storage-csi-snapshots-operator.adoc,storage/container_storage_interface/persistent-storage-csi-snapshots.adoc,existing,persistent,3 sub-jobs
Google Cloud Engine persistent storage,"When I'm working on Google Cloud, I want to understand storage using GCE Persistent Disk, so that I can make informed decisions about block storage configuration.",,full,modules/persistent-storage-csi-snapshots-provision.adoc,storage/container_storage_interface/persistent-storage-csi-snapshots.adoc,existing,persistent,3 sub-jobs
Google Cloud Engine persistent storage,"When I'm working on Google Cloud, I want to understand storage using GCE Persistent Disk, so that I can make informed decisions about block storage configuration.",,full,modules/persistent-storage-csi-snapshots-create.adoc,storage/container_storage_interface/persistent-storage-csi-snapshots.adoc,existing,persistent,3 sub-jobs
Google Cloud Engine persistent storage,"When I'm working on Google Cloud, I want to understand storage using GCE Persistent Disk, so that I can make informed decisions about block storage configuration.",,full,modules/persistent-storage-csi-snapshots-create-static.adoc,storage/container_storage_interface/persistent-storage-csi-snapshots.adoc,existing,persistent,3 sub-jobs
Google Cloud Engine persistent storage,"When I'm working on Google Cloud, I want to understand storage using GCE Persistent Disk, so that I can make informed decisions about block storage configuration.",,full,modules/persistent-storage-csi-snapshots-delete.adoc,storage/container_storage_interface/persistent-storage-csi-snapshots.adoc,existing,persistent,3 sub-jobs
Google Cloud Engine persistent storage,"When I'm working on Google Cloud, I want to understand storage using GCE Persistent Disk, so that I can make informed decisions about block storage configuration.",,full,modules/persistent-storage-csi-snapshots-restore.adoc,storage/container_storage_interface/persistent-storage-csi-snapshots.adoc,existing,persistent,3 sub-jobs
Google Cloud Engine persistent storage,"When I'm working on Google Cloud, I want to understand storage using GCE Persistent Disk, so that I can make informed decisions about block storage configuration.",,full,modules/persistent-storage-csi-vsphere-change-max-snapshot.adoc,storage/container_storage_interface/persistent-storage-csi-snapshots.adoc,existing,persistent,3 sub-jobs
Google Cloud Engine persistent storage,"When I'm working on Google Cloud, I want to understand storage using GCE Persistent Disk, so that I can make informed decisions about block storage configuration.",,full,modules/persistent-storage-csi-vol-populator.adoc,storage/container_storage_interface/persistent-storage-csi-vol-populators.adoc,existing,persistent,3 sub-jobs
Google Cloud Engine persistent storage,"When I'm working on Google Cloud, I want to understand storage using GCE Persistent Disk, so that I can make informed decisions about block storage configuration.",,full,modules/persistent-storage-csi-vol-populator-procedure-top-level.adoc,storage/container_storage_interface/persistent-storage-csi-vol-populators.adoc,existing,persistent,3 sub-jobs
Google Cloud Engine persistent storage,"When I'm working on Google Cloud, I want to understand storage using GCE Persistent Disk, so that I can make informed decisions about block storage configuration.",,full,modules/persistent-storage-csi-vol-populator-procedure-admin.adoc,storage/container_storage_interface/persistent-storage-csi-vol-populators.adoc,existing,persistent,3 sub-jobs
Google Cloud Engine persistent storage,"When I'm working on Google Cloud, I want to understand storage using GCE Persistent Disk, so that I can make informed decisions about block storage configuration.",,full,modules/persistent-storage-csi-vol-populator-procedure.adoc,storage/container_storage_interface/persistent-storage-csi-vol-populators.adoc,existing,persistent,3 sub-jobs
Google Cloud Engine persistent storage,"When I'm working on Google Cloud, I want to understand storage using GCE Persistent Disk, so that I can make informed decisions about block storage configuration.",,full,modules/persistent-storage-csi-vol-populator-uninstall.adoc,storage/container_storage_interface/persistent-storage-csi-vol-populators.adoc,existing,persistent,3 sub-jobs
Google Cloud Engine persistent storage,"When I'm working on Google Cloud, I want to understand storage using GCE Persistent Disk, so that I can make informed decisions about block storage configuration.",,full,modules/persistent-storage-csi-vsphere-overview.adoc,storage/container_storage_interface/persistent-storage-csi-vsphere.adoc,existing,persistent,3 sub-jobs
Google Cloud Engine persistent storage,"When I'm working on Google Cloud, I want to understand storage using GCE Persistent Disk, so that I can make informed decisions about block storage configuration.",,full,modules/persistent-storage-csi-vsphere-limitations.adoc,storage/container_storage_interface/persistent-storage-csi-vsphere.adoc,existing,persistent,3 sub-jobs
Google Cloud Engine persistent storage,"When I'm working on Google Cloud, I want to understand storage using GCE Persistent Disk, so that I can make informed decisions about block storage configuration.",,full,modules/persistent-storage-csi-vsphere-stor-policy.adoc,storage/container_storage_interface/persistent-storage-csi-vsphere.adoc,existing,persistent,3 sub-jobs
Google Cloud Engine persistent storage,"When I'm working on Google Cloud, I want to understand storage using GCE Persistent Disk, so that I can make informed decisions about block storage configuration.",,full,modules/persistent-storage-csi-vsphere-rwx.adoc,storage/container_storage_interface/persistent-storage-csi-vsphere.adoc,existing,persistent,3 sub-jobs
Google Cloud Engine persistent storage,"When I'm working on Google Cloud, I want to understand storage using GCE Persistent Disk, so that I can make informed decisions about block storage configuration.",,full,modules/vmware-csi-driver-reqs.adoc,storage/container_storage_interface/persistent-storage-csi-vsphere.adoc,existing,persistent,3 sub-jobs
Google Cloud Engine persistent storage,"When I'm working on Google Cloud, I want to understand storage using GCE Persistent Disk, so that I can make informed decisions about block storage configuration.",,full,modules/persistent-storage-csi-vsphere-install-issues.adoc,storage/container_storage_interface/persistent-storage-csi-vsphere.adoc,existing,persistent,3 sub-jobs
Google Cloud Engine persistent storage,"When I'm working on Google Cloud, I want to understand storage using GCE Persistent Disk, so that I can make informed decisions about block storage configuration.",,full,modules/persistent-storage-csi-vsphere-encryption.adoc,storage/container_storage_interface/persistent-storage-csi-vsphere.adoc,existing,persistent,3 sub-jobs
Google Cloud Engine persistent storage,"When I'm working on Google Cloud, I want to understand storage using GCE Persistent Disk, so that I can make informed decisions about block storage configuration.",,full,modules/persistent-storage-csi-vsphere-encryption-datastore-url.adoc,storage/container_storage_interface/persistent-storage-csi-vsphere.adoc,existing,persistent,3 sub-jobs
Google Cloud Engine persistent storage,"When I'm working on Google Cloud, I want to understand storage using GCE Persistent Disk, so that I can make informed decisions about block storage configuration.",,full,modules/persistent-storage-csi-vsphere-encryption-tag-based.adoc,storage/container_storage_interface/persistent-storage-csi-vsphere.adoc,existing,persistent,3 sub-jobs
Google Cloud Engine persistent storage,"When I'm working on Google Cloud, I want to understand storage using GCE Persistent Disk, so that I can make informed decisions about block storage configuration.",,full,modules/persistent-storage-csi-vsphere-multi-vcenter-support-overview.adoc,storage/container_storage_interface/persistent-storage-csi-vsphere.adoc,existing,persistent,3 sub-jobs
Google Cloud Engine persistent storage,"When I'm working on Google Cloud, I want to understand storage using GCE Persistent Disk, so that I can make informed decisions about block storage configuration.",,full,modules/persistent-storage-csi-vsphere-multi-vcenter-support-procedure-install.adoc,storage/container_storage_interface/persistent-storage-csi-vsphere.adoc,existing,persistent,3 sub-jobs
Google Cloud Engine persistent storage,"When I'm working on Google Cloud, I want to understand storage using GCE Persistent Disk, so that I can make informed decisions about block storage configuration.",,full,modules/persistent-storage-csi-vsphere-top-aware-overview.adoc,storage/container_storage_interface/persistent-storage-csi-vsphere.adoc,existing,persistent,3 sub-jobs
Google Cloud Engine persistent storage,"When I'm working on Google Cloud, I want to understand storage using GCE Persistent Disk, so that I can make informed decisions about block storage configuration.",,full,modules/persistent-storage-csi-vsphere-top-aware-during-install.adoc,storage/container_storage_interface/persistent-storage-csi-vsphere.adoc,existing,persistent,3 sub-jobs
Google Cloud Engine persistent storage,"When I'm working on Google Cloud, I want to understand storage using GCE Persistent Disk, so that I can make informed decisions about block storage configuration.",,full,modules/persistent-storage-csi-vsphere-top-aware-post-install.adoc,storage/container_storage_interface/persistent-storage-csi-vsphere.adoc,existing,persistent,3 sub-jobs
Google Cloud Engine persistent storage,"When I'm working on Google Cloud, I want to understand storage using GCE Persistent Disk, so that I can make informed decisions about block storage configuration.",,full,modules/persistent-storage-csi-vsphere-top-aware-infra-top.adoc,storage/container_storage_interface/persistent-storage-csi-vsphere.adoc,existing,persistent,3 sub-jobs
Google Cloud Engine persistent storage,"When I'm working on Google Cloud, I want to understand storage using GCE Persistent Disk, so that I can make informed decisions about block storage configuration.",,full,modules/persistent-storage-csi-vsphere-top-aware-results.adoc,storage/container_storage_interface/persistent-storage-csi-vsphere.adoc,existing,persistent,3 sub-jobs
Google Cloud Engine persistent storage,"When I'm working on Google Cloud, I want to understand storage using GCE Persistent Disk, so that I can make informed decisions about block storage configuration.",,full,modules/persistent-storage-csi-vsphere-migrating-cns-vols-between-datastores.adoc,storage/container_storage_interface/persistent-storage-csi-vsphere.adoc,existing,persistent,3 sub-jobs
Google Cloud Engine persistent storage,"When I'm working on Google Cloud, I want to understand storage using GCE Persistent Disk, so that I can make informed decisions about block storage configuration.",,full,modules/persistent-storage-csi-vsphere-disable-storage-overview.adoc,storage/container_storage_interface/persistent-storage-csi-vsphere.adoc,existing,persistent,3 sub-jobs
Google Cloud Engine persistent storage,"When I'm working on Google Cloud, I want to understand storage using GCE Persistent Disk, so that I can make informed decisions about block storage configuration.",,full,modules/persistent-storage-csi-vsphere-disable-storage-consequences.adoc,storage/container_storage_interface/persistent-storage-csi-vsphere.adoc,existing,persistent,3 sub-jobs
Google Cloud Engine persistent storage,"When I'm working on Google Cloud, I want to understand storage using GCE Persistent Disk, so that I can make informed decisions about block storage configuration.",,full,modules/persistent-storage-csi-vsphere-disable-storage-procedure.adoc,storage/container_storage_interface/persistent-storage-csi-vsphere.adoc,existing,persistent,3 sub-jobs
Google Cloud Engine persistent storage,"When I'm working on Google Cloud, I want to understand storage using GCE Persistent Disk, so that I can make informed decisions about block storage configuration.",,full,modules/persistent-storage-csi-vsphere-adding-bm-nodes.adoc,storage/container_storage_interface/persistent-storage-csi-vsphere.adoc,existing,persistent,3 sub-jobs
Google Cloud Engine persistent storage,"When I'm working on Google Cloud, I want to understand storage using GCE Persistent Disk, so that I can make informed decisions about block storage configuration.",,full,modules/persistent-storage-csi-vsphere-increase-max-vols-per-node-overview.adoc,storage/container_storage_interface/persistent-storage-csi-vsphere.adoc,existing,persistent,3 sub-jobs
Google Cloud Engine persistent storage,"When I'm working on Google Cloud, I want to understand storage using GCE Persistent Disk, so that I can make informed decisions about block storage configuration.",,full,modules/persistent-storage-csi-vsphere-increase-max-vols-per-node-procedure.adoc,storage/container_storage_interface/persistent-storage-csi-vsphere.adoc,existing,persistent,3 sub-jobs
Google Cloud Engine persistent storage,"When I'm working on Google Cloud, I want to understand storage using GCE Persistent Disk, so that I can make informed decisions about block storage configuration.",,full,modules/persistent-storage-csi-architecture.adoc,storage/container_storage_interface/persistent-storage-csi.adoc,existing,persistent,3 sub-jobs
Google Cloud Engine persistent storage,"When I'm working on Google Cloud, I want to understand storage using GCE Persistent Disk, so that I can make informed decisions about block storage configuration.",,full,modules/persistent-storage-csi-external-controllers.adoc,storage/container_storage_interface/persistent-storage-csi.adoc,existing,persistent,3 sub-jobs
Google Cloud Engine persistent storage,"When I'm working on Google Cloud, I want to understand storage using GCE Persistent Disk, so that I can make informed decisions about block storage configuration.",,full,modules/persistent-storage-csi-driver-daemonset.adoc,storage/container_storage_interface/persistent-storage-csi.adoc,existing,persistent,3 sub-jobs
Google Cloud Engine persistent storage,"When I'm working on Google Cloud, I want to understand storage using GCE Persistent Disk, so that I can make informed decisions about block storage configuration.",,full,modules/persistent-storage-csi-drivers-supported.adoc,storage/container_storage_interface/persistent-storage-csi.adoc,existing,persistent,3 sub-jobs
Google Cloud Engine persistent storage,"When I'm working on Google Cloud, I want to understand storage using GCE Persistent Disk, so that I can make informed decisions about block storage configuration.",,full,modules/persistent-storage-csi-dynamic-provisioning.adoc,storage/container_storage_interface/persistent-storage-csi.adoc,existing,persistent,3 sub-jobs
Google Cloud Engine persistent storage,"When I'm working on Google Cloud, I want to understand storage using GCE Persistent Disk, so that I can make informed decisions about block storage configuration.",,full,modules/persistent-storage-csi-mysql-example.adoc,storage/container_storage_interface/persistent-storage-csi.adoc,existing,persistent,3 sub-jobs
Google Cloud Engine persistent storage,"When I'm working on Google Cloud, I want to understand storage using GCE Persistent Disk, so that I can make informed decisions about block storage configuration.",,full,modules/dynamic-provisioning-gce-definition.adoc,storage/dynamic-provisioning.adoc,existing,persistent,3 sub-jobs
Google Cloud Engine persistent storage,"When I'm working on Google Cloud, I want to understand storage using GCE Persistent Disk, so that I can make informed decisions about block storage configuration.",,full,modules/storage-expanding-add-volume-expansion.adoc,storage/expanding-persistent-volumes.adoc,existing,persistent,3 sub-jobs
Google Cloud Engine persistent storage,"When I'm working on Google Cloud, I want to understand storage using GCE Persistent Disk, so that I can make informed decisions about block storage configuration.",,full,modules/storage-expanding-csi-volumes.adoc,storage/expanding-persistent-volumes.adoc,existing,persistent,3 sub-jobs
Google Cloud Engine persistent storage,"When I'm working on Google Cloud, I want to understand storage using GCE Persistent Disk, so that I can make informed decisions about block storage configuration.",,full,modules/storage-expanding-flexvolume.adoc,storage/expanding-persistent-volumes.adoc,existing,persistent,3 sub-jobs
Google Cloud Engine persistent storage,"When I'm working on Google Cloud, I want to understand storage using GCE Persistent Disk, so that I can make informed decisions about block storage configuration.",,full,modules/storage-expanding-local-volumes.adoc,storage/expanding-persistent-volumes.adoc,existing,persistent,3 sub-jobs
Google Cloud Engine persistent storage,"When I'm working on Google Cloud, I want to understand storage using GCE Persistent Disk, so that I can make informed decisions about block storage configuration.",,full,modules/storage-expanding-filesystem-pvc.adoc,storage/expanding-persistent-volumes.adoc,existing,persistent,3 sub-jobs
Google Cloud Engine persistent storage,"When I'm working on Google Cloud, I want to understand storage using GCE Persistent Disk, so that I can make informed decisions about block storage configuration.",,full,modules/storage-expanding-recovering-failure.adoc,storage/expanding-persistent-volumes.adoc,existing,persistent,3 sub-jobs
Google Cloud Engine persistent storage,"When I'm working on Google Cloud, I want to understand storage using GCE Persistent Disk, so that I can make informed decisions about block storage configuration.",,full,modules/storage-expanding-recovering-failure-view-status.adoc,storage/expanding-persistent-volumes.adoc,existing,persistent,3 sub-jobs
Google Cloud Engine persistent storage,"When I'm working on Google Cloud, I want to understand storage using GCE Persistent Disk, so that I can make informed decisions about block storage configuration.",,full,modules/storage-ephemeral-vols-lifecycle.adoc,storage/generic-ephemeral-vols.adoc,existing,persistent,3 sub-jobs
Google Cloud Engine persistent storage,"When I'm working on Google Cloud, I want to understand storage using GCE Persistent Disk, so that I can make informed decisions about block storage configuration.",,full,modules/storage-ephemeral-vols-pvc-naming.adoc,storage/generic-ephemeral-vols.adoc,existing,persistent,3 sub-jobs
Google Cloud Engine persistent storage,"When I'm working on Google Cloud, I want to understand storage using GCE Persistent Disk, so that I can make informed decisions about block storage configuration.",,full,modules/persistent-storage-csi-vol-detach-non-graceful-shutdown-overview.adoc,storage/persistent-storage-csi-vol-detach-non-graceful-shutdown.adoc,existing,persistent,3 sub-jobs
Google Cloud Engine persistent storage,"When I'm working on Google Cloud, I want to understand storage using GCE Persistent Disk, so that I can make informed decisions about block storage configuration.",,full,modules/persistent-storage-csi-vol-detach-non-graceful-shutdown-procedure.adoc,storage/persistent-storage-csi-vol-detach-non-graceful-shutdown.adoc,existing,persistent,3 sub-jobs
Google Cloud Engine persistent storage,"When I'm working on Google Cloud, I want to understand storage using GCE Persistent Disk, so that I can make informed decisions about block storage configuration.",,full,modules/storage-persistent-storage-creating-volume-claim.adoc,storage/persistent_storage/persistent-storage-aws.adoc,existing,persistent,3 sub-jobs
Google Cloud Engine persistent storage,"When I'm working on Google Cloud, I want to understand storage using GCE Persistent Disk, so that I can make informed decisions about block storage configuration.",,full,modules/storage-persistent-storage-volume-format.adoc,storage/persistent_storage/persistent-storage-aws.adoc,existing,persistent,3 sub-jobs
Google Cloud Engine persistent storage,"When I'm working on Google Cloud, I want to understand storage using GCE Persistent Disk, so that I can make informed decisions about block storage configuration.",,full,modules/storage-persistent-storage-aws-maximum-volumes.adoc,storage/persistent_storage/persistent-storage-aws.adoc,existing,persistent,3 sub-jobs
Google Cloud Engine persistent storage,"When I'm working on Google Cloud, I want to understand storage using GCE Persistent Disk, so that I can make informed decisions about block storage configuration.",,full,modules/storage-persistent-storage-volume-encrypt-with-kms-key.adoc,storage/persistent_storage/persistent-storage-aws.adoc,existing,persistent,3 sub-jobs
Google Cloud Engine persistent storage,"When I'm working on Google Cloud, I want to understand storage using GCE Persistent Disk, so that I can make informed decisions about block storage configuration.",,full,modules/storage-persistent-storage-azure-file.adoc,storage/persistent_storage/persistent-storage-azure-file.adoc,existing,persistent,3 sub-jobs
Google Cloud Engine persistent storage,"When I'm working on Google Cloud, I want to understand storage using GCE Persistent Disk, so that I can make informed decisions about block storage configuration.",,full,modules/storage-persistent-storage-azure-file-pod.adoc,storage/persistent_storage/persistent-storage-azure-file.adoc,existing,persistent,3 sub-jobs
Google Cloud Engine persistent storage,"When I'm working on Google Cloud, I want to understand storage using GCE Persistent Disk, so that I can make informed decisions about block storage configuration.",,full,modules/storage-azure-create-storage-class.adoc,storage/persistent_storage/persistent-storage-azure.adoc,existing,persistent,3 sub-jobs
Google Cloud Engine persistent storage,"When I'm working on Google Cloud, I want to understand storage using GCE Persistent Disk, so that I can make informed decisions about block storage configuration.",,full,modules/storage-persistent-storage-azure-volume-format.adoc,storage/persistent_storage/persistent-storage-azure.adoc,existing,persistent,3 sub-jobs
Google Cloud Engine persistent storage,"When I'm working on Google Cloud, I want to understand storage using GCE Persistent Disk, so that I can make informed decisions about block storage configuration.",,full,modules/persistent-storage-cinder-provisioning.adoc,storage/persistent_storage/persistent-storage-cinder.adoc,existing,persistent,3 sub-jobs
Google Cloud Engine persistent storage,"When I'm working on Google Cloud, I want to understand storage using GCE Persistent Disk, so that I can make informed decisions about block storage configuration.",,full,modules/persistent-storage-cinder-creating-pv.adoc,storage/persistent_storage/persistent-storage-cinder.adoc,existing,persistent,3 sub-jobs
Google Cloud Engine persistent storage,"When I'm working on Google Cloud, I want to understand storage using GCE Persistent Disk, so that I can make informed decisions about block storage configuration.",,full,modules/persistent-storage-cinder-pv-format.adoc,storage/persistent_storage/persistent-storage-cinder.adoc,existing,persistent,3 sub-jobs
Google Cloud Engine persistent storage,"When I'm working on Google Cloud, I want to understand storage using GCE Persistent Disk, so that I can make informed decisions about block storage configuration.",,full,modules/persistent-storage-cinder-volume-security.adoc,storage/persistent_storage/persistent-storage-cinder.adoc,existing,persistent,3 sub-jobs
Google Cloud Engine persistent storage,"When I'm working on Google Cloud, I want to understand storage using GCE Persistent Disk, so that I can make informed decisions about block storage configuration.",,full,modules/persistent-storage-fibre-provisioning.adoc,storage/persistent_storage/persistent-storage-fibre.adoc,existing,persistent,3 sub-jobs
Google Cloud Engine persistent storage,"When I'm working on Google Cloud, I want to understand storage using GCE Persistent Disk, so that I can make informed decisions about block storage configuration.",,full,modules/persistent-storage-fibre-disk-quotas.adoc,storage/persistent_storage/persistent-storage-fibre.adoc,existing,persistent,3 sub-jobs
Google Cloud Engine persistent storage,"When I'm working on Google Cloud, I want to understand storage using GCE Persistent Disk, so that I can make informed decisions about block storage configuration.",,full,modules/persistent-storage-fibre-volume-security.adoc,storage/persistent_storage/persistent-storage-fibre.adoc,existing,persistent,3 sub-jobs
Google Cloud Engine persistent storage,"When I'm working on Google Cloud, I want to understand storage using GCE Persistent Disk, so that I can make informed decisions about block storage configuration.",,full,modules/persistent-storage-flexvolume-drivers.adoc,storage/persistent_storage/persistent-storage-flexvolume.adoc,existing,persistent,3 sub-jobs
Google Cloud Engine persistent storage,"When I'm working on Google Cloud, I want to understand storage using GCE Persistent Disk, so that I can make informed decisions about block storage configuration.",,full,modules/persistent-storage-flexvolume-driver-example.adoc,storage/persistent_storage/persistent-storage-flexvolume.adoc,existing,persistent,3 sub-jobs
Google Cloud Engine persistent storage,"When I'm working on Google Cloud, I want to understand storage using GCE Persistent Disk, so that I can make informed decisions about block storage configuration.",,full,modules/persistent-storage-flexvolume-installing.adoc,storage/persistent_storage/persistent-storage-flexvolume.adoc,existing,persistent,3 sub-jobs
Google Cloud Engine persistent storage,"When I'm working on Google Cloud, I want to understand storage using GCE Persistent Disk, so that I can make informed decisions about block storage configuration.",,full,modules/persistent-storage-flexvolume-consuming.adoc,storage/persistent_storage/persistent-storage-flexvolume.adoc,existing,persistent,3 sub-jobs
Google Cloud Engine persistent storage,"When I'm working on Google Cloud, I want to understand storage using GCE Persistent Disk, so that I can make informed decisions about block storage configuration.",,full,modules/storage-persistent-storage-iscsi-provisioning.adoc,storage/persistent_storage/persistent-storage-iscsi.adoc,existing,persistent,3 sub-jobs
Google Cloud Engine persistent storage,"When I'm working on Google Cloud, I want to understand storage using GCE Persistent Disk, so that I can make informed decisions about block storage configuration.",,full,modules/storage-persistent-storage-iscsi-enforcing-disk-quota.adoc,storage/persistent_storage/persistent-storage-iscsi.adoc,existing,persistent,3 sub-jobs
Google Cloud Engine persistent storage,"When I'm working on Google Cloud, I want to understand storage using GCE Persistent Disk, so that I can make informed decisions about block storage configuration.",,full,modules/storage-persistent-storage-iscsi-volume-security.adoc,storage/persistent_storage/persistent-storage-iscsi.adoc,existing,persistent,3 sub-jobs
Google Cloud Engine persistent storage,"When I'm working on Google Cloud, I want to understand storage using GCE Persistent Disk, so that I can make informed decisions about block storage configuration.",,full,modules/storage-persistent-storage-iscsi-multipath.adoc,storage/persistent_storage/persistent-storage-iscsi.adoc,existing,persistent,3 sub-jobs
Google Cloud Engine persistent storage,"When I'm working on Google Cloud, I want to understand storage using GCE Persistent Disk, so that I can make informed decisions about block storage configuration.",,full,modules/storage-persistent-storage-iscsi-custom-initiator.adoc,storage/persistent_storage/persistent-storage-iscsi.adoc,existing,persistent,3 sub-jobs
Google Cloud Engine persistent storage,"When I'm working on Google Cloud, I want to understand storage using GCE Persistent Disk, so that I can make informed decisions about block storage configuration.",,full,modules/storage-persistent-storage-nfs-provisioning.adoc,storage/persistent_storage/persistent-storage-nfs.adoc,existing,persistent,3 sub-jobs
Google Cloud Engine persistent storage,"When I'm working on Google Cloud, I want to understand storage using GCE Persistent Disk, so that I can make informed decisions about block storage configuration.",,full,modules/storage-persistent-storage-nfs-enforcing-disk-quota.adoc,storage/persistent_storage/persistent-storage-nfs.adoc,existing,persistent,3 sub-jobs
Google Cloud Engine persistent storage,"When I'm working on Google Cloud, I want to understand storage using GCE Persistent Disk, so that I can make informed decisions about block storage configuration.",,full,modules/storage-persistent-storage-nfs-volume-security.adoc,storage/persistent_storage/persistent-storage-nfs.adoc,existing,persistent,3 sub-jobs
Google Cloud Engine persistent storage,"When I'm working on Google Cloud, I want to understand storage using GCE Persistent Disk, so that I can make informed decisions about block storage configuration.",,full,modules/storage-persistent-storage-nfs-group-ids.adoc,storage/persistent_storage/persistent-storage-nfs.adoc,existing,persistent,3 sub-jobs
Google Cloud Engine persistent storage,"When I'm working on Google Cloud, I want to understand storage using GCE Persistent Disk, so that I can make informed decisions about block storage configuration.",,full,modules/storage-persistent-storage-nfs-user-ids.adoc,storage/persistent_storage/persistent-storage-nfs.adoc,existing,persistent,3 sub-jobs
Google Cloud Engine persistent storage,"When I'm working on Google Cloud, I want to understand storage using GCE Persistent Disk, so that I can make informed decisions about block storage configuration.",,full,modules/storage-persistent-storage-nfs-selinux.adoc,storage/persistent_storage/persistent-storage-nfs.adoc,existing,persistent,3 sub-jobs
Google Cloud Engine persistent storage,"When I'm working on Google Cloud, I want to understand storage using GCE Persistent Disk, so that I can make informed decisions about block storage configuration.",,full,modules/storage-persistent-storage-nfs-export-settings.adoc,storage/persistent_storage/persistent-storage-nfs.adoc,existing,persistent,3 sub-jobs
Google Cloud Engine persistent storage,"When I'm working on Google Cloud, I want to understand storage using GCE Persistent Disk, so that I can make informed decisions about block storage configuration.",,full,modules/storage-persistent-storage-nfs-reclaiming-resources.adoc,storage/persistent_storage/persistent-storage-nfs.adoc,existing,persistent,3 sub-jobs
Google Cloud Engine persistent storage,"When I'm working on Google Cloud, I want to understand storage using GCE Persistent Disk, so that I can make informed decisions about block storage configuration.",,full,modules/storage-persistent-storage-nfs-additional-configuration.adoc,storage/persistent_storage/persistent-storage-nfs.adoc,existing,persistent,3 sub-jobs
Google Cloud Engine persistent storage,"When I'm working on Google Cloud, I want to understand storage using GCE Persistent Disk, so that I can make informed decisions about block storage configuration.",,full,modules/persistent-storage-vsphere-dynamic-provisioning.adoc,storage/persistent_storage/persistent-storage-vsphere.adoc,existing,persistent,3 sub-jobs
Google Cloud Engine persistent storage,"When I'm working on Google Cloud, I want to understand storage using GCE Persistent Disk, so that I can make informed decisions about block storage configuration.",,full,modules/persistent-storage-vsphere-dynamic-provisioning-cli.adoc,storage/persistent_storage/persistent-storage-vsphere.adoc,existing,persistent,3 sub-jobs
Google Cloud Engine persistent storage,"When I'm working on Google Cloud, I want to understand storage using GCE Persistent Disk, so that I can make informed decisions about block storage configuration.",,full,modules/persistent-storage-vsphere-static-provisioning.adoc,storage/persistent_storage/persistent-storage-vsphere.adoc,existing,persistent,3 sub-jobs
Google Cloud Engine persistent storage,"When I'm working on Google Cloud, I want to understand storage using GCE Persistent Disk, so that I can make informed decisions about block storage configuration.",,full,modules/persistent-storage-vsphere-formatting.adoc,storage/persistent_storage/persistent-storage-vsphere.adoc,existing,persistent,3 sub-jobs
Google Cloud Engine persistent storage,"When I'm working on Google Cloud, I want to understand storage using GCE Persistent Disk, so that I can make informed decisions about block storage configuration.",,full,modules/persistent-storage-hostpath-about.adoc,storage/persistent_storage_local/persistent-storage-hostpath.adoc,existing,persistent,3 sub-jobs
Google Cloud Engine persistent storage,"When I'm working on Google Cloud, I want to understand storage using GCE Persistent Disk, so that I can make informed decisions about block storage configuration.",,full,modules/persistent-storage-hostpath-static-provisioning.adoc,storage/persistent_storage_local/persistent-storage-hostpath.adoc,existing,persistent,3 sub-jobs
Google Cloud Engine persistent storage,"When I'm working on Google Cloud, I want to understand storage using GCE Persistent Disk, so that I can make informed decisions about block storage configuration.",,full,modules/persistent-storage-hostpath-pod.adoc,storage/persistent_storage_local/persistent-storage-hostpath.adoc,existing,persistent,3 sub-jobs
Google Cloud Engine persistent storage,"When I'm working on Google Cloud, I want to understand storage using GCE Persistent Disk, so that I can make informed decisions about block storage configuration.",,full,modules/persistent-storage-local-overview.adoc,storage/persistent_storage_local/persistent-storage-local.adoc,existing,persistent,3 sub-jobs
Google Cloud Engine persistent storage,"When I'm working on Google Cloud, I want to understand storage using GCE Persistent Disk, so that I can make informed decisions about block storage configuration.",,full,modules/persistent-storage-local-install-overview.adoc,storage/persistent_storage_local/persistent-storage-local.adoc,existing,persistent,3 sub-jobs
Google Cloud Engine persistent storage,"When I'm working on Google Cloud, I want to understand storage using GCE Persistent Disk, so that I can make informed decisions about block storage configuration.",,full,modules/persistent-storage-local-install.adoc,storage/persistent_storage_local/persistent-storage-local.adoc,existing,persistent,3 sub-jobs
Google Cloud Engine persistent storage,"When I'm working on Google Cloud, I want to understand storage using GCE Persistent Disk, so that I can make informed decisions about block storage configuration.",,full,modules/persistent-storage-local-install-cli.adoc,storage/persistent_storage_local/persistent-storage-local.adoc,existing,persistent,3 sub-jobs
Google Cloud Engine persistent storage,"When I'm working on Google Cloud, I want to understand storage using GCE Persistent Disk, so that I can make informed decisions about block storage configuration.",,full,modules/persistent-storage-local-install-console.adoc,storage/persistent_storage_local/persistent-storage-local.adoc,existing,persistent,3 sub-jobs
Google Cloud Engine persistent storage,"When I'm working on Google Cloud, I want to understand storage using GCE Persistent Disk, so that I can make informed decisions about block storage configuration.",,full,modules/persistent-storage-local-create-cr.adoc,storage/persistent_storage_local/persistent-storage-local.adoc,existing,persistent,3 sub-jobs
Google Cloud Engine persistent storage,"When I'm working on Google Cloud, I want to understand storage using GCE Persistent Disk, so that I can make informed decisions about block storage configuration.",,full,modules/persistent-storage-local-create-cr-manual.adoc,storage/persistent_storage_local/persistent-storage-local.adoc,existing,persistent,3 sub-jobs
Google Cloud Engine persistent storage,"When I'm working on Google Cloud, I want to understand storage using GCE Persistent Disk, so that I can make informed decisions about block storage configuration.",,full,modules/persistent-storage-local-pvc.adoc,storage/persistent_storage_local/persistent-storage-local.adoc,existing,persistent,3 sub-jobs
Google Cloud Engine persistent storage,"When I'm working on Google Cloud, I want to understand storage using GCE Persistent Disk, so that I can make informed decisions about block storage configuration.",,full,modules/persistent-storage-local-pod.adoc,storage/persistent_storage_local/persistent-storage-local.adoc,existing,persistent,3 sub-jobs
Google Cloud Engine persistent storage,"When I'm working on Google Cloud, I want to understand storage using GCE Persistent Disk, so that I can make informed decisions about block storage configuration.",,full,modules/persistent-storage-local-discovery.adoc,storage/persistent_storage_local/persistent-storage-local.adoc,existing,persistent,3 sub-jobs
Google Cloud Engine persistent storage,"When I'm working on Google Cloud, I want to understand storage using GCE Persistent Disk, so that I can make informed decisions about block storage configuration.",,full,modules/persistent-storage-local-symlinks-top-level.adoc,storage/persistent_storage_local/persistent-storage-local.adoc,existing,persistent,3 sub-jobs
Google Cloud Engine persistent storage,"When I'm working on Google Cloud, I want to understand storage using GCE Persistent Disk, so that I can make informed decisions about block storage configuration.",,full,modules/persistent-storage-local-symlinks-overview.adoc,storage/persistent_storage_local/persistent-storage-local.adoc,existing,persistent,3 sub-jobs
Google Cloud Engine persistent storage,"When I'm working on Google Cloud, I want to understand storage using GCE Persistent Disk, so that I can make informed decisions about block storage configuration.",,full,modules/persistent-storage-local-symlinks-procedure.adoc,storage/persistent_storage_local/persistent-storage-local.adoc,existing,persistent,3 sub-jobs
Google Cloud Engine persistent storage,"When I'm working on Google Cloud, I want to understand storage using GCE Persistent Disk, so that I can make informed decisions about block storage configuration.",,full,modules/persistent-storage-local-tolerations.adoc,storage/persistent_storage_local/persistent-storage-local.adoc,existing,persistent,3 sub-jobs
Google Cloud Engine persistent storage,"When I'm working on Google Cloud, I want to understand storage using GCE Persistent Disk, so that I can make informed decisions about block storage configuration.",,full,modules/persistent-storage-local-metrics.adoc,storage/persistent_storage_local/persistent-storage-local.adoc,existing,persistent,3 sub-jobs
Google Cloud Engine persistent storage,"When I'm working on Google Cloud, I want to understand storage using GCE Persistent Disk, so that I can make informed decisions about block storage configuration.",,full,modules/persistent-storage-local-metrics-procedure.adoc,storage/persistent_storage_local/persistent-storage-local.adoc,existing,persistent,3 sub-jobs
Google Cloud Engine persistent storage,"When I'm working on Google Cloud, I want to understand storage using GCE Persistent Disk, so that I can make informed decisions about block storage configuration.",,full,modules/persistent-storage-local-deleting-resources-overview.adoc,storage/persistent_storage_local/persistent-storage-local.adoc,existing,persistent,3 sub-jobs
Google Cloud Engine persistent storage,"When I'm working on Google Cloud, I want to understand storage using GCE Persistent Disk, so that I can make informed decisions about block storage configuration.",,full,modules/persistent-storage-local-removing-devices.adoc,storage/persistent_storage_local/persistent-storage-local.adoc,existing,persistent,3 sub-jobs
Google Cloud Engine persistent storage,"When I'm working on Google Cloud, I want to understand storage using GCE Persistent Disk, so that I can make informed decisions about block storage configuration.",,full,modules/persistent-storage-local-uninstall-operator.adoc,storage/persistent_storage_local/persistent-storage-local.adoc,existing,persistent,3 sub-jobs
Google Cloud Engine persistent storage,"When I'm working on Google Cloud, I want to understand storage using GCE Persistent Disk, so that I can make informed decisions about block storage configuration.",,full,modules/lvms-about-lvm-storage-installation.adoc,storage/persistent_storage_local/persistent-storage-using-lvms.adoc,existing,persistent,3 sub-jobs
Google Cloud Engine persistent storage,"When I'm working on Google Cloud, I want to understand storage using GCE Persistent Disk, so that I can make informed decisions about block storage configuration.",,full,modules/lvms-installing-logical-volume-manager-operator-using-cli.adoc,storage/persistent_storage_local/persistent-storage-using-lvms.adoc,existing,persistent,3 sub-jobs
Google Cloud Engine persistent storage,"When I'm working on Google Cloud, I want to understand storage using GCE Persistent Disk, so that I can make informed decisions about block storage configuration.",,full,modules/lvms-installing-logical-volume-manager-operator-using-openshift-web-console.adoc,storage/persistent_storage_local/persistent-storage-using-lvms.adoc,existing,persistent,3 sub-jobs
Google Cloud Engine persistent storage,"When I'm working on Google Cloud, I want to understand storage using GCE Persistent Disk, so that I can make informed decisions about block storage configuration.",,full,modules/lvms-installing-logical-volume-manager-operator-disconnected-environment.adoc,storage/persistent_storage_local/persistent-storage-using-lvms.adoc,existing,persistent,3 sub-jobs
Google Cloud Engine persistent storage,"When I'm working on Google Cloud, I want to understand storage using GCE Persistent Disk, so that I can make informed decisions about block storage configuration.",,full,modules/lvms-installing-logical-volume-manager-operator-using-rhacm.adoc,storage/persistent_storage_local/persistent-storage-using-lvms.adoc,existing,persistent,3 sub-jobs
Google Cloud Engine persistent storage,"When I'm working on Google Cloud, I want to understand storage using GCE Persistent Disk, so that I can make informed decisions about block storage configuration.",,full,modules/static-device-discovery-in-lvms.adoc,storage/persistent_storage_local/persistent-storage-using-lvms.adoc,existing,persistent,3 sub-jobs
Google Cloud Engine persistent storage,"When I'm working on Google Cloud, I want to understand storage using GCE Persistent Disk, so that I can make informed decisions about block storage configuration.",,full,modules/static-mode-enforcement.adoc,storage/persistent_storage_local/persistent-storage-using-lvms.adoc,existing,persistent,3 sub-jobs
Google Cloud Engine persistent storage,"When I'm working on Google Cloud, I want to understand storage using GCE Persistent Disk, so that I can make informed decisions about block storage configuration.",,full,modules/validation-rules-for-device-discovery-policy.adoc,storage/persistent_storage_local/persistent-storage-using-lvms.adoc,existing,persistent,3 sub-jobs
Google Cloud Engine persistent storage,"When I'm working on Google Cloud, I want to understand storage using GCE Persistent Disk, so that I can make informed decisions about block storage configuration.",,full,modules/lvm-cluster-custom-resource-examples.adoc,storage/persistent_storage_local/persistent-storage-using-lvms.adoc,existing,persistent,3 sub-jobs
Google Cloud Engine persistent storage,"When I'm working on Google Cloud, I want to understand storage using GCE Persistent Disk, so that I can make informed decisions about block storage configuration.",,full,modules/lvm-cluster-custom-resource-status-reporting.adoc,storage/persistent_storage_local/persistent-storage-using-lvms.adoc,existing,persistent,3 sub-jobs
Google Cloud Engine persistent storage,"When I'm working on Google Cloud, I want to understand storage using GCE Persistent Disk, so that I can make informed decisions about block storage configuration.",,full,modules/lvms-about-lvmcluster-cr.adoc,storage/persistent_storage_local/persistent-storage-using-lvms.adoc,existing,persistent,3 sub-jobs
Google Cloud Engine persistent storage,"When I'm working on Google Cloud, I want to understand storage using GCE Persistent Disk, so that I can make informed decisions about block storage configuration.",,full,modules/lvms-limitations-to-configure-size-of-devices.adoc,storage/persistent_storage_local/persistent-storage-using-lvms.adoc,existing,persistent,3 sub-jobs
Google Cloud Engine persistent storage,"When I'm working on Google Cloud, I want to understand storage using GCE Persistent Disk, so that I can make informed decisions about block storage configuration.",,full,modules/lvms-about-adding-devices-to-a-vg.adoc,storage/persistent_storage_local/persistent-storage-using-lvms.adoc,existing,persistent,3 sub-jobs
Google Cloud Engine persistent storage,"When I'm working on Google Cloud, I want to understand storage using GCE Persistent Disk, so that I can make informed decisions about block storage configuration.",,full,modules/lvms-about-removing-devices-deviceclasses-from-a-vg.adoc,storage/persistent_storage_local/persistent-storage-using-lvms.adoc,existing,persistent,3 sub-jobs
Google Cloud Engine persistent storage,"When I'm working on Google Cloud, I want to understand storage using GCE Persistent Disk, so that I can make informed decisions about block storage configuration.",,full,modules/lvms-unsupported-devices.adoc,storage/persistent_storage_local/persistent-storage-using-lvms.adoc,existing,persistent,3 sub-jobs
Google Cloud Engine persistent storage,"When I'm working on Google Cloud, I want to understand storage using GCE Persistent Disk, so that I can make informed decisions about block storage configuration.",,full,modules/lvms-about-creating-lvmcluster-cr.adoc,storage/persistent_storage_local/persistent-storage-using-lvms.adoc,existing,persistent,3 sub-jobs
Google Cloud Engine persistent storage,"When I'm working on Google Cloud, I want to understand storage using GCE Persistent Disk, so that I can make informed decisions about block storage configuration.",,full,modules/lvms-reusing-vg-from-prev-installation.adoc,storage/persistent_storage_local/persistent-storage-using-lvms.adoc,existing,persistent,3 sub-jobs
Google Cloud Engine persistent storage,"When I'm working on Google Cloud, I want to understand storage using GCE Persistent Disk, so that I can make informed decisions about block storage configuration.",,full,modules/lvms-creating-lvms-cluster-using-cli.adoc,storage/persistent_storage_local/persistent-storage-using-lvms.adoc,existing,persistent,3 sub-jobs
Google Cloud Engine persistent storage,"When I'm working on Google Cloud, I want to understand storage using GCE Persistent Disk, so that I can make informed decisions about block storage configuration.",,full,modules/lvms-creating-lvms-cluster-using-web-console.adoc,storage/persistent_storage_local/persistent-storage-using-lvms.adoc,existing,persistent,3 sub-jobs
Google Cloud Engine persistent storage,"When I'm working on Google Cloud, I want to understand storage using GCE Persistent Disk, so that I can make informed decisions about block storage configuration.",,full,modules/lvms-creating-lvmcluster-using-rhacm.adoc,storage/persistent_storage_local/persistent-storage-using-lvms.adoc,existing,persistent,3 sub-jobs
Google Cloud Engine persistent storage,"When I'm working on Google Cloud, I want to understand storage using GCE Persistent Disk, so that I can make informed decisions about block storage configuration.",,full,modules/lvms-about-deleting-lvmcluster-cr.adoc,storage/persistent_storage_local/persistent-storage-using-lvms.adoc,existing,persistent,3 sub-jobs
Google Cloud Engine persistent storage,"When I'm working on Google Cloud, I want to understand storage using GCE Persistent Disk, so that I can make informed decisions about block storage configuration.",,full,modules/lvms-deleting-lvmcluster-using-cli.adoc,storage/persistent_storage_local/persistent-storage-using-lvms.adoc,existing,persistent,3 sub-jobs
Google Cloud Engine persistent storage,"When I'm working on Google Cloud, I want to understand storage using GCE Persistent Disk, so that I can make informed decisions about block storage configuration.",,full,modules/lvms-deleting-lvmcluster-using-web-console.adoc,storage/persistent_storage_local/persistent-storage-using-lvms.adoc,existing,persistent,3 sub-jobs
Google Cloud Engine persistent storage,"When I'm working on Google Cloud, I want to understand storage using GCE Persistent Disk, so that I can make informed decisions about block storage configuration.",,full,modules/lvms-deleting-lvmcluster-using-rhacm.adoc,storage/persistent_storage_local/persistent-storage-using-lvms.adoc,existing,persistent,3 sub-jobs
Google Cloud Engine persistent storage,"When I'm working on Google Cloud, I want to understand storage using GCE Persistent Disk, so that I can make informed decisions about block storage configuration.",,full,modules/deleting-an-lvm-cluster.adoc,storage/persistent_storage_local/persistent-storage-using-lvms.adoc,existing,persistent,3 sub-jobs
Google Cloud Engine persistent storage,"When I'm working on Google Cloud, I want to understand storage using GCE Persistent Disk, so that I can make informed decisions about block storage configuration.",,full,modules/lvms-provisioning-storage-using-logical-volume-manager-operator.adoc,storage/persistent_storage_local/persistent-storage-using-lvms.adoc,existing,persistent,3 sub-jobs
Google Cloud Engine persistent storage,"When I'm working on Google Cloud, I want to understand storage using GCE Persistent Disk, so that I can make informed decisions about block storage configuration.",,full,modules/storageclass-customization-for-lvms-device-classes.adoc,storage/persistent_storage_local/persistent-storage-using-lvms.adoc,existing,persistent,3 sub-jobs
Google Cloud Engine persistent storage,"When I'm working on Google Cloud, I want to understand storage using GCE Persistent Disk, so that I can make informed decisions about block storage configuration.",,full,modules/storageclass-options.adoc,storage/persistent_storage_local/persistent-storage-using-lvms.adoc,existing,persistent,3 sub-jobs
Google Cloud Engine persistent storage,"When I'm working on Google Cloud, I want to understand storage using GCE Persistent Disk, so that I can make informed decisions about block storage configuration.",,full,modules/updating-lvm-cluster-labels.adoc,storage/persistent_storage_local/persistent-storage-using-lvms.adoc,existing,persistent,3 sub-jobs
Google Cloud Engine persistent storage,"When I'm working on Google Cloud, I want to understand storage using GCE Persistent Disk, so that I can make informed decisions about block storage configuration.",,full,modules/sample-lvm-cluster-configuration-with-storage-class-option.adoc,storage/persistent_storage_local/persistent-storage-using-lvms.adoc,existing,persistent,3 sub-jobs
Google Cloud Engine persistent storage,"When I'm working on Google Cloud, I want to understand storage using GCE Persistent Disk, so that I can make informed decisions about block storage configuration.",,full,modules/immutable-fields-of-the-storage-class-options.adoc,storage/persistent_storage_local/persistent-storage-using-lvms.adoc,existing,persistent,3 sub-jobs
Google Cloud Engine persistent storage,"When I'm working on Google Cloud, I want to understand storage using GCE Persistent Disk, so that I can make informed decisions about block storage configuration.",,full,modules/behaviors-not-controlled-by-storage-class-options.adoc,storage/persistent_storage_local/persistent-storage-using-lvms.adoc,existing,persistent,3 sub-jobs
Google Cloud Engine persistent storage,"When I'm working on Google Cloud, I want to understand storage using GCE Persistent Disk, so that I can make informed decisions about block storage configuration.",,full,modules/lvms-about-scaling-storage-of-clusters.adoc,storage/persistent_storage_local/persistent-storage-using-lvms.adoc,existing,persistent,3 sub-jobs
Google Cloud Engine persistent storage,"When I'm working on Google Cloud, I want to understand storage using GCE Persistent Disk, so that I can make informed decisions about block storage configuration.",,full,modules/lvms-scaling-storage-of-clusters-using-cli.adoc,storage/persistent_storage_local/persistent-storage-using-lvms.adoc,existing,persistent,3 sub-jobs
Google Cloud Engine persistent storage,"When I'm working on Google Cloud, I want to understand storage using GCE Persistent Disk, so that I can make informed decisions about block storage configuration.",,full,modules/lvms-scaling-storage-of-clusters-using-web-console.adoc,storage/persistent_storage_local/persistent-storage-using-lvms.adoc,existing,persistent,3 sub-jobs
Google Cloud Engine persistent storage,"When I'm working on Google Cloud, I want to understand storage using GCE Persistent Disk, so that I can make informed decisions about block storage configuration.",,full,modules/lvms-scaling-storage-of-clusters-using-rhacm.adoc,storage/persistent_storage_local/persistent-storage-using-lvms.adoc,existing,persistent,3 sub-jobs
Google Cloud Engine persistent storage,"When I'm working on Google Cloud, I want to understand storage using GCE Persistent Disk, so that I can make informed decisions about block storage configuration.",,full,modules/lvms-scaling-storage-expand-pvc.adoc,storage/persistent_storage_local/persistent-storage-using-lvms.adoc,existing,persistent,3 sub-jobs
Google Cloud Engine persistent storage,"When I'm working on Google Cloud, I want to understand storage using GCE Persistent Disk, so that I can make informed decisions about block storage configuration.",,full,modules/lvms-deleting-pvc.adoc,storage/persistent_storage_local/persistent-storage-using-lvms.adoc,existing,persistent,3 sub-jobs
Google Cloud Engine persistent storage,"When I'm working on Google Cloud, I want to understand storage using GCE Persistent Disk, so that I can make informed decisions about block storage configuration.",,full,modules/lvms-about-volume-snapshots.adoc,storage/persistent_storage_local/persistent-storage-using-lvms.adoc,existing,persistent,3 sub-jobs
Google Cloud Engine persistent storage,"When I'm working on Google Cloud, I want to understand storage using GCE Persistent Disk, so that I can make informed decisions about block storage configuration.",,full,modules/lvms-creating-volume-snapshots.adoc,storage/persistent_storage_local/persistent-storage-using-lvms.adoc,existing,persistent,3 sub-jobs
Google Cloud Engine persistent storage,"When I'm working on Google Cloud, I want to understand storage using GCE Persistent Disk, so that I can make informed decisions about block storage configuration.",,full,modules/lvms-restoring-volume-snapshots.adoc,storage/persistent_storage_local/persistent-storage-using-lvms.adoc,existing,persistent,3 sub-jobs
Google Cloud Engine persistent storage,"When I'm working on Google Cloud, I want to understand storage using GCE Persistent Disk, so that I can make informed decisions about block storage configuration.",,full,modules/lvms-deleting-volume-snapshots.adoc,storage/persistent_storage_local/persistent-storage-using-lvms.adoc,existing,persistent,3 sub-jobs
Google Cloud Engine persistent storage,"When I'm working on Google Cloud, I want to understand storage using GCE Persistent Disk, so that I can make informed decisions about block storage configuration.",,full,modules/lvms-about-volume-clones.adoc,storage/persistent_storage_local/persistent-storage-using-lvms.adoc,existing,persistent,3 sub-jobs
Google Cloud Engine persistent storage,"When I'm working on Google Cloud, I want to understand storage using GCE Persistent Disk, so that I can make informed decisions about block storage configuration.",,full,modules/lvms-creating-volume-clones.adoc,storage/persistent_storage_local/persistent-storage-using-lvms.adoc,existing,persistent,3 sub-jobs
Google Cloud Engine persistent storage,"When I'm working on Google Cloud, I want to understand storage using GCE Persistent Disk, so that I can make informed decisions about block storage configuration.",,full,modules/lvms-deleting-volume-clones.adoc,storage/persistent_storage_local/persistent-storage-using-lvms.adoc,existing,persistent,3 sub-jobs
Google Cloud Engine persistent storage,"When I'm working on Google Cloud, I want to understand storage using GCE Persistent Disk, so that I can make informed decisions about block storage configuration.",,full,modules/lvms-updating-lvms.adoc,storage/persistent_storage_local/persistent-storage-using-lvms.adoc,existing,persistent,3 sub-jobs
Google Cloud Engine persistent storage,"When I'm working on Google Cloud, I want to understand storage using GCE Persistent Disk, so that I can make informed decisions about block storage configuration.",,full,modules/lvms-monitoring-logical-volume-manager-operator.adoc,storage/persistent_storage_local/persistent-storage-using-lvms.adoc,existing,persistent,3 sub-jobs
Google Cloud Engine persistent storage,"When I'm working on Google Cloud, I want to understand storage using GCE Persistent Disk, so that I can make informed decisions about block storage configuration.",,full,modules/lvms-about-volume-metrics-alerts.adoc,storage/persistent_storage_local/persistent-storage-using-lvms.adoc,existing,persistent,3 sub-jobs
Google Cloud Engine persistent storage,"When I'm working on Google Cloud, I want to understand storage using GCE Persistent Disk, so that I can make informed decisions about block storage configuration.",,full,modules/lvms-uninstalling-logical-volume-manager-operator-using-openshift-cli.adoc,storage/persistent_storage_local/persistent-storage-using-lvms.adoc,existing,persistent,3 sub-jobs
Google Cloud Engine persistent storage,"When I'm working on Google Cloud, I want to understand storage using GCE Persistent Disk, so that I can make informed decisions about block storage configuration.",,full,modules/lvms-uninstalling-logical-volume-manager-operator-using-openshift-web-console.adoc,storage/persistent_storage_local/persistent-storage-using-lvms.adoc,existing,persistent,3 sub-jobs
Google Cloud Engine persistent storage,"When I'm working on Google Cloud, I want to understand storage using GCE Persistent Disk, so that I can make informed decisions about block storage configuration.",,full,modules/lvms-uninstalling-logical-volume-manager-operator-using-rhacm.adoc,storage/persistent_storage_local/persistent-storage-using-lvms.adoc,existing,persistent,3 sub-jobs
Google Cloud Engine persistent storage,"When I'm working on Google Cloud, I want to understand storage using GCE Persistent Disk, so that I can make informed decisions about block storage configuration.",,full,modules/lvms-download-log-files-and-diagnostics.adoc,storage/persistent_storage_local/persistent-storage-using-lvms.adoc,existing,persistent,3 sub-jobs
Google Cloud Engine persistent storage,"When I'm working on Google Cloud, I want to understand storage using GCE Persistent Disk, so that I can make informed decisions about block storage configuration.",,full,modules/lvms-troubleshooting-persistent-storage.adoc,storage/persistent_storage_local/persistent-storage-using-lvms.adoc,existing,persistent,3 sub-jobs
Google Cloud Engine persistent storage,"When I'm working on Google Cloud, I want to understand storage using GCE Persistent Disk, so that I can make informed decisions about block storage configuration.",,full,modules/lvms-troubleshooting-investigating-a-pvc-stuck-in-the-pending-state.adoc,storage/persistent_storage_local/persistent-storage-using-lvms.adoc,existing,persistent,3 sub-jobs
Google Cloud Engine persistent storage,"When I'm working on Google Cloud, I want to understand storage using GCE Persistent Disk, so that I can make informed decisions about block storage configuration.",,full,modules/lvms-troubleshooting-recovering-from-missing-lvms-or-operator-components.adoc,storage/persistent_storage_local/persistent-storage-using-lvms.adoc,existing,persistent,3 sub-jobs
Google Cloud Engine persistent storage,"When I'm working on Google Cloud, I want to understand storage using GCE Persistent Disk, so that I can make informed decisions about block storage configuration.",,full,modules/lvms-troubleshooting-recovering-from-node-failure.adoc,storage/persistent_storage_local/persistent-storage-using-lvms.adoc,existing,persistent,3 sub-jobs
Google Cloud Engine persistent storage,"When I'm working on Google Cloud, I want to understand storage using GCE Persistent Disk, so that I can make informed decisions about block storage configuration.",,full,modules/lvms-troubleshooting-recovering-from-disk-failure.adoc,storage/persistent_storage_local/persistent-storage-using-lvms.adoc,existing,persistent,3 sub-jobs
Google Cloud Engine persistent storage,"When I'm working on Google Cloud, I want to understand storage using GCE Persistent Disk, so that I can make informed decisions about block storage configuration.",,full,modules/lvms-troubleshooting-performing-a-forced-cleanup.adoc,storage/persistent_storage_local/persistent-storage-using-lvms.adoc,existing,persistent,3 sub-jobs
Google Cloud Engine persistent storage,"When I'm working on Google Cloud, I want to understand storage using GCE Persistent Disk, so that I can make informed decisions about block storage configuration.",,full,modules/persistent-storage-local-top-level-overview.adoc,storage/persistent_storage_local/ways-to-provision-local-storage.adoc,existing,persistent,3 sub-jobs
Google Cloud Engine persistent storage,"When I'm working on Google Cloud, I want to understand storage using GCE Persistent Disk, so that I can make informed decisions about block storage configuration.",,full,modules/comparison-of-solutions-to-provision-node-local-storage.adoc,storage/persistent_storage_local/ways-to-provision-local-storage.adoc,existing,persistent,3 sub-jobs
Google Cloud Engine persistent storage,"When I'm working on Google Cloud, I want to understand storage using GCE Persistent Disk, so that I can make informed decisions about block storage configuration.",,full,modules/storage-persistent-storage-overview.adoc,storage/understanding-persistent-storage.adoc,existing,persistent,3 sub-jobs
Google Cloud Engine persistent storage,"When I'm working on Google Cloud, I want to understand storage using GCE Persistent Disk, so that I can make informed decisions about block storage configuration.",,full,modules/storage-persistent-storage-lifecycle.adoc,storage/understanding-persistent-storage.adoc,existing,persistent,3 sub-jobs
Google Cloud Engine persistent storage,"When I'm working on Google Cloud, I want to understand storage using GCE Persistent Disk, so that I can make informed decisions about block storage configuration.",,full,modules/storage-persistent-storage-reclaim-manual.adoc,storage/understanding-persistent-storage.adoc,existing,persistent,3 sub-jobs
Google Cloud Engine persistent storage,"When I'm working on Google Cloud, I want to understand storage using GCE Persistent Disk, so that I can make informed decisions about block storage configuration.",,full,modules/storage-persistent-storage-reclaim.adoc,storage/understanding-persistent-storage.adoc,existing,persistent,3 sub-jobs
Google Cloud Engine persistent storage,"When I'm working on Google Cloud, I want to understand storage using GCE Persistent Disk, so that I can make informed decisions about block storage configuration.",,full,modules/storage-persistent-storage-pv.adoc,storage/understanding-persistent-storage.adoc,existing,persistent,3 sub-jobs
Google Cloud Engine persistent storage,"When I'm working on Google Cloud, I want to understand storage using GCE Persistent Disk, so that I can make informed decisions about block storage configuration.",,full,modules/storage-persistent-storage-pvc.adoc,storage/understanding-persistent-storage.adoc,existing,persistent,3 sub-jobs
Google Cloud Engine persistent storage,"When I'm working on Google Cloud, I want to understand storage using GCE Persistent Disk, so that I can make informed decisions about block storage configuration.",,full,modules/storage-persistent-storage-pvc-volumeattributesclass.adoc,storage/understanding-persistent-storage.adoc,existing,persistent,3 sub-jobs
Google Cloud Engine persistent storage,"When I'm working on Google Cloud, I want to understand storage using GCE Persistent Disk, so that I can make informed decisions about block storage configuration.",,full,modules/storage-persistent-storage-pvc-volumeattributesclass-apply-vac.adoc,storage/understanding-persistent-storage.adoc,existing,persistent,3 sub-jobs
Google Cloud Engine persistent storage,"When I'm working on Google Cloud, I want to understand storage using GCE Persistent Disk, so that I can make informed decisions about block storage configuration.",,full,modules/storage-persistent-storage-pvc-volumeattributesclass-delete-vac.adoc,storage/understanding-persistent-storage.adoc,existing,persistent,3 sub-jobs
Google Cloud Engine persistent storage,"When I'm working on Google Cloud, I want to understand storage using GCE Persistent Disk, so that I can make informed decisions about block storage configuration.",,full,modules/storage-persistent-storage-block-volume.adoc,storage/understanding-persistent-storage.adoc,existing,persistent,3 sub-jobs
Google Cloud Engine persistent storage,"When I'm working on Google Cloud, I want to understand storage using GCE Persistent Disk, so that I can make informed decisions about block storage configuration.",,full,modules/storage-persistent-storage-block-volume-examples.adoc,storage/understanding-persistent-storage.adoc,existing,persistent,3 sub-jobs
Google Cloud Engine persistent storage,"When I'm working on Google Cloud, I want to understand storage using GCE Persistent Disk, so that I can make informed decisions about block storage configuration.",,full,modules/storage-persistent-storage-fsgroup.adoc,storage/understanding-persistent-storage.adoc,existing,persistent,3 sub-jobs
Google Cloud Engine persistent storage,"When I'm working on Google Cloud, I want to understand storage using GCE Persistent Disk, so that I can make informed decisions about block storage configuration.",,full,modules/storage-persistent-storage-fsGroup-namespace.adoc,storage/understanding-persistent-storage.adoc,existing,persistent,3 sub-jobs
Google Cloud Engine persistent storage,"When I'm working on Google Cloud, I want to understand storage using GCE Persistent Disk, so that I can make informed decisions about block storage configuration.",,full,modules/storage-persistent-storage-fsGroup-pod.adoc,storage/understanding-persistent-storage.adoc,existing,persistent,3 sub-jobs
Google Cloud Engine persistent storage,"When I'm working on Google Cloud, I want to understand storage using GCE Persistent Disk, so that I can make informed decisions about block storage configuration.",,full,modules/storage-persistent-storage-selinuxChangePolicy.adoc,storage/understanding-persistent-storage.adoc,existing,persistent,3 sub-jobs
Google Cloud Engine persistent storage,"When I'm working on Google Cloud, I want to understand storage using GCE Persistent Disk, so that I can make informed decisions about block storage configuration.",,full,modules/storage-persistent-storage-selinuxChangePolicy-testing-mountoption-RWO-RWX.adoc,storage/understanding-persistent-storage.adoc,existing,persistent,3 sub-jobs
Google Cloud Engine persistent storage,"When I'm working on Google Cloud, I want to understand storage using GCE Persistent Disk, so that I can make informed decisions about block storage configuration.",,full,modules/storage-persistent-storage-selinuxChangePolicy-opt-out.adoc,storage/understanding-persistent-storage.adoc,existing,persistent,3 sub-jobs
Google Cloud Engine persistent storage,"When I'm working on Google Cloud, I want to understand storage using GCE Persistent Disk, so that I can make informed decisions about block storage configuration.",,full,modules/storage-persistent-storage-selinuxChangePolicy-namespace.adoc,storage/understanding-persistent-storage.adoc,existing,persistent,3 sub-jobs
Google Cloud Engine persistent storage,"When I'm working on Google Cloud, I want to understand storage using GCE Persistent Disk, so that I can make informed decisions about block storage configuration.",,full,modules/storage-persistent-storage-selinuxChangePolicy-pod.adoc,storage/understanding-persistent-storage.adoc,existing,persistent,3 sub-jobs
Network-attached block storage with iSCSI,"When I need to use iSCSI storage, I want to understand storage using iSCSI, so that I can determine if it meets my requirements.",,full,modules/storage-persistent-storage-iscsi-provisioning.adoc,storage/persistent_storage/persistent-storage-iscsi.adoc,existing,iscsi,6 sub-jobs
Network-attached block storage with iSCSI,"When I need to use iSCSI storage, I want to understand storage using iSCSI, so that I can determine if it meets my requirements.",,full,modules/storage-persistent-storage-iscsi-enforcing-disk-quota.adoc,storage/persistent_storage/persistent-storage-iscsi.adoc,existing,iscsi,6 sub-jobs
Network-attached block storage with iSCSI,"When I need to use iSCSI storage, I want to understand storage using iSCSI, so that I can determine if it meets my requirements.",,full,modules/storage-persistent-storage-iscsi-volume-security.adoc,storage/persistent_storage/persistent-storage-iscsi.adoc,existing,iscsi,6 sub-jobs
Network-attached block storage with iSCSI,"When I need to use iSCSI storage, I want to understand storage using iSCSI, so that I can determine if it meets my requirements.",,full,modules/storage-persistent-storage-iscsi-multipath.adoc,storage/persistent_storage/persistent-storage-iscsi.adoc,existing,iscsi,6 sub-jobs
Network-attached block storage with iSCSI,"When I need to use iSCSI storage, I want to understand storage using iSCSI, so that I can determine if it meets my requirements.",,full,modules/storage-persistent-storage-iscsi-custom-initiator.adoc,storage/persistent_storage/persistent-storage-iscsi.adoc,existing,iscsi,6 sub-jobs
Shared file storage with network file storage,"When I need shared file storage, I want to understand NFS, so that I can determine when to use this storage type for my workloads.",,full,modules/persistent-storage-csi-azure-file-nfs.adoc,storage/container_storage_interface/persistent-storage-csi-azure-file.adoc,existing,nfs,6 sub-jobs
Shared file storage with network file storage,"When I need shared file storage, I want to understand NFS, so that I can determine when to use this storage type for my workloads.",,full,modules/persistent-storage-csi-gcp-filestore-nfs-export-options.adoc,storage/container_storage_interface/persistent-storage-csi-google-cloud-file.adoc,existing,nfs,6 sub-jobs
Shared file storage with network file storage,"When I need shared file storage, I want to understand NFS, so that I can determine when to use this storage type for my workloads.",,full,modules/storage-persistent-storage-nfs-provisioning.adoc,storage/persistent_storage/persistent-storage-nfs.adoc,existing,nfs,6 sub-jobs
Shared file storage with network file storage,"When I need shared file storage, I want to understand NFS, so that I can determine when to use this storage type for my workloads.",,full,modules/storage-persistent-storage-nfs-enforcing-disk-quota.adoc,storage/persistent_storage/persistent-storage-nfs.adoc,existing,nfs,6 sub-jobs
Shared file storage with network file storage,"When I need shared file storage, I want to understand NFS, so that I can determine when to use this storage type for my workloads.",,full,modules/storage-persistent-storage-nfs-volume-security.adoc,storage/persistent_storage/persistent-storage-nfs.adoc,existing,nfs,6 sub-jobs
Shared file storage with network file storage,"When I need shared file storage, I want to understand NFS, so that I can determine when to use this storage type for my workloads.",,full,modules/storage-persistent-storage-nfs-group-ids.adoc,storage/persistent_storage/persistent-storage-nfs.adoc,existing,nfs,6 sub-jobs
Shared file storage with network file storage,"When I need shared file storage, I want to understand NFS, so that I can determine when to use this storage type for my workloads.",,full,modules/storage-persistent-storage-nfs-user-ids.adoc,storage/persistent_storage/persistent-storage-nfs.adoc,existing,nfs,6 sub-jobs
Shared file storage with network file storage,"When I need shared file storage, I want to understand NFS, so that I can determine when to use this storage type for my workloads.",,full,modules/storage-persistent-storage-nfs-selinux.adoc,storage/persistent_storage/persistent-storage-nfs.adoc,existing,nfs,6 sub-jobs
Shared file storage with network file storage,"When I need shared file storage, I want to understand NFS, so that I can determine when to use this storage type for my workloads.",,full,modules/storage-persistent-storage-nfs-export-settings.adoc,storage/persistent_storage/persistent-storage-nfs.adoc,existing,nfs,6 sub-jobs
Shared file storage with network file storage,"When I need shared file storage, I want to understand NFS, so that I can determine when to use this storage type for my workloads.",,full,modules/storage-persistent-storage-nfs-reclaiming-resources.adoc,storage/persistent_storage/persistent-storage-nfs.adoc,existing,nfs,6 sub-jobs
Shared file storage with network file storage,"When I need shared file storage, I want to understand NFS, so that I can determine when to use this storage type for my workloads.",,full,modules/storage-persistent-storage-nfs-additional-configuration.adoc,storage/persistent_storage/persistent-storage-nfs.adoc,existing,nfs,6 sub-jobs
OpenShift Data Foundation,"When I need comprehensive storage for OpenShift, I want to understand OpenShift Data Foundation (ODF), so that I can determine if it meets my storage requirements.",,gap,,,missing,No matching modules found,1 sub-jobs
OpenShift on vSphere storage,"When I'm running OpenShift on vSphere, I want to understand vSphere storage, so that I can properly configure VMware-based storage.",,full,modules/persistent-storage-csi-vsphere-change-max-snapshot.adoc,storage/container_storage_interface/persistent-storage-csi-snapshots.adoc,existing,vsphere,4 sub-jobs
OpenShift on vSphere storage,"When I'm running OpenShift on vSphere, I want to understand vSphere storage, so that I can properly configure VMware-based storage.",,full,modules/persistent-storage-csi-vsphere-overview.adoc,storage/container_storage_interface/persistent-storage-csi-vsphere.adoc,existing,vsphere,4 sub-jobs
OpenShift on vSphere storage,"When I'm running OpenShift on vSphere, I want to understand vSphere storage, so that I can properly configure VMware-based storage.",,full,modules/persistent-storage-csi-about.adoc,storage/container_storage_interface/persistent-storage-csi-vsphere.adoc,existing,vsphere,4 sub-jobs
OpenShift on vSphere storage,"When I'm running OpenShift on vSphere, I want to understand vSphere storage, so that I can properly configure VMware-based storage.",,full,modules/persistent-storage-csi-vsphere-limitations.adoc,storage/container_storage_interface/persistent-storage-csi-vsphere.adoc,existing,vsphere,4 sub-jobs
OpenShift on vSphere storage,"When I'm running OpenShift on vSphere, I want to understand vSphere storage, so that I can properly configure VMware-based storage.",,full,modules/persistent-storage-csi-vsphere-stor-policy.adoc,storage/container_storage_interface/persistent-storage-csi-vsphere.adoc,existing,vsphere,4 sub-jobs
OpenShift on vSphere storage,"When I'm running OpenShift on vSphere, I want to understand vSphere storage, so that I can properly configure VMware-based storage.",,full,modules/persistent-storage-csi-vsphere-rwx.adoc,storage/container_storage_interface/persistent-storage-csi-vsphere.adoc,existing,vsphere,4 sub-jobs
OpenShift on vSphere storage,"When I'm running OpenShift on vSphere, I want to understand vSphere storage, so that I can properly configure VMware-based storage.",,full,modules/vmware-csi-driver-reqs.adoc,storage/container_storage_interface/persistent-storage-csi-vsphere.adoc,existing,vsphere,4 sub-jobs
OpenShift on vSphere storage,"When I'm running OpenShift on vSphere, I want to understand vSphere storage, so that I can properly configure VMware-based storage.",,full,modules/persistent-storage-csi-vsphere-install-issues.adoc,storage/container_storage_interface/persistent-storage-csi-vsphere.adoc,existing,vsphere,4 sub-jobs
OpenShift on vSphere storage,"When I'm running OpenShift on vSphere, I want to understand vSphere storage, so that I can properly configure VMware-based storage.",,full,modules/persistent-storage-csi-vsphere-encryption.adoc,storage/container_storage_interface/persistent-storage-csi-vsphere.adoc,existing,vsphere,4 sub-jobs
OpenShift on vSphere storage,"When I'm running OpenShift on vSphere, I want to understand vSphere storage, so that I can properly configure VMware-based storage.",,full,modules/persistent-storage-csi-vsphere-encryption-datastore-url.adoc,storage/container_storage_interface/persistent-storage-csi-vsphere.adoc,existing,vsphere,4 sub-jobs
OpenShift on vSphere storage,"When I'm running OpenShift on vSphere, I want to understand vSphere storage, so that I can properly configure VMware-based storage.",,full,modules/persistent-storage-csi-vsphere-encryption-tag-based.adoc,storage/container_storage_interface/persistent-storage-csi-vsphere.adoc,existing,vsphere,4 sub-jobs
OpenShift on vSphere storage,"When I'm running OpenShift on vSphere, I want to understand vSphere storage, so that I can properly configure VMware-based storage.",,full,modules/persistent-storage-csi-vsphere-multi-vcenter-support-overview.adoc,storage/container_storage_interface/persistent-storage-csi-vsphere.adoc,existing,vsphere,4 sub-jobs
OpenShift on vSphere storage,"When I'm running OpenShift on vSphere, I want to understand vSphere storage, so that I can properly configure VMware-based storage.",,full,modules/persistent-storage-csi-vsphere-multi-vcenter-support-procedure-install.adoc,storage/container_storage_interface/persistent-storage-csi-vsphere.adoc,existing,vsphere,4 sub-jobs
OpenShift on vSphere storage,"When I'm running OpenShift on vSphere, I want to understand vSphere storage, so that I can properly configure VMware-based storage.",,full,modules/persistent-storage-csi-vsphere-top-aware-overview.adoc,storage/container_storage_interface/persistent-storage-csi-vsphere.adoc,existing,vsphere,4 sub-jobs
OpenShift on vSphere storage,"When I'm running OpenShift on vSphere, I want to understand vSphere storage, so that I can properly configure VMware-based storage.",,full,modules/persistent-storage-csi-vsphere-top-aware-during-install.adoc,storage/container_storage_interface/persistent-storage-csi-vsphere.adoc,existing,vsphere,4 sub-jobs
OpenShift on vSphere storage,"When I'm running OpenShift on vSphere, I want to understand vSphere storage, so that I can properly configure VMware-based storage.",,full,modules/persistent-storage-csi-vsphere-top-aware-post-install.adoc,storage/container_storage_interface/persistent-storage-csi-vsphere.adoc,existing,vsphere,4 sub-jobs
OpenShift on vSphere storage,"When I'm running OpenShift on vSphere, I want to understand vSphere storage, so that I can properly configure VMware-based storage.",,full,modules/persistent-storage-csi-vsphere-top-aware-infra-top.adoc,storage/container_storage_interface/persistent-storage-csi-vsphere.adoc,existing,vsphere,4 sub-jobs
OpenShift on vSphere storage,"When I'm running OpenShift on vSphere, I want to understand vSphere storage, so that I can properly configure VMware-based storage.",,full,modules/persistent-storage-csi-vsphere-top-aware-results.adoc,storage/container_storage_interface/persistent-storage-csi-vsphere.adoc,existing,vsphere,4 sub-jobs
OpenShift on vSphere storage,"When I'm running OpenShift on vSphere, I want to understand vSphere storage, so that I can properly configure VMware-based storage.",,full,modules/persistent-storage-csi-vsphere-migrating-cns-vols-between-datastores.adoc,storage/container_storage_interface/persistent-storage-csi-vsphere.adoc,existing,vsphere,4 sub-jobs
OpenShift on vSphere storage,"When I'm running OpenShift on vSphere, I want to understand vSphere storage, so that I can properly configure VMware-based storage.",,full,modules/persistent-storage-csi-vsphere-disable-storage-overview.adoc,storage/container_storage_interface/persistent-storage-csi-vsphere.adoc,existing,vsphere,4 sub-jobs
OpenShift on vSphere storage,"When I'm running OpenShift on vSphere, I want to understand vSphere storage, so that I can properly configure VMware-based storage.",,full,modules/persistent-storage-csi-vsphere-disable-storage-consequences.adoc,storage/container_storage_interface/persistent-storage-csi-vsphere.adoc,existing,vsphere,4 sub-jobs
OpenShift on vSphere storage,"When I'm running OpenShift on vSphere, I want to understand vSphere storage, so that I can properly configure VMware-based storage.",,full,modules/persistent-storage-csi-vsphere-disable-storage-procedure.adoc,storage/container_storage_interface/persistent-storage-csi-vsphere.adoc,existing,vsphere,4 sub-jobs
OpenShift on vSphere storage,"When I'm running OpenShift on vSphere, I want to understand vSphere storage, so that I can properly configure VMware-based storage.",,full,modules/persistent-storage-csi-vsphere-adding-bm-nodes.adoc,storage/container_storage_interface/persistent-storage-csi-vsphere.adoc,existing,vsphere,4 sub-jobs
OpenShift on vSphere storage,"When I'm running OpenShift on vSphere, I want to understand vSphere storage, so that I can properly configure VMware-based storage.",,full,modules/persistent-storage-csi-vsphere-increase-max-vols-per-node-overview.adoc,storage/container_storage_interface/persistent-storage-csi-vsphere.adoc,existing,vsphere,4 sub-jobs
OpenShift on vSphere storage,"When I'm running OpenShift on vSphere, I want to understand vSphere storage, so that I can properly configure VMware-based storage.",,full,modules/persistent-storage-csi-vsphere-increase-max-vols-per-node-procedure.adoc,storage/container_storage_interface/persistent-storage-csi-vsphere.adoc,existing,vsphere,4 sub-jobs
OpenShift on vSphere storage,"When I'm running OpenShift on vSphere, I want to understand vSphere storage, so that I can properly configure VMware-based storage.",,full,modules/dynamic-provisioning-vsphere-definition.adoc,storage/dynamic-provisioning.adoc,existing,vsphere,4 sub-jobs
OpenShift on vSphere storage,"When I'm running OpenShift on vSphere, I want to understand vSphere storage, so that I can properly configure VMware-based storage.",,full,modules/persistent-storage-vsphere-dynamic-provisioning.adoc,storage/persistent_storage/persistent-storage-vsphere.adoc,existing,vsphere,4 sub-jobs
OpenShift on vSphere storage,"When I'm running OpenShift on vSphere, I want to understand vSphere storage, so that I can properly configure VMware-based storage.",,full,modules/persistent-storage-vsphere-dynamic-provisioning-cli.adoc,storage/persistent_storage/persistent-storage-vsphere.adoc,existing,vsphere,4 sub-jobs
OpenShift on vSphere storage,"When I'm running OpenShift on vSphere, I want to understand vSphere storage, so that I can properly configure VMware-based storage.",,full,modules/persistent-storage-vsphere-static-provisioning.adoc,storage/persistent_storage/persistent-storage-vsphere.adoc,existing,vsphere,4 sub-jobs
OpenShift on vSphere storage,"When I'm running OpenShift on vSphere, I want to understand vSphere storage, so that I can properly configure VMware-based storage.",,full,modules/persistent-storage-vsphere-formatting.adoc,storage/persistent_storage/persistent-storage-vsphere.adoc,existing,vsphere,4 sub-jobs
Local storage options,"When I need to use node-local storage, I want to understand local storage, so that I can determine when to use local disks instead of network storage.",Local storage,full,modules/persistent-storage-local-overview.adoc,storage/persistent_storage_local/persistent-storage-local.adoc,existing,local-operator,5 sub-jobs
Local storage options,"When I need to use node-local storage, I want to understand local storage, so that I can determine when to use local disks instead of network storage.",Local storage,full,modules/persistent-storage-local-install-overview.adoc,storage/persistent_storage_local/persistent-storage-local.adoc,existing,local-operator,5 sub-jobs
Local storage options,"When I need to use node-local storage, I want to understand local storage, so that I can determine when to use local disks instead of network storage.",Local storage,full,modules/persistent-storage-local-install.adoc,storage/persistent_storage_local/persistent-storage-local.adoc,existing,local-operator,5 sub-jobs
Local storage options,"When I need to use node-local storage, I want to understand local storage, so that I can determine when to use local disks instead of network storage.",Local storage,full,modules/persistent-storage-local-install-cli.adoc,storage/persistent_storage_local/persistent-storage-local.adoc,existing,local-operator,5 sub-jobs
Local storage options,"When I need to use node-local storage, I want to understand local storage, so that I can determine when to use local disks instead of network storage.",Local storage,full,modules/persistent-storage-local-install-console.adoc,storage/persistent_storage_local/persistent-storage-local.adoc,existing,local-operator,5 sub-jobs
Local storage options,"When I need to use node-local storage, I want to understand local storage, so that I can determine when to use local disks instead of network storage.",Local storage,full,modules/persistent-storage-local-create-cr.adoc,storage/persistent_storage_local/persistent-storage-local.adoc,existing,local-operator,5 sub-jobs
Local storage options,"When I need to use node-local storage, I want to understand local storage, so that I can determine when to use local disks instead of network storage.",Local storage,full,modules/persistent-storage-local-create-cr-manual.adoc,storage/persistent_storage_local/persistent-storage-local.adoc,existing,local-operator,5 sub-jobs
Local storage options,"When I need to use node-local storage, I want to understand local storage, so that I can determine when to use local disks instead of network storage.",Local storage,full,modules/persistent-storage-local-symlinks-top-level.adoc,storage/persistent_storage_local/persistent-storage-local.adoc,existing,local-operator,5 sub-jobs
Local storage options,"When I need to use node-local storage, I want to understand local storage, so that I can determine when to use local disks instead of network storage.",Local storage,full,modules/persistent-storage-local-symlinks-overview.adoc,storage/persistent_storage_local/persistent-storage-local.adoc,existing,local-operator,5 sub-jobs
Local storage options,"When I need to use node-local storage, I want to understand local storage, so that I can determine when to use local disks instead of network storage.",Local storage,full,modules/persistent-storage-local-symlinks-procedure.adoc,storage/persistent_storage_local/persistent-storage-local.adoc,existing,local-operator,5 sub-jobs
Local storage options,"When I need to use node-local storage, I want to understand local storage, so that I can determine when to use local disks instead of network storage.",Local storage,full,modules/persistent-storage-local-tolerations.adoc,storage/persistent_storage_local/persistent-storage-local.adoc,existing,local-operator,5 sub-jobs
Local storage options,"When I need to use node-local storage, I want to understand local storage, so that I can determine when to use local disks instead of network storage.",Local storage,full,modules/persistent-storage-local-metrics.adoc,storage/persistent_storage_local/persistent-storage-local.adoc,existing,local-operator,5 sub-jobs
Local storage options,"When I need to use node-local storage, I want to understand local storage, so that I can determine when to use local disks instead of network storage.",Local storage,full,modules/persistent-storage-local-metrics-procedure.adoc,storage/persistent_storage_local/persistent-storage-local.adoc,existing,local-operator,5 sub-jobs
Local storage options,"When I need to use node-local storage, I want to understand local storage, so that I can determine when to use local disks instead of network storage.",Local storage,full,modules/persistent-storage-local-deleting-resources-overview.adoc,storage/persistent_storage_local/persistent-storage-local.adoc,existing,local-operator,5 sub-jobs
Local storage options,"When I need to use node-local storage, I want to understand local storage, so that I can determine when to use local disks instead of network storage.",Local storage,full,modules/persistent-storage-local-uninstall-operator.adoc,storage/persistent_storage_local/persistent-storage-local.adoc,existing,local-operator,5 sub-jobs
Local storage options,"When I need to use node-local storage, I want to understand local storage, so that I can determine when to use local disks instead of network storage.",Local storage,full,modules/lvms-installing-logical-volume-manager-operator-using-cli.adoc,storage/persistent_storage_local/persistent-storage-using-lvms.adoc,existing,local-operator,5 sub-jobs
Local storage options,"When I need to use node-local storage, I want to understand local storage, so that I can determine when to use local disks instead of network storage.",Local storage,full,modules/lvms-installing-logical-volume-manager-operator-using-openshift-web-console.adoc,storage/persistent_storage_local/persistent-storage-using-lvms.adoc,existing,local-operator,5 sub-jobs
Local storage options,"When I need to use node-local storage, I want to understand local storage, so that I can determine when to use local disks instead of network storage.",Local storage,full,modules/lvms-installing-logical-volume-manager-operator-disconnected-environment.adoc,storage/persistent_storage_local/persistent-storage-using-lvms.adoc,existing,local-operator,5 sub-jobs
Local storage options,"When I need to use node-local storage, I want to understand local storage, so that I can determine when to use local disks instead of network storage.",Local storage,full,modules/lvms-installing-logical-volume-manager-operator-using-rhacm.adoc,storage/persistent_storage_local/persistent-storage-using-lvms.adoc,existing,local-operator,5 sub-jobs
Local storage options,"When I need to use node-local storage, I want to understand local storage, so that I can determine when to use local disks instead of network storage.",Local storage,full,modules/lvms-provisioning-storage-using-logical-volume-manager-operator.adoc,storage/persistent_storage_local/persistent-storage-using-lvms.adoc,existing,local-operator,5 sub-jobs
Local storage options,"When I need to use node-local storage, I want to understand local storage, so that I can determine when to use local disks instead of network storage.",Local storage,full,modules/lvms-monitoring-logical-volume-manager-operator.adoc,storage/persistent_storage_local/persistent-storage-using-lvms.adoc,existing,local-operator,5 sub-jobs
Local storage options,"When I need to use node-local storage, I want to understand local storage, so that I can determine when to use local disks instead of network storage.",Local storage,full,modules/lvms-uninstalling-logical-volume-manager-operator-using-openshift-cli.adoc,storage/persistent_storage_local/persistent-storage-using-lvms.adoc,existing,local-operator,5 sub-jobs
Local storage options,"When I need to use node-local storage, I want to understand local storage, so that I can determine when to use local disks instead of network storage.",Local storage,full,modules/lvms-uninstalling-logical-volume-manager-operator-using-openshift-web-console.adoc,storage/persistent_storage_local/persistent-storage-using-lvms.adoc,existing,local-operator,5 sub-jobs
Local storage options,"When I need to use node-local storage, I want to understand local storage, so that I can determine when to use local disks instead of network storage.",Local storage,full,modules/lvms-uninstalling-logical-volume-manager-operator-using-rhacm.adoc,storage/persistent_storage_local/persistent-storage-using-lvms.adoc,existing,local-operator,5 sub-jobs
Local storage options,"When I need to use node-local storage, I want to understand local storage, so that I can determine when to use local disks instead of network storage.",Local storage,full,modules/lvms-troubleshooting-recovering-from-missing-lvms-or-operator-components.adoc,storage/persistent_storage_local/persistent-storage-using-lvms.adoc,existing,local-operator,5 sub-jobs
Local storage with the Local Storage Operator,"When I need to manage local block devices, I want to install LSO Operator, so that I can provision and manage local storage volumes.",,full,modules/persistent-storage-local-overview.adoc,storage/persistent_storage_local/persistent-storage-local.adoc,existing,local-operator,10 sub-jobs
Local storage with the Local Storage Operator,"When I need to manage local block devices, I want to install LSO Operator, so that I can provision and manage local storage volumes.",,full,modules/persistent-storage-local-install-overview.adoc,storage/persistent_storage_local/persistent-storage-local.adoc,existing,local-operator,10 sub-jobs
Local storage with the Local Storage Operator,"When I need to manage local block devices, I want to install LSO Operator, so that I can provision and manage local storage volumes.",,full,modules/persistent-storage-local-install.adoc,storage/persistent_storage_local/persistent-storage-local.adoc,existing,local-operator,10 sub-jobs
Local storage with the Local Storage Operator,"When I need to manage local block devices, I want to install LSO Operator, so that I can provision and manage local storage volumes.",,full,modules/persistent-storage-local-install-cli.adoc,storage/persistent_storage_local/persistent-storage-local.adoc,existing,local-operator,10 sub-jobs
Local storage with the Local Storage Operator,"When I need to manage local block devices, I want to install LSO Operator, so that I can provision and manage local storage volumes.",,full,modules/persistent-storage-local-install-console.adoc,storage/persistent_storage_local/persistent-storage-local.adoc,existing,local-operator,10 sub-jobs
Local storage with the Local Storage Operator,"When I need to manage local block devices, I want to install LSO Operator, so that I can provision and manage local storage volumes.",,full,modules/persistent-storage-local-create-cr.adoc,storage/persistent_storage_local/persistent-storage-local.adoc,existing,local-operator,10 sub-jobs
Local storage with the Local Storage Operator,"When I need to manage local block devices, I want to install LSO Operator, so that I can provision and manage local storage volumes.",,full,modules/persistent-storage-local-create-cr-manual.adoc,storage/persistent_storage_local/persistent-storage-local.adoc,existing,local-operator,10 sub-jobs
Local storage with the Local Storage Operator,"When I need to manage local block devices, I want to install LSO Operator, so that I can provision and manage local storage volumes.",,full,modules/persistent-storage-local-symlinks-top-level.adoc,storage/persistent_storage_local/persistent-storage-local.adoc,existing,local-operator,10 sub-jobs
Local storage with the Local Storage Operator,"When I need to manage local block devices, I want to install LSO Operator, so that I can provision and manage local storage volumes.",,full,modules/persistent-storage-local-symlinks-overview.adoc,storage/persistent_storage_local/persistent-storage-local.adoc,existing,local-operator,10 sub-jobs
Local storage with the Local Storage Operator,"When I need to manage local block devices, I want to install LSO Operator, so that I can provision and manage local storage volumes.",,full,modules/persistent-storage-local-symlinks-procedure.adoc,storage/persistent_storage_local/persistent-storage-local.adoc,existing,local-operator,10 sub-jobs
Local storage with the Local Storage Operator,"When I need to manage local block devices, I want to install LSO Operator, so that I can provision and manage local storage volumes.",,full,modules/persistent-storage-local-tolerations.adoc,storage/persistent_storage_local/persistent-storage-local.adoc,existing,local-operator,10 sub-jobs
Local storage with the Local Storage Operator,"When I need to manage local block devices, I want to install LSO Operator, so that I can provision and manage local storage volumes.",,full,modules/persistent-storage-local-metrics.adoc,storage/persistent_storage_local/persistent-storage-local.adoc,existing,local-operator,10 sub-jobs
Local storage with the Local Storage Operator,"When I need to manage local block devices, I want to install LSO Operator, so that I can provision and manage local storage volumes.",,full,modules/persistent-storage-local-metrics-procedure.adoc,storage/persistent_storage_local/persistent-storage-local.adoc,existing,local-operator,10 sub-jobs
Local storage with the Local Storage Operator,"When I need to manage local block devices, I want to install LSO Operator, so that I can provision and manage local storage volumes.",,full,modules/persistent-storage-local-deleting-resources-overview.adoc,storage/persistent_storage_local/persistent-storage-local.adoc,existing,local-operator,10 sub-jobs
Local storage with the Local Storage Operator,"When I need to manage local block devices, I want to install LSO Operator, so that I can provision and manage local storage volumes.",,full,modules/persistent-storage-local-uninstall-operator.adoc,storage/persistent_storage_local/persistent-storage-local.adoc,existing,local-operator,10 sub-jobs
Local storage with the Local Storage Operator,"When I need to manage local block devices, I want to install LSO Operator, so that I can provision and manage local storage volumes.",,full,modules/lvms-installing-logical-volume-manager-operator-using-cli.adoc,storage/persistent_storage_local/persistent-storage-using-lvms.adoc,existing,local-operator,10 sub-jobs
Local storage with the Local Storage Operator,"When I need to manage local block devices, I want to install LSO Operator, so that I can provision and manage local storage volumes.",,full,modules/lvms-installing-logical-volume-manager-operator-using-openshift-web-console.adoc,storage/persistent_storage_local/persistent-storage-using-lvms.adoc,existing,local-operator,10 sub-jobs
Local storage with the Local Storage Operator,"When I need to manage local block devices, I want to install LSO Operator, so that I can provision and manage local storage volumes.",,full,modules/lvms-installing-logical-volume-manager-operator-disconnected-environment.adoc,storage/persistent_storage_local/persistent-storage-using-lvms.adoc,existing,local-operator,10 sub-jobs
Local storage with the Local Storage Operator,"When I need to manage local block devices, I want to install LSO Operator, so that I can provision and manage local storage volumes.",,full,modules/lvms-installing-logical-volume-manager-operator-using-rhacm.adoc,storage/persistent_storage_local/persistent-storage-using-lvms.adoc,existing,local-operator,10 sub-jobs
Local storage with the Local Storage Operator,"When I need to manage local block devices, I want to install LSO Operator, so that I can provision and manage local storage volumes.",,full,modules/lvms-provisioning-storage-using-logical-volume-manager-operator.adoc,storage/persistent_storage_local/persistent-storage-using-lvms.adoc,existing,local-operator,10 sub-jobs
Local storage with the Local Storage Operator,"When I need to manage local block devices, I want to install LSO Operator, so that I can provision and manage local storage volumes.",,full,modules/lvms-monitoring-logical-volume-manager-operator.adoc,storage/persistent_storage_local/persistent-storage-using-lvms.adoc,existing,local-operator,10 sub-jobs
Local storage with the Local Storage Operator,"When I need to manage local block devices, I want to install LSO Operator, so that I can provision and manage local storage volumes.",,full,modules/lvms-uninstalling-logical-volume-manager-operator-using-openshift-cli.adoc,storage/persistent_storage_local/persistent-storage-using-lvms.adoc,existing,local-operator,10 sub-jobs
Local storage with the Local Storage Operator,"When I need to manage local block devices, I want to install LSO Operator, so that I can provision and manage local storage volumes.",,full,modules/lvms-uninstalling-logical-volume-manager-operator-using-openshift-web-console.adoc,storage/persistent_storage_local/persistent-storage-using-lvms.adoc,existing,local-operator,10 sub-jobs
Local storage with the Local Storage Operator,"When I need to manage local block devices, I want to install LSO Operator, so that I can provision and manage local storage volumes.",,full,modules/lvms-uninstalling-logical-volume-manager-operator-using-rhacm.adoc,storage/persistent_storage_local/persistent-storage-using-lvms.adoc,existing,local-operator,10 sub-jobs
Local storage with the Local Storage Operator,"When I need to manage local block devices, I want to install LSO Operator, so that I can provision and manage local storage volumes.",,full,modules/lvms-troubleshooting-recovering-from-missing-lvms-or-operator-components.adoc,storage/persistent_storage_local/persistent-storage-using-lvms.adoc,existing,local-operator,10 sub-jobs
Local storage with the hostpath provisioner for virtualization,"When I need simple local storage without dynamic provisioning, I want to provision statically by using HPP volumes, so that I can use hostPath-based storage.",,full,modules/persistent-storage-hostpath-about.adoc,storage/persistent_storage_local/persistent-storage-hostpath.adoc,existing,hostpath,2 sub-jobs
Local storage with the hostpath provisioner for virtualization,"When I need simple local storage without dynamic provisioning, I want to provision statically by using HPP volumes, so that I can use hostPath-based storage.",,full,modules/persistent-storage-hostpath-static-provisioning.adoc,storage/persistent_storage_local/persistent-storage-hostpath.adoc,existing,hostpath,2 sub-jobs
Local storage with the hostpath provisioner for virtualization,"When I need simple local storage without dynamic provisioning, I want to provision statically by using HPP volumes, so that I can use hostPath-based storage.",,full,modules/persistent-storage-hostpath-pod.adoc,storage/persistent_storage_local/persistent-storage-hostpath.adoc,existing,hostpath,2 sub-jobs
Local storage with the logical volume manager,"When I need advanced local storage with logical volume management, I want to understand LVM storage, so that I can determine if it meets my requirements.",,full,modules/lvms-about-lvm-storage-installation.adoc,storage/persistent_storage_local/persistent-storage-using-lvms.adoc,existing,lvm,12 sub-jobs
Local storage with the logical volume manager,"When I need advanced local storage with logical volume management, I want to understand LVM storage, so that I can determine if it meets my requirements.",,full,modules/lvms-installing-logical-volume-manager-operator-using-cli.adoc,storage/persistent_storage_local/persistent-storage-using-lvms.adoc,existing,lvm,12 sub-jobs
Local storage with the logical volume manager,"When I need advanced local storage with logical volume management, I want to understand LVM storage, so that I can determine if it meets my requirements.",,full,modules/lvms-installing-logical-volume-manager-operator-using-openshift-web-console.adoc,storage/persistent_storage_local/persistent-storage-using-lvms.adoc,existing,lvm,12 sub-jobs
Local storage with the logical volume manager,"When I need advanced local storage with logical volume management, I want to understand LVM storage, so that I can determine if it meets my requirements.",,full,modules/lvms-installing-logical-volume-manager-operator-disconnected-environment.adoc,storage/persistent_storage_local/persistent-storage-using-lvms.adoc,existing,lvm,12 sub-jobs
Local storage with the logical volume manager,"When I need advanced local storage with logical volume management, I want to understand LVM storage, so that I can determine if it meets my requirements.",,full,modules/lvms-installing-logical-volume-manager-operator-using-rhacm.adoc,storage/persistent_storage_local/persistent-storage-using-lvms.adoc,existing,lvm,12 sub-jobs
Local storage with the logical volume manager,"When I need advanced local storage with logical volume management, I want to understand LVM storage, so that I can determine if it meets my requirements.",,full,modules/static-device-discovery-in-lvms.adoc,storage/persistent_storage_local/persistent-storage-using-lvms.adoc,existing,lvm,12 sub-jobs
Local storage with the logical volume manager,"When I need advanced local storage with logical volume management, I want to understand LVM storage, so that I can determine if it meets my requirements.",,full,modules/static-mode-enforcement.adoc,storage/persistent_storage_local/persistent-storage-using-lvms.adoc,existing,lvm,12 sub-jobs
Local storage with the logical volume manager,"When I need advanced local storage with logical volume management, I want to understand LVM storage, so that I can determine if it meets my requirements.",,full,modules/validation-rules-for-device-discovery-policy.adoc,storage/persistent_storage_local/persistent-storage-using-lvms.adoc,existing,lvm,12 sub-jobs
Local storage with the logical volume manager,"When I need advanced local storage with logical volume management, I want to understand LVM storage, so that I can determine if it meets my requirements.",,full,modules/lvm-cluster-custom-resource-examples.adoc,storage/persistent_storage_local/persistent-storage-using-lvms.adoc,existing,lvm,12 sub-jobs
Local storage with the logical volume manager,"When I need advanced local storage with logical volume management, I want to understand LVM storage, so that I can determine if it meets my requirements.",,full,modules/lvm-cluster-custom-resource-status-reporting.adoc,storage/persistent_storage_local/persistent-storage-using-lvms.adoc,existing,lvm,12 sub-jobs
Local storage with the logical volume manager,"When I need advanced local storage with logical volume management, I want to understand LVM storage, so that I can determine if it meets my requirements.",,full,modules/lvms-about-lvmcluster-cr.adoc,storage/persistent_storage_local/persistent-storage-using-lvms.adoc,existing,lvm,12 sub-jobs
Local storage with the logical volume manager,"When I need advanced local storage with logical volume management, I want to understand LVM storage, so that I can determine if it meets my requirements.",,full,modules/lvms-limitations-to-configure-size-of-devices.adoc,storage/persistent_storage_local/persistent-storage-using-lvms.adoc,existing,lvm,12 sub-jobs
Local storage with the logical volume manager,"When I need advanced local storage with logical volume management, I want to understand LVM storage, so that I can determine if it meets my requirements.",,full,modules/lvms-about-adding-devices-to-a-vg.adoc,storage/persistent_storage_local/persistent-storage-using-lvms.adoc,existing,lvm,12 sub-jobs
Local storage with the logical volume manager,"When I need advanced local storage with logical volume management, I want to understand LVM storage, so that I can determine if it meets my requirements.",,full,modules/lvms-about-removing-devices-deviceclasses-from-a-vg.adoc,storage/persistent_storage_local/persistent-storage-using-lvms.adoc,existing,lvm,12 sub-jobs
Local storage with the logical volume manager,"When I need advanced local storage with logical volume management, I want to understand LVM storage, so that I can determine if it meets my requirements.",,full,modules/lvms-unsupported-devices.adoc,storage/persistent_storage_local/persistent-storage-using-lvms.adoc,existing,lvm,12 sub-jobs
Local storage with the logical volume manager,"When I need advanced local storage with logical volume management, I want to understand LVM storage, so that I can determine if it meets my requirements.",,full,modules/lvms-about-creating-lvmcluster-cr.adoc,storage/persistent_storage_local/persistent-storage-using-lvms.adoc,existing,lvm,12 sub-jobs
Local storage with the logical volume manager,"When I need advanced local storage with logical volume management, I want to understand LVM storage, so that I can determine if it meets my requirements.",,full,modules/lvms-reusing-vg-from-prev-installation.adoc,storage/persistent_storage_local/persistent-storage-using-lvms.adoc,existing,lvm,12 sub-jobs
Local storage with the logical volume manager,"When I need advanced local storage with logical volume management, I want to understand LVM storage, so that I can determine if it meets my requirements.",,full,modules/lvms-creating-lvms-cluster-using-cli.adoc,storage/persistent_storage_local/persistent-storage-using-lvms.adoc,existing,lvm,12 sub-jobs
Local storage with the logical volume manager,"When I need advanced local storage with logical volume management, I want to understand LVM storage, so that I can determine if it meets my requirements.",,full,modules/lvms-creating-lvms-cluster-using-web-console.adoc,storage/persistent_storage_local/persistent-storage-using-lvms.adoc,existing,lvm,12 sub-jobs
Local storage with the logical volume manager,"When I need advanced local storage with logical volume management, I want to understand LVM storage, so that I can determine if it meets my requirements.",,full,modules/lvms-creating-lvmcluster-using-rhacm.adoc,storage/persistent_storage_local/persistent-storage-using-lvms.adoc,existing,lvm,12 sub-jobs
Local storage with the logical volume manager,"When I need advanced local storage with logical volume management, I want to understand LVM storage, so that I can determine if it meets my requirements.",,full,modules/lvms-about-deleting-lvmcluster-cr.adoc,storage/persistent_storage_local/persistent-storage-using-lvms.adoc,existing,lvm,12 sub-jobs
Local storage with the logical volume manager,"When I need advanced local storage with logical volume management, I want to understand LVM storage, so that I can determine if it meets my requirements.",,full,modules/lvms-deleting-lvmcluster-using-cli.adoc,storage/persistent_storage_local/persistent-storage-using-lvms.adoc,existing,lvm,12 sub-jobs
Local storage with the logical volume manager,"When I need advanced local storage with logical volume management, I want to understand LVM storage, so that I can determine if it meets my requirements.",,full,modules/lvms-deleting-lvmcluster-using-web-console.adoc,storage/persistent_storage_local/persistent-storage-using-lvms.adoc,existing,lvm,12 sub-jobs
Local storage with the logical volume manager,"When I need advanced local storage with logical volume management, I want to understand LVM storage, so that I can determine if it meets my requirements.",,full,modules/lvms-deleting-lvmcluster-using-rhacm.adoc,storage/persistent_storage_local/persistent-storage-using-lvms.adoc,existing,lvm,12 sub-jobs
Local storage with the logical volume manager,"When I need advanced local storage with logical volume management, I want to understand LVM storage, so that I can determine if it meets my requirements.",,full,modules/deleting-an-lvm-cluster.adoc,storage/persistent_storage_local/persistent-storage-using-lvms.adoc,existing,lvm,12 sub-jobs
Local storage with the logical volume manager,"When I need advanced local storage with logical volume management, I want to understand LVM storage, so that I can determine if it meets my requirements.",,full,modules/lvms-provisioning-storage-using-logical-volume-manager-operator.adoc,storage/persistent_storage_local/persistent-storage-using-lvms.adoc,existing,lvm,12 sub-jobs
Local storage with the logical volume manager,"When I need advanced local storage with logical volume management, I want to understand LVM storage, so that I can determine if it meets my requirements.",,full,modules/storageclass-customization-for-lvms-device-classes.adoc,storage/persistent_storage_local/persistent-storage-using-lvms.adoc,existing,lvm,12 sub-jobs
Local storage with the logical volume manager,"When I need advanced local storage with logical volume management, I want to understand LVM storage, so that I can determine if it meets my requirements.",,full,modules/storageclass-options.adoc,storage/persistent_storage_local/persistent-storage-using-lvms.adoc,existing,lvm,12 sub-jobs
Local storage with the logical volume manager,"When I need advanced local storage with logical volume management, I want to understand LVM storage, so that I can determine if it meets my requirements.",,full,modules/updating-lvm-cluster-labels.adoc,storage/persistent_storage_local/persistent-storage-using-lvms.adoc,existing,lvm,12 sub-jobs
Local storage with the logical volume manager,"When I need advanced local storage with logical volume management, I want to understand LVM storage, so that I can determine if it meets my requirements.",,full,modules/sample-lvm-cluster-configuration-with-storage-class-option.adoc,storage/persistent_storage_local/persistent-storage-using-lvms.adoc,existing,lvm,12 sub-jobs
Local storage with the logical volume manager,"When I need advanced local storage with logical volume management, I want to understand LVM storage, so that I can determine if it meets my requirements.",,full,modules/immutable-fields-of-the-storage-class-options.adoc,storage/persistent_storage_local/persistent-storage-using-lvms.adoc,existing,lvm,12 sub-jobs
Local storage with the logical volume manager,"When I need advanced local storage with logical volume management, I want to understand LVM storage, so that I can determine if it meets my requirements.",,full,modules/behaviors-not-controlled-by-storage-class-options.adoc,storage/persistent_storage_local/persistent-storage-using-lvms.adoc,existing,lvm,12 sub-jobs
Local storage with the logical volume manager,"When I need advanced local storage with logical volume management, I want to understand LVM storage, so that I can determine if it meets my requirements.",,full,modules/lvms-about-scaling-storage-of-clusters.adoc,storage/persistent_storage_local/persistent-storage-using-lvms.adoc,existing,lvm,12 sub-jobs
Local storage with the logical volume manager,"When I need advanced local storage with logical volume management, I want to understand LVM storage, so that I can determine if it meets my requirements.",,full,modules/lvms-scaling-storage-of-clusters-using-cli.adoc,storage/persistent_storage_local/persistent-storage-using-lvms.adoc,existing,lvm,12 sub-jobs
Local storage with the logical volume manager,"When I need advanced local storage with logical volume management, I want to understand LVM storage, so that I can determine if it meets my requirements.",,full,modules/lvms-scaling-storage-of-clusters-using-web-console.adoc,storage/persistent_storage_local/persistent-storage-using-lvms.adoc,existing,lvm,12 sub-jobs
Local storage with the logical volume manager,"When I need advanced local storage with logical volume management, I want to understand LVM storage, so that I can determine if it meets my requirements.",,full,modules/lvms-scaling-storage-of-clusters-using-rhacm.adoc,storage/persistent_storage_local/persistent-storage-using-lvms.adoc,existing,lvm,12 sub-jobs
Local storage with the logical volume manager,"When I need advanced local storage with logical volume management, I want to understand LVM storage, so that I can determine if it meets my requirements.",,full,modules/lvms-scaling-storage-expand-pvc.adoc,storage/persistent_storage_local/persistent-storage-using-lvms.adoc,existing,lvm,12 sub-jobs
Local storage with the logical volume manager,"When I need advanced local storage with logical volume management, I want to understand LVM storage, so that I can determine if it meets my requirements.",,full,modules/lvms-deleting-pvc.adoc,storage/persistent_storage_local/persistent-storage-using-lvms.adoc,existing,lvm,12 sub-jobs
Local storage with the logical volume manager,"When I need advanced local storage with logical volume management, I want to understand LVM storage, so that I can determine if it meets my requirements.",,full,modules/lvms-about-volume-snapshots.adoc,storage/persistent_storage_local/persistent-storage-using-lvms.adoc,existing,lvm,12 sub-jobs
Local storage with the logical volume manager,"When I need advanced local storage with logical volume management, I want to understand LVM storage, so that I can determine if it meets my requirements.",,full,modules/lvms-creating-volume-snapshots.adoc,storage/persistent_storage_local/persistent-storage-using-lvms.adoc,existing,lvm,12 sub-jobs
Local storage with the logical volume manager,"When I need advanced local storage with logical volume management, I want to understand LVM storage, so that I can determine if it meets my requirements.",,full,modules/lvms-restoring-volume-snapshots.adoc,storage/persistent_storage_local/persistent-storage-using-lvms.adoc,existing,lvm,12 sub-jobs
Local storage with the logical volume manager,"When I need advanced local storage with logical volume management, I want to understand LVM storage, so that I can determine if it meets my requirements.",,full,modules/lvms-deleting-volume-snapshots.adoc,storage/persistent_storage_local/persistent-storage-using-lvms.adoc,existing,lvm,12 sub-jobs
Local storage with the logical volume manager,"When I need advanced local storage with logical volume management, I want to understand LVM storage, so that I can determine if it meets my requirements.",,full,modules/lvms-about-volume-clones.adoc,storage/persistent_storage_local/persistent-storage-using-lvms.adoc,existing,lvm,12 sub-jobs
Local storage with the logical volume manager,"When I need advanced local storage with logical volume management, I want to understand LVM storage, so that I can determine if it meets my requirements.",,full,modules/lvms-creating-volume-clones.adoc,storage/persistent_storage_local/persistent-storage-using-lvms.adoc,existing,lvm,12 sub-jobs
Local storage with the logical volume manager,"When I need advanced local storage with logical volume management, I want to understand LVM storage, so that I can determine if it meets my requirements.",,full,modules/lvms-deleting-volume-clones.adoc,storage/persistent_storage_local/persistent-storage-using-lvms.adoc,existing,lvm,12 sub-jobs
Local storage with the logical volume manager,"When I need advanced local storage with logical volume management, I want to understand LVM storage, so that I can determine if it meets my requirements.",,full,modules/lvms-updating-lvms.adoc,storage/persistent_storage_local/persistent-storage-using-lvms.adoc,existing,lvm,12 sub-jobs
Local storage with the logical volume manager,"When I need advanced local storage with logical volume management, I want to understand LVM storage, so that I can determine if it meets my requirements.",,full,modules/lvms-monitoring-logical-volume-manager-operator.adoc,storage/persistent_storage_local/persistent-storage-using-lvms.adoc,existing,lvm,12 sub-jobs
Local storage with the logical volume manager,"When I need advanced local storage with logical volume management, I want to understand LVM storage, so that I can determine if it meets my requirements.",,full,modules/lvms-about-volume-metrics-alerts.adoc,storage/persistent_storage_local/persistent-storage-using-lvms.adoc,existing,lvm,12 sub-jobs
Local storage with the logical volume manager,"When I need advanced local storage with logical volume management, I want to understand LVM storage, so that I can determine if it meets my requirements.",,full,modules/lvms-uninstalling-logical-volume-manager-operator-using-openshift-cli.adoc,storage/persistent_storage_local/persistent-storage-using-lvms.adoc,existing,lvm,12 sub-jobs
Local storage with the logical volume manager,"When I need advanced local storage with logical volume management, I want to understand LVM storage, so that I can determine if it meets my requirements.",,full,modules/lvms-uninstalling-logical-volume-manager-operator-using-openshift-web-console.adoc,storage/persistent_storage_local/persistent-storage-using-lvms.adoc,existing,lvm,12 sub-jobs
Local storage with the logical volume manager,"When I need advanced local storage with logical volume management, I want to understand LVM storage, so that I can determine if it meets my requirements.",,full,modules/lvms-uninstalling-logical-volume-manager-operator-using-rhacm.adoc,storage/persistent_storage_local/persistent-storage-using-lvms.adoc,existing,lvm,12 sub-jobs
Local storage with the logical volume manager,"When I need advanced local storage with logical volume management, I want to understand LVM storage, so that I can determine if it meets my requirements.",,full,modules/lvms-download-log-files-and-diagnostics.adoc,storage/persistent_storage_local/persistent-storage-using-lvms.adoc,existing,lvm,12 sub-jobs
Local storage with the logical volume manager,"When I need advanced local storage with logical volume management, I want to understand LVM storage, so that I can determine if it meets my requirements.",,full,modules/lvms-troubleshooting-persistent-storage.adoc,storage/persistent_storage_local/persistent-storage-using-lvms.adoc,existing,lvm,12 sub-jobs
Local storage with the logical volume manager,"When I need advanced local storage with logical volume management, I want to understand LVM storage, so that I can determine if it meets my requirements.",,full,modules/lvms-troubleshooting-investigating-a-pvc-stuck-in-the-pending-state.adoc,storage/persistent_storage_local/persistent-storage-using-lvms.adoc,existing,lvm,12 sub-jobs
Local storage with the logical volume manager,"When I need advanced local storage with logical volume management, I want to understand LVM storage, so that I can determine if it meets my requirements.",,full,modules/lvms-troubleshooting-recovering-from-missing-lvms-or-operator-components.adoc,storage/persistent_storage_local/persistent-storage-using-lvms.adoc,existing,lvm,12 sub-jobs
Local storage with the logical volume manager,"When I need advanced local storage with logical volume management, I want to understand LVM storage, so that I can determine if it meets my requirements.",,full,modules/lvms-troubleshooting-recovering-from-node-failure.adoc,storage/persistent_storage_local/persistent-storage-using-lvms.adoc,existing,lvm,12 sub-jobs
Local storage with the logical volume manager,"When I need advanced local storage with logical volume management, I want to understand LVM storage, so that I can determine if it meets my requirements.",,full,modules/lvms-troubleshooting-recovering-from-disk-failure.adoc,storage/persistent_storage_local/persistent-storage-using-lvms.adoc,existing,lvm,12 sub-jobs
Local storage with the logical volume manager,"When I need advanced local storage with logical volume management, I want to understand LVM storage, so that I can determine if it meets my requirements.",,full,modules/lvms-troubleshooting-performing-a-forced-cleanup.adoc,storage/persistent_storage_local/persistent-storage-using-lvms.adoc,existing,lvm,12 sub-jobs
Local storage with the logical volume manager,"When I need advanced local storage with logical volume management, I want to understand LVM storage, so that I can determine if it meets my requirements.",,full,modules/comparison-of-solutions-to-provision-node-local-storage.adoc,storage/persistent_storage_local/ways-to-provision-local-storage.adoc,existing,lvm,12 sub-jobs
Container storage interface volumes,"When I'm planning to use modern storage drivers, I want to understand CSI architecture, so that I can make informed decisions about storage provisioning.",Container storage interface,gap,,,missing,No matching modules found,3 sub-jobs
Temporary storage with inline ephemeral volumes,"When I need temporary storage for pods, I want to understand CSI inline ephemeral volumes, so that I can determine when to use this feature.",,full,modules/ephemeral-storage-csi-inline-overview.adoc,storage/container_storage_interface/ephemeral-storage-csi-inline.adoc,existing,ephemeral-inline,3 sub-jobs
Temporary storage with inline ephemeral volumes,"When I need temporary storage for pods, I want to understand CSI inline ephemeral volumes, so that I can determine when to use this feature.",,full,modules/ephemeral-storage-csi-inline-overview-admin-plugin.adoc,storage/container_storage_interface/ephemeral-storage-csi-inline.adoc,existing,ephemeral-inline,3 sub-jobs
Temporary storage with inline ephemeral volumes,"When I need temporary storage for pods, I want to understand CSI inline ephemeral volumes, so that I can determine when to use this feature.",,full,modules/ephemeral-storage-csi-inline-pod.adoc,storage/container_storage_interface/ephemeral-storage-csi-inline.adoc,existing,ephemeral-inline,3 sub-jobs
Backup and clone volume snapshots,"When I need to capture storage state, I want to understand CSI volume snapshots, so that I can determine when to use snapshots for backup or cloning.",,full,modules/persistent-storage-csi-azure-disk-perf-plus-create-new-disk-by-snapshot-clone.adoc,storage/container_storage_interface/persistent-storage-csi-azure.adoc,existing,snapshot,6 sub-jobs
Backup and clone volume snapshots,"When I need to capture storage state, I want to understand CSI volume snapshots, so that I can determine when to use snapshots for backup or cloning.",,full,modules/persistent-storage-csi-gcp-images-snapshot-class-overview.adoc,storage/container_storage_interface/persistent-storage-csi-gcp-pd.adoc,existing,snapshot,6 sub-jobs
Backup and clone volume snapshots,"When I need to capture storage state, I want to understand CSI volume snapshots, so that I can determine when to use snapshots for backup or cloning.",,full,modules/persistent-storage-csi-group-snapshots-overview.adoc,storage/container_storage_interface/persistent-storage-csi-group-snapshots.adoc,existing,snapshot,6 sub-jobs
Backup and clone volume snapshots,"When I need to capture storage state, I want to understand CSI volume snapshots, so that I can determine when to use snapshots for backup or cloning.",,full,modules/persistent-storage-csi-group-snapshots-limitations.adoc,storage/container_storage_interface/persistent-storage-csi-group-snapshots.adoc,existing,snapshot,6 sub-jobs
Backup and clone volume snapshots,"When I need to capture storage state, I want to understand CSI volume snapshots, so that I can determine when to use snapshots for backup or cloning.",,full,modules/persistent-storage-csi-group-snapshot-create-admin.adoc,storage/container_storage_interface/persistent-storage-csi-group-snapshots.adoc,existing,snapshot,6 sub-jobs
Backup and clone volume snapshots,"When I need to capture storage state, I want to understand CSI volume snapshots, so that I can determine when to use snapshots for backup or cloning.",,full,modules/persistent-storage-csi-group-snapshots-create.adoc,storage/container_storage_interface/persistent-storage-csi-group-snapshots.adoc,existing,snapshot,6 sub-jobs
Backup and clone volume snapshots,"When I need to capture storage state, I want to understand CSI volume snapshots, so that I can determine when to use snapshots for backup or cloning.",,full,modules/persistent-storage-csi-group-snapshots-restore.adoc,storage/container_storage_interface/persistent-storage-csi-group-snapshots.adoc,existing,snapshot,6 sub-jobs
Backup and clone volume snapshots,"When I need to capture storage state, I want to understand CSI volume snapshots, so that I can determine when to use snapshots for backup or cloning.",,full,modules/persistent-storage-csi-snapshots-overview.adoc,storage/container_storage_interface/persistent-storage-csi-snapshots.adoc,existing,snapshot,6 sub-jobs
Backup and clone volume snapshots,"When I need to capture storage state, I want to understand CSI volume snapshots, so that I can determine when to use snapshots for backup or cloning.",,full,modules/persistent-storage-csi-snapshots-controller-sidecar.adoc,storage/container_storage_interface/persistent-storage-csi-snapshots.adoc,existing,snapshot,6 sub-jobs
Backup and clone volume snapshots,"When I need to capture storage state, I want to understand CSI volume snapshots, so that I can determine when to use snapshots for backup or cloning.",,full,modules/persistent-storage-csi-snapshots-operator.adoc,storage/container_storage_interface/persistent-storage-csi-snapshots.adoc,existing,snapshot,6 sub-jobs
Backup and clone volume snapshots,"When I need to capture storage state, I want to understand CSI volume snapshots, so that I can determine when to use snapshots for backup or cloning.",,full,modules/persistent-storage-csi-snapshots-provision.adoc,storage/container_storage_interface/persistent-storage-csi-snapshots.adoc,existing,snapshot,6 sub-jobs
Backup and clone volume snapshots,"When I need to capture storage state, I want to understand CSI volume snapshots, so that I can determine when to use snapshots for backup or cloning.",,full,modules/persistent-storage-csi-snapshots-create.adoc,storage/container_storage_interface/persistent-storage-csi-snapshots.adoc,existing,snapshot,6 sub-jobs
Backup and clone volume snapshots,"When I need to capture storage state, I want to understand CSI volume snapshots, so that I can determine when to use snapshots for backup or cloning.",,full,modules/persistent-storage-csi-snapshots-create-static.adoc,storage/container_storage_interface/persistent-storage-csi-snapshots.adoc,existing,snapshot,6 sub-jobs
Backup and clone volume snapshots,"When I need to capture storage state, I want to understand CSI volume snapshots, so that I can determine when to use snapshots for backup or cloning.",,full,modules/persistent-storage-csi-snapshots-delete.adoc,storage/container_storage_interface/persistent-storage-csi-snapshots.adoc,existing,snapshot,6 sub-jobs
Backup and clone volume snapshots,"When I need to capture storage state, I want to understand CSI volume snapshots, so that I can determine when to use snapshots for backup or cloning.",,full,modules/persistent-storage-csi-snapshots-restore.adoc,storage/container_storage_interface/persistent-storage-csi-snapshots.adoc,existing,snapshot,6 sub-jobs
Backup and clone volume snapshots,"When I need to capture storage state, I want to understand CSI volume snapshots, so that I can determine when to use snapshots for backup or cloning.",,full,modules/persistent-storage-csi-vsphere-change-max-snapshot.adoc,storage/container_storage_interface/persistent-storage-csi-snapshots.adoc,existing,snapshot,6 sub-jobs
Backup and clone volume snapshots,"When I need to capture storage state, I want to understand CSI volume snapshots, so that I can determine when to use snapshots for backup or cloning.",,full,modules/lvms-about-volume-snapshots.adoc,storage/persistent_storage_local/persistent-storage-using-lvms.adoc,existing,snapshot,6 sub-jobs
Backup and clone volume snapshots,"When I need to capture storage state, I want to understand CSI volume snapshots, so that I can determine when to use snapshots for backup or cloning.",,full,modules/lvms-creating-volume-snapshots.adoc,storage/persistent_storage_local/persistent-storage-using-lvms.adoc,existing,snapshot,6 sub-jobs
Backup and clone volume snapshots,"When I need to capture storage state, I want to understand CSI volume snapshots, so that I can determine when to use snapshots for backup or cloning.",,full,modules/lvms-restoring-volume-snapshots.adoc,storage/persistent_storage_local/persistent-storage-using-lvms.adoc,existing,snapshot,6 sub-jobs
Backup and clone volume snapshots,"When I need to capture storage state, I want to understand CSI volume snapshots, so that I can determine when to use snapshots for backup or cloning.",,full,modules/lvms-deleting-volume-snapshots.adoc,storage/persistent_storage_local/persistent-storage-using-lvms.adoc,existing,snapshot,6 sub-jobs
Capture consistent group snapshots,"When I need to snapshot multiple volumes together, I want to understand group snapshots, so that I can capture consistent state across related volumes.",,full,modules/persistent-storage-csi-group-snapshots-overview.adoc,storage/container_storage_interface/persistent-storage-csi-group-snapshots.adoc,existing,snapshot-group,4 sub-jobs
Capture consistent group snapshots,"When I need to snapshot multiple volumes together, I want to understand group snapshots, so that I can capture consistent state across related volumes.",,full,modules/persistent-storage-csi-group-snapshots-limitations.adoc,storage/container_storage_interface/persistent-storage-csi-group-snapshots.adoc,existing,snapshot-group,4 sub-jobs
Capture consistent group snapshots,"When I need to snapshot multiple volumes together, I want to understand group snapshots, so that I can capture consistent state across related volumes.",,full,modules/persistent-storage-csi-group-snapshot-create-admin.adoc,storage/container_storage_interface/persistent-storage-csi-group-snapshots.adoc,existing,snapshot-group,4 sub-jobs
Capture consistent group snapshots,"When I need to snapshot multiple volumes together, I want to understand group snapshots, so that I can capture consistent state across related volumes.",,full,modules/persistent-storage-csi-group-snapshots-create.adoc,storage/container_storage_interface/persistent-storage-csi-group-snapshots.adoc,existing,snapshot-group,4 sub-jobs
Capture consistent group snapshots,"When I need to snapshot multiple volumes together, I want to understand group snapshots, so that I can capture consistent state across related volumes.",,full,modules/persistent-storage-csi-group-snapshots-restore.adoc,storage/container_storage_interface/persistent-storage-csi-group-snapshots.adoc,existing,snapshot-group,4 sub-jobs
Clone storage volumes,"When I need to duplicate storage, I want to understand cloning, so that I can determine when to use volume cloning instead of snapshots.",,full,modules/persistent-storage-csi-azure-disk-perf-plus-create-new-disk-by-snapshot-clone.adoc,storage/container_storage_interface/persistent-storage-csi-azure.adoc,existing,clone,2 sub-jobs
Clone storage volumes,"When I need to duplicate storage, I want to understand cloning, so that I can determine when to use volume cloning instead of snapshots.",,full,modules/persistent-storage-csi-cloning-provisioning.adoc,storage/container_storage_interface/persistent-storage-csi-cloning.adoc,existing,clone,2 sub-jobs
Clone storage volumes,"When I need to duplicate storage, I want to understand cloning, so that I can determine when to use volume cloning instead of snapshots.",,full,modules/lvms-about-volume-clones.adoc,storage/persistent_storage_local/persistent-storage-using-lvms.adoc,existing,clone,2 sub-jobs
Clone storage volumes,"When I need to duplicate storage, I want to understand cloning, so that I can determine when to use volume cloning instead of snapshots.",,full,modules/lvms-creating-volume-clones.adoc,storage/persistent_storage_local/persistent-storage-using-lvms.adoc,existing,clone,2 sub-jobs
Clone storage volumes,"When I need to duplicate storage, I want to understand cloning, so that I can determine when to use volume cloning instead of snapshots.",,full,modules/lvms-deleting-volume-clones.adoc,storage/persistent_storage_local/persistent-storage-using-lvms.adoc,existing,clone,2 sub-jobs
Prepopulate storage volumes,"When I need to prepopulate volumes from external sources, I want to understand volume populators, so that I can determine if they meet my requirements.",,full,modules/persistent-storage-csi-vol-populator.adoc,storage/container_storage_interface/persistent-storage-csi-vol-populators.adoc,existing,populator,4 sub-jobs
Prepopulate storage volumes,"When I need to prepopulate volumes from external sources, I want to understand volume populators, so that I can determine if they meet my requirements.",,full,modules/persistent-storage-csi-vol-populator-procedure-top-level.adoc,storage/container_storage_interface/persistent-storage-csi-vol-populators.adoc,existing,populator,4 sub-jobs
Prepopulate storage volumes,"When I need to prepopulate volumes from external sources, I want to understand volume populators, so that I can determine if they meet my requirements.",,full,modules/persistent-storage-csi-vol-populator-procedure-admin.adoc,storage/container_storage_interface/persistent-storage-csi-vol-populators.adoc,existing,populator,4 sub-jobs
Prepopulate storage volumes,"When I need to prepopulate volumes from external sources, I want to understand volume populators, so that I can determine if they meet my requirements.",,full,modules/persistent-storage-csi-vol-populator-procedure.adoc,storage/container_storage_interface/persistent-storage-csi-vol-populators.adoc,existing,populator,4 sub-jobs
Prepopulate storage volumes,"When I need to prepopulate volumes from external sources, I want to understand volume populators, so that I can determine if they meet my requirements.",,full,modules/persistent-storage-csi-vol-populator-uninstall.adoc,storage/container_storage_interface/persistent-storage-csi-vol-populators.adoc,existing,populator,4 sub-jobs
Configure default storage classes,"When I need to understand automatic storage selection, I want to understand default storage class, so that I can configure appropriate defaults for my cluster.",,full,modules/storage-create-storage-class.adoc,storage/container_storage_interface/persistent-storage-csi-aws-efs.adoc,existing,storage-class,4 sub-jobs
Configure default storage classes,"When I need to understand automatic storage selection, I want to understand default storage class, so that I can configure appropriate defaults for my cluster.",,full,modules/storage-create-storage-class-console.adoc,storage/container_storage_interface/persistent-storage-csi-aws-efs.adoc,existing,storage-class,4 sub-jobs
Configure default storage classes,"When I need to understand automatic storage selection, I want to understand default storage class, so that I can configure appropriate defaults for my cluster.",,full,modules/storage-create-storage-class-cli.adoc,storage/container_storage_interface/persistent-storage-csi-aws-efs.adoc,existing,storage-class,4 sub-jobs
Configure default storage classes,"When I need to understand automatic storage selection, I want to understand default storage class, so that I can configure appropriate defaults for my cluster.",,full,modules/persistent-storage-csi-azure-disk-sc-zrs.adoc,storage/container_storage_interface/persistent-storage-csi-azure.adoc,existing,storage-class,4 sub-jobs
Configure default storage classes,"When I need to understand automatic storage selection, I want to understand default storage class, so that I can configure appropriate defaults for my cluster.",,full,modules/persistent-storage-csi-azure-disk-perf-plus-sc.adoc,storage/container_storage_interface/persistent-storage-csi-azure.adoc,existing,storage-class,4 sub-jobs
Configure default storage classes,"When I need to understand automatic storage selection, I want to understand default storage class, so that I can configure appropriate defaults for my cluster.",,full,modules/persistent-storage-csi-cinder-storage-class.adoc,storage/container_storage_interface/persistent-storage-csi-cinder.adoc,existing,storage-class,4 sub-jobs
Configure default storage classes,"When I need to understand automatic storage selection, I want to understand default storage class, so that I can configure appropriate defaults for my cluster.",,full,modules/persistent-storage-csi-gcp-pd-storage-class-ref.adoc,storage/container_storage_interface/persistent-storage-csi-gcp-pd.adoc,existing,storage-class,4 sub-jobs
Configure default storage classes,"When I need to understand automatic storage selection, I want to understand default storage class, so that I can configure appropriate defaults for my cluster.",,full,modules/persistent-storage-csi-gcp-images-snapshot-class-overview.adoc,storage/container_storage_interface/persistent-storage-csi-gcp-pd.adoc,existing,storage-class,4 sub-jobs
Configure default storage classes,"When I need to understand automatic storage selection, I want to understand default storage class, so that I can configure appropriate defaults for my cluster.",,full,modules/persistent-storage-csi-google-cloud-file-create-sc.adoc,storage/container_storage_interface/persistent-storage-csi-google-cloud-file.adoc,existing,storage-class,4 sub-jobs
Configure default storage classes,"When I need to understand automatic storage selection, I want to understand default storage class, so that I can configure appropriate defaults for my cluster.",,full,modules/persistent-storage-csi-group-snapshot-create-admin.adoc,storage/container_storage_interface/persistent-storage-csi-group-snapshots.adoc,existing,storage-class,4 sub-jobs
Configure default storage classes,"When I need to understand automatic storage selection, I want to understand default storage class, so that I can configure appropriate defaults for my cluster.",,full,modules/persistent-storage-csi-migration-sc.adoc,storage/container_storage_interface/persistent-storage-csi-migration.adoc,existing,storage-class,4 sub-jobs
Configure default storage classes,"When I need to understand automatic storage selection, I want to understand default storage class, so that I can configure appropriate defaults for my cluster.",,full,modules/persistent-storage-csi-sc-managing.adoc,storage/container_storage_interface/persistent-storage-csi-sc-manage.adoc,existing,storage-class,4 sub-jobs
Configure default storage classes,"When I need to understand automatic storage selection, I want to understand default storage class, so that I can configure appropriate defaults for my cluster.",,full,modules/persistent-storage-csi-sc-managing-cli.adoc,storage/container_storage_interface/persistent-storage-csi-sc-manage.adoc,existing,storage-class,4 sub-jobs
Configure default storage classes,"When I need to understand automatic storage selection, I want to understand default storage class, so that I can configure appropriate defaults for my cluster.",,full,modules/persistent-storage-csi-sc-multiple-none.adoc,storage/container_storage_interface/persistent-storage-csi-sc-manage.adoc,existing,storage-class,4 sub-jobs
Configure default storage classes,"When I need to understand automatic storage selection, I want to understand default storage class, so that I can configure appropriate defaults for my cluster.",,full,modules/dynamic-provisioning-change-default-class.adoc,storage/container_storage_interface/persistent-storage-csi-sc-manage.adoc,existing,storage-class,4 sub-jobs
Configure default storage classes,"When I need to understand automatic storage selection, I want to understand default storage class, so that I can configure appropriate defaults for my cluster.",,full,modules/dynamic-provisioning-defining-storage-class.adoc,storage/dynamic-provisioning.adoc,existing,storage-class,4 sub-jobs
Configure default storage classes,"When I need to understand automatic storage selection, I want to understand default storage class, so that I can configure appropriate defaults for my cluster.",,full,modules/dynamic-provisioning-storage-class-definition.adoc,storage/dynamic-provisioning.adoc,existing,storage-class,4 sub-jobs
Configure default storage classes,"When I need to understand automatic storage selection, I want to understand default storage class, so that I can configure appropriate defaults for my cluster.",,full,modules/dynamic-provisioning-azure-disk-definition.adoc,storage/dynamic-provisioning.adoc,existing,storage-class,4 sub-jobs
Configure default storage classes,"When I need to understand automatic storage selection, I want to understand default storage class, so that I can configure appropriate defaults for my cluster.",,full,modules/dynamic-provisioning-annotations.adoc,storage/dynamic-provisioning.adoc,existing,storage-class,4 sub-jobs
Configure default storage classes,"When I need to understand automatic storage selection, I want to understand default storage class, so that I can configure appropriate defaults for my cluster.",,full,modules/storage-azure-create-storage-class.adoc,storage/persistent_storage/persistent-storage-azure.adoc,existing,storage-class,4 sub-jobs
Configure default storage classes,"When I need to understand automatic storage selection, I want to understand default storage class, so that I can configure appropriate defaults for my cluster.",,full,modules/lvms-about-removing-devices-deviceclasses-from-a-vg.adoc,storage/persistent_storage_local/persistent-storage-using-lvms.adoc,existing,storage-class,4 sub-jobs
Configure default storage classes,"When I need to understand automatic storage selection, I want to understand default storage class, so that I can configure appropriate defaults for my cluster.",,full,modules/storageclass-customization-for-lvms-device-classes.adoc,storage/persistent_storage_local/persistent-storage-using-lvms.adoc,existing,storage-class,4 sub-jobs
Configure default storage classes,"When I need to understand automatic storage selection, I want to understand default storage class, so that I can configure appropriate defaults for my cluster.",,full,modules/storageclass-options.adoc,storage/persistent_storage_local/persistent-storage-using-lvms.adoc,existing,storage-class,4 sub-jobs
Configure default storage classes,"When I need to understand automatic storage selection, I want to understand default storage class, so that I can configure appropriate defaults for my cluster.",,full,modules/sample-lvm-cluster-configuration-with-storage-class-option.adoc,storage/persistent_storage_local/persistent-storage-using-lvms.adoc,existing,storage-class,4 sub-jobs
Configure default storage classes,"When I need to understand automatic storage selection, I want to understand default storage class, so that I can configure appropriate defaults for my cluster.",,full,modules/immutable-fields-of-the-storage-class-options.adoc,storage/persistent_storage_local/persistent-storage-using-lvms.adoc,existing,storage-class,4 sub-jobs
Configure default storage classes,"When I need to understand automatic storage selection, I want to understand default storage class, so that I can configure appropriate defaults for my cluster.",,full,modules/behaviors-not-controlled-by-storage-class-options.adoc,storage/persistent_storage_local/persistent-storage-using-lvms.adoc,existing,storage-class,4 sub-jobs
Configure default storage classes,"When I need to understand automatic storage selection, I want to understand default storage class, so that I can configure appropriate defaults for my cluster.",,full,modules/lvms-troubleshooting-recovering-from-missing-lvms-or-operator-components.adoc,storage/persistent_storage_local/persistent-storage-using-lvms.adoc,existing,storage-class,4 sub-jobs
Configure default storage classes,"When I need to understand automatic storage selection, I want to understand default storage class, so that I can configure appropriate defaults for my cluster.",,full,modules/storage-persistent-storage-pvc-volumeattributesclass.adoc,storage/understanding-persistent-storage.adoc,existing,storage-class,4 sub-jobs
Configure default storage classes,"When I need to understand automatic storage selection, I want to understand default storage class, so that I can configure appropriate defaults for my cluster.",,full,modules/storage-persistent-storage-pvc-volumeattributesclass-apply-vac.adoc,storage/understanding-persistent-storage.adoc,existing,storage-class,4 sub-jobs
Configure default storage classes,"When I need to understand automatic storage selection, I want to understand default storage class, so that I can configure appropriate defaults for my cluster.",,full,modules/storage-persistent-storage-pvc-volumeattributesclass-delete-vac.adoc,storage/understanding-persistent-storage.adoc,existing,storage-class,4 sub-jobs
Container storage interface migration,"When I'm migrating from in-tree storage, I want to understand CSI storage migration, so that I can plan the transition to CSI drivers.",,gap,,,missing,No matching modules found,2 sub-jobs
AWS Elastic Block Store operator,"When I'm using AWS EBS, I want to understand AWS EBS Driver Operator, so that I can properly configure and manage EBS storage.",,full,modules/persistent-storage-csi-aws-ebs-overview.adoc,storage/container_storage_interface/persistent-storage-csi-ebs.adoc,existing,aws-ebs,3 sub-jobs
AWS Elastic Block Store operator,"When I'm using AWS EBS, I want to understand AWS EBS Driver Operator, so that I can properly configure and manage EBS storage.",,full,modules/dynamic-provisioning-aws-definition.adoc,storage/dynamic-provisioning.adoc,existing,aws-ebs,3 sub-jobs
AWS Elastic Block Store operator,"When I'm using AWS EBS, I want to understand AWS EBS Driver Operator, so that I can properly configure and manage EBS storage.",,full,modules/storage-persistent-storage-aws-maximum-volumes.adoc,storage/persistent_storage/persistent-storage-aws.adoc,existing,aws-ebs,3 sub-jobs
AWS Elastic File Storage,"When I need shared file storage on AWS, I want to understand AWS EFS CSI Driver Operator, so that I can determine if EFS meets my requirements.",,full,modules/persistent-storage-csi-efs-overview.adoc,storage/container_storage_interface/persistent-storage-csi-aws-efs.adoc,existing,aws-efs,11 sub-jobs
AWS Elastic File Storage,"When I need shared file storage on AWS, I want to understand AWS EFS CSI Driver Operator, so that I can determine if EFS meets my requirements.",,full,modules/persistent-storage-csi-about.adoc,storage/container_storage_interface/persistent-storage-csi-aws-efs.adoc,existing,aws-efs,11 sub-jobs
AWS Elastic File Storage,"When I need shared file storage on AWS, I want to understand AWS EFS CSI Driver Operator, so that I can determine if EFS meets my requirements.",,full,modules/persistent-storage-efs-csi-driver-operator-setup.adoc,storage/container_storage_interface/persistent-storage-csi-aws-efs.adoc,existing,aws-efs,11 sub-jobs
AWS Elastic File Storage,"When I need shared file storage on AWS, I want to understand AWS EFS CSI Driver Operator, so that I can determine if EFS meets my requirements.",,full,modules/persistent-storage-csi-efs-sts.adoc,storage/container_storage_interface/persistent-storage-csi-aws-efs.adoc,existing,aws-efs,11 sub-jobs
AWS Elastic File Storage,"When I need shared file storage on AWS, I want to understand AWS EFS CSI Driver Operator, so that I can determine if EFS meets my requirements.",,full,modules/sd-persistent-storage-csi-efs-sts.adoc,storage/container_storage_interface/persistent-storage-csi-aws-efs.adoc,existing,aws-efs,11 sub-jobs
AWS Elastic File Storage,"When I need shared file storage on AWS, I want to understand AWS EFS CSI Driver Operator, so that I can determine if EFS meets my requirements.",,full,modules/persistent-storage-csi-olm-operator-install.adoc,storage/container_storage_interface/persistent-storage-csi-aws-efs.adoc,existing,aws-efs,11 sub-jobs
AWS Elastic File Storage,"When I need shared file storage on AWS, I want to understand AWS EFS CSI Driver Operator, so that I can determine if EFS meets my requirements.",,full,modules/persistent-storage-csi-efs-driver-install.adoc,storage/container_storage_interface/persistent-storage-csi-aws-efs.adoc,existing,aws-efs,11 sub-jobs
AWS Elastic File Storage,"When I need shared file storage on AWS, I want to understand AWS EFS CSI Driver Operator, so that I can determine if EFS meets my requirements.",,full,modules/storage-create-storage-class.adoc,storage/container_storage_interface/persistent-storage-csi-aws-efs.adoc,existing,aws-efs,11 sub-jobs
AWS Elastic File Storage,"When I need shared file storage on AWS, I want to understand AWS EFS CSI Driver Operator, so that I can determine if EFS meets my requirements.",,full,modules/storage-create-storage-class-console.adoc,storage/container_storage_interface/persistent-storage-csi-aws-efs.adoc,existing,aws-efs,11 sub-jobs
AWS Elastic File Storage,"When I need shared file storage on AWS, I want to understand AWS EFS CSI Driver Operator, so that I can determine if EFS meets my requirements.",,full,modules/storage-create-storage-class-cli.adoc,storage/container_storage_interface/persistent-storage-csi-aws-efs.adoc,existing,aws-efs,11 sub-jobs
AWS Elastic File Storage,"When I need shared file storage on AWS, I want to understand AWS EFS CSI Driver Operator, so that I can determine if EFS meets my requirements.",,full,modules/persistent-storage-csi-efs-cross-account.adoc,storage/container_storage_interface/persistent-storage-csi-aws-efs.adoc,existing,aws-efs,11 sub-jobs
AWS Elastic File Storage,"When I need shared file storage on AWS, I want to understand AWS EFS CSI Driver Operator, so that I can determine if EFS meets my requirements.",,full,modules/persistent-storage-csi-efs-one-zone-intro.adoc,storage/container_storage_interface/persistent-storage-csi-aws-efs.adoc,existing,aws-efs,11 sub-jobs
AWS Elastic File Storage,"When I need shared file storage on AWS, I want to understand AWS EFS CSI Driver Operator, so that I can determine if EFS meets my requirements.",,full,modules/persistent-storage-csi-efs-one-zone-overview.adoc,storage/container_storage_interface/persistent-storage-csi-aws-efs.adoc,existing,aws-efs,11 sub-jobs
AWS Elastic File Storage,"When I need shared file storage on AWS, I want to understand AWS EFS CSI Driver Operator, so that I can determine if EFS meets my requirements.",,full,modules/persistent-storage-csi-efs-one-zone-procedure.adoc,storage/container_storage_interface/persistent-storage-csi-aws-efs.adoc,existing,aws-efs,11 sub-jobs
AWS Elastic File Storage,"When I need shared file storage on AWS, I want to understand AWS EFS CSI Driver Operator, so that I can determine if EFS meets my requirements.",,full,modules/persistent-storage-csi-dynamic-provisioning-aws-efs.adoc,storage/container_storage_interface/persistent-storage-csi-aws-efs.adoc,existing,aws-efs,11 sub-jobs
AWS Elastic File Storage,"When I need shared file storage on AWS, I want to understand AWS EFS CSI Driver Operator, so that I can determine if EFS meets my requirements.",,full,modules/persistent-storage-csi-efs-static-pv.adoc,storage/container_storage_interface/persistent-storage-csi-aws-efs.adoc,existing,aws-efs,11 sub-jobs
AWS Elastic File Storage,"When I need shared file storage on AWS, I want to understand AWS EFS CSI Driver Operator, so that I can determine if EFS meets my requirements.",,full,modules/persistent-storage-csi-efs-security.adoc,storage/container_storage_interface/persistent-storage-csi-aws-efs.adoc,existing,aws-efs,11 sub-jobs
AWS Elastic File Storage,"When I need shared file storage on AWS, I want to understand AWS EFS CSI Driver Operator, so that I can determine if EFS meets my requirements.",,full,modules/persistent-storage-csi-efs-metrics-overview.adoc,storage/container_storage_interface/persistent-storage-csi-aws-efs.adoc,existing,aws-efs,11 sub-jobs
AWS Elastic File Storage,"When I need shared file storage on AWS, I want to understand AWS EFS CSI Driver Operator, so that I can determine if EFS meets my requirements.",,full,modules/persistent-storage-csi-efs-metrics-procedure-gui.adoc,storage/container_storage_interface/persistent-storage-csi-aws-efs.adoc,existing,aws-efs,11 sub-jobs
AWS Elastic File Storage,"When I need shared file storage on AWS, I want to understand AWS EFS CSI Driver Operator, so that I can determine if EFS meets my requirements.",,full,modules/persistent-storage-csi-efs-metrics-procedure-cli.adoc,storage/container_storage_interface/persistent-storage-csi-aws-efs.adoc,existing,aws-efs,11 sub-jobs
AWS Elastic File Storage,"When I need shared file storage on AWS, I want to understand AWS EFS CSI Driver Operator, so that I can determine if EFS meets my requirements.",,full,modules/persistent-storage-csi-efs-troubleshooting.adoc,storage/container_storage_interface/persistent-storage-csi-aws-efs.adoc,existing,aws-efs,11 sub-jobs
AWS Elastic File Storage,"When I need shared file storage on AWS, I want to understand AWS EFS CSI Driver Operator, so that I can determine if EFS meets my requirements.",,full,modules/persistent-storage-csi-olm-operator-uninstall.adoc,storage/container_storage_interface/persistent-storage-csi-aws-efs.adoc,existing,aws-efs,11 sub-jobs
Azure Disk CSI driver operator,"When I'm using Azure Disk, I want to understand Azure Disk CSI Driver Operator, so that I can properly configure and manage Azure disk storage.",,full,modules/persistent-storage-csi-azure-disk-overview.adoc,storage/container_storage_interface/persistent-storage-csi-azure.adoc,existing,azure-disk,9 sub-jobs
Azure Disk CSI driver operator,"When I'm using Azure Disk, I want to understand Azure Disk CSI Driver Operator, so that I can properly configure and manage Azure disk storage.",,full,modules/persistent-storage-csi-azure-disk-sc-zrs.adoc,storage/container_storage_interface/persistent-storage-csi-azure.adoc,existing,azure-disk,9 sub-jobs
Azure Disk CSI driver operator,"When I'm using Azure Disk, I want to understand Azure Disk CSI Driver Operator, so that I can properly configure and manage Azure disk storage.",,full,modules/persistent-storage-csi-azure-disk-perf-plus.adoc,storage/container_storage_interface/persistent-storage-csi-azure.adoc,existing,azure-disk,9 sub-jobs
Azure Disk CSI driver operator,"When I'm using Azure Disk, I want to understand Azure Disk CSI Driver Operator, so that I can properly configure and manage Azure disk storage.",,full,modules/persistent-storage-csi-azure-disk-perf-plus-overview.adoc,storage/container_storage_interface/persistent-storage-csi-azure.adoc,existing,azure-disk,9 sub-jobs
Azure Disk CSI driver operator,"When I'm using Azure Disk, I want to understand Azure Disk CSI Driver Operator, so that I can properly configure and manage Azure disk storage.",,full,modules/persistent-storage-csi-azure-disk-perf-plus-limits.adoc,storage/container_storage_interface/persistent-storage-csi-azure.adoc,existing,azure-disk,9 sub-jobs
Azure Disk CSI driver operator,"When I'm using Azure Disk, I want to understand Azure Disk CSI Driver Operator, so that I can properly configure and manage Azure disk storage.",,full,modules/persistent-storage-csi-azure-disk-perf-plus-sc.adoc,storage/container_storage_interface/persistent-storage-csi-azure.adoc,existing,azure-disk,9 sub-jobs
Azure Disk CSI driver operator,"When I'm using Azure Disk, I want to understand Azure Disk CSI Driver Operator, so that I can properly configure and manage Azure disk storage.",,full,modules/persistent-storage-csi-azure-disk-perf-plus-create-new-disk-by-snapshot-clone.adoc,storage/container_storage_interface/persistent-storage-csi-azure.adoc,existing,azure-disk,9 sub-jobs
Azure Disk CSI driver operator,"When I'm using Azure Disk, I want to understand Azure Disk CSI Driver Operator, so that I can properly configure and manage Azure disk storage.",,full,modules/machineset-azure-ultra-disk.adoc,storage/container_storage_interface/persistent-storage-csi-azure.adoc,existing,azure-disk,9 sub-jobs
Azure Disk CSI driver operator,"When I'm using Azure Disk, I want to understand Azure Disk CSI Driver Operator, so that I can properly configure and manage Azure disk storage.",,full,modules/machineset-creating-azure-ultra-disk.adoc,storage/container_storage_interface/persistent-storage-csi-azure.adoc,existing,azure-disk,9 sub-jobs
Azure Disk CSI driver operator,"When I'm using Azure Disk, I want to understand Azure Disk CSI Driver Operator, so that I can properly configure and manage Azure disk storage.",,full,modules/machineset-troubleshooting-azure-ultra-disk.adoc,storage/container_storage_interface/persistent-storage-csi-azure.adoc,existing,azure-disk,9 sub-jobs
Azure Disk CSI driver operator,"When I'm using Azure Disk, I want to understand Azure Disk CSI Driver Operator, so that I can properly configure and manage Azure disk storage.",,full,modules/dynamic-provisioning-azure-disk-definition.adoc,storage/dynamic-provisioning.adoc,existing,azure-disk,9 sub-jobs
Azure File CSI driver operator,"When I need shared file storage on Azure, I want to understand Azure File CSI Driver Operator, so that I can determine if Azure Files meets my requirements.",,full,modules/persistent-storage-csi-azure-file-overview.adoc,storage/container_storage_interface/persistent-storage-csi-azure-file.adoc,existing,azure-file,4 sub-jobs
Azure File CSI driver operator,"When I need shared file storage on Azure, I want to understand Azure File CSI Driver Operator, so that I can determine if Azure Files meets my requirements.",,full,modules/persistent-storage-csi-about.adoc,storage/container_storage_interface/persistent-storage-csi-azure-file.adoc,existing,azure-file,4 sub-jobs
Azure File CSI driver operator,"When I need shared file storage on Azure, I want to understand Azure File CSI Driver Operator, so that I can determine if Azure Files meets my requirements.",,full,modules/persistent-storage-csi-azure-file-nfs.adoc,storage/container_storage_interface/persistent-storage-csi-azure-file.adoc,existing,azure-file,4 sub-jobs
Azure File CSI driver operator,"When I need shared file storage on Azure, I want to understand Azure File CSI Driver Operator, so that I can determine if Azure Files meets my requirements.",,full,modules/persistent-storage-csi-azure-file-cross-sub-overview.adoc,storage/container_storage_interface/persistent-storage-csi-azure-file.adoc,existing,azure-file,4 sub-jobs
Azure File CSI driver operator,"When I need shared file storage on Azure, I want to understand Azure File CSI Driver Operator, so that I can determine if Azure Files meets my requirements.",,full,modules/persistent-storage-csi-azure-file-cross-sub-dynamic-provisioning-procedure.adoc,storage/container_storage_interface/persistent-storage-csi-azure-file.adoc,existing,azure-file,4 sub-jobs
Azure File CSI driver operator,"When I need shared file storage on Azure, I want to understand Azure File CSI Driver Operator, so that I can determine if Azure Files meets my requirements.",,full,modules/persistent-storage-csi-azure-file-cross-sub-dynamic-pre-provisioning-pv-pvc-procedure.adoc,storage/container_storage_interface/persistent-storage-csi-azure-file.adoc,existing,azure-file,4 sub-jobs
Azure File CSI driver operator,"When I need shared file storage on Azure, I want to understand Azure File CSI Driver Operator, so that I can determine if Azure Files meets my requirements.",,full,modules/persistent-storage-csi-azure-file-static-provisioning-procedure.adoc,storage/container_storage_interface/persistent-storage-csi-azure-file.adoc,existing,azure-file,4 sub-jobs
Azure File CSI driver operator,"When I need shared file storage on Azure, I want to understand Azure File CSI Driver Operator, so that I can determine if Azure Files meets my requirements.",,full,modules/dynamic-provisioning-azure-file-definition.adoc,storage/dynamic-provisioning.adoc,existing,azure-file,4 sub-jobs
Azure File CSI driver operator,"When I need shared file storage on Azure, I want to understand Azure File CSI Driver Operator, so that I can determine if Azure Files meets my requirements.",,full,modules/dynamic-provisioning-azure-file-considerations.adoc,storage/dynamic-provisioning.adoc,existing,azure-file,4 sub-jobs
Azure File CSI driver operator,"When I need shared file storage on Azure, I want to understand Azure File CSI Driver Operator, so that I can determine if Azure Files meets my requirements.",,full,modules/storage-persistent-storage-azure-file.adoc,storage/persistent_storage/persistent-storage-azure-file.adoc,existing,azure-file,4 sub-jobs
Azure File CSI driver operator,"When I need shared file storage on Azure, I want to understand Azure File CSI Driver Operator, so that I can determine if Azure Files meets my requirements.",,full,modules/storage-persistent-storage-azure-file-pod.adoc,storage/persistent_storage/persistent-storage-azure-file.adoc,existing,azure-file,4 sub-jobs
Azure Stack,"When I'm running on Azure Stack Hub, I want to understand Azure Stack Hub CSI Driver Operator, so that I can properly configure storage for on-premises Azure.",,full,modules/persistent-storage-csi-azure-stack-hub-overview.adoc,storage/container_storage_interface/persistent-storage-csi-azure-stack-hub.adoc,existing,azure-stack,1 sub-jobs
Azure Stack,"When I'm running on Azure Stack Hub, I want to understand Azure Stack Hub CSI Driver Operator, so that I can properly configure storage for on-premises Azure.",,full,modules/persistent-storage-csi-about.adoc,storage/container_storage_interface/persistent-storage-csi-azure-stack-hub.adoc,existing,azure-stack,1 sub-jobs
GCP persistent disk CSI,"When I'm using Google Cloud, I want to understand GCP PD CSI Driver Operator, so that I can properly configure and manage persistent disk storage.",,full,modules/persistent-storage-csi-gcp-pd-overview.adoc,storage/container_storage_interface/persistent-storage-csi-gcp-pd.adoc,existing,gcp-pd,10 sub-jobs
GCP persistent disk CSI,"When I'm using Google Cloud, I want to understand GCP PD CSI Driver Operator, so that I can properly configure and manage persistent disk storage.",,full,modules/persistent-storage-csi-about.adoc,storage/container_storage_interface/persistent-storage-csi-gcp-pd.adoc,existing,gcp-pd,10 sub-jobs
GCP persistent disk CSI,"When I'm using Google Cloud, I want to understand GCP PD CSI Driver Operator, so that I can properly configure and manage persistent disk storage.",,full,modules/persistent-storage-csi-gcp-pd-reduce-permissions.adoc,storage/container_storage_interface/persistent-storage-csi-gcp-pd.adoc,existing,gcp-pd,10 sub-jobs
GCP persistent disk CSI,"When I'm using Google Cloud, I want to understand GCP PD CSI Driver Operator, so that I can properly configure and manage persistent disk storage.",,full,modules/persistent-storage-csi-gcp-pd-storage-class-ref.adoc,storage/container_storage_interface/persistent-storage-csi-gcp-pd.adoc,existing,gcp-pd,10 sub-jobs
GCP persistent disk CSI,"When I'm using Google Cloud, I want to understand GCP PD CSI Driver Operator, so that I can properly configure and manage persistent disk storage.",,full,modules/persistent-storage-csi-gcp-hyperdisk-overview.adoc,storage/container_storage_interface/persistent-storage-csi-gcp-pd.adoc,existing,gcp-pd,10 sub-jobs
GCP persistent disk CSI,"When I'm using Google Cloud, I want to understand GCP PD CSI Driver Operator, so that I can properly configure and manage persistent disk storage.",,full,modules/persistent-storage-csi-gcp-hyperdisk-limitations.adoc,storage/container_storage_interface/persistent-storage-csi-gcp-pd.adoc,existing,gcp-pd,10 sub-jobs
GCP persistent disk CSI,"When I'm using Google Cloud, I want to understand GCP PD CSI Driver Operator, so that I can properly configure and manage persistent disk storage.",,full,modules/persistent-storage-csi-gcp-hyperdisk-ha-overview.adoc,storage/container_storage_interface/persistent-storage-csi-gcp-pd.adoc,existing,gcp-pd,10 sub-jobs
GCP persistent disk CSI,"When I'm using Google Cloud, I want to understand GCP PD CSI Driver Operator, so that I can properly configure and manage persistent disk storage.",,full,modules/persistent-storage-csi-gcp-hyperdisk-storage-pools-overview.adoc,storage/container_storage_interface/persistent-storage-csi-gcp-pd.adoc,existing,gcp-pd,10 sub-jobs
GCP persistent disk CSI,"When I'm using Google Cloud, I want to understand GCP PD CSI Driver Operator, so that I can properly configure and manage persistent disk storage.",,full,modules/persistent-storage-csi-gcp-hyperdisk-storage-pools-procedure.adoc,storage/container_storage_interface/persistent-storage-csi-gcp-pd.adoc,existing,gcp-pd,10 sub-jobs
GCP persistent disk CSI,"When I'm using Google Cloud, I want to understand GCP PD CSI Driver Operator, so that I can properly configure and manage persistent disk storage.",,full,modules/persistent-storage-csi-gcp-pd-encrypted-pv.adoc,storage/container_storage_interface/persistent-storage-csi-gcp-pd.adoc,existing,gcp-pd,10 sub-jobs
GCP persistent disk CSI,"When I'm using Google Cloud, I want to understand GCP PD CSI Driver Operator, so that I can properly configure and manage persistent disk storage.",,full,modules/persistent-storage-byok.adoc,storage/container_storage_interface/persistent-storage-csi-gcp-pd.adoc,existing,gcp-pd,10 sub-jobs
GCP persistent disk CSI,"When I'm using Google Cloud, I want to understand GCP PD CSI Driver Operator, so that I can properly configure and manage persistent disk storage.",,full,modules/persistent-storage-csi-gcp-images-snapshot-class-overview.adoc,storage/container_storage_interface/persistent-storage-csi-gcp-pd.adoc,existing,gcp-pd,10 sub-jobs
Google Cloud Filestore,"When I need managed NFS on Google Cloud, I want to understand Google Cloud Filestore CSI Driver Operator, so that I can determine if it meets my requirements.",,full,modules/persistent-storage-csi-gcp-file-install-overview.adoc,storage/container_storage_interface/persistent-storage-csi-google-cloud-file.adoc,existing,gcp-filestore,5 sub-jobs
Google Cloud Filestore,"When I need managed NFS on Google Cloud, I want to understand Google Cloud Filestore CSI Driver Operator, so that I can determine if it meets my requirements.",,full,modules/persistent-storage-csi-gcp-filestore-wif.adoc,storage/container_storage_interface/persistent-storage-csi-google-cloud-file.adoc,existing,gcp-filestore,5 sub-jobs
Google Cloud Filestore,"When I need managed NFS on Google Cloud, I want to understand Google Cloud Filestore CSI Driver Operator, so that I can determine if it meets my requirements.",,full,modules/persistent-storage-csi-gcp-file-install.adoc,storage/container_storage_interface/persistent-storage-csi-google-cloud-file.adoc,existing,gcp-filestore,5 sub-jobs
Google Cloud Filestore,"When I need managed NFS on Google Cloud, I want to understand Google Cloud Filestore CSI Driver Operator, so that I can determine if it meets my requirements.",,full,modules/persistent-storage-csi-google-cloud-file-create-sc.adoc,storage/container_storage_interface/persistent-storage-csi-google-cloud-file.adoc,existing,gcp-filestore,5 sub-jobs
Google Cloud Filestore,"When I need managed NFS on Google Cloud, I want to understand Google Cloud Filestore CSI Driver Operator, so that I can determine if it meets my requirements.",,full,modules/persistent-storage-csi-gcp-filestore-nfs-export-options.adoc,storage/container_storage_interface/persistent-storage-csi-google-cloud-file.adoc,existing,gcp-filestore,5 sub-jobs
Google Cloud Filestore,"When I need managed NFS on Google Cloud, I want to understand Google Cloud Filestore CSI Driver Operator, so that I can determine if it meets my requirements.",,full,modules/persistent-storage-csi-google-cloud-file-delete-instances.adoc,storage/container_storage_interface/persistent-storage-csi-google-cloud-file.adoc,existing,gcp-filestore,5 sub-jobs
IBM Virtual Public Cloud block storage,"When I'm using IBM Cloud VPC, I want to understand IBM VPC Block CSI Driver Operator, so that I can properly configure and manage block storage.",,gap,,,missing,No matching modules found,2 sub-jobs
IBM Power Virtual Server block storage,"When I'm using IBM Power Systems, I want to understand IBM Power Virtual Server Block CSI Driver Operator, so that I can properly configure storage for Power-based workloads.",,full,modules/persistent-storage-csi-ibm-powervs-block-intro.adoc,storage/container_storage_interface/persistent-storage-csi-ibm-powervs-block.adoc,existing,ibm-powervs,1 sub-jobs
IBM Power Virtual Server block storage,"When I'm using IBM Power Systems, I want to understand IBM Power Virtual Server Block CSI Driver Operator, so that I can properly configure storage for Power-based workloads.",,full,modules/persistent-storage-csi-ibm-powervs-block-overview.adoc,storage/container_storage_interface/persistent-storage-csi-ibm-powervs-block.adoc,existing,ibm-powervs,1 sub-jobs
IBM Power Virtual Server block storage,"When I'm using IBM Power Systems, I want to understand IBM Power Virtual Server Block CSI Driver Operator, so that I can properly configure storage for Power-based workloads.",,full,modules/persistent-storage-csi-about.adoc,storage/container_storage_interface/persistent-storage-csi-ibm-powervs-block.adoc,existing,ibm-powervs,1 sub-jobs
Configure OpenStack Cinder CSI,"When I'm using OpenStack Cinder, I want to understand Cinder CSI Driver Operator, so that I can properly configure and manage Cinder block storage.",,full,modules/persistent-storage-csi-cinder-overview.adoc,storage/container_storage_interface/persistent-storage-csi-cinder.adoc,existing,cinder,2 sub-jobs
Configure OpenStack Cinder CSI,"When I'm using OpenStack Cinder, I want to understand Cinder CSI Driver Operator, so that I can properly configure and manage Cinder block storage.",,full,modules/persistent-storage-csi-about.adoc,storage/container_storage_interface/persistent-storage-csi-cinder.adoc,existing,cinder,2 sub-jobs
Configure OpenStack Cinder CSI,"When I'm using OpenStack Cinder, I want to understand Cinder CSI Driver Operator, so that I can properly configure and manage Cinder block storage.",,full,modules/persistent-storage-csi-cinder-storage-class.adoc,storage/container_storage_interface/persistent-storage-csi-cinder.adoc,existing,cinder,2 sub-jobs
Configure OpenStack Cinder CSI,"When I'm using OpenStack Cinder, I want to understand Cinder CSI Driver Operator, so that I can properly configure and manage Cinder block storage.",,full,modules/dynamic-provisioning-cinder-definition.adoc,storage/dynamic-provisioning.adoc,existing,cinder,2 sub-jobs
Configure OpenStack Cinder CSI,"When I'm using OpenStack Cinder, I want to understand Cinder CSI Driver Operator, so that I can properly configure and manage Cinder block storage.",,full,modules/persistent-storage-cinder-provisioning.adoc,storage/persistent_storage/persistent-storage-cinder.adoc,existing,cinder,2 sub-jobs
Configure OpenStack Cinder CSI,"When I'm using OpenStack Cinder, I want to understand Cinder CSI Driver Operator, so that I can properly configure and manage Cinder block storage.",,full,modules/persistent-storage-cinder-creating-pv.adoc,storage/persistent_storage/persistent-storage-cinder.adoc,existing,cinder,2 sub-jobs
Configure OpenStack Cinder CSI,"When I'm using OpenStack Cinder, I want to understand Cinder CSI Driver Operator, so that I can properly configure and manage Cinder block storage.",,full,modules/persistent-storage-cinder-pv-format.adoc,storage/persistent_storage/persistent-storage-cinder.adoc,existing,cinder,2 sub-jobs
Configure OpenStack Cinder CSI,"When I'm using OpenStack Cinder, I want to understand Cinder CSI Driver Operator, so that I can properly configure and manage Cinder block storage.",,full,modules/persistent-storage-cinder-volume-security.adoc,storage/persistent_storage/persistent-storage-cinder.adoc,existing,cinder,2 sub-jobs
Shared file storage with OpenStack Manila,"When I need shared file storage on OpenStack, I want to understand OpenStack Manila CSI Driver Operator, so that I can determine if Manila meets my requirements.",,full,modules/persistent-storage-csi-manila-overview.adoc,storage/container_storage_interface/persistent-storage-csi-manila.adoc,existing,manila,4 sub-jobs
Shared file storage with OpenStack Manila,"When I need shared file storage on OpenStack, I want to understand OpenStack Manila CSI Driver Operator, so that I can determine if Manila meets my requirements.",,full,modules/persistent-storage-csi-about.adoc,storage/container_storage_interface/persistent-storage-csi-manila.adoc,existing,manila,4 sub-jobs
Shared file storage with OpenStack Manila,"When I need shared file storage on OpenStack, I want to understand OpenStack Manila CSI Driver Operator, so that I can determine if Manila meets my requirements.",,full,modules/persistent-storage-csi-manila-limitations.adoc,storage/container_storage_interface/persistent-storage-csi-manila.adoc,existing,manila,4 sub-jobs
Shared file storage with OpenStack Manila,"When I need shared file storage on OpenStack, I want to understand OpenStack Manila CSI Driver Operator, so that I can determine if Manila meets my requirements.",,full,modules/persistent-storage-csi-manila-dynamic-provisioning-overview.adoc,storage/container_storage_interface/persistent-storage-csi-manila.adoc,existing,manila,4 sub-jobs
Shared file storage with OpenStack Manila,"When I need shared file storage on OpenStack, I want to understand OpenStack Manila CSI Driver Operator, so that I can determine if Manila meets my requirements.",,full,modules/persistent-storage-csi-manila-dynamic-provisioning-console.adoc,storage/container_storage_interface/persistent-storage-csi-manila.adoc,existing,manila,4 sub-jobs
Shared file storage with OpenStack Manila,"When I need shared file storage on OpenStack, I want to understand OpenStack Manila CSI Driver Operator, so that I can determine if Manila meets my requirements.",,full,modules/persistent-storage-csi-manila-dynamic-provisioning.adoc,storage/container_storage_interface/persistent-storage-csi-manila.adoc,existing,manila,4 sub-jobs
Shared file storage with OpenStack Manila,"When I need shared file storage on OpenStack, I want to understand OpenStack Manila CSI Driver Operator, so that I can determine if Manila meets my requirements.",,full,modules/persistent-storage-csi-manila-share-access-rules.adoc,storage/container_storage_interface/persistent-storage-csi-manila.adoc,existing,manila,4 sub-jobs
Shared file storage with OpenStack Manila,"When I need shared file storage on OpenStack, I want to understand OpenStack Manila CSI Driver Operator, so that I can determine if Manila meets my requirements.",,full,modules/dynamic-provisioning-manila-csi-definition.adoc,storage/dynamic-provisioning.adoc,existing,manila,4 sub-jobs
Access secrets from external secret stores,"When I need to access secrets from external secret stores, I want to understand Secret Store CSI Driver Operator, so that I can integrate with HashiCorp Vault or other secret management systems.",,full,modules/persistent-storage-csi-secrets-store-driver-overview.adoc,storage/container_storage_interface/persistent-storage-csi-secrets-store.adoc,existing,secret-store,5 sub-jobs
Access secrets from external secret stores,"When I need to access secrets from external secret stores, I want to understand Secret Store CSI Driver Operator, so that I can integrate with HashiCorp Vault or other secret management systems.",,full,modules/secrets-store-providers.adoc,storage/container_storage_interface/persistent-storage-csi-secrets-store.adoc,existing,secret-store,5 sub-jobs
Access secrets from external secret stores,"When I need to access secrets from external secret stores, I want to understand Secret Store CSI Driver Operator, so that I can integrate with HashiCorp Vault or other secret management systems.",,full,modules/persistent-storage-csi-about.adoc,storage/container_storage_interface/persistent-storage-csi-secrets-store.adoc,existing,secret-store,5 sub-jobs
Access secrets from external secret stores,"When I need to access secrets from external secret stores, I want to understand Secret Store CSI Driver Operator, so that I can integrate with HashiCorp Vault or other secret management systems.",,full,modules/persistent-storage-csi-secrets-store-disconnect-environment.adoc,storage/container_storage_interface/persistent-storage-csi-secrets-store.adoc,existing,secret-store,5 sub-jobs
Access secrets from external secret stores,"When I need to access secrets from external secret stores, I want to understand Secret Store CSI Driver Operator, so that I can integrate with HashiCorp Vault or other secret management systems.",,full,modules/persistent-storage-csi-secrets-store-network-policies.adoc,storage/container_storage_interface/persistent-storage-csi-secrets-store.adoc,existing,secret-store,5 sub-jobs
Access secrets from external secret stores,"When I need to access secrets from external secret stores, I want to understand Secret Store CSI Driver Operator, so that I can integrate with HashiCorp Vault or other secret management systems.",,full,modules/persistent-storage-csi-secrets-store-driver-install.adoc,storage/container_storage_interface/persistent-storage-csi-secrets-store.adoc,existing,secret-store,5 sub-jobs
Access secrets from external secret stores,"When I need to access secrets from external secret stores, I want to understand Secret Store CSI Driver Operator, so that I can integrate with HashiCorp Vault or other secret management systems.",,full,modules/persistent-storage-csi-secrets-store-driver-install-cli.adoc,storage/container_storage_interface/persistent-storage-csi-secrets-store.adoc,existing,secret-store,5 sub-jobs
Access secrets from external secret stores,"When I need to access secrets from external secret stores, I want to understand Secret Store CSI Driver Operator, so that I can integrate with HashiCorp Vault or other secret management systems.",,full,modules/persistent-storage-csi-secrets-store-driver-uninstall.adoc,storage/container_storage_interface/persistent-storage-csi-secrets-store.adoc,existing,secret-store,5 sub-jobs
Windows file share storage,"When I need to use Windows file shares, I want to understand CIFS/SMB CSI Driver Operator, so that I can determine if it meets my requirements for Windows storage.",,full,modules/persistent-storage-csi-smb-cifs-overview.adoc,storage/container_storage_interface/persistent-storage-csi-smb-cifs.adoc,existing,smb,5 sub-jobs
Windows file share storage,"When I need to use Windows file shares, I want to understand CIFS/SMB CSI Driver Operator, so that I can determine if it meets my requirements for Windows storage.",,full,modules/persistent-storage-csi-about.adoc,storage/container_storage_interface/persistent-storage-csi-smb-cifs.adoc,existing,smb,5 sub-jobs
Windows file share storage,"When I need to use Windows file shares, I want to understand CIFS/SMB CSI Driver Operator, so that I can determine if it meets my requirements for Windows storage.",,full,modules/persistent-storage-csi-smb-cifs-limits.adoc,storage/container_storage_interface/persistent-storage-csi-smb-cifs.adoc,existing,smb,5 sub-jobs
Windows file share storage,"When I need to use Windows file shares, I want to understand CIFS/SMB CSI Driver Operator, so that I can determine if it meets my requirements for Windows storage.",,full,modules/persistent-storage-csi-olm-operator-install.adoc,storage/container_storage_interface/persistent-storage-csi-smb-cifs.adoc,existing,smb,5 sub-jobs
Windows file share storage,"When I need to use Windows file shares, I want to understand CIFS/SMB CSI Driver Operator, so that I can determine if it meets my requirements for Windows storage.",,full,modules/persistent-storage-csi-smb-cifs-operator-install-driver.adoc,storage/container_storage_interface/persistent-storage-csi-smb-cifs.adoc,existing,smb,5 sub-jobs
Windows file share storage,"When I need to use Windows file shares, I want to understand CIFS/SMB CSI Driver Operator, so that I can determine if it meets my requirements for Windows storage.",,full,modules/persistent-storage-csi-smb-cifs-provision-dynamic.adoc,storage/container_storage_interface/persistent-storage-csi-smb-cifs.adoc,existing,smb,5 sub-jobs
Windows file share storage,"When I need to use Windows file shares, I want to understand CIFS/SMB CSI Driver Operator, so that I can determine if it meets my requirements for Windows storage.",,full,modules/persistent-storage-csi-smb-cifs-provision-static.adoc,storage/container_storage_interface/persistent-storage-csi-smb-cifs.adoc,existing,smb,5 sub-jobs
Configure VMware storage with vSphere CSI driver operator,"When I'm running on vSphere, I want to understand vSphere CSI Driver Operator, so that I can properly configure and manage VMware storage.",,full,modules/persistent-storage-csi-vsphere-change-max-snapshot.adoc,storage/container_storage_interface/persistent-storage-csi-snapshots.adoc,existing,vsphere,18 sub-jobs
Configure VMware storage with vSphere CSI driver operator,"When I'm running on vSphere, I want to understand vSphere CSI Driver Operator, so that I can properly configure and manage VMware storage.",,full,modules/persistent-storage-csi-vsphere-overview.adoc,storage/container_storage_interface/persistent-storage-csi-vsphere.adoc,existing,vsphere,18 sub-jobs
Configure VMware storage with vSphere CSI driver operator,"When I'm running on vSphere, I want to understand vSphere CSI Driver Operator, so that I can properly configure and manage VMware storage.",,full,modules/persistent-storage-csi-about.adoc,storage/container_storage_interface/persistent-storage-csi-vsphere.adoc,existing,vsphere,18 sub-jobs
Configure VMware storage with vSphere CSI driver operator,"When I'm running on vSphere, I want to understand vSphere CSI Driver Operator, so that I can properly configure and manage VMware storage.",,full,modules/persistent-storage-csi-vsphere-limitations.adoc,storage/container_storage_interface/persistent-storage-csi-vsphere.adoc,existing,vsphere,18 sub-jobs
Configure VMware storage with vSphere CSI driver operator,"When I'm running on vSphere, I want to understand vSphere CSI Driver Operator, so that I can properly configure and manage VMware storage.",,full,modules/persistent-storage-csi-vsphere-stor-policy.adoc,storage/container_storage_interface/persistent-storage-csi-vsphere.adoc,existing,vsphere,18 sub-jobs
Configure VMware storage with vSphere CSI driver operator,"When I'm running on vSphere, I want to understand vSphere CSI Driver Operator, so that I can properly configure and manage VMware storage.",,full,modules/persistent-storage-csi-vsphere-rwx.adoc,storage/container_storage_interface/persistent-storage-csi-vsphere.adoc,existing,vsphere,18 sub-jobs
Configure VMware storage with vSphere CSI driver operator,"When I'm running on vSphere, I want to understand vSphere CSI Driver Operator, so that I can properly configure and manage VMware storage.",,full,modules/vmware-csi-driver-reqs.adoc,storage/container_storage_interface/persistent-storage-csi-vsphere.adoc,existing,vsphere,18 sub-jobs
Configure VMware storage with vSphere CSI driver operator,"When I'm running on vSphere, I want to understand vSphere CSI Driver Operator, so that I can properly configure and manage VMware storage.",,full,modules/persistent-storage-csi-vsphere-install-issues.adoc,storage/container_storage_interface/persistent-storage-csi-vsphere.adoc,existing,vsphere,18 sub-jobs
Configure VMware storage with vSphere CSI driver operator,"When I'm running on vSphere, I want to understand vSphere CSI Driver Operator, so that I can properly configure and manage VMware storage.",,full,modules/persistent-storage-csi-vsphere-encryption.adoc,storage/container_storage_interface/persistent-storage-csi-vsphere.adoc,existing,vsphere,18 sub-jobs
Configure VMware storage with vSphere CSI driver operator,"When I'm running on vSphere, I want to understand vSphere CSI Driver Operator, so that I can properly configure and manage VMware storage.",,full,modules/persistent-storage-csi-vsphere-encryption-datastore-url.adoc,storage/container_storage_interface/persistent-storage-csi-vsphere.adoc,existing,vsphere,18 sub-jobs
Configure VMware storage with vSphere CSI driver operator,"When I'm running on vSphere, I want to understand vSphere CSI Driver Operator, so that I can properly configure and manage VMware storage.",,full,modules/persistent-storage-csi-vsphere-encryption-tag-based.adoc,storage/container_storage_interface/persistent-storage-csi-vsphere.adoc,existing,vsphere,18 sub-jobs
Configure VMware storage with vSphere CSI driver operator,"When I'm running on vSphere, I want to understand vSphere CSI Driver Operator, so that I can properly configure and manage VMware storage.",,full,modules/persistent-storage-csi-vsphere-multi-vcenter-support-overview.adoc,storage/container_storage_interface/persistent-storage-csi-vsphere.adoc,existing,vsphere,18 sub-jobs
Configure VMware storage with vSphere CSI driver operator,"When I'm running on vSphere, I want to understand vSphere CSI Driver Operator, so that I can properly configure and manage VMware storage.",,full,modules/persistent-storage-csi-vsphere-multi-vcenter-support-procedure-install.adoc,storage/container_storage_interface/persistent-storage-csi-vsphere.adoc,existing,vsphere,18 sub-jobs
Configure VMware storage with vSphere CSI driver operator,"When I'm running on vSphere, I want to understand vSphere CSI Driver Operator, so that I can properly configure and manage VMware storage.",,full,modules/persistent-storage-csi-vsphere-top-aware-overview.adoc,storage/container_storage_interface/persistent-storage-csi-vsphere.adoc,existing,vsphere,18 sub-jobs
Configure VMware storage with vSphere CSI driver operator,"When I'm running on vSphere, I want to understand vSphere CSI Driver Operator, so that I can properly configure and manage VMware storage.",,full,modules/persistent-storage-csi-vsphere-top-aware-during-install.adoc,storage/container_storage_interface/persistent-storage-csi-vsphere.adoc,existing,vsphere,18 sub-jobs
Configure VMware storage with vSphere CSI driver operator,"When I'm running on vSphere, I want to understand vSphere CSI Driver Operator, so that I can properly configure and manage VMware storage.",,full,modules/persistent-storage-csi-vsphere-top-aware-post-install.adoc,storage/container_storage_interface/persistent-storage-csi-vsphere.adoc,existing,vsphere,18 sub-jobs
Configure VMware storage with vSphere CSI driver operator,"When I'm running on vSphere, I want to understand vSphere CSI Driver Operator, so that I can properly configure and manage VMware storage.",,full,modules/persistent-storage-csi-vsphere-top-aware-infra-top.adoc,storage/container_storage_interface/persistent-storage-csi-vsphere.adoc,existing,vsphere,18 sub-jobs
Configure VMware storage with vSphere CSI driver operator,"When I'm running on vSphere, I want to understand vSphere CSI Driver Operator, so that I can properly configure and manage VMware storage.",,full,modules/persistent-storage-csi-vsphere-top-aware-results.adoc,storage/container_storage_interface/persistent-storage-csi-vsphere.adoc,existing,vsphere,18 sub-jobs
Configure VMware storage with vSphere CSI driver operator,"When I'm running on vSphere, I want to understand vSphere CSI Driver Operator, so that I can properly configure and manage VMware storage.",,full,modules/persistent-storage-csi-vsphere-migrating-cns-vols-between-datastores.adoc,storage/container_storage_interface/persistent-storage-csi-vsphere.adoc,existing,vsphere,18 sub-jobs
Configure VMware storage with vSphere CSI driver operator,"When I'm running on vSphere, I want to understand vSphere CSI Driver Operator, so that I can properly configure and manage VMware storage.",,full,modules/persistent-storage-csi-vsphere-disable-storage-overview.adoc,storage/container_storage_interface/persistent-storage-csi-vsphere.adoc,existing,vsphere,18 sub-jobs
Configure VMware storage with vSphere CSI driver operator,"When I'm running on vSphere, I want to understand vSphere CSI Driver Operator, so that I can properly configure and manage VMware storage.",,full,modules/persistent-storage-csi-vsphere-disable-storage-consequences.adoc,storage/container_storage_interface/persistent-storage-csi-vsphere.adoc,existing,vsphere,18 sub-jobs
Configure VMware storage with vSphere CSI driver operator,"When I'm running on vSphere, I want to understand vSphere CSI Driver Operator, so that I can properly configure and manage VMware storage.",,full,modules/persistent-storage-csi-vsphere-disable-storage-procedure.adoc,storage/container_storage_interface/persistent-storage-csi-vsphere.adoc,existing,vsphere,18 sub-jobs
Configure VMware storage with vSphere CSI driver operator,"When I'm running on vSphere, I want to understand vSphere CSI Driver Operator, so that I can properly configure and manage VMware storage.",,full,modules/persistent-storage-csi-vsphere-adding-bm-nodes.adoc,storage/container_storage_interface/persistent-storage-csi-vsphere.adoc,existing,vsphere,18 sub-jobs
Configure VMware storage with vSphere CSI driver operator,"When I'm running on vSphere, I want to understand vSphere CSI Driver Operator, so that I can properly configure and manage VMware storage.",,full,modules/persistent-storage-csi-vsphere-increase-max-vols-per-node-overview.adoc,storage/container_storage_interface/persistent-storage-csi-vsphere.adoc,existing,vsphere,18 sub-jobs
Configure VMware storage with vSphere CSI driver operator,"When I'm running on vSphere, I want to understand vSphere CSI Driver Operator, so that I can properly configure and manage VMware storage.",,full,modules/persistent-storage-csi-vsphere-increase-max-vols-per-node-procedure.adoc,storage/container_storage_interface/persistent-storage-csi-vsphere.adoc,existing,vsphere,18 sub-jobs
Configure VMware storage with vSphere CSI driver operator,"When I'm running on vSphere, I want to understand vSphere CSI Driver Operator, so that I can properly configure and manage VMware storage.",,full,modules/dynamic-provisioning-vsphere-definition.adoc,storage/dynamic-provisioning.adoc,existing,vsphere,18 sub-jobs
Configure VMware storage with vSphere CSI driver operator,"When I'm running on vSphere, I want to understand vSphere CSI Driver Operator, so that I can properly configure and manage VMware storage.",,full,modules/persistent-storage-vsphere-dynamic-provisioning.adoc,storage/persistent_storage/persistent-storage-vsphere.adoc,existing,vsphere,18 sub-jobs
Configure VMware storage with vSphere CSI driver operator,"When I'm running on vSphere, I want to understand vSphere CSI Driver Operator, so that I can properly configure and manage VMware storage.",,full,modules/persistent-storage-vsphere-dynamic-provisioning-cli.adoc,storage/persistent_storage/persistent-storage-vsphere.adoc,existing,vsphere,18 sub-jobs
Configure VMware storage with vSphere CSI driver operator,"When I'm running on vSphere, I want to understand vSphere CSI Driver Operator, so that I can properly configure and manage VMware storage.",,full,modules/persistent-storage-vsphere-static-provisioning.adoc,storage/persistent_storage/persistent-storage-vsphere.adoc,existing,vsphere,18 sub-jobs
Configure VMware storage with vSphere CSI driver operator,"When I'm running on vSphere, I want to understand vSphere CSI Driver Operator, so that I can properly configure and manage VMware storage.",,full,modules/persistent-storage-vsphere-formatting.adoc,storage/persistent_storage/persistent-storage-vsphere.adoc,existing,vsphere,18 sub-jobs
Configure generic ephemeral volumes,"When I need pod-lifecycle storage, I want to understand generic ephemeral volumes (lifecycle, security, PVC naming), so that I can use temporary storage that's automatically managed with pods.",,full,modules/storage-ephemeral-vols-overview.adoc,storage/generic-ephemeral-vols.adoc,existing,generic-ephemeral,2 sub-jobs
Configure generic ephemeral volumes,"When I need pod-lifecycle storage, I want to understand generic ephemeral volumes (lifecycle, security, PVC naming), so that I can use temporary storage that's automatically managed with pods.",,full,modules/storage-ephemeral-vols-lifecycle.adoc,storage/generic-ephemeral-vols.adoc,existing,generic-ephemeral,2 sub-jobs
Configure generic ephemeral volumes,"When I need pod-lifecycle storage, I want to understand generic ephemeral volumes (lifecycle, security, PVC naming), so that I can use temporary storage that's automatically managed with pods.",,full,modules/storage-ephemeral-vols-security.adoc,storage/generic-ephemeral-vols.adoc,existing,generic-ephemeral,2 sub-jobs
Configure generic ephemeral volumes,"When I need pod-lifecycle storage, I want to understand generic ephemeral volumes (lifecycle, security, PVC naming), so that I can use temporary storage that's automatically managed with pods.",,full,modules/storage-ephemeral-vols-pvc-naming.adoc,storage/generic-ephemeral-vols.adoc,existing,generic-ephemeral,2 sub-jobs
Configure generic ephemeral volumes,"When I need pod-lifecycle storage, I want to understand generic ephemeral volumes (lifecycle, security, PVC naming), so that I can use temporary storage that's automatically managed with pods.",,full,modules/storage-ephemeral-vols-procedure.adoc,storage/generic-ephemeral-vols.adoc,existing,generic-ephemeral,2 sub-jobs
Resize persistent volumes,"When my storage needs grow, I want to understand expanding (resizing) persistent volumes, so that I can increase capacity without reprovisioning.",,full,modules/storage-expanding-add-volume-expansion.adoc,storage/expanding-persistent-volumes.adoc,existing,expansion,8 sub-jobs
Automate dynamnic storage provisioning,"When I need automated storage provisioning, I want to understand dynamic provisioning, so that I can configure storage that's created on-demand.",,gap,,,missing,No matching modules found,4 sub-jobs
Detach volumes after non-graceful node shutdown,"When a node fails unexpectedly, I want to understand detaching volumes after non-graceful node shutdown, so that storage can be reattached to other nodes.",,full,modules/persistent-storage-csi-vol-detach-non-graceful-shutdown-overview.adoc,storage/persistent-storage-csi-vol-detach-non-graceful-shutdown.adoc,existing,vol-detach,2 sub-jobs
Detach volumes after non-graceful node shutdown,"When a node fails unexpectedly, I want to understand detaching volumes after non-graceful node shutdown, so that storage can be reattached to other nodes.",,full,modules/persistent-storage-csi-vol-detach-non-graceful-shutdown-procedure.adoc,storage/persistent-storage-csi-vol-detach-non-graceful-shutdown.adoc,existing,vol-detach,2 sub-jobs
